{"model": "LSING", "dataset": "dim20_cop_gau", "N": 300, "seed": 12340, "metrics": {"TP": 19, "FP": 28, "FN": 0, "TN": 143, "TPR": 1.0, "FDR": 0.5957446808510638, "FPR": 0.16374269005847952, "Hamming": 28}, "omega": [[1.0, 0.3187580486001096, 0.1850751060636387, 0.1339082504575518, 0.13913378017641614, 0.12019140642878806, 0.04400732528182344, 0.044393209548199905, 0.04978638091407235, 0.05897562824030544, 0.06424464189743881, 0.047517391122809664, 0.12223631933798006, 0.06439369437638848, 0.08430529914604327, 0.0600912561458449, 0.07436282647077912, 0.09109982784077512, 0.0933243986789252, 0.03905105780375191], [0.3187580486001096, 1.0, 0.32755185554002275, 0.18277874026400465, 0.12918256281314758, 0.17788785772250065, 0.08432447844642103, 0.0951097233021303, 0.06811650962453697, 0.0626821861094624, 0.08799864226647844, 0.06282185586773777, 0.13749865764057495, 0.1142048704279422, 0.1151205603540892, 0.07794180079812255, 0.09337987878099693, 0.16608714651035753, 0.14403750384390734, 0.06062817883970666], [0.1850751060636387, 0.32755185554002275, 1.0, 0.5975238569037342, 0.3096234977262125, 0.14436334885284255, 0.11864102536118934, 0.13316296315462114, 0.08099110837671214, 0.13176897098366902, 0.11917061546938221, 0.10409800374944018, 0.16212059511824764, 0.10425357259208463, 0.11092863206439352, 0.08579804267977952, 0.13104881028864582, 0.1644873552731143, 0.13600218171152045, 0.05458340176058084], [0.1339082504575518, 0.18277874026400465, 0.5975238569037342, 1.0, 0.6448689159772056, 0.19787894641791676, 0.09405928585773494, 0.12814006724688068, 0.10421283813393968, 0.23593349874001385, 0.20741694086871096, 0.09839898098097036, 0.1615472585778645, 0.11429271583890313, 0.13729267463693756, 0.17821684882646288, 0.1331113150805969, 0.1439837174982326, 0.14367240737168155, 0.15539642054245392], [0.13913378017641614, 0.12918256281314758, 0.3096234977262125, 0.6448689159772056, 1.0, 1.0, 0.26934223054627277, 0.20255528903715328, 0.08763838564567665, 0.09835618489173585, 0.17367050009468174, 0.12162174921779877, 0.27702208992494526, 0.17491518112479099, 0.09869300866102716, 0.0862575143387592, 0.17287483311901056, 0.12243208136480775, 0.14328661028394316, 0.10542447941822335], [0.12019140642878806, 0.17788785772250065, 0.14436334885284255, 0.19787894641791676, 1.0, 1.0, 0.8074630003130308, 0.18702001357886802, 0.1675020462263368, 0.2579992512523757, 0.2341139828465549, 0.24462318947787637, 0.1778145318658117, 0.16790225557156185, 0.2660215253292609, 0.14930736629525324, 0.19338546434507897, 0.13279063564546972, 0.1853679726391971, 0.12669758267700146], [0.04400732528182344, 0.08432447844642103, 0.11864102536118934, 0.09405928585773494, 0.26934223054627277, 0.8074630003130308, 1.0, 0.5314604904266282, 0.19190783049793403, 0.14207004867564652, 0.12334206156916398, 0.10970233518884219, 0.17950535676135138, 0.11886847155392079, 0.15470870179688087, 0.09469902761215326, 0.08554530701794857, 0.12070059865168407, 0.18789338258725843, 0.09459447839093327], [0.044393209548199905, 0.0951097233021303, 0.13316296315462114, 0.12814006724688068, 0.20255528903715328, 0.18702001357886802, 0.5314604904266282, 1.0, 0.5179446056127316, 0.24868007326715003, 0.17414122642003693, 0.12580472205794743, 0.14736574666008867, 0.10415288988716455, 0.0909194619446353, 0.11948481494508106, 0.10341671897895889, 0.0629811820138828, 0.21091816909501263, 0.09307305595928951], [0.04978638091407235, 0.06811650962453697, 0.08099110837671214, 0.10421283813393968, 0.08763838564567665, 0.1675020462263368, 0.19190783049793403, 0.5179446056127316, 1.0, 0.507140294501472, 0.2316905163406413, 0.0625464422639217, 0.1346602016572571, 0.15636590831035982, 0.09194511766364745, 0.06797529939098651, 0.18722291179992717, 0.12201940643234419, 0.20873128050466766, 0.04816004330253006], [0.05897562824030544, 0.0626821861094624, 0.13176897098366902, 0.23593349874001385, 0.09835618489173585, 0.2579992512523757, 0.14207004867564652, 0.24868007326715003, 0.507140294501472, 1.0, 0.6059048088058656, 0.2023085179269783, 0.24086525752470056, 0.15231506762931707, 0.17001875363870222, 0.06747625437836029, 0.2178221539228793, 0.1144492618486997, 0.17531478500958453, 0.17987721293105297], [0.06424464189743881, 0.08799864226647844, 0.11917061546938221, 0.20741694086871096, 0.17367050009468174, 0.2341139828465549, 0.12334206156916398, 0.17414122642003693, 0.2316905163406413, 0.6059048088058656, 1.0, 0.6943018938526392, 0.2478192234943908, 0.17093019384574457, 0.1319626416811898, 0.1392751513551446, 0.14672316920491518, 0.118043635180752, 0.2762929776124031, 0.11116845953974645], [0.047517391122809664, 0.06282185586773777, 0.10409800374944018, 0.09839898098097036, 0.12162174921779877, 0.24462318947787637, 0.10970233518884219, 0.12580472205794743, 0.0625464422639217, 0.2023085179269783, 0.6943018938526392, 1.0, 0.6258554811014646, 0.23919000215911787, 0.18415192069063077, 0.11180918229334494, 0.0923078804307923, 0.16564142033598425, 0.17294886406886026, 0.028201790297446003], [0.12223631933798006, 0.13749865764057495, 0.16212059511824764, 0.1615472585778645, 0.27702208992494526, 0.1778145318658117, 0.17950535676135138, 0.14736574666008867, 0.1346602016572571, 0.24086525752470056, 0.2478192234943908, 0.6258554811014646, 1.0, 0.8657009363299956, 0.2244745546133433, 0.23522727129897136, 0.18341467298254377, 0.21999312043668687, 0.24062337225028613, 0.1824406940777662], [0.06439369437638848, 0.1142048704279422, 0.10425357259208463, 0.11429271583890313, 0.17491518112479099, 0.16790225557156185, 0.11886847155392079, 0.10415288988716455, 0.15636590831035982, 0.15231506762931707, 0.17093019384574457, 0.23919000215911787, 0.8657009363299956, 1.0, 0.5103665862114495, 0.16204000373638064, 0.07774171720166427, 0.08930780291652896, 0.09513087418093849, 0.14099943751959507], [0.08430529914604327, 0.1151205603540892, 0.11092863206439352, 0.13729267463693756, 0.09869300866102716, 0.2660215253292609, 0.15470870179688087, 0.0909194619446353, 0.09194511766364745, 0.17001875363870222, 0.1319626416811898, 0.18415192069063077, 0.2244745546133433, 0.5103665862114495, 1.0, 0.6378930001508593, 0.22127642830951494, 0.15904010057939344, 0.15915356692987997, 0.13280197078443423], [0.0600912561458449, 0.07794180079812255, 0.08579804267977952, 0.17821684882646288, 0.0862575143387592, 0.14930736629525324, 0.09469902761215326, 0.11948481494508106, 0.06797529939098651, 0.06747625437836029, 0.1392751513551446, 0.11180918229334494, 0.23522727129897136, 0.16204000373638064, 0.6378930001508593, 1.0, 0.5290530724541777, 0.22062125114612127, 0.10975127210302282, 0.09682410175806395], [0.07436282647077912, 0.09337987878099693, 0.13104881028864582, 0.1331113150805969, 0.17287483311901056, 0.19338546434507897, 0.08554530701794857, 0.10341671897895889, 0.18722291179992717, 0.2178221539228793, 0.14672316920491518, 0.0923078804307923, 0.18341467298254377, 0.07774171720166427, 0.22127642830951494, 0.5290530724541777, 1.0, 0.6931057186335552, 0.40784666909239153, 0.06357655271553908], [0.09109982784077512, 0.16608714651035753, 0.1644873552731143, 0.1439837174982326, 0.12243208136480775, 0.13279063564546972, 0.12070059865168407, 0.0629811820138828, 0.12201940643234419, 0.1144492618486997, 0.118043635180752, 0.16564142033598425, 0.21999312043668687, 0.08930780291652896, 0.15904010057939344, 0.22062125114612127, 0.6931057186335552, 1.0, 0.5847646750043217, 0.2020874099086374], [0.0933243986789252, 0.14403750384390734, 0.13600218171152045, 0.14367240737168155, 0.14328661028394316, 0.1853679726391971, 0.18789338258725843, 0.21091816909501263, 0.20873128050466766, 0.17531478500958453, 0.2762929776124031, 0.17294886406886026, 0.24062337225028613, 0.09513087418093849, 0.15915356692987997, 0.10975127210302282, 0.40784666909239153, 0.5847646750043217, 1.0, 0.8342360467351688], [0.03905105780375191, 0.06062817883970666, 0.05458340176058084, 0.15539642054245392, 0.10542447941822335, 0.12669758267700146, 0.09459447839093327, 0.09307305595928951, 0.04816004330253006, 