{"model": "LSING", "dataset": "dim20_cop_gau", "N": 300, "seed": 1230, "metrics": {"TP": 19, "FP": 25, "FN": 0, "TN": 146, "TPR": 1.0, "FDR": 0.5681818181818182, "FPR": 0.14619883040935672, "Hamming": 25}, "omega": [[1.0, 0.6347673422488735, 0.2573224242955728, 0.08930364343075481, 0.0879903941190656, 0.0968530112687912, 0.1351417279421203, 0.0984579338230514, 0.10024280281110622, 0.09445558048999596, 0.13493059773744273, 0.14241858636732477, 0.1038353954893635, 0.08749375442873931, 0.2870810263125247, 0.09206194310784285, 0.11746277308170311, 0.0507372378203138, 0.3494321806049839, 0.06768967930534567], [0.6347673422488735, 1.0, 0.39910580331944595, 0.16202944637061506, 0.137350181952628, 0.05425094630277683, 0.19651500404429395, 0.08900620832625711, 0.16537304869522165, 0.15378339765867785, 0.10769664061878576, 0.3124035359738753, 0.11991452530041363, 0.13898496366467344, 0.2403308616134949, 0.12806671922797053, 0.12160315684089996, 0.08956246585840498, 0.33938925936772535, 0.06116083563779104], [0.2573224242955728, 0.39910580331944595, 1.0, 0.23340379946935752, 0.145891262601028, 0.10385813536436957, 0.17686155547437823, 0.11173836325753249, 0.06102474804587581, 0.06974611243279885, 0.12370838535207897, 0.12076506019066521, 0.06299750191913063, 0.07556201488300829, 0.09957022743500263, 0.07649570717910936, 0.0480958793345216, 0.028912919598675202, 0.2181126319583259, 0.030151952642924647], [0.08930364343075481, 0.16202944637061506, 0.23340379946935752, 1.0, 0.3560791793507598, 0.14834588959924785, 0.16404946904175782, 0.09543376215201287, 0.11740920211917755, 0.07709902333446635, 0.08118793275171418, 0.14225907506376556, 0.08622848235739203, 0.07720140198362575, 0.09081738503264626, 0.051301240033065625, 0.064435890259832, 0.06180589761057349, 0.27146414546289177, 0.033129965853524825], [0.0879903941190656, 0.137350181952628, 0.145891262601028, 0.3560791793507598, 1.0, 0.45463127963186156, 0.2414346457140597, 0.09355747025439806, 0.08213029142127902, 0.17356628512396172, 0.15890104036178948, 0.09534132425254051, 0.055707643421109336, 0.10171407067351385, 0.15721243137663454, 0.08671402892564593, 0.14221773729278972, 0.08269907126331526, 0.24726510045398223, 0.058147609453928537], [0.0968530112687912, 0.05425094630277683, 0.10385813536436957, 0.14834588959924785, 0.45463127963186156, 1.0, 0.8001001030212711, 0.1500547389185944, 0.0650675543657714, 0.06808625944467593, 0.09290295759776501, 0.09869189412406058, 0.07196631982144314, 0.0749291307386894, 0.14893254146568022, 0.04859587156728566, 0.07563534636631233, 0.055671466720051445, 0.24540219412030245, 0.0799777459258223], [0.1351417279421203, 0.19651500404429395, 0.17686155547437823, 0.16404946904175782, 0.2414346457140597, 0.8001001030212711, 1.0, 0.8137514753852356, 0.21743062230224908, 0.2784281245330534, 0.3836836159893645, 0.262976775209975, 0.16548963925363866, 0.17741778019877136, 0.17029113207865654, 0.11141358288945671, 0.16402239034118704, 0.11347620232916358, 0.45529914709515956, 0.17209261819448854], [0.0984579338230514, 0.08900620832625711, 0.11173836325753249, 0.09543376215201287, 0.09355747025439806, 0.1500547389185944, 0.8137514753852356, 1.0, 0.6550455037816925, 0.1712212442285213, 0.12954130067360717, 0.1167957381151817, 0.0651308364237008, 0.08574255849995858, 0.12389885077223796, 0.12714487463230092, 0.05824703540516109, 0.09981563764241702, 0.2617099283664, 0.04157061683844561], [0.10024280281110622, 0.16537304869522165, 0.06102474804587581, 0.11740920211917755, 0.08213029142127902, 0.0650675543657714, 0.21743062230224908, 0.6550455037816925, 1.0, 0.4931878552187878, 0.2840643368600521, 0.07655936447573364, 0.0957356570606709, 0.130987355776495, 0.1733967715561753, 0.08731737173730365, 0.13759425114306728, 0.07835851303904023, 0.14366252929711992, 0.06130450694726352], [0.09445558048999596, 0.15378339765867785, 0.06974611243279885, 0.07709902333446635, 0.17356628512396172, 0.06808625944467593, 0.2784281245330534, 0.1712212442285213, 0.4931878552187878, 1.0, 0.6139007736347434, 0.12188430699613723, 0.1392287703930748, 0.13358016493672195, 0.17436347255451692, 0.06047440103579331, 0.059676662024861486, 0.08665822293482853, 0.2853215915363342, 0.05542041973027531], [0.13493059773744273, 0.10769664061878576, 0.12370838535207897, 0.08118793275171418, 0.15890104036178948, 0.09290295759776501, 0.3836836159893645, 0.12954130067360717, 0.2840643368600521, 0.6139007736347434, 1.0, 0.5303706552874938, 0.10200888525860147, 0.11849973598779565, 0.152673416993436, 0.10299337216098299, 0.11794131929528877, 0.06615130318061176, 0.17364661901241868, 0.09980208906495061], [0.14241858636732477, 0.3124035359738753, 0.12076506019066521, 0.14225907506376556, 0.09534132425254051, 0.09869189412406058, 0.262976775209975, 0.1167957381151817, 0.07655936447573364, 0.12188430699613723, 0.5303706552874938, 1.0, 0.7636540010853133, 0.22488630759661757, 0.13366717520326907, 0.12979698380922539, 0.09037979314940289, 0.13051360564655579, 0.3258064470092344, 0.14784532015504878], [0.1038353954893635, 0.11991452530041363, 0.06299750191913063, 0.08622848235739203, 0.055707643421109336, 0.07196631982144314, 0.16548963925363866, 0.0651308364237008, 0.0957356570606709, 0.1392287703930748, 0.10200888525860147, 0.7636540010853133, 1.0, 0.5717766499893366, 0.16889590028883456, 0.08352052207898739, 0.045722437175897315, 0.09626422279733123, 0.278481133662779, 0.09402579480189668], [0.08749375442873931, 0.13898496366467344, 0.07556201488300829, 0.07720140198362575, 0.10171407067351385, 0.0749291307386894, 0.17741778019877136, 0.08574255849995858, 0.130987355776495, 0.13358016493672195, 0.11849973598779565, 0.22488630759661757, 0.5717766499893366, 1.0, 0.5181911208206755, 0.10224712697160458, 0.08825939720310938, 0.10340667605329337, 0.2856555293689525, 0.05505773820353298], [0.2870810263125247, 0.2403308616134949, 0.09957022743500263, 0.09081738503264626, 0.15721243137663454, 0.14893254146568022, 0.17029113207865654, 0.12389885077223796, 0.1733967715561753, 0.17436347255451692, 0.152673416993436, 0.13366717520326907, 0.16889590028883456, 0.5181911208206755, 1.0, 0.5517492381260165, 0.13546195623422552, 0.11650122495134077, 0.29589856970820305, 0.1556092537848297], [0.09206194310784285, 0.12806671922797053, 0.07649570717910936, 0.051301240033065625, 0.08671402892564593, 0.04859587156728566, 0.11141358288945671, 0.12714487463230092, 0.08731737173730365, 0.06047440103579331, 0.10299337216098299, 0.12979698380922539, 0.08352052207898739, 0.10224712697160458, 0.5517492381260165, 1.0, 0.3935273613475798, 0.1789474868743145, 0.19000700150293964, 0.04995462318431838], [0.11746277308170311, 0.12160315684089996, 0.0480958793345216, 0.064435890259832, 0.14221773729278972, 0.07563534636631233, 0.16402239034118704, 0.05824703540516109, 0.13759425114306728, 0.059676662024861486, 0.11794131929528877, 0.09037979314940289, 0.045722437175897315, 0.08825939720310938, 0.13546195623422552, 0.3935273613475798, 1.0, 0.27921672863477404, 0.23249655842551778, 0.1289715058416586], [0.0507372378203138, 0.08956246585840498, 0.028912919598675202, 0.06180589761057349, 0.08269907126331526, 0.055671466720051445, 0.11347620232916358, 0.09981563764241702, 0.07835851303904023, 0.08665822293482853, 0.06615130318061176, 0.13051360564655579, 0.09626422279733123, 0.10340667605329337, 0.11650122495134077, 0.1789474868743145, 0.27921672863477404, 1.0, 0.7204196958271669, 0.09381921872367434], [0.3494321806049839, 0.33938925936772535, 0.2181126319583259, 0.27146414546289177, 0.24726510045398223, 0.24540219412030245, 0.45529914709515956, 0.2617099283664, 0.14366252929711992, 0.2853215915363342, 0.17364661901241868, 0.3258064470092344, 0.278481133662779, 0.2856555293689525, 0.29589856970820305, 0.19000700150293964, 0.23249655842551778, 0.7204196958271669, 1.0, 1.0], [0.06768967930534567, 0.06116083563779104, 0.030151952642924647, 0.033129965853524825, 0.058147609453928537, 0.0799777459258223, 0.17209261819448854, 0.04157061683844561, 0.06130450694726352, 