{"model": "LSING", "dataset": "dim20_cop_gau", "N": 300, "seed": 120, "metrics": {"TP": 19, "FP": 37, "FN": 0, "TN": 134, "TPR": 1.0, "FDR": 0.6607142857142857, "FPR": 0.21637426900584794, "Hamming": 37}, "omega": [[1.0, 0.741388799742214, 0.2154761560846055, 0.20664399964646057, 0.27018518234531225, 0.089836549019251, 0.08373910934215545, 0.1968339385638695, 0.1653682369953755, 0.22393646496773237, 0.10042622945708249, 0.07485629784908225, 0.2624955366123776, 0.11385369261152535, 0.11223939232960056, 0.1211717154899682, 0.06703900233220852, 0.07457837909105686, 0.13665351414283405, 0.13938868825893697], [0.741388799742214, 1.0, 0.40321867556148805, 0.34889576832196956, 0.3199137989921517, 0.05807062766262169, 0.10197197420498408, 0.1749567930715434, 0.21576907409988627, 0.08411168071125821, 0.12360572329182501, 0.11068230119937107, 0.12418368486146501, 0.13294750251211213, 0.14111640861713554, 0.09187517337733529, 0.0830368863929729, 0.10060441100893543, 0.10279609619543273, 0.11113809329171333], [0.2154761560846055, 0.40321867556148805, 1.0, 0.5293178270191239, 0.20681782439430363, 0.10855918745489883, 0.1658440930550659, 0.14268473875068036, 0.13385965938486366, 0.13801069736766794, 0.1313536161735764, 0.10585399196830439, 0.08922482868116015, 0.1170206456911602, 0.18104256224077314, 0.08551773928331206, 0.0947303455284818, 0.08048011256374854, 0.08487458672204264, 0.12994748800401443], [0.20664399964646057, 0.34889576832196956, 0.5293178270191239, 1.0, 1.0, 0.35509507687748704, 0.12675904321386436, 0.11933936820352493, 0.3548649358145532, 0.15534315341711993, 0.1965183556229362, 0.14537363648936744, 0.1808164339713089, 0.1415264850891276, 0.3622667143227981, 0.22680776783276668, 0.13065513359333158, 0.20607558486643784, 0.20644215295333804, 0.20441737452237418], [0.27018518234531225, 0.3199137989921517, 0.20681782439430363, 1.0, 1.0, 0.7405166594481457, 0.2519199208366922, 0.17944705328604754, 0.2319050217203085, 0.20404813786816167, 0.2232130724450723, 0.21038970770732826, 0.2430967385000975, 0.173460907978477, 0.32403183184809337, 0.24958365975227487, 0.19279997552076675, 0.18335436079532755, 0.20514239363822462, 0.34476624988868376], [0.089836549019251, 0.05807062766262169, 0.10855918745489883, 0.35509507687748704, 0.7405166594481457, 1.0, 0.5076236394562098, 0.11162592012280469, 0.23596586530955715, 0.10351081488007768, 0.11628063726055554, 0.10810162162034898, 0.12321426315901164, 0.09309618410623262, 0.09712639286089601, 0.08495855710986985, 0.09036930203610015, 0.13310953346507493, 0.12481390024022038, 0.08995440941654444], [0.08373910934215545, 0.10197197420498408, 0.1658440930550659, 0.12675904321386436, 0.2519199208366922, 0.5076236394562098, 1.0, 0.7693270371158818, 0.12177388903844179, 0.10361925177476827, 0.21565003452195483, 0.11230484580326071, 0.13843468141028764, 0.10416815340200733, 0.17066968997181517, 0.11421374140041259, 0.07553189875714918, 0.20512740830047085, 0.16378309210386283, 0.08832624928799761], [0.1968339385638695, 0.1749567930715434, 0.14268473875068036, 0.11933936820352493, 0.17944705328604754, 0.11162592012280469, 0.7693270371158818, 1.0, 0.791912836367143, 0.055017480428305766, 0.14038963166707938, 0.1116250153551988, 0.17424185565187286, 0.09523469679650703, 0.19764255025250294, 0.11984641985486622, 0.059436291840948105, 0.08991927659443277, 0.14746683921333914, 0.11422817492935176], [0.1653682369953755, 0.21576907409988627, 0.13385965938486366, 0.3548649358145532, 0.2319050217203085, 0.23596586530955715, 0.12177388903844179, 0.791912836367143, 1.0, 0.5809853944498827, 0.20472497562337336, 0.1311404966726346, 0.19613240761276793, 0.15935846830504027, 0.2220630869674872, 0.2006274541473322, 0.10789141924924858, 0.16365043527633774, 0.10404951947812337, 0.14126994469710416], [0.22393646496773237, 0.08411168071125821, 0.13801069736766794, 0.15534315341711993, 0.20404813786816167, 0.10351081488007768, 0.10361925177476827, 0.055017480428305766, 0.5809853944498827, 1.0, 0.5553355867760343, 0.1903004426592414, 0.09220169704654901, 0.0618562170841568, 0.11298759338116403, 0.10173943898777002, 0.06520426089148507, 0.05563733969784914, 0.08940640261441012, 0.08947678756864741], [0.10042622945708249, 0.12360572329182501, 0.1313536161735764, 0.1965183556229362, 0.2232130724450723, 0.11628063726055554, 0.21565003452195483, 0.14038963166707938, 0.20472497562337336, 0.5553355867760343, 1.0, 0.5089477419911721, 0.2656835240474742, 0.11306321206801384, 0.15639616371535583, 0.10662081532454726, 0.11208832596692096, 0.11861849312215948, 0.14608894774708173, 0.1598246880926029], [0.07485629784908225, 0.11068230119937107, 0.10585399196830439, 0.14537363648936744, 0.21038970770732826, 0.10810162162034898, 0.11230484580326071, 0.1116250153551988, 0.1311404966726346, 0.1903004426592414, 0.5089477419911721, 1.0, 0.47300176645634273, 0.20934152548765741, 0.2439097726132485, 0.10919514164532582, 0.07364738714410102, 0.1031940905400108, 0.11249851976042677, 0.12352717753263263], [0.2624955366123776, 0.12418368486146501, 0.08922482868116015, 0.1808164339713089, 0.2430967385000975, 0.12321426315901164, 0.13843468141028764, 0.17424185565187286, 0.19613240761276793, 0.09220169704654901, 0.2656835240474742, 0.47300176645634273, 1.0, 0.6334070011688882, 0.33215949248128973, 0.1125018703833189, 0.1439478818225085, 0.12079232953056791, 0.1449015466491178, 0.15359812912989626], [0.11385369261152535, 0.13294750251211213, 0.1170206456911602, 0.1415264850891276, 0.173460907978477, 0.09309618410623262, 0.10416815340200733, 0.09523469679650703, 0.15935846830504027, 0.0618562170841568, 0.11306321206801384, 0.20934152548765741, 0.6334070011688882, 1.0, 0.6803526600390325, 0.27315518640789777, 0.09733367014815408, 0.12550326156989772, 0.13913118344430067, 0.11579463984967829], [0.11223939232960056, 0.14111640861713554, 0.18104256224077314, 0.3622667143227981, 0.32403183184809337, 0.09712639286089601, 0.17066968997181517, 0.19764255025250294, 0.2220630869674872, 0.11298759338116403, 0.15639616371535583, 0.2439097726132485, 0.33215949248128973, 0.6803526600390325, 1.0, 0.5230002026997598, 0.15610495183327472, 0.11552086711463812, 0.12282903896292809, 0.09793992012210473], [0.1211717154899682, 0.09187517337733529, 0.08551773928331206, 0.22680776783276668, 0.24958365975227487, 0.08495855710986985, 0.11421374140041259, 0.11984641985486622, 0.2006274541473322, 0.10173943898777002, 0.10662081532454726, 0.10919514164532582, 0.1125018703833189, 0.27315518640789777, 0.5230002026997598, 1.0, 0.25541989600430126, 0.16639668931573734, 0.11886191736664792, 0.07243602660683307], [0.06703900233220852, 0.0830368863929729, 0.0947303455284818, 0.13065513359333158, 0.19279997552076675, 0.09036930203610015, 0.07553189875714918, 0.059436291840948105, 0.10789141924924858, 0.06520426089148507, 0.11208832596692096, 0.07364738714410102, 0.1439478818225085, 0.09733367014815408, 0.15610495183327472, 0.25541989600430126, 1.0, 0.4165832265455682, 0.19551171317312682, 0.10704502406769326], [0.07457837909105686, 0.10060441100893543, 0.08048011256374854, 0.20607558486643784, 0.18335436079532755, 0.13310953346507493, 0.20512740830047085, 0.08991927659443277, 0.16365043527633774, 0.05563733969784914, 0.11861849312215948, 0.1031940905400108, 0.12079232953056791, 0.12550326156989772, 0.11552086711463812, 0.16639668931573734, 0.4165832265455682, 1.0, 0.5397329231020235, 0.18065666195461047], [0.13665351414283405, 0.10279609619543273, 0.08487458672204264, 0.20644215295333804, 0.20514239363822462, 0.12481390024022038, 0.16378309210386283, 0.14746683921333914, 0.10404951947812337, 0.08940640261441012, 0.14608894774708173, 0.11249851976042677, 0.1449015466491178, 0.13913118344430067, 0.12282903896292809, 0.11886191736664792, 0.19551171317312682, 0.5397329231020235, 1.0, 0.9193720424439489], [0.13938868825893697, 0.11113809329171333, 0.12994748800401443, 0.20441737452237418, 0.34476624988868376, 0.08995440941654444, 0.08832624928799761, 0.11422817492935176, 0.14126994469710416, 