{"model": "SING", "dataset": "dim5_cop_gau", "N": 10000, "seed": 120, "metrics": {"TP": 4, "FP": 3, "FN": 0, "TN": 3, "TPR": 1.0, "FDR": 0.42857142857142855, "FPR": 0.5, "Hamming": 3}, "omega": [[565.3509120508264, 8.429938955543065, 0.3577680996301341, 0.0, 0.0], [8.429938955543065, 421.17563077400655, 8.8049643721278, 0.5857520982799974, 0.0], [0.3577680996301341, 8.8049643721278, 554.1682798495322, 6.169946212954585, 0.5517099890911275], [0.0, 0.5857520982799974, 6.169946212954585, 411.97073861446546, 7.250367076474533], [0.0, 0.0, 0.5517099890911275, 7.250367076474533, 530.971851230608]], "meta_info": {"source": "pretrained", "p_order": 3}}