{"model": "SING", "dataset": "dim5_cop_gau", "N": 10000, "seed": 1234560, "metrics": {"TP": 4, "FP": 4, "FN": 0, "TN": 2, "TPR": 1.0, "FDR": 0.5, "FPR": 0.6666666666666666, "Hamming": 4}, "omega": [[690.7559464437519, 14.360418600482895, 0.8456958312280114, 0.6004470619073325, 0.0], [14.360418600482895, 748.6091881149274, 9.344051081056277, 0.737062229112303, 0.0], [0.8456958312280114, 9.344051081056277, 598.7437349784198, 8.528851175500266, 0.46415674180952365], [0.6004470619073325, 0.737062229112303, 8.528851175500266, 468.6505298133404, 7.80041470893167], [0.0, 0.0, 0.46415674180952365, 7.80041470893167, 470.7056675701759]], "meta_info": {"source": "pretrained", "p_order": 3}}