{"model": "SING", "dataset": "dim5_cop_gau", "N": 10000, "seed": 123450, "metrics": {"TP": 4, "FP": 2, "FN": 0, "TN": 4, "TPR": 1.0, "FDR": 0.3333333333333333, "FPR": 0.3333333333333333, "Hamming": 2}, "omega": [[473.95423705118884, 7.492995981071704, 0.4767978709946183, 0.0, 0.0], [7.492995981071704, 412.2204967705052, 8.10273716057655, 0.34404893335051906, 0.0], [0.4767978709946183, 8.10273716057655, 549.4921411445621, 9.727668232167412, 0.0], [0.0, 0.34404893335051906, 9.727668232167412, 636.5406930941808, 10.093325685871465], [0.0, 0.0, 0.0, 10.093325685871465, 552.7075997358213]], "meta_info": {"source": "pretrained", "p_order": 3}}