{"model": "LSING", "dataset": "dim20_butterfly", "N": 1000, "seed": 123450, "metrics": {"TP": 7, "FP": 11, "FN": 3, "TN": 169, "TPR": 0.7, "FDR": 0.6111111111111112, "FPR": 0.06111111111111111, "Hamming": 14}, "omega": [[1.0, 0.2074047838235505, 0.04684296374148069, 0.07178863526192962, 0.0415703143747482, 0.12909357738936428, 0.03800199273210125, 0.024380677977417654, 0.05955386104894589, 0.2716094258566989, 0.06672921035398754, 0.15766534582596695, 0.06024131783127415, 0.037131333449828795, 0.05742025246506382, 0.06176697191538743, 0.031325296335641524, 0.09097947570669222, 0.05109050200125883, 0.03896128787247211], [0.2074047838235505, 1.0, 0.058836282571711224, 0.10044894263003698, 0.040894804848642434, 0.10650771302781019, 0.04466582668863137, 0.03999391851647044, 0.03819675759135965, 0.14421167474584007, 0.04774590238891913, 0.1042193534110657, 0.0883027452763555, 0.03463565627757614, 0.04803681842912019, 0.05624364930636829, 0.04205783758185444, 0.11181449600758799, 0.03192764805687493, 0.025318904928626262], [0.04684296374148069, 0.058836282571711224, 1.0, 0.3214734580739074, 0.028530287366335488, 0.12549989609750103, 0.022137258586548535, 0.04061172721993127, 0.04031781066952547, 0.1760108473051426, 0.04037056402169239, 0.1282115762908966, 0.032404495993709224, 0.048912741246850105, 0.03951271169238648, 0.07143417470879726, 0.025554803889041064, 0.0780452496942275, 0.023048924841618995, 0.03340583620474387], [0.07178863526192962, 0.10044894263003698, 0.3214734580739074, 1.0, 0.07033946187917245, 0.14860549911596485, 0.08741981003028194, 0.051293964968751174, 0.06697574244267704, 0.2151843931799347, 0.08071698067895623, 0.13538464992808635, 0.09722523716996305, 0.07038815695700347, 0.0750329762533273, 0.134562541036121, 0.058951414508218655, 0.18879980563886106, 0.09216939995072083, 0.06489462452584564], [0.0415703143747482, 0.040894804848642434, 0.028530287366335488, 0.07033946187917245, 1.0, 0.47791304491084446, 0.024730856903628664, 0.01984227143836868, 0.03161903940149194, 0.18390823862729513, 0.03412880042922804, 0.1315869943458307, 0.020549686670598085, 0.0391337259015835, 0.02729944324296986, 0.05182233149723273, 0.014823285288628264, 0.10324571734902811, 0.02814418449456234, 0.02242194744428818], [0.12909357738936428, 0.10650771302781019, 0.12549989609750103, 0.14860549911596485, 0.47791304491084446, 1.0, 0.069504923205116, 0.06877728402840275, 0.11365692867561925, 0.2714197812501073, 0.11056625285828799, 0.24023675419010715, 0.11990149049670148, 0.10054272332363391, 0.09253508291772287, 0.18300152194980254, 0.07845763688087344, 0.2596680638948871, 0.1213089418974405, 0.08557301145133482], [0.03800199273210125, 0.04466582668863137, 0.022137258586548535, 0.08741981003028194, 0.024730856903628664, 0.069504923205116, 1.0, 0.04903149739512167, 0.025189353405390566, 0.2055071430320121, 0.049308853545338524, 0.12931213562027427, 0.029022748210787055, 0.027685496949079538, 0.035280006010909734, 0.06806591376973072, 0.015465780422899212, 0.09081491050503515, 0.026056843609469256, 0.024628502420689702], [0.024380677977417654, 0.03999391851647044, 0.04061172721993127, 0.051293964968751174, 0.01984227143836868, 0.06877728402840275, 0.04903149739512167, 1.0, 0.027404354340409106, 0.1599657088882636, 0.028994635284416592, 0.08478962403118287, 0.03411158823281485, 0.02184858239350171, 0.0406068120583178, 0.03998351506208081, 0.02140907928990375, 0.07530085466836094, 0.03774418625441215, 0.01845474336919975], [0.05955386104894589, 0.03819675759135965, 0.04031781066952547, 0.06697574244267704, 0.03161903940149194, 0.11365692867561925, 0.025189353405390566, 0.027404354340409106, 1.0, 1.0, 0.05889387944409626, 0.1088300756174085, 0.051584947031414606, 0.025457409519179307, 0.043891872052198896, 0.05204933779385959, 0.029553123156621244, 0.06993609694295602, 0.028438761269591835, 0.045922554426712545], [0.2716094258566989, 0.14421167474584007, 0.1760108473051426, 0.2151843931799347, 0.18390823862729513, 0.2714197812501073, 0.2055071430320121, 0.1599657088882636, 1.0, 1.0, 0.1587857245366548, 0.24991883310854884, 0.18748910102595928, 0.22165809368270503, 0.17377222929249436, 0.2733117715021801, 0.16213466969127835, 0.25172122947445225, 0.22326207288292105, 0.17973797474315478], [0.06672921035398754, 0.04774590238891913, 0.04037056402169239, 0.08071698067895623, 0.03412880042922804, 0.11056625285828799, 0.049308853545338524, 0.028994635284416592, 0.05889387944409626, 0.1587857245366548, 1.0, 0.46804312506329376, 0.0478997164647092, 0.03286811766470426, 0.08611654769409582, 0.05690197894492543, 0.03635301500958031, 0.10934180308063957, 0.042601666711496386, 0.036675553702156756], [0.15766534582596695, 0.1042193534110657, 0.1282115762908966, 0.13538464992808635, 0.1315869943458307, 0.24023675419010715, 0.12931213562027427, 0.08478962403118287, 0.1088300756174085, 0.24991883310854884, 0.46804312506329376, 1.0, 0.12324770133806966, 0.08844499418336488, 0.14173365647517153, 0.13782344664190738, 0.10993111993093792, 0.16054506301922697, 0.0985604248785382, 0.1367626637390078], [0.06024131783127415, 0.0883027452763555, 0.032404495993709224, 0.09722523716996305, 0.020549686670598085, 0.11990149049670148, 0.029022748210787055, 0.03411158823281485, 0.051584947031414606, 0.18748910102595928, 0.0478997164647092, 0.12324770133806966, 1.0, 0.09490140382466046, 0.07184624477691384, 0.07249634408340659, 0.02247897329261038, 0.146389448142848, 0.041576651126402485, 0.024942593749915892], [0.037131333449828795, 0.03463565627757614, 0.048912741246850105, 0.07038815695700347, 0.0391337259015835, 0.10054272332363391, 0.027685496949079538, 0.02184858239350171, 0.025457409519179307, 0.22165809368270503, 0.03286811766470426, 0.08844499418336488, 0.09490140382466046, 1.0, 0.030698464328201246, 0.047829722821464256, 0.021178701633496298, 0.08713025728369217, 0.031018721031626204, 0.02711899050834672], [0.05742025246506382, 0.04803681842912019, 0.03951271169238648, 0.0750329762533273, 0.02729944324296986, 0.09253508291772287, 0.035280006010909734, 0.0406068120583178, 0.043891872052198896, 0.17377222929249436, 0.08611654769409582, 0.14173365647517153, 0.07184624477691384, 0.030698464328201246, 1.0, 0.20175077747630266, 0.05485916845478439, 0.10452842562841852, 0.03300295309202942, 0.028200278302378527], [0.06176697191538743, 0.05624364930636829, 0.07143417470879726, 0.134562541036121, 0.05182233149723273, 0.18300152194980254, 0.06806591376973072, 0.03998351506208081, 0.05204933779385959, 0.2733117715021801, 0.05690197894492543, 0.13782344664190738, 0.07249634408340659, 0.047829722821464256, 0.20175077747630266, 1.0, 0.04904864497380574, 0.10851643239808648, 0.03845159165350886, 0.0587173002613877], [0.031325296335641524, 0.04205783758185444, 0.025554803889041064, 0.058951414508218655, 0.014823285288628264, 0.07845763688087344, 0.015465780422899212, 0.02140907928990375, 0.029553123156621244, 0.16213466969127835, 0.03635301500958031, 0.10993111993093792, 0.02247897329261038, 0.021178701633496298, 0.05485916845478439, 0.04904864497380574, 1.0, 0.26906072000456394, 0.023511015353380342, 0.017068854974907448], [0.09097947570669222, 0.11181449600758799, 0.0780452496942275, 0.18879980563886106, 0.10324571734902811, 0.2596680638948871, 0.09081491050503515, 0.07530085466836094, 0.06993609694295602, 0.25172122947445225, 0.10934180308063957, 0.16054506301922697, 0.146389448142848, 0.08713025728369217, 0.10452842562841852, 0.10851643239808648, 0.26906072000456394, 1.0, 0.08855909645040598, 0.08114436023230984], [0.05109050200125883, 0.03192764805687493, 0.023048924841618995, 0.09216939995072083, 0.02814418449456234, 0.1213089418974405, 0.026056843609469256, 0.03774418625441215, 0.028438761269591835, 0.22326207288292105, 0.042601666711496386, 0.0985604248785382, 0.041576651126402485, 0.031018721031626204, 0.03300295309202942, 0.03845159165350886, 0.023511015353380342, 0.08855909645040598, 1.0, 0.09425776067214756], [0.03896128787247211, 0.025318904928626262, 0.03340583620474387, 