{"model": "LSING", "dataset": "dim20_butterfly", "N": 1000, "seed": 1230, "metrics": {"TP": 4, "FP": 12, "FN": 6, "TN": 168, "TPR": 0.4, "FDR": 0.75, "FPR": 0.06666666666666667, "Hamming": 18}, "omega": [[1.0, 0.13381946301137995, 0.014684039049944284, 0.15227673385586962, 0.017538973705624464, 0.016479686930949828, 0.012526384822266647, 0.03200793567257065, 0.024257539000715506, 0.061167833422377034, 0.023018147967708714, 0.02994831227816984, 0.015260985490544427, 0.1423878220266321, 0.02323519017710102, 0.0506255558604283, 0.01701410735749529, 0.019158300287528664, 0.02004272657575157, 0.014736201578315813], [0.13381946301137995, 1.0, 0.05933707269690387, 0.2393238768428594, 0.06436732286581018, 0.057733407117666946, 0.03643080539991227, 0.075149847130866, 0.08656038687691843, 0.12759827290387424, 0.055487008218451955, 0.07083495449189149, 0.08226309430271332, 0.18725597276224742, 0.04417817012783655, 0.07229429905510225, 0.05550831062499059, 0.06794535796461144, 0.08408961200389299, 0.06858319301611585], [0.014684039049944284, 0.05933707269690387, 1.0, 0.5784183045096045, 0.022293543675548744, 0.014326249057127264, 0.012088125873723562, 0.03499432407003382, 0.017270573930183736, 0.058056354607278475, 0.025792016007383775, 0.029048567459954773, 0.013323741827401802, 0.19126672723830346, 0.017521317269246592, 0.042130455084188584, 0.02105513278115375, 0.020610633556167594, 0.02142129426090183, 0.011802866441252648], [0.15227673385586962, 0.2393238768428594, 0.5784183045096045, 1.0, 0.1470485132656239, 0.08331309855252644, 0.1319500792480558, 0.13418099535162384, 0.14879878866942017, 0.21963295638337837, 0.15760536743445977, 0.1506803420325644, 0.1567120786807804, 0.3042879101564288, 0.12656619603784744, 0.12752420182263643, 0.1729116884272875, 0.13338505491045638, 0.17961834961464998, 0.1269657373897124], [0.017538973705624464, 0.06436732286581018, 0.022293543675548744, 0.1470485132656239, 1.0, 0.04770832633436373, 0.01191584059994482, 0.04213473447726174, 0.019767551902806792, 0.057040445482248854, 0.038851733223537764, 0.04609583041542573, 0.017247267603885917, 0.228873894151489, 0.013931058017455773, 0.054848034217997915, 0.017871038242150045, 0.017543324017817948, 0.034194102417354225, 0.016113555758518132], [0.016479686930949828, 0.057733407117666946, 0.014326249057127264, 0.08331309855252644, 0.04770832633436373, 1.0, 0.010103363369225472, 0.024272839952464164, 0.017587456016567714, 0.05917903337719053, 0.02322240897563637, 0.03898284691723094, 0.01207571260307979, 0.22677026150296978, 0.014890491276846366, 0.03857555113539645, 0.014985423490096286, 0.02212757293113821, 0.018180421389241606, 0.01212936261453935], [0.012526384822266647, 0.03643080539991227, 0.012088125873723562, 0.1319500792480558, 0.01191584059994482, 0.010103363369225472, 1.0, 0.07707989704939218, 0.024671262358208313, 0.05058579387362767, 0.019860345025666467, 0.03306117098538328, 0.014609608220861024, 0.14237983604876545, 0.013367290410311214, 0.02770481985059589, 0.01633892763074489, 0.01101526505818772, 0.015210396821112622, 0.014497775738776962], [0.03200793567257065, 0.075149847130866, 0.03499432407003382, 0.13418099535162384, 0.04213473447726174, 0.024272839952464164, 0.07707989704939218, 1.0, 0.03265673106197147, 0.12626809691079124, 0.04984779980909009, 0.034599917383710294, 0.026836982575067878, 0.19866492440492142, 0.03364553029249732, 0.061006329370254894, 0.031028811143580297, 0.0405435549062279, 0.033118728519143985, 0.04320708370529705], [0.024257539000715506, 0.08656038687691843, 0.017270573930183736, 0.14879878866942017, 0.019767551902806792, 0.017587456016567714, 0.024671262358208313, 0.03265673106197147, 1.0, 0.25809025928088586, 0.029281876818342, 0.04097612456533974, 0.021789093548027196, 0.2100257662135705, 0.05338370228280332, 0.08180369721328638, 0.02029506286736347, 0.026038481165666132, 0.032275386222862294, 0.019498379290798323], [0.061167833422377034, 0.12759827290387424, 0.058056354607278475, 0.21963295638337837, 0.057040445482248854, 0.05917903337719053, 0.05058579387362767, 0.12626809691079124, 0.25809025928088586, 1.0, 0.06610468795897399, 0.07745246125279913, 0.0542837871491082, 0.3403407760473006, 0.041902376162462576, 0.08487281731071669, 0.09518586609135589, 0.05802054833141203, 0.060337702691452624, 0.06640356719635386], [0.023018147967708714, 0.055487008218451955, 0.025792016007383775, 0.15760536743445977, 0.038851733223537764, 0.02322240897563637, 0.019860345025666467, 0.04984779980909009, 0.029281876818342, 0.06610468795897399, 1.0, 0.09298033236525784, 0.048493711343381644, 0.20735341859158052, 0.03239481523379752, 0.061439213619310776, 0.030509878361852406, 0.028672306976241856, 0.028697996669899965, 0.026585808265966068], [0.02994831227816984, 0.07083495449189149, 0.029048567459954773, 0.1506803420325644, 0.04609583041542573, 0.03898284691723094, 0.03306117098538328, 0.034599917383710294, 0.04097612456533974, 0.07745246125279913, 0.09298033236525784, 1.0, 0.022573145641270616, 0.16172983678002037, 0.023801724236084936, 0.06392578587792722, 0.031232127775529486, 0.022848108769147047, 0.03536954501279483, 0.02413182546465529], [0.015260985490544427, 0.08226309430271332, 0.013323741827401802, 0.1567120786807804, 0.017247267603885917, 0.01207571260307979, 0.014609608220861024, 0.026836982575067878, 0.021789093548027196, 0.0542837871491082, 0.048493711343381644, 0.022573145641270616, 1.0, 1.0, 0.018401647826733626, 0.034494426707579184, 0.015848894693626298, 0.012585784737790215, 0.02066021329503704, 0.01976776829704576], [0.1423878220266321, 0.18725597276224742, 0.19126672723830346, 0.3042879101564288, 0.228873894151489, 0.22677026150296978, 0.14237983604876545, 0.19866492440492142, 0.2100257662135705, 0.3403407760473006, 0.20735341859158052, 0.16172983678002037, 1.0, 1.0, 0.18036433147549322, 0.1743845815732137, 0.2531862130204188, 0.23783306904221976, 0.21931362879963553, 0.21236733251081055], [0.02323519017710102, 0.04417817012783655, 0.017521317269246592, 0.12656619603784744, 0.013931058017455773, 0.014890491276846366, 0.013367290410311214, 0.03364553029249732, 0.05338370228280332, 0.041902376162462576, 0.03239481523379752, 0.023801724236084936, 0.018401647826733626, 0.18036433147549322, 1.0, 0.2067131365273514, 0.021880647707793167, 0.01783087074345622, 0.020565516266562247, 0.02251344447102221], [0.0506255558604283, 0.07229429905510225, 0.042130455084188584, 0.12752420182263643, 0.054848034217997915, 0.03857555113539645, 0.02770481985059589, 0.061006329370254894, 0.08180369721328638, 0.08487281731071669, 0.061439213619310776, 0.06392578587792722, 0.034494426707579184, 0.1743845815732137, 0.2067131365273514, 1.0, 0.04007564388548292, 0.036191659458536175, 0.05398738765635472, 0.04102903871515755], [0.01701410735749529, 0.05550831062499059, 0.02105513278115375, 0.1729116884272875, 0.017871038242150045, 0.014985423490096286, 0.01633892763074489, 0.031028811143580297, 0.02029506286736347, 0.09518586609135589, 0.030509878361852406, 0.031232127775529486, 0.015848894693626298, 0.2531862130204188, 0.021880647707793167, 0.04007564388548292, 1.0, 0.032073699518388135, 0.03241096782113652, 0.02604907902805862], [0.019158300287528664, 0.06794535796461144, 0.020610633556167594, 0.13338505491045638, 0.017543324017817948, 0.02212757293113821, 0.01101526505818772, 0.0405435549062279, 0.026038481165666132, 0.05802054833141203, 0.028672306976241856, 0.022848108769147047, 0.012585784737790215, 0.23783306904221976, 0.01783087074345622, 0.036191659458536175, 0.032073699518388135, 1.0, 0.016610592716452623, 0.016729029465849504], [0.02004272657575157, 0.08408961200389299, 0.02142129426090183, 0.17961834961464998, 0.034194102417354225, 0.018180421389241606, 0.015210396821112622, 0.033118728519143985, 0.032275386222862294, 0.060337702691452624, 0.028697996669899965, 0.03536954501279483, 0.02066021329503704, 0.21931362879963553, 0.020565516266562247, 0.05398738765635472, 0.03241096782113652, 0.016610592716452623, 1.0, 0.08356911051546917], 