{"model": "LSING", "dataset": "dim20_butterfly", "N": 1000, "seed": 120, "metrics": {"TP": 6, "FP": 16, "FN": 4, "TN": 164, "TPR": 0.6, "FDR": 0.7272727272727273, "FPR": 0.08888888888888889, "Hamming": 20}, "omega": [[1.0, 0.1978738966348046, 0.0571737243920706, 0.0998414604388945, 0.06814365752584245, 0.08870053610445913, 0.06650950947242998, 0.18078562785936017, 0.060233966837521254, 0.09159545476439633, 0.07237452049399344, 0.052211734856770095, 0.09082154663269236, 0.10840710399267613, 0.07506563563707462, 0.21799245342405182, 0.07692378914966683, 0.179939717377428, 0.08160770185011776, 0.16650905394497514], [0.1978738966348046, 1.0, 0.03566051244184205, 0.13100899946509206, 0.016702431018637155, 0.05337899144594138, 0.023142360373065114, 0.13466733636983622, 0.031084399013024736, 0.024240887673479095, 0.04070021676170561, 0.0395460957702255, 0.03503577287782598, 0.06471485426943074, 0.033676657028470496, 0.2464978917549117, 0.022284897468106375, 0.10146678639946818, 0.022286490647034266, 0.10291033656355877], [0.0571737243920706, 0.03566051244184205, 1.0, 0.2306548661356875, 0.03218588840905923, 0.08142076385378041, 0.031421493498049215, 0.1808367012907994, 0.03348292697105229, 0.03511359854297376, 0.04066846906586419, 0.03391723038133624, 0.06774436736967336, 0.0838147290340621, 0.04195815032590088, 0.1666295186139256, 0.04921516121023253, 0.12926081739979886, 0.045610825234470916, 0.11943277087720008], [0.0998414604388945, 0.13100899946509206, 0.2306548661356875, 1.0, 0.06346470360522569, 0.11043370762305788, 0.07105785440112686, 0.21766751828735975, 0.09971129496931352, 0.08416412792923662, 0.08685494127704207, 0.05186872451739067, 0.08751384373279392, 0.15031404916433788, 0.12780846681877325, 0.3318726931085926, 0.12821583541754372, 0.145241627568783, 0.13442126817536204, 0.1815796729056765], [0.06814365752584245, 0.016702431018637155, 0.03218588840905923, 0.06346470360522569, 1.0, 0.1309895507604247, 0.03624190103198511, 0.12507706367376104, 0.027120533158136895, 0.03255315408476938, 0.024291755183832406, 0.021681943854767228, 0.03925464823749758, 0.07579167170159005, 0.04471731113308166, 0.19445731150177212, 0.0495740241384732, 0.10288071977579673, 0.038578247491574374, 0.1218821830193531], [0.08870053610445913, 0.05337899144594138, 0.08142076385378041, 0.11043370762305788, 0.1309895507604247, 1.0, 0.06437753260426086, 0.16540759789648493, 0.054742423301215065, 0.05441937396815195, 0.058978932008612366, 0.05013516493341916, 0.09966638583143411, 0.10160759307042833, 0.0789265742965479, 0.17753655994656603, 0.09417821706660888, 0.18561447565675288, 0.04869249180974308, 0.1682817627122406], [0.06650950947242998, 0.023142360373065114, 0.031421493498049215, 0.07105785440112686, 0.03624190103198511, 0.06437753260426086, 1.0, 0.6460394175443218, 0.04541364120515411, 0.03578462283107072, 0.0550030510335211, 0.03305538560905935, 0.07716667765579409, 0.05968923636911458, 0.04346681657232624, 0.11983847209875664, 0.04053946742557852, 0.13521875969037953, 0.04202373160647833, 0.1404888105049673], [0.18078562785936017, 0.13466733636983622, 0.1808367012907994, 0.21766751828735975, 0.12507706367376104, 0.16540759789648493, 0.6460394175443218, 1.0, 0.12136172289367206, 0.15642702418826776, 0.16803304839012795, 0.1500138187221357, 0.18209287160359097, 0.18808349782231865, 0.11988838336827778, 0.2787548437808277, 0.1172746628733346, 0.24028032132466476, 0.1442103397555857, 0.25468996861449184], [0.060233966837521254, 0.031084399013024736, 0.03348292697105229, 0.09971129496931352, 0.027120533158136895, 0.054742423301215065, 0.04541364120515411, 0.12136172289367206, 1.0, 0.08156485525785195, 0.050124206930369355, 0.056842366518350576, 0.0535043423638172, 0.08487568615740369, 0.05947094667902411, 0.23697441252264848, 0.03136748298164769, 0.11850009175243333, 0.049428060269790436, 0.1429401017812404], [0.09159545476439633, 0.024240887673479095, 0.03511359854297376, 0.08416412792923662, 0.03255315408476938, 0.05441937396815195, 0.03578462283107072, 0.15642702418826776, 0.08156485525785195, 1.0, 0.031236327923690254, 0.0288445370032955, 0.06570535428437711, 0.09630739440843585, 0.07541722213115379, 0.2399042443940677, 0.036393482294501525, 0.13530561336945202, 0.03286711204357366, 0.12425781038503622], [0.07237452049399344, 0.04070021676170561, 0.04066846906586419, 0.08685494127704207, 0.024291755183832406, 0.058978932008612366, 0.0550030510335211, 0.16803304839012795, 0.050124206930369355, 0.031236327923690254, 1.0, 0.08202173495561221, 0.03906070058735297, 0.0621687413352242, 0.05033663912430736, 0.16704568929700828, 0.0436805376488506, 0.10997310467197895, 0.04419542539988274, 0.15734337302060147], [0.052211734856770095, 0.0395460957702255, 0.03391723038133624, 0.05186872451739067, 0.021681943854767228, 0.05013516493341916, 0.03305538560905935, 0.1500138187221357, 0.056842366518350576, 0.0288445370032955, 0.08202173495561221, 1.0, 0.04942207021714947, 0.14571598721556528, 0.027944019917607824, 0.17241080228869266, 0.03534825854255038, 0.1304978145420077, 0.036446504889903815, 0.15744981337980576], [0.09082154663269236, 0.03503577287782598, 0.06774436736967336, 0.08751384373279392, 0.03925464823749758, 0.09966638583143411, 0.07716667765579409, 0.18209287160359097, 0.0535043423638172, 0.06570535428437711, 0.03906070058735297, 0.04942207021714947, 1.0, 0.26973081822241607, 0.09955129345186686, 0.2262072441297284, 0.05568697915387649, 0.11919205829833697, 0.05972317249754926, 0.1035114177122867], [0.10840710399267613, 0.06471485426943074, 0.0838147290340621, 0.15031404916433788, 0.07579167170159005, 0.10160759307042833, 0.05968923636911458, 0.18808349782231865, 0.08487568615740369, 0.09630739440843585, 0.0621687413352242, 0.14571598721556528, 0.26973081822241607, 1.0, 0.09060698853280663, 0.21574209444107242, 0.10449267253742625, 0.1508899412454953, 0.09317985661863185, 0.15144994989131302], [0.07506563563707462, 0.033676657028470496, 0.04195815032590088, 0.12780846681877325, 0.04471731113308166, 0.0789265742965479, 0.04346681657232624, 0.11988838336827778, 0.05947094667902411, 0.07541722213115379, 0.05033663912430736, 0.027944019917607824, 0.09955129345186686, 0.09060698853280663, 1.0, 1.0, 0.08254257524329801, 0.13605251999455395, 0.0390753184833873, 0.1632411896888486], [0.21799245342405182, 0.2464978917549117, 0.1666295186139256, 0.3318726931085926, 0.19445731150177212, 0.17753655994656603, 0.11983847209875664, 0.2787548437808277, 0.23697441252264848, 0.2399042443940677, 0.16704568929700828, 0.17241080228869266, 0.2262072441297284, 0.21574209444107242, 1.0, 1.0, 0.26032021792646864, 0.30983873007535917, 0.3783499425668584, 0.4045308027865048], [0.07692378914966683, 0.022284897468106375, 0.04921516121023253, 0.12821583541754372, 0.0495740241384732, 0.09417821706660888, 0.04053946742557852, 0.1172746628733346, 0.03136748298164769, 0.036393482294501525, 0.0436805376488506, 0.03534825854255038, 0.05568697915387649, 0.10449267253742625, 0.08254257524329801, 0.26032021792646864, 1.0, 0.4809312405784017, 0.06688856100397664, 0.1568292489283333], [0.179939717377428, 0.10146678639946818, 0.12926081739979886, 0.145241627568783, 0.10288071977579673, 0.18561447565675288, 0.13521875969037953, 0.24028032132466476, 0.11850009175243333, 0.13530561336945202, 0.10997310467197895, 0.1304978145420077, 0.11919205829833697, 0.1508899412454953, 0.13605251999455395, 0.30983873007535917, 0.4809312405784017, 1.0, 0.144772551006703, 0.27707255354511806], [0.08160770185011776, 0.022286490647034266, 0.045610825234470916, 0.13442126817536204, 0.038578247491574374, 0.04869249180974308, 0.04202373160647833, 0.1442103397555857, 0.049428060269790436, 0.03286711204357366, 0.04419542539988274, 0.036446504889903815, 0.05972317249754926, 0.09317985661863185, 0.0390753184833873, 0.3783499425668584, 0.06688856100397664, 0.144772551006703, 1.0, 0.549179277585212], [0.16650905394497514, 0.10291033656355877, 0.11943277087720008, 0.1815796729056765, 0.1218821830193531, 0.1682817627122406, 