{"model": "LSING", "dataset": "dim20_butterfly", "N": 1000, "seed": 1234560, "metrics": {"TP": 6, "FP": 41, "FN": 4, "TN": 139, "TPR": 0.6, "FDR": 0.8723404255319149, "FPR": 0.22777777777777777, "Hamming": 45}, "omega": [[1.0, 0.24108511986883255, 0.04432051857201098, 0.08780265618374987, 0.04417487420954821, 0.32523351722775556, 0.09621188390385232, 0.17579346262878748, 0.0630491133586042, 0.047815297856559816, 0.08244889780173027, 0.24260613294354233, 0.07605587194946112, 0.045569470782741886, 0.05584080558311463, 0.2739076721530707, 0.12183993526750056, 0.0712622637997991, 0.06186951263902632, 0.0416552109914012], [0.24108511986883255, 1.0, 0.0408775305709394, 0.09030074640353805, 0.06848957951446022, 0.30359846675958274, 0.08753424557713428, 0.1520882879931339, 0.07651557779391333, 0.04872358033900599, 0.0768101950278809, 0.21418742243939498, 0.06183527816447495, 0.08291158321690424, 0.07501153354440145, 0.24112203029245038, 0.1194312684226971, 0.07695079224678267, 0.06897969623985697, 0.07017930426701899], [0.04432051857201098, 0.0408775305709394, 1.0, 0.06442888005318653, 0.03898565157470064, 0.3169454436114496, 0.03501280016784568, 0.08415388407413422, 0.029679365743606682, 0.01988096812094068, 0.018841084910505842, 0.15888529095465048, 0.045791097030901055, 0.031043664161059924, 0.017310188837624464, 0.18022724116421557, 0.07143766081864773, 0.0371920428993653, 0.01664443604797135, 0.019224184065743388], [0.08780265618374987, 0.09030074640353805, 0.06442888005318653, 1.0, 0.045974853275061664, 0.24198052052280278, 0.05728341969451021, 0.12344340881162248, 0.05250660929963584, 0.030107199244669078, 0.03928794998338057, 0.25024920087233493, 0.06786349126873846, 0.039669655651170296, 0.029939259083041212, 0.24208787796794926, 0.06314995086857818, 0.06118023030400431, 0.04052233628507358, 0.044308946961610966], [0.04417487420954821, 0.06848957951446022, 0.03898565157470064, 0.045974853275061664, 1.0, 1.0, 0.067879508443972, 0.12926311314286063, 0.040941603803540075, 0.04084764083164201, 0.033345756972562555, 0.23462851360269427, 0.04960615581033149, 0.05757604186230249, 0.03557258163584206, 0.19581897165139892, 0.08673620098035173, 0.065233434388892, 0.048626810566171366, 0.04139319683204609], [0.32523351722775556, 0.30359846675958274, 0.3169454436114496, 0.24198052052280278, 1.0, 1.0, 0.26332272790444156, 0.313032766504633, 0.2464735613603867, 0.2602005439386486, 0.24701773746834246, 0.36649120476945934, 0.34259081953611575, 0.2459076151265795, 0.3526402930081298, 0.4213485684819006, 0.328000471220809, 0.21211154985296282, 0.37430389863981667, 0.25885199192935576], [0.09621188390385232, 0.08753424557713428, 0.03501280016784568, 0.05728341969451021, 0.067879508443972, 0.26332272790444156, 1.0, 0.6302130320106226, 0.06646123278041503, 0.08328921151776332, 0.08071599533078837, 0.18494488668776382, 0.0761036221193397, 0.06672661056922752, 0.041164003833753605, 0.23499937725838999, 0.07688875146660588, 0.07172295754754765, 0.06757501670870754, 0.05229108550687315], [0.17579346262878748, 0.1520882879931339, 0.08415388407413422, 0.12344340881162248, 0.12926311314286063, 0.313032766504633, 0.6302130320106226, 1.0, 0.09681746409284203, 0.07486442658657677, 0.12102423303221255, 0.30298014352440356, 0.15200431621294505, 0.12967428257329702, 0.0927612390857758, 0.264836852846076, 0.15652575020696574, 0.1357468992117311, 0.15397855484901637, 0.11241276836551653], [0.0630491133586042, 0.07651557779391333, 0.029679365743606682, 0.05250660929963584, 0.040941603803540075, 0.2464735613603867, 0.06646123278041503, 0.09681746409284203, 1.0, 0.1432264079674818, 0.051227786609190154, 0.2079787968943873, 0.05573008790726064, 0.04110232275460502, 0.029169722633732787, 0.18063080249306188, 0.11832857121648943, 0.05034341943022342, 0.026728417593901523, 0.030054992180790725], [0.047815297856559816, 0.04872358033900599, 0.01988096812094068, 0.030107199244669078, 0.04084764083164201, 0.2602005439386486, 0.08328921151776332, 0.07486442658657677, 0.1432264079674818, 1.0, 0.028979517828146988, 0.14078363353478887, 0.04584764373190857, 0.03961213747415749, 0.02018086304700228, 0.23214842656098192, 0.0586317241615207, 0.037225513221653614, 0.030943009617120768, 0.020560476784245347], [0.08244889780173027, 0.0768101950278809, 0.018841084910505842, 0.03928794998338057, 0.033345756972562555, 0.24701773746834246, 0.08071599533078837, 0.12102423303221255, 0.051227786609190154, 0.028979517828146988, 1.0, 0.7308013456439256, 0.07587341119546033, 0.04721453596197301, 0.027136498693620247, 0.24040526226720763, 0.059367366577723346, 0.04268934521642632, 0.026868460816574038, 0.03171596804109272], [0.24260613294354233, 0.21418742243939498, 0.15888529095465048, 0.25024920087233493, 0.23462851360269427, 0.36649120476945934, 0.18494488668776382, 0.30298014352440356, 0.2079787968943873, 0.14078363353478887, 0.7308013456439256, 1.0, 0.23563736339449953, 0.26207839572770436, 0.16289953233745552, 0.3437554351675048, 0.2557671664557055, 0.18800097233249025, 0.196049234689443, 0.1925231710452323], [0.07605587194946112, 0.06183527816447495, 0.045791097030901055, 0.06786349126873846, 0.04960615581033149, 0.34259081953611575, 0.0761036221193397, 0.15200431621294505, 0.05573008790726064, 0.04584764373190857, 0.07587341119546033, 0.23563736339449953, 1.0, 0.15514433965036162, 0.030682731652492308, 0.21522796557376345, 0.09702473798674698, 0.06224245066506103, 0.05324934037515637, 0.04152467407212271], [0.045569470782741886, 0.08291158321690424, 0.031043664161059924, 0.039669655651170296, 0.05757604186230249, 0.2459076151265795, 0.06672661056922752, 0.12967428257329702, 0.04110232275460502, 0.03961213747415749, 0.04721453596197301, 0.26207839572770436, 0.15514433965036162, 1.0, 0.031191605511978346, 0.3116103307712318, 0.09657722005933837, 0.07586565071658427, 0.057196004414241955, 0.04445201054000371], [0.05584080558311463, 0.07501153354440145, 0.017310188837624464, 0.029939259083041212, 0.03557258163584206, 0.3526402930081298, 0.041164003833753605, 0.0927612390857758, 0.029169722633732787, 0.02018086304700228, 0.027136498693620247, 0.16289953233745552, 0.030682731652492308, 0.031191605511978346, 1.0, 0.9237311170668487, 0.08312824219212442, 0.04923060641147789, 0.017448886155347378, 0.01937618918859297], [0.2739076721530707, 0.24112203029245038, 0.18022724116421557, 0.24208787796794926, 0.19581897165139892, 0.4213485684819006, 0.23499937725838999, 0.264836852846076, 0.18063080249306188, 0.23214842656098192, 0.24040526226720763, 0.3437554351675048, 0.21522796557376345, 0.3116103307712318, 0.9237311170668487, 1.0, 0.3190267655268444, 0.2166185142358587, 0.20495969248056772, 0.28093128279714324], [0.12183993526750056, 0.1194312684226971, 0.07143766081864773, 0.06314995086857818, 0.08673620098035173, 0.328000471220809, 0.07688875146660588, 0.15652575020696574, 0.11832857121648943, 0.0586317241615207, 0.059367366577723346, 0.2557671664557055, 0.09702473798674698, 0.09657722005933837, 0.08312824219212442, 0.3190267655268444, 1.0, 0.31673790234922133, 0.057962366431169254, 0.06359088994914981], [0.0712622637997991, 0.07695079224678267, 0.0371920428993653, 0.06118023030400431, 0.065233434388892, 0.21211154985296282, 0.07172295754754765, 0.1357468992117311, 0.05034341943022342, 0.037225513221653614, 0.04268934521642632, 0.18800097233249025, 0.06224245066506103, 0.07586565071658427, 0.04923060641147789, 0.2166185142358587, 0.31673790234922133, 1.0, 0.03052515144693483, 0.04391575012050154], [0.06186951263902632, 0.06897969623985697, 0.01664443604797135, 0.04052233628507358, 0.048626810566171366, 0.37430389863981667, 0.06757501670870754, 0.15397855484901637, 0.026728417593901523, 0.030943009617120768, 0.026868460816574038, 0.196049234689443, 0.05324934037515637, 0.057196004414241955, 0.017448886155347378, 0.20495969248056772, 0.057962366431169254, 0.03052515144693483, 1.0, 0.04137229112157894], [0.0416552109914012, 0.07017930426701899, 0.019224184065743388, 0.044308946961610966, 0.04139319683204609, 