{"model": "LSING", "dataset": "0.7_dim20_pair_gau", "N": 5000, "seed": 12340, "metrics": {"TP": 10, "FP": 0, "FN": 0, "TN": 180, "TPR": 1.0, "FDR": 0.0, "FPR": 0.0, "Hamming": 0}, "omega": [[1.0, 0.8529029993429571, 0.06698047389371214, 0.06370525560131717, 0.06671415209055111, 0.06065935588653295, 0.058707663679445035, 0.053813579880539, 0.08345173955728406, 0.054610806281844594, 0.06721867703592935, 0.07884133947086945, 0.05153064887430287, 0.06171170938592758, 0.05176955120537495, 0.06085656812170889, 0.06348159200169748, 0.05615997572129449, 0.05910158616805496, 0.05568980323053321], [0.8529029993429571, 1.0, 0.058929603637675236, 0.07233504910692735, 0.0650651958519671, 0.07028092445203468, 0.06413207838307625, 0.06070664717666208, 0.06991223166822097, 0.06844195531846173, 0.06964422720177182, 0.09417410029914834, 0.06286361918263604, 0.06836280611563741, 0.05991223033643267, 0.06182178168850922, 0.07784080021954427, 0.06185224890688866, 0.08423064618613942, 0.06808476457548039], [0.06698047389371214, 0.058929603637675236, 1.0, 0.9555748207269532, 0.08819774898683694, 0.0836770602088785, 0.06948268384271981, 0.0562601262010784, 0.06786711707337023, 0.05337270673226769, 0.07382971511040443, 0.0760326594238692, 0.07078484240928616, 0.07786908535402498, 0.0713298562799637, 0.0725996190962542, 0.07476804448156514, 0.07434446153094679, 0.09067001674938915, 0.0745350045801224], [0.06370525560131717, 0.07233504910692735, 0.9555748207269532, 1.0, 0.06506713975065154, 0.07594285079242223, 0.06481365433774922, 0.061900554405027064, 0.08078908753569909, 0.06583007004222957, 0.06367199674978091, 0.08630332111530263, 0.057453971962291295, 0.05982232950425758, 0.06144103365949443, 0.06568934355868093, 0.06920336429802586, 0.06872583111580338, 0.08505618589437042, 0.06625417546364058], [0.06671415209055111, 0.0650651958519671, 0.08819774898683694, 0.06506713975065154, 1.0, 0.8660935223538412, 0.04983577667311744, 0.05161250263181856, 0.07200363102858559, 0.05001918441038946, 0.061812635888506454, 0.06467307127755542, 0.05279955627272697, 0.05235433688457756, 0.053055687334299925, 0.060374002316410116, 0.06807996501535572, 0.08021581414185422, 0.0851378987896626, 0.0571265543710972], [0.06065935588653295, 0.07028092445203468, 0.0836770602088785, 0.07594285079242223, 0.8660935223538412, 1.0, 0.06150069009171637, 0.05968463796134273, 0.0693712746295805, 0.06644895974630949, 0.06800865031328988, 0.06926960539891402, 0.061185729843343174, 0.06526936924211575, 0.05207322710907936, 0.06184238086784898, 0.06407818193523018, 0.08005594320156496, 0.07525224428865664, 0.05949634358548061], [0.058707663679445035, 0.06413207838307625, 0.06948268384271981, 0.06481365433774922, 0.04983577667311744, 0.06150069009171637, 1.0, 0.770632412579982, 0.06669564535551331, 0.06632413276609807, 0.06845475585288173, 0.04866830032014551, 0.0626203040222711, 0.05386335802919592, 0.07067500573078749, 0.056687860745593274, 0.06181923336282937, 0.06173886250035753, 0.0878844816462772, 0.07574003480188195], [0.053813579880539, 0.06070664717666208, 0.0562601262010784, 0.061900554405027064, 0.05161250263181856, 0.05968463796134273, 0.770632412579982, 1.0, 0.06136699647481785, 0.05918037681249216, 0.07293132914356834, 0.06868356220422518, 0.0581888809159163, 0.05463923483968015, 0.055914632144911026, 0.05595499813590617, 0.062394763113381733, 0.06235269653117913, 0.08673426475738219, 0.06844082073727964], [0.08345173955728406, 0.06991223166822097, 0.06786711707337023, 0.08078908753569909, 0.07200363102858559, 0.0693712746295805, 0.06669564535551331, 0.06136699647481785, 1.0, 0.8714548512703908, 0.06822964009179422, 0.06902098613555113, 0.06528338119165794, 0.05708426240933698, 0.06973900955027436, 0.06844818911213485, 0.0721507065567175, 0.07208565125963816, 0.07051670732513886, 0.0698323986433298], [0.054610806281844594, 0.06844195531846173, 0.05337270673226769, 0.06583007004222957, 0.05001918441038946, 0.06644895974630949, 0.06632413276609807, 0.05918037681249216, 0.8714548512703908, 1.0, 0.07817717664815357, 0.07179783132003824, 0.06668977524248997, 0.0602005906747446, 0.05666966902970986, 0.060651142338336676, 0.0834222788635199, 0.062234344090986465, 0.06229217443656545, 0.05674965572248122], [0.06721867703592935, 0.06964422720177182, 0.07382971511040443, 0.06367199674978091, 0.061812635888506454, 0.06800865031328988, 0.06845475585288173, 0.07293132914356834, 0.06822964009179422, 0.07817717664815357, 1.0, 1.0, 0.07032612073673053, 0.06507399077697676, 0.07071831702281964, 0.06738132680371875, 0.07310816245669946, 0.060213790745653105, 0.10009082591281385, 0.0774008900566555], [0.07884133947086945, 0.09417410029914834, 0.0760326594238692, 0.08630332111530263, 0.06467307127755542, 0.06926960539891402, 0.04866830032014551, 0.06868356220422518, 0.06902098613555113, 0.07179783132003824, 1.0, 1.0, 0.06872397685671572, 0.0614200298214035, 0.07023975938806254, 0.07197070256299175, 0.07134598884625254, 0.0640070260233072, 0.08495980796104523, 0.07333421559185614], [0.05153064887430287, 0.06286361918263604, 0.07078484240928616, 0.057453971962291295, 0.05279955627272697, 0.061185729843343174, 0.0626203040222711, 0.0581888809159163, 0.06528338119165794, 0.06668977524248997, 0.07032612073673053, 0.06872397685671572, 1.0, 0.8146305590585002, 0.05854881206942772, 0.0559407633679377, 0.0588966546830307, 0.05395990755832065, 0.06633304550314921, 0.057415421813413754], [0.06171170938592758, 0.06836280611563741, 0.07786908535402498, 0.05982232950425758, 0.05235433688457756, 0.06526936924211575, 0.05386335802919592, 0.05463923483968015, 0.05708426240933698, 0.0602005906747446, 0.06507399077697676, 0.0614200298214035, 0.8146305590585002, 1.0, 0.05960864663345637, 0.05339763038186919, 0.06267782703208971, 0.05126897808564899, 0.07450141278151239, 0.07317022379124641], [0.05176955120537495, 0.05991223033643267, 0.0713298562799637, 0.06144103365949443, 0.053055687334299925, 0.05207322710907936, 0.07067500573078749, 0.055914632144911026, 0.06973900955027436, 0.05666966902970986, 0.07071831702281964, 0.07023975938806254, 0.05854881206942772, 0.05960864663345637, 1.0, 0.8128346118091184, 0.05642532429454764, 0.05767698759568284, 0.08038037451362066, 0.07564606945427578], [0.06085656812170889, 0.06182178168850922, 0.0725996190962542, 0.06568934355868093, 0.060374002316410116, 0.06184238086784898, 0.056687860745593274, 0.05595499813590617, 0.06844818911213485, 0.060651142338336676, 0.06738132680371875, 0.07197070256299175, 0.0559407633679377, 0.05339763038186919, 0.8128346118091184, 1.0, 0.05870410114575591, 0.06068281584957562, 0.07066614933862574, 0.06681331909590178], [0.06348159200169748, 0.07784080021954427, 0.07476804448156514, 0.06920336429802586, 0.06807996501535572, 0.06407818193523018, 0.06181923336282937, 0.062394763113381733, 0.0721507065567175, 0.0834222788635199, 0.07310816245669946, 0.07134598884625254, 0.0588966546830307, 0.06267782703208971, 0.05642532429454764, 0.05870410114575591, 1.0, 0.8874815916124055, 0.08470686038572359, 0.07112141348387704], [0.05615997572129449, 0.06185224890688866, 0.07434446153094679, 0.06872583111580338, 0.08021581414185422, 0.08005594320156496, 0.06173886250035753, 0.06235269653117913, 0.07208565125963816, 0.062234344090986465, 0.060213790745653105, 0.0640070260233072, 0.05395990755832065, 0.05126897808564899, 0.05767698759568284, 0.06068281584957562, 0.8874815916124055, 1.0, 0.0792462261627311, 0.06280913879684524], [0.05910158616805496, 0.08423064618613942, 0.09067001674938915, 0.08505618589437042, 0.0851378987896626, 0.07525224428865664, 0.0878844816462772, 0.08673426475738219, 0.07051670732513886, 0.06229217443656545, 0.10009082591281385, 0.08495980796104523, 0.06633304550314921, 0.07450141278151239, 0.08038037451362066, 0.07066614933862574, 0.08470686038572359, 0.0792462261627311, 1.0, 0.9086411669776495], [0.05568980323053321, 0.06808476457548039, 0.0745350045801224, 0.06625417546364058, 0.0571265543710972, 0.05949634358548061, 0.07574003480188195, 