{"model": "LSING", "dataset": "0.7_dim20_pair_gau", "N": 5000, "seed": 1230, "metrics": {"TP": 10, "FP": 0, "FN": 0, "TN": 180, "TPR": 1.0, "FDR": 0.0, "FPR": 0.0, "Hamming": 0}, "omega": [[1.0, 0.8547476401287671, 0.05545689355350606, 0.0652358216759245, 0.07560880285893039, 0.06215123364113762, 0.06635496637805127, 0.06493784486874932, 0.07046674072732417, 0.05970640845927312, 0.06617552890507988, 0.05188928875992025, 0.05358916924323498, 0.06491034179172864, 0.06962642254170635, 0.06550790913437984, 0.07182338227329862, 0.05510404462287931, 0.0639842065000933, 0.05171680747455788], [0.8547476401287671, 1.0, 0.058006010617881874, 0.06020715746509854, 0.06740677411187793, 0.0681683278811119, 0.06825706685398639, 0.07083046221939301, 0.09655308492740024, 0.06832333693879195, 0.06331653847838095, 0.061379110219594434, 0.05932552569049022, 0.06984484683262984, 0.07569389888037494, 0.08979225494479591, 0.07345001771991622, 0.06938999258135324, 0.06859395274137162, 0.06539591049295679], [0.05545689355350606, 0.058006010617881874, 1.0, 0.8476172556428272, 0.053329616325534866, 0.055393615031464165, 0.06391993615168712, 0.05077184892689534, 0.08046204515325443, 0.05874006131009519, 0.0677693161347568, 0.07089773485301004, 0.05245406953970207, 0.05741207550421343, 0.07559327139418791, 0.07431167357542531, 0.06204473025389511, 0.04897848478782829, 0.08626228057959373, 0.07657118002203935], [0.0652358216759245, 0.06020715746509854, 0.8476172556428272, 1.0, 0.0715612800937811, 0.06695007023846251, 0.06994148556846533, 0.058770706064140046, 0.06857023468820603, 0.05348263904987452, 0.06279158622865498, 0.07386905095577107, 0.058256781851340304, 0.06065969030656034, 0.07094263241997098, 0.06368802838343282, 0.06261085938141002, 0.06145897904803798, 0.07184875158333016, 0.08121821893461507], [0.07560880285893039, 0.06740677411187793, 0.053329616325534866, 0.0715612800937811, 1.0, 0.9907432255685932, 0.0817178072355331, 0.07921725749566609, 0.0917671796013763, 0.08464446434578296, 0.07950404274859554, 0.08038692636891231, 0.07273399682263867, 0.08718911283029587, 0.06683859699695135, 0.06360381160265716, 0.06441282560372846, 0.07777978746222536, 0.06532415051519429, 0.07341093171932768], [0.06215123364113762, 0.0681683278811119, 0.055393615031464165, 0.06695007023846251, 0.9907432255685932, 1.0, 0.07959340094279475, 0.06387730370169328, 0.07358431637086509, 0.06448554255990191, 0.06341570771175128, 0.07846602944306795, 0.061903011669496605, 0.06834860974679885, 0.07072166154784186, 0.06130884066199017, 0.07982542129674446, 0.06726875209114526, 0.07079452593766407, 0.0664924924856018], [0.06635496637805127, 0.06825706685398639, 0.06391993615168712, 0.06994148556846533, 0.0817178072355331, 0.07959340094279475, 1.0, 0.9697144908255096, 0.08701904677616115, 0.08055922537267259, 0.08401121001829978, 0.08185171719777164, 0.06898158261004352, 0.07018148074250631, 0.07863447908829005, 0.0751178461279935, 0.0688998856043555, 0.07447994361965712, 0.06796913966043211, 0.05834856867982614], [0.06493784486874932, 0.07083046221939301, 0.05077184892689534, 0.058770706064140046, 0.07921725749566609, 0.06387730370169328, 0.9697144908255096, 1.0, 0.09408442106483937, 0.06850944913513385, 0.06775028647162135, 0.07485835218375289, 0.06951515570730345, 0.06326707314892067, 0.06755011446641264, 0.07622650695738853, 0.06094492348526026, 0.06971458518304482, 0.06394633213603629, 0.07044113016223105], [0.07046674072732417, 0.09655308492740024, 0.08046204515325443, 0.06857023468820603, 0.0917671796013763, 0.07358431637086509, 0.08701904677616115, 0.09408442106483937, 1.0, 1.0, 0.07780860940024935, 0.07589251345013052, 0.07772520752545949, 0.08205622911347707, 0.07139001044495025, 0.08837246890736934, 0.07815718275506246, 0.08525617727687843, 0.08315834656947955, 0.07561918486841392], [0.05970640845927312, 0.06832333693879195, 0.05874006131009519, 0.05348263904987452, 0.08464446434578296, 0.06448554255990191, 0.08055922537267259, 0.06850944913513385, 1.0, 1.0, 0.0712559235623332, 0.060991882442691846, 0.06357373513831292, 0.08202090133062567, 0.0703827089087624, 0.07143473913336808, 0.07991867978110596, 0.06426373265628085, 0.06413949434140005, 0.061922116389762326], [0.06617552890507988, 0.06331653847838095, 0.0677693161347568, 0.06279158622865498, 0.07950404274859554, 0.06341570771175128, 0.08401121001829978, 0.06775028647162135, 0.07780860940024935, 0.0712559235623332, 1.0, 0.7978310462282012, 0.060274877760885394, 0.06759153527987495, 0.06434293401238735, 0.06793733688209164, 0.06910467630368766, 0.07962908524701495, 0.0653498790272064, 0.05061696853858149], [0.05188928875992025, 0.061379110219594434, 0.07089773485301004, 0.07386905095577107, 0.08038692636891231, 0.07846602944306795, 0.08185171719777164, 0.07485835218375289, 0.07589251345013052, 0.060991882442691846, 0.7978310462282012, 1.0, 0.048692324117447165, 0.08087350834139911, 0.05699722536306528, 0.05320981442317545, 0.06696885864653637, 0.08959383069847779, 0.05862565547927988, 0.055856331517136634], [0.05358916924323498, 0.05932552569049022, 0.05245406953970207, 0.058256781851340304, 0.07273399682263867, 0.061903011669496605, 0.06898158261004352, 0.06951515570730345, 0.07772520752545949, 0.06357373513831292, 0.060274877760885394, 0.048692324117447165, 1.0, 0.8868856021681303, 0.06342539544277981, 0.07477195606558758, 0.06121125030896732, 0.056126438003475186, 0.05530188985704962, 0.05267990036101622], [0.06491034179172864, 0.06984484683262984, 0.05741207550421343, 0.06065969030656034, 0.08718911283029587, 0.06834860974679885, 0.07018148074250631, 0.06326707314892067, 0.08205622911347707, 0.08202090133062567, 0.06759153527987495, 0.08087350834139911, 0.8868856021681303, 1.0, 0.07285114759993246, 0.0721629085633023, 0.06076665207841986, 0.061752924215072905, 0.07007933066881951, 0.05274073684571252], [0.06962642254170635, 0.07569389888037494, 0.07559327139418791, 0.07094263241997098, 0.06683859699695135, 0.07072166154784186, 0.07863447908829005, 0.06755011446641264, 0.07139001044495025, 0.0703827089087624, 0.06434293401238735, 0.05699722536306528, 0.06342539544277981, 0.07285114759993246, 1.0, 0.998449105239661, 0.06367476203565746, 0.06662187489451793, 0.0616453700280066, 0.05949261358492026], [0.06550790913437984, 0.08979225494479591, 0.07431167357542531, 0.06368802838343282, 0.06360381160265716, 0.06130884066199017, 0.0751178461279935, 0.07622650695738853, 0.08837246890736934, 0.07143473913336808, 0.06793733688209164, 0.05320981442317545, 0.07477195606558758, 0.0721629085633023, 0.998449105239661, 1.0, 0.0716406530090425, 0.06521591009150837, 0.06242624564706173, 0.07372824377938299], [0.07182338227329862, 0.07345001771991622, 0.06204473025389511, 0.06261085938141002, 0.06441282560372846, 0.07982542129674446, 0.0688998856043555, 0.06094492348526026, 0.07815718275506246, 0.07991867978110596, 0.06910467630368766, 0.06696885864653637, 0.06121125030896732, 0.06076665207841986, 0.06367476203565746, 0.0716406530090425, 1.0, 0.8937488261600948, 0.0635946063817518, 0.08017892161603749], [0.05510404462287931, 0.06938999258135324, 0.04897848478782829, 0.06145897904803798, 0.07777978746222536, 0.06726875209114526, 0.07447994361965712, 0.06971458518304482, 0.08525617727687843, 0.06426373265628085, 0.07962908524701495, 0.08959383069847779, 0.056126438003475186, 0.061752924215072905, 0.06662187489451793, 0.06521591009150837, 0.8937488261600948, 1.0, 0.07076195918496192, 0.06962635820702326], [0.0639842065000933, 0.06859395274137162, 0.08626228057959373, 0.07184875158333016, 0.06532415051519429, 0.07079452593766407, 0.06796913966043211, 0.06394633213603629, 0.08315834656947955, 0.06413949434140005, 0.0653498790272064, 0.05862565547927988, 0.05530188985704962, 0.07007933066881951, 0.0616453700280066, 0.06242624564706173, 0.0635946063817518, 0.07076195918496192, 1.0, 0.8933099349520597], [0.05171680747455788, 0.06539591049295679, 0.07657118002203935, 0.08121821893461507, 0.07341093171932768, 0.0664924924856018, 0.05834856867982614, 