{"model": "LSING", "dataset": "0.7_dim20_pair_gau", "N": 5000, "seed": 1234560, "metrics": {"TP": 10, "FP": 0, "FN": 0, "TN": 180, "TPR": 1.0, "FDR": 0.0, "FPR": 0.0, "Hamming": 0}, "omega": [[1.0, 0.8737630487654398, 0.06488557866678794, 0.0660412180809566, 0.07410081206901914, 0.08486560465480232, 0.06995773917149348, 0.07167264945825282, 0.06207580644271351, 0.0563305740470309, 0.06682857169250978, 0.08353932641333968, 0.08755271160761191, 0.06931101707554498, 0.0736185057970176, 0.06713074526897085, 0.06930914912953612, 0.06945677695201037, 0.05817901765456122, 0.06482391293588821], [0.8737630487654398, 1.0, 0.0578634183794434, 0.07349383150410127, 0.05698640074695268, 0.07121233792394172, 0.05694308007461835, 0.05502679475805548, 0.05871132740433859, 0.05798447434337753, 0.059048135051064786, 0.065213093608684, 0.06494069483035309, 0.06984652453988859, 0.0629867449297205, 0.0723498386679851, 0.06300632831892676, 0.056080318919568745, 0.06742294427499576, 0.06331043515419421], [0.06488557866678794, 0.0578634183794434, 1.0, 0.8724710048799215, 0.06293087375021611, 0.06702365318114498, 0.061241863906438467, 0.06481737643111311, 0.06322175605024316, 0.07072529778037645, 0.06473391190091549, 0.08885360145842536, 0.05736131710477167, 0.07287085452881654, 0.057781079841874895, 0.06894852843683674, 0.0578883260679029, 0.053035501612316946, 0.06465548690617395, 0.05536187030939163], [0.0660412180809566, 0.07349383150410127, 0.8724710048799215, 1.0, 0.07685925627178417, 0.07363440815695603, 0.06503590782656733, 0.0744730427646044, 0.06282989232772553, 0.060845770527153904, 0.06585753236923145, 0.07837924965815804, 0.0685474529973579, 0.07143577039172129, 0.05944997073150668, 0.06338550829616739, 0.07278682569604841, 0.07956783807241599, 0.06198604837134754, 0.059694185731454845], [0.07410081206901914, 0.05698640074695268, 0.06293087375021611, 0.07685925627178417, 1.0, 0.9676714819371345, 0.07282225396993128, 0.07290426071848842, 0.07491235492825916, 0.07085197586992048, 0.06447960999251943, 0.07111213764250938, 0.06970705297956774, 0.07359381755955775, 0.0692795859448699, 0.0712874424160577, 0.06906244440574676, 0.06501516709458915, 0.07071661117830724, 0.06375933001150007], [0.08486560465480232, 0.07121233792394172, 0.06702365318114498, 0.07363440815695603, 0.9676714819371345, 1.0, 0.05896622496544796, 0.06939572777391916, 0.07612815004144907, 0.06956895298799465, 0.060009032603145315, 0.08123880852152057, 0.06911688915375347, 0.06277766037729855, 0.06577688412686257, 0.06987996469221516, 0.06282961540146408, 0.05645363380759272, 0.06809845886459982, 0.07577494888254716], [0.06995773917149348, 0.05694308007461835, 0.061241863906438467, 0.06503590782656733, 0.07282225396993128, 0.05896622496544796, 1.0, 0.8927389976046819, 0.06492475589524806, 0.0653044949500354, 0.07238726812598377, 0.09362465429152522, 0.07805218668082077, 0.07032036366082055, 0.06157411794492206, 0.06322049159448331, 0.06146556023792, 0.06451567049428224, 0.06123412303367724, 0.06434475212821489], [0.07167264945825282, 0.05502679475805548, 0.06481737643111311, 0.0744730427646044, 0.07290426071848842, 0.06939572777391916, 0.8927389976046819, 1.0, 0.06290989789216687, 0.05922567090977613, 0.06742535039845614, 0.07263767477913616, 0.07096810724892214, 0.07934935631468788, 0.05305310471750261, 0.06826683786909986, 0.056312814191131204, 0.07252641834734086, 0.07578365638471156, 0.06242814024766446], [0.06207580644271351, 0.05871132740433859, 0.06322175605024316, 0.06282989232772553, 0.07491235492825916, 0.07612815004144907, 0.06492475589524806, 0.06290989789216687, 1.0, 0.7726411567349971, 0.07257581572235577, 0.08636591276400582, 0.08431888428938171, 0.07392985190276138, 0.05190502852528594, 0.07013135887486595, 0.053496160610710816, 0.052460367567466346, 0.06753635080408518, 0.0635537619000962], [0.0563305740470309, 0.05798447434337753, 0.07072529778037645, 0.060845770527153904, 0.07085197586992048, 0.06956895298799465, 0.0653044949500354, 0.05922567090977613, 0.7726411567349971, 1.0, 0.05849327409856218, 0.0790278031249488, 0.06813121192629656, 0.08283634126110172, 0.05164329140802102, 0.06609345003138359, 0.0589018996974335, 0.05309385206561493, 0.05608154418765009, 0.05562270872256277], [0.06682857169250978, 0.059048135051064786, 0.06473391190091549, 0.06585753236923145, 0.06447960999251943, 0.060009032603145315, 0.07238726812598377, 0.06742535039845614, 0.07257581572235577, 0.05849327409856218, 1.0, 1.0, 0.06497643921817593, 0.06030780991413572, 0.05931869984604154, 0.05941268234915063, 0.07669357599207736, 0.0624812134269234, 0.07309432095925084, 0.04913077862552279], [0.08353932641333968, 0.065213093608684, 0.08885360145842536, 0.07837924965815804, 0.07111213764250938, 0.08123880852152057, 0.09362465429152522, 0.07263767477913616, 0.08636591276400582, 0.0790278031249488, 1.0, 1.0, 0.07288606457310134, 0.07319647539958474, 0.08126655078539213, 0.09775003525846061, 0.08513876367409628, 0.07863497538553987, 0.08089159785240654, 0.07424406393406004], [0.08755271160761191, 0.06494069483035309, 0.05736131710477167, 0.0685474529973579, 0.06970705297956774, 0.06911688915375347, 0.07805218668082077, 0.07096810724892214, 0.08431888428938171, 0.06813121192629656, 0.06497643921817593, 0.07288606457310134, 1.0, 0.9440369854772762, 0.07072781885436044, 0.08725223877639808, 0.052715113602885486, 0.049456099057422424, 0.06464927435287453, 0.0577836479410731], [0.06931101707554498, 0.06984652453988859, 0.07287085452881654, 0.07143577039172129, 0.07359381755955775, 0.06277766037729855, 0.07032036366082055, 0.07934935631468788, 0.07392985190276138, 0.08283634126110172, 0.06030780991413572, 0.07319647539958474, 0.9440369854772762, 1.0, 0.05656214187686868, 0.06235859518087277, 0.07084540278997879, 0.05594823293039065, 0.06570361623061266, 0.05562319987480007], [0.0736185057970176, 0.0629867449297205, 0.057781079841874895, 0.05944997073150668, 0.0692795859448699, 0.06577688412686257, 0.06157411794492206, 0.05305310471750261, 0.05190502852528594, 0.05164329140802102, 0.05931869984604154, 0.08126655078539213, 0.07072781885436044, 0.05656214187686868, 1.0, 0.8496922419181003, 0.057846609477875496, 0.0601161586536259, 0.07351802858932383, 0.07120947722341064], [0.06713074526897085, 0.0723498386679851, 0.06894852843683674, 0.06338550829616739, 0.0712874424160577, 0.06987996469221516, 0.06322049159448331, 0.06826683786909986, 0.07013135887486595, 0.06609345003138359, 0.05941268234915063, 0.09775003525846061, 0.08725223877639808, 0.06235859518087277, 0.8496922419181003, 1.0, 0.07126381747094135, 0.05655150372840979, 0.06917917143746173, 0.05755200173587831], [0.06930914912953612, 0.06300632831892676, 0.0578883260679029, 0.07278682569604841, 0.06906244440574676, 0.06282961540146408, 0.06146556023792, 0.056312814191131204, 0.053496160610710816, 0.0589018996974335, 0.07669357599207736, 0.08513876367409628, 0.052715113602885486, 0.07084540278997879, 0.057846609477875496, 0.07126381747094135, 1.0, 0.8696943854318645, 0.06322991231239657, 0.0475481868415007], [0.06945677695201037, 0.056080318919568745, 0.053035501612316946, 0.07956783807241599, 0.06501516709458915, 0.05645363380759272, 0.06451567049428224, 0.07252641834734086, 0.052460367567466346, 0.05309385206561493, 0.0624812134269234, 0.07863497538553987, 0.049456099057422424, 0.05594823293039065, 0.0601161586536259, 0.05655150372840979, 0.8696943854318645, 1.0, 0.06923215840382796, 0.05108956428568323], [0.05817901765456122, 0.06742294427499576, 0.06465548690617395, 0.06198604837134754, 0.07071661117830724, 0.06809845886459982, 0.06123412303367724, 0.07578365638471156, 0.06753635080408518, 0.05608154418765009, 0.07309432095925084, 0.08089159785240654, 0.06464927435287453, 0.06570361623061266, 0.07351802858932383, 0.06917917143746173, 0.06322991231239657, 0.06923215840382796, 1.0, 0.8752722864403192], [0.06482391293588821, 0.06331043515419421, 0.05536187030939163, 0.059694185731454845, 0.06375933001150007, 0.07577494888254716, 0.06434475212821489, 