{"model": "LSING", "dataset": "0.1_dim20_pair_gau", "N": 10000, "seed": 123450, "metrics": {"TP": 10, "FP": 27, "FN": 0, "TN": 153, "TPR": 1.0, "FDR": 0.7297297297297297, "FPR": 0.15, "Hamming": 27}, "omega": [[1.0, 0.253811385535576, 0.07852925554306751, 0.09027155327951462, 0.11873000000390387, 0.1451947827686976, 0.11686411040837176, 0.09291627644267712, 0.07749447472760446, 0.06104199735669199, 0.08574348901757768, 0.1269801386887615, 0.17532269360542763, 0.18260054180461954, 0.07521794920718328, 0.08106613846051546, 0.1440768455301184, 0.1278876005912536, 0.10870639982958322, 0.10039214827041146], [0.253811385535576, 1.0, 0.08098160348453919, 0.09166687243296379, 0.09807983527375018, 0.18237550829968527, 0.11544779170633972, 0.11536719719561846, 0.0759858336492212, 0.09463106607176947, 0.08846290819316176, 0.11911126136659532, 0.28889171702329136, 0.11734706342703004, 0.08430045932893315, 0.07352305099789985, 0.13215285534001442, 0.1996565061058424, 0.1042621568680268, 0.09823792153462554], [0.07852925554306751, 0.08098160348453919, 1.0, 0.27625436436009315, 0.14030546649317885, 0.20912060494575643, 0.11999532853574166, 0.0956136936706222, 0.10151714906745088, 0.06958595486102301, 0.07396324854525668, 0.145703718865526, 0.13243717271772482, 0.1549797550362806, 0.10670915325916247, 0.2105983282147137, 0.12167873677126036, 0.11929390538771316, 0.10388550694764616, 0.10019916713610662], [0.09027155327951462, 0.09166687243296379, 0.27625436436009315, 1.0, 0.13946252411776194, 0.11717777388258653, 0.13058980412219676, 0.07476692859658993, 0.11194109481854113, 0.07694824653931993, 0.07260096382885502, 0.23816065051559016, 0.25788309796922165, 0.17835242340321125, 0.0729977369611184, 0.08297598721952183, 0.1689368911025547, 0.10115829427189571, 0.10545176258922125, 0.1215005415313489], [0.11873000000390387, 0.09807983527375018, 0.14030546649317885, 0.13946252411776194, 1.0, 0.8307072673988498, 0.13926359772008992, 0.15213001381708485, 0.11955886406073167, 0.18293907616170282, 0.10638733233056015, 0.18272056130052888, 0.20229092062151116, 0.1407495353748213, 0.10083226042068846, 0.15587497262413613, 0.19447482682773498, 0.17894365178603844, 0.2160041138294601, 0.11681572686285678], [0.1451947827686976, 0.18237550829968527, 0.20912060494575643, 0.11717777388258653, 0.8307072673988498, 1.0, 0.2670526256820543, 0.13566512337064, 0.2069850354386495, 0.10991457738237682, 0.11875199585175145, 0.1375855451014348, 0.2052477009804821, 0.20511806008024527, 0.13758110242001986, 0.2296682565813659, 0.22344266306678123, 0.14991707455565215, 0.1749996079867383, 0.1362259178608269], [0.11686411040837176, 0.11544779170633972, 0.11999532853574166, 0.13058980412219676, 0.13926359772008992, 0.2670526256820543, 1.0, 0.7151280292540141, 0.14032090303198996, 0.10050771898511443, 0.19167833272107693, 0.15396953604758762, 0.2149622531894264, 0.15566179711371533, 0.15732425053245486, 0.13318836406391982, 0.16854146602419434, 0.2051661589688275, 0.176705833508682, 0.1371806612798514], [0.09291627644267712, 0.11536719719561846, 0.0956136936706222, 0.07476692859658993, 0.15213001381708485, 0.13566512337064, 0.7151280292540141, 1.0, 0.1995952113351627, 0.1031350414766297, 0.16253870602310647, 0.234261122994047, 0.3031913767102351, 0.16025692044922052, 0.1060094868510619, 0.1250470822566795, 0.1517473007040363, 0.15445946722762627, 0.11366714872911578, 0.09307917340571623], [0.07749447472760446, 0.0759858336492212, 0.10151714906745088, 0.11194109481854113, 0.11955886406073167, 0.2069850354386495, 0.14032090303198996, 0.1995952113351627, 1.0, 0.29248037070856087, 0.10915730047761205, 0.19226871119963346, 0.138756099140772, 0.1322506309298919, 0.09945467946067824, 0.15639766781713613, 0.18269661758595565, 0.1650844051724149, 0.14662122305795328, 0.10644581306413312], [0.06104199735669199, 0.09463106607176947, 0.06958595486102301, 0.07694824653931993, 0.18293907616170282, 0.10991457738237682, 0.10050771898511443, 0.1031350414766297, 0.29248037070856087, 1.0, 0.07369449173544954, 0.1297272488841123, 0.16365885341944222, 0.12375205587369899, 0.07849965935511509, 0.08020315827029564, 0.16417173811458083, 0.1471823510034043, 0.19618438283579206, 0.08294963205407532], [0.08574348901757768, 0.08846290819316176, 0.07396324854525668, 0.07260096382885502, 0.10638733233056015, 0.11875199585175145, 0.19167833272107693, 0.16253870602310647, 0.10915730047761205, 0.07369449173544954, 1.0, 0.7110825337238761, 0.20833145459757707, 0.13014282767331248, 0.07800203227157274, 0.08562881090568532, 0.1566729432707036, 0.0837027448345665, 0.12137090469763968, 0.12816974440995596], [0.1269801386887615, 0.11911126136659532, 0.145703718865526, 0.23816065051559016, 0.18272056130052888, 0.1375855451014348, 0.15396953604758762, 0.234261122994047, 0.19226871119963346, 0.1297272488841123, 0.7110825337238761, 1.0, 0.2577912798422942, 0.1658729048761765, 0.11776911206165923, 0.1535648799515504, 0.2082821438837668, 0.20070166469976858, 0.17443474290241284, 0.1415365223303116], [0.17532269360542763, 0.28889171702329136, 0.13243717271772482, 0.25788309796922165, 0.20229092062151116, 0.2052477009804821, 0.2149622531894264, 0.3031913767102351, 0.138756099140772, 0.16365885341944222, 0.20833145459757707, 0.2577912798422942, 1.0, 0.9922945482894623, 0.12781194691157963, 0.19037973999338165, 0.26204372909560814, 0.15145103790146874, 0.24883755868324664, 0.2570564095046657], [0.18260054180461954, 0.11734706342703004, 0.1549797550362806, 0.17835242340321125, 0.1407495353748213, 0.20511806008024527, 0.15566179711371533, 0.16025692044922052, 0.1322506309298919, 0.12375205587369899, 0.13014282767331248, 0.1658729048761765, 0.9922945482894623, 1.0, 0.1411652361598498, 0.21743399440107467, 0.21662660161003264, 0.18569914638054968, 0.3255527484586559, 0.15004933023314282], [0.07521794920718328, 0.08430045932893315, 0.10670915325916247, 0.0729977369611184, 0.10083226042068846, 0.13758110242001986, 0.15732425053245486, 0.1060094868510619, 0.09945467946067824, 0.07849965935511509, 0.07800203227157274, 0.11776911206165923, 0.12781194691157963, 0.1411652361598498, 1.0, 0.4107961867422351, 0.12770134549361725, 0.17423720725718372, 0.09888155525877494, 0.0827280469645551], [0.08106613846051546, 0.07352305099789985, 0.2105983282147137, 0.08297598721952183, 0.15587497262413613, 0.2296682565813659, 0.13318836406391982, 0.1250470822566795, 0.15639766781713613, 0.08020315827029564, 0.08562881090568532, 0.1535648799515504, 0.19037973999338165, 0.21743399440107467, 0.4107961867422351, 1.0, 0.1423084753332243, 0.136526178060036, 0.11265828796064487, 0.1350079725087118], [0.1440768455301184, 0.13215285534001442, 0.12167873677126036, 0.1689368911025547, 0.19447482682773498, 0.22344266306678123, 0.16854146602419434, 0.1517473007040363, 0.18269661758595565, 0.16417173811458083, 0.1566729432707036, 0.2082821438837668, 0.26204372909560814, 0.21662660161003264, 0.12770134549361725, 0.1423084753332243, 1.0, 1.0, 0.1510323482186462, 0.11091687070875607], [0.1278876005912536, 0.1996565061058424, 0.11929390538771316, 0.10115829427189571, 0.17894365178603844, 0.14991707455565215, 0.2051661589688275, 0.15445946722762627, 0.1650844051724149, 0.1471823510034043, 0.0837027448345665, 0.20070166469976858, 0.15145103790146874, 0.18569914638054968, 0.17423720725718372, 0.136526178060036, 1.0, 1.0, 0.1455784433826795, 0.1403434763267583], [0.10870639982958322, 0.1042621568680268, 0.10388550694764616, 0.10545176258922125, 0.2160041138294601, 0.1749996079867383, 0.176705833508682, 0.11366714872911578, 0.14662122305795328, 0.19618438283579206, 0.12137090469763968, 0.17443474290241284, 0.24883755868324664, 0.3255527484586559, 0.09888155525877494, 0.11265828796064487, 0.1510323482186462, 0.1455784433826795, 1.0, 0.6557697715548411], [0.10039214827041146, 0.09823792153462554, 0.10019916713610662, 0.1215005415313489, 0.11681572686285678, 0.1362259178608269, 0.1371806612798514, 0.09307917340571623, 0.10644581306413312, 0.08294963205407532, 0.12816974440995596, 