{"model": "LSING", "dataset": "0.1_dim20_pair_gau", "N": 10000, "seed": 120, "metrics": {"TP": 10, "FP": 29, "FN": 0, "TN": 151, "TPR": 1.0, "FDR": 0.7435897435897436, "FPR": 0.16111111111111112, "Hamming": 29}, "omega": [[1.0, 0.33045546611788795, 0.0995890405208458, 0.10081410454448443, 0.07888959643872111, 0.1383745400619232, 0.08815271472022444, 0.13161318563196123, 0.13312402895541137, 0.15405405602917716, 0.13071697960635137, 0.15674580123115597, 0.13848630079551685, 0.13943282974268553, 0.09672580904421017, 0.1225025741848409, 0.1348361257257947, 0.11711704010262682, 0.12870070193422548, 0.12755231196010142], [0.33045546611788795, 1.0, 0.13770770611672137, 0.13803888821455532, 0.14953384336291312, 0.15637150644461403, 0.10997846770391821, 0.12568484040767786, 0.20882103031091814, 0.14686631638559533, 0.15807753591239807, 0.12717075595497251, 0.16323744536580956, 0.16599424836708832, 0.14189688539354853, 0.1438405338845594, 0.13874136968693365, 0.19597983928820106, 0.17268925335910176, 0.1507300579575257], [0.0995890405208458, 0.13770770611672137, 1.0, 0.6212854639360383, 0.08495092096045026, 0.10367598489911266, 0.1012425546804175, 0.14637747364521805, 0.2129103072866129, 0.13699108460019008, 0.10278067537269639, 0.11042881621351848, 0.20696972548565867, 0.1125017857754079, 0.20817804069497908, 0.12466657028096506, 0.17470262484426832, 0.1668758469792974, 0.15384380784862864, 0.14425771192399672], [0.10081410454448443, 0.13803888821455532, 0.6212854639360383, 1.0, 0.10817486003480695, 0.13558456659048151, 0.1287698385924157, 0.09162204763271017, 0.19506422894118294, 0.1640867232701245, 0.15280860195989848, 0.12064070681458014, 0.17580546756078427, 0.1781968642888528, 0.13189654310930665, 0.10928811658792713, 0.16046277186401778, 0.1685557207644475, 0.2264851575593509, 0.21751823666307465], [0.07888959643872111, 0.14953384336291312, 0.08495092096045026, 0.10817486003480695, 1.0, 0.4395491613475231, 0.07305046350622857, 0.10799369921671974, 0.15087822675552642, 0.17704722941300496, 0.09580307768937947, 0.11847181608778765, 0.14453484914153447, 0.15266136790039345, 0.11111798191114458, 0.07172599004357343, 0.16080837017874205, 0.17737380155053062, 0.2278850431745514, 0.09002475374484284], [0.1383745400619232, 0.15637150644461403, 0.10367598489911266, 0.13558456659048151, 0.4395491613475231, 1.0, 0.13664942918239306, 0.18257418942961678, 0.26436484026355817, 0.2354540159136, 0.15090182040491987, 0.12452516983943537, 0.2533235392000263, 0.17124991328176048, 0.17098247610052117, 0.16836146510979796, 0.16057154143442523, 0.17799640536964098, 0.21945614500995972, 0.16249906568638545], [0.08815271472022444, 0.10997846770391821, 0.1012425546804175, 0.1287698385924157, 0.07305046350622857, 0.13664942918239306, 1.0, 0.43757729650037647, 0.1280885544398328, 0.12757859510707564, 0.11304641540873242, 0.1306590003267506, 0.16800077501717964, 0.16874405357608344, 0.10491352768166873, 0.09367373064976596, 0.1528533674362193, 0.1446152621450318, 0.1183709811725652, 0.12472040272069405], [0.13161318563196123, 0.12568484040767786, 0.14637747364521805, 0.09162204763271017, 0.10799369921671974, 0.18257418942961678, 0.43757729650037647, 1.0, 0.15399411804754679, 0.11513803725242219, 0.12033093022829747, 0.13214405761415374, 0.2087961152811967, 0.15664753047357965, 0.15273270969167124, 0.11877428046974722, 0.14296605628016296, 0.12616125537487383, 0.18361581952109915, 0.11333103903185837], [0.13312402895541137, 0.20882103031091814, 0.2129103072866129, 0.19506422894118294, 0.15087822675552642, 0.26436484026355817, 0.1280885544398328, 0.15399411804754679, 1.0, 0.9282385281328925, 0.22067085043154158, 0.14681047850691195, 0.23109414913864867, 0.19734645671057774, 0.22280485416838813, 0.21006648438019682, 0.2638474200180809, 0.193089321945114, 0.1830848583138684, 0.17291225222249373], [0.15405405602917716, 0.14686631638559533, 0.13699108460019008, 0.1640867232701245, 0.17704722941300496, 0.2354540159136, 0.12757859510707564, 0.11513803725242219, 0.9282385281328925, 1.0, 0.14571949422285724, 0.15261915171087906, 0.20097243055088423, 0.19469735257924772, 0.20672272083817286, 0.130933490534821, 0.1903148226445873, 0.1762204957016815, 0.2733118682251216, 0.12596696148092218], [0.13071697960635137, 0.15807753591239807, 0.10278067537269639, 0.15280860195989848, 0.09580307768937947, 0.15090182040491987, 0.11304641540873242, 0.12033093022829747, 0.22067085043154158, 0.14571949422285724, 1.0, 0.6350545698634259, 0.15476998074064804, 0.12426801478164866, 0.17428300798711951, 0.08801675275721514, 0.13961824786973948, 0.2218491350422823, 0.19627409496664394, 0.12770737233010218], [0.15674580123115597, 0.12717075595497251, 0.11042881621351848, 0.12064070681458014, 0.11847181608778765, 0.12452516983943537, 0.1306590003267506, 0.13214405761415374, 0.14681047850691195, 0.15261915171087906, 0.6350545698634259, 1.0, 0.15277203244066034, 0.14175994195511876, 0.15262114865221077, 0.10300725598405139, 0.2067226443595687, 0.14864004216452398, 0.1176442623558748, 0.13870784656542917], [0.13848630079551685, 0.16323744536580956, 0.20696972548565867, 0.17580546756078427, 0.14453484914153447, 0.2533235392000263, 0.16800077501717964, 0.2087961152811967, 0.23109414913864867, 0.20097243055088423, 0.15476998074064804, 0.15277203244066034, 1.0, 0.8911813133334192, 0.20708323248071472, 0.15757799041624518, 0.22011845821989148, 0.1486647617489236, 0.2540811277555369, 0.1363833941088973], [0.13943282974268553, 0.16599424836708832, 0.1125017857754079, 0.1781968642888528, 0.15266136790039345, 0.17124991328176048, 0.16874405357608344, 0.15664753047357965, 0.19734645671057774, 0.19469735257924772, 0.12426801478164866, 0.14175994195511876, 0.8911813133334192, 1.0, 0.1339998661794379, 0.09387045911261774, 0.18261446391234695, 0.1626070917148077, 0.13593091694481368, 0.1489716278994356], [0.09672580904421017, 0.14189688539354853, 0.20817804069497908, 0.13189654310930665, 0.11111798191114458, 0.17098247610052117, 0.10491352768166873, 0.15273270969167124, 0.22280485416838813, 0.20672272083817286, 0.17428300798711951, 0.15262114865221077, 0.20708323248071472, 0.1339998661794379, 1.0, 0.5578769342331251, 0.16032295622911943, 0.2107146830388437, 0.23943194853921276, 0.16725178605582944], [0.1225025741848409, 0.1438405338845594, 0.12466657028096506, 0.10928811658792713, 0.07172599004357343, 0.16836146510979796, 0.09367373064976596, 0.11877428046974722, 0.21006648438019682, 0.130933490534821, 0.08801675275721514, 0.10300725598405139, 0.15757799041624518, 0.09387045911261774, 0.5578769342331251, 1.0, 0.12753849907442194, 0.11615855500033599, 0.1915633740973358, 0.1614565390957095], [0.1348361257257947, 0.13874136968693365, 0.17470262484426832, 0.16046277186401778, 0.16080837017874205, 0.16057154143442523, 0.1528533674362193, 0.14296605628016296, 0.2638474200180809, 0.1903148226445873, 0.13961824786973948, 0.2067226443595687, 0.22011845821989148, 0.18261446391234695, 0.16032295622911943, 0.12753849907442194, 1.0, 1.0, 0.22537151861320973, 0.2377584947080035], [0.11711704010262682, 0.19597983928820106, 0.1668758469792974, 0.1685557207644475, 0.17737380155053062, 0.17799640536964098, 0.1446152621450318, 0.12616125537487383, 0.193089321945114, 0.1762204957016815, 0.2218491350422823, 0.14864004216452398, 0.1486647617489236, 0.1626070917148077, 0.2107146830388437, 0.11615855500033599, 1.0, 1.0, 0.14244758657828369, 0.13446848457781754], [0.12870070193422548, 0.17268925335910176, 0.15384380784862864, 0.2264851575593509, 0.2278850431745514, 0.21945614500995972, 0.1183709811725652, 0.18361581952109915, 0.1830848583138684, 0.2733118682251216, 0.19627409496664394, 0.1176442623558748, 0.2540811277555369, 0.13593091694481368, 0.23943194853921276, 0.1915633740973358, 0.22537151861320973, 0.14244758657828369, 1.0, 0.797472147597044], [0.12755231196010142, 0.1507300579575257, 0.14425771192399672, 0.21751823666307465, 0.09002475374484284, 0.16249906568638545, 0.12472040272069405, 0.11333103903185837, 0.17291225222249373, 