{"model": "LSING", "dataset": "0.1_dim20_pair_gau", "N": 10000, "seed": 12340, "metrics": {"TP": 9, "FP": 27, "FN": 1, "TN": 153, "TPR": 0.9, "FDR": 0.75, "FPR": 0.15, "Hamming": 28}, "omega": [[1.0, 1.0, 0.1324548765249262, 0.16786654562238862, 0.16021662256389366, 0.09661433941555832, 0.16713097913283326, 0.09845917208285095, 0.24899351588413438, 0.11485764004063702, 0.10568875742597347, 0.1449835743843197, 0.15354123387030214, 0.13244573640904467, 0.16438561068926175, 0.17598214108405466, 0.15366313077943733, 0.24426849208539622, 0.1183182739680814, 0.11503308626291187], [1.0, 1.0, 0.2530567685088255, 0.22394813958513307, 0.11049464087886839, 0.2386978856037445, 0.173824868071443, 0.14569578120565657, 0.2689392958175404, 0.267425212424711, 0.17019851394246957, 0.16547673294779613, 0.23200002686074872, 0.16790257996726127, 0.12869313293480197, 0.21589966729786875, 0.16925688590789847, 0.2710778724863629, 0.20407775245478355, 0.15606337016916416], [0.1324548765249262, 0.2530567685088255, 1.0, 0.42185846612344946, 0.10877922622600857, 0.1796559989445486, 0.1632486204499298, 0.11888713737080486, 0.16511552379473965, 0.10084118624412847, 0.10676487573708746, 0.10519972535458388, 0.20030413293177918, 0.18631281086677226, 0.11679943159288564, 0.10053665441875195, 0.13470397637417314, 0.14535869698431467, 0.09839199868803226, 0.08105475569364651], [0.16786654562238862, 0.22394813958513307, 0.42185846612344946, 1.0, 0.11736790758096421, 0.09215065310073864, 0.1098949517059426, 0.11241466785899822, 0.20292053056177342, 0.09592546834795566, 0.12163472986141192, 0.13947214190250398, 0.15246677522439533, 0.22060587039749968, 0.11408124913501311, 0.30337356081198896, 0.18250967608730265, 0.1919635260877752, 0.13497308606547387, 0.13060132702812333], [0.16021662256389366, 0.11049464087886839, 0.10877922622600857, 0.11736790758096421, 1.0, 0.17465967010485525, 0.1182022600220725, 0.09339046605656545, 0.13489898464456707, 0.13450041150131345, 0.08795470856872041, 0.12021629005690461, 0.15799430693701028, 0.15803365104650358, 0.11045098737931268, 0.14897520312867266, 0.13524388890225975, 0.14740495417812632, 0.10427579882125698, 0.08620119096810003], [0.09661433941555832, 0.2386978856037445, 0.1796559989445486, 0.09215065310073864, 0.17465967010485525, 1.0, 0.1258487130889023, 0.10375725149340215, 0.12695577435119143, 0.10912357088476972, 0.09336600632207132, 0.11890011815285748, 0.18200541527234063, 0.16921161578920726, 0.09597147024986503, 0.08412146067067923, 0.1092455347544608, 0.1478256769166952, 0.13902057904504223, 0.09414276790220116], [0.16713097913283326, 0.173824868071443, 0.1632486204499298, 0.1098949517059426, 0.1182022600220725, 0.1258487130889023, 1.0, 0.3332010256520533, 0.24744675095712462, 0.1293476819346045, 0.12729072540053796, 0.09856169586829264, 0.1593781424828033, 0.22105643841241648, 0.12402692441863601, 0.1467932934143834, 0.18454474130248383, 0.1758263334362485, 0.1466225344310222, 0.1012824228272897], [0.09845917208285095, 0.14569578120565657, 0.11888713737080486, 0.11241466785899822, 0.09339046605656545, 0.10375725149340215, 0.3332010256520533, 1.0, 0.15337845754178464, 0.08328318147125657, 0.11271527292606036, 0.08666428299842023, 0.18593692778617804, 0.20803927764635866, 0.11965074120169862, 0.10901465954058401, 0.13591598635060723, 0.19684199000037841, 0.09220814112943479, 0.06942193746044784], [0.24899351588413438, 0.2689392958175404, 0.16511552379473965, 0.20292053056177342, 0.13489898464456707, 0.12695577435119143, 0.24744675095712462, 0.15337845754178464, 1.0, 0.6092650489736113, 0.12923795749795416, 0.14870537600284434, 0.22680613568374322, 0.4129504929234363, 0.15916431351330212, 0.15805641763551256, 0.17657391456269267, 0.1961248854926665, 0.14158337953292832, 0.10556477278236301], [0.11485764004063702, 0.267425212424711, 0.10084118624412847, 0.09592546834795566, 0.13450041150131345, 0.10912357088476972, 0.1293476819346045, 0.08328318147125657, 0.6092650489736113, 1.0, 0.09218574521493171, 0.09919266518662155, 0.13116017982773842, 0.201270904655094, 0.14272160854254456, 0.10676795113976241, 0.1256071074459411, 0.20627016062765993, 0.08790807293297834, 0.09738984309381644], [0.10568875742597347, 0.17019851394246957, 0.10676487573708746, 0.12163472986141192, 0.08795470856872041, 0.09336600632207132, 0.12729072540053796, 0.11271527292606036, 0.12923795749795416, 0.09218574521493171, 1.0, 0.3930021015283498, 0.16959189913490405, 0.15307065182351387, 0.12261236832637142, 0.11149805915785278, 0.1274199401418546, 0.20950224143764848, 0.1106921697359026, 0.08470862821965006], [0.1449835743843197, 0.16547673294779613, 0.10519972535458388, 0.13947214190250398, 0.12021629005690461, 0.11890011815285748, 0.09856169586829264, 0.08666428299842023, 0.14870537600284434, 0.09919266518662155, 0.3930021015283498, 1.0, 0.22938258177634416, 0.18998716614853864, 0.08754533564437808, 0.1130643861329816, 0.18664317511803902, 0.19145082585132026, 0.13339785811930605, 0.08457729226358017], [0.15354123387030214, 0.23200002686074872, 0.20030413293177918, 0.15246677522439533, 0.15799430693701028, 0.18200541527234063, 0.1593781424828033, 0.18593692778617804, 0.22680613568374322, 0.13116017982773842, 0.16959189913490405, 0.22938258177634416, 1.0, 0.9897049867133039, 0.17358486230747835, 0.14951707664446803, 0.19951034423886108, 0.4206508038002526, 0.15781683276647077, 0.19793886130092728], [0.13244573640904467, 0.16790257996726127, 0.18631281086677226, 0.22060587039749968, 0.15803365104650358, 0.16921161578920726, 0.22105643841241648, 0.20803927764635866, 0.4129504929234363, 0.201270904655094, 0.15307065182351387, 0.18998716614853864, 0.9897049867133039, 1.0, 0.15106718481637638, 0.15825721799399262, 0.19260068447462883, 0.2034040814333722, 0.18653892709828268, 0.14128676101039117], [0.16438561068926175, 0.12869313293480197, 0.11679943159288564, 0.11408124913501311, 0.11045098737931268, 0.09597147024986503, 0.12402692441863601, 0.11965074120169862, 0.15916431351330212, 0.14272160854254456, 0.12261236832637142, 0.08754533564437808, 0.17358486230747835, 0.15106718481637638, 1.0, 0.5120972853463635, 0.14170528122496034, 0.3583583743492247, 0.10442507781486202, 0.08527389966683871], [0.17598214108405466, 0.21589966729786875, 0.10053665441875195, 0.30337356081198896, 0.14897520312867266, 0.08412146067067923, 0.1467932934143834, 0.10901465954058401, 0.15805641763551256, 0.10676795113976241, 0.11149805915785278, 0.1130643861329816, 0.14951707664446803, 0.15825721799399262, 0.5120972853463635, 1.0, 0.13855322784507654, 0.17490837117529437, 0.1805588042053831, 0.10536573492137243], [0.15366313077943733, 0.16925688590789847, 0.13470397637417314, 0.18250967608730265, 0.13524388890225975, 0.1092455347544608, 0.18454474130248383, 0.13591598635060723, 0.17657391456269267, 0.1256071074459411, 0.1274199401418546, 0.18664317511803902, 0.19951034423886108, 0.19260068447462883, 0.14170528122496034, 0.13855322784507654, 1.0, 0.6399232647334555, 0.13074328340665003, 0.150776800799884], [0.24426849208539622, 0.2710778724863629, 0.14535869698431467, 0.1919635260877752, 0.14740495417812632, 0.1478256769166952, 0.1758263334362485, 0.19684199000037841, 0.1961248854926665, 0.20627016062765993, 0.20950224143764848, 0.19145082585132026, 0.4206508038002526, 0.2034040814333722, 0.3583583743492247, 0.17490837117529437, 0.6399232647334555, 1.0, 0.19326392878090579, 0.19941287358394208], [0.1183182739680814, 0.20407775245478355, 0.09839199868803226, 0.13497308606547387, 0.10427579882125698, 0.13902057904504223, 0.1466225344310222, 0.09220814112943479, 0.14158337953292832, 0.08790807293297834, 0.1106921697359026, 0.13339785811930605, 0.15781683276647077, 0.18653892709828268, 0.10442507781486202, 0.1805588042053831, 0.13074328340665003, 0.19326392878090579, 1.0, 0.4094420563334183], [0.11503308626291187, 0.15606337016916416, 0.08105475569364651, 0.13060132702812333, 0.08620119096810003, 0.09414276790220116, 0.1012824228272897, 0.06942193746044784, 0.10556477278236301, 0.09738984309381644, 