{"model": "LSING", "dataset": "0.1_dim20_pair_gau", "N": 10000, "seed": 1234560, "metrics": {"TP": 10, "FP": 122, "FN": 0, "TN": 58, "TPR": 1.0, "FDR": 0.9242424242424242, "FPR": 0.6777777777777778, "Hamming": 122}, "omega": [[1.0, 0.8041071337240511, 0.25279859197595295, 0.2244165112281898, 0.2418450033717889, 0.25583160595354415, 0.3706903706428478, 0.23695481103456212, 0.23219107423164925, 0.2541090471900528, 0.20859819086183154, 0.18193842678017436, 0.17238289677735025, 0.2508347248851938, 0.24413169387614125, 0.24652308701639972, 0.25287207301571063, 0.22506919681269288, 0.3434877883568158, 0.20204962695124215], [0.8041071337240511, 1.0, 0.22465587380980442, 0.28985760441516767, 0.24902214176060822, 0.15246839624864542, 0.23623629737765134, 0.2301866244458391, 0.23021337172364228, 0.3038785758590817, 0.1526754567624471, 0.1573198574874911, 0.2106690380972336, 0.3926389285709418, 0.24750487261337709, 0.3129609848048204, 0.21406748462825068, 0.24535852686000553, 0.27188730728958455, 0.22915335280489726], [0.25279859197595295, 0.22465587380980442, 1.0, 0.7300773398927498, 0.2669852297640479, 0.19801095836778587, 0.41053902642132506, 0.22745274420435, 0.2140804144219457, 0.29293342479712775, 0.24019839145475852, 0.18847046530256686, 0.21863877194290002, 0.29798939556065845, 0.3292107496116937, 0.2179657546613072, 0.18743921562312174, 0.21747840365790141, 0.2994462389938045, 0.24816375409763275], [0.2244165112281898, 0.28985760441516767, 0.7300773398927498, 1.0, 0.22574336629850889, 0.17815323415924528, 0.23811560971491258, 0.1375422361305277, 0.17197572484136525, 0.18808003395245465, 0.1419654943438519, 0.11943648103452122, 0.22635858955426177, 0.28271572257892036, 0.16478559389286213, 0.30114548467573765, 0.2103499940928238, 0.2529000756132901, 0.31212200976552706, 0.20205862938735158], [0.2418450033717889, 0.24902214176060822, 0.2669852297640479, 0.22574336629850889, 1.0, 0.6513693099851506, 0.21379719634729202, 0.23883420855423673, 0.24627534069199394, 0.2341808367760777, 0.20776259173607928, 0.18785460990364095, 0.3149858604367035, 0.25938886836939196, 0.2209453727155601, 0.27259715475675456, 0.2057755326124546, 0.30612550859280735, 0.29635756055070805, 0.2997806023827691], [0.25583160595354415, 0.15246839624864542, 0.19801095836778587, 0.17815323415924528, 0.6513693099851506, 1.0, 0.21401927138227422, 0.14774522869092888, 0.17556632944712633, 0.2539329975580085, 0.15032895475404304, 0.13757825932482015, 0.16047484371448117, 0.22037476711128182, 0.20941407698381234, 0.23058299166517882, 0.22238732267621839, 0.2683765544714455, 0.3269715639943013, 0.23796559900165495], [0.3706903706428478, 0.23623629737765134, 0.41053902642132506, 0.23811560971491258, 0.21379719634729202, 0.21401927138227422, 1.0, 0.5428227773254243, 0.27829507812070164, 0.23087751658438824, 0.21032337683028313, 0.238746004406818, 0.33175583872541, 0.25994449980205403, 0.3875441325600468, 0.3182426889638239, 0.2143053049598545, 0.21561414619138491, 0.3579498433038123, 0.2037519212669175], [0.23695481103456212, 0.2301866244458391, 0.22745274420435, 0.1375422361305277, 0.23883420855423673, 0.14774522869092888, 0.5428227773254243, 1.0, 0.19142913296641173, 0.15248540583161313, 0.15766288258291153, 0.10883448508325029, 0.16200807335600992, 0.18955841956961755, 0.14002420955920988, 0.1521083705368271, 0.14711404045759346, 0.16601394671031258, 0.258598958400209, 0.21825839211756737], [0.23219107423164925, 0.23021337172364228, 0.2140804144219457, 0.17197572484136525, 0.24627534069199394, 0.17556632944712633, 0.27829507812070164, 0.19142913296641173, 1.0, 0.9279692849791807, 0.15205260295576878, 0.1524390576321613, 0.2272367126374333, 0.2911285170563167, 0.22466568323719854, 0.20270280569708587, 0.17138037150435584, 0.1675693910285954, 0.28841364594286745, 0.2340838543567953], [0.2541090471900528, 0.3038785758590817, 0.29293342479712775, 0.18808003395245465, 0.2341808367760777, 0.2539329975580085, 0.23087751658438824, 0.15248540583161313, 0.9279692849791807, 1.0, 0.16718242525772253, 0.24971181444566046, 0.2707268179558932, 0.346365375812972, 0.2213419013331568, 0.18449302045791052, 0.1651843910526258, 0.18570116711024887, 0.20746130153993306, 0.33909103084062453], [0.20859819086183154, 0.1526754567624471, 0.24019839145475852, 0.1419654943438519, 0.20776259173607928, 0.15032895475404304, 0.21032337683028313, 0.15766288258291153, 0.15205260295576878, 0.16718242525772253, 1.0, 0.29394870053242056, 0.14754858733126977, 0.21454476169045233, 0.18115709333503388, 0.18171830197413022, 0.1381451258694793, 0.17280254121196892, 0.32008409064384347, 0.1486988009759358], [0.18193842678017436, 0.1573198574874911, 0.18847046530256686, 0.11943648103452122, 0.18785460990364095, 0.13757825932482015, 0.238746004406818, 0.10883448508325029, 0.1524390576321613, 0.24971181444566046, 0.29394870053242056, 1.0, 0.11590671012177248, 0.1927398706274612, 0.1886135134743514, 0.15872334086357823, 0.1559036953816642, 0.16130116244045928, 0.2884739192252654, 0.17891261295815675], [0.17238289677735025, 0.2106690380972336, 0.21863877194290002, 0.22635858955426177, 0.3149858604367035, 0.16047484371448117, 0.33175583872541, 0.16200807335600992, 0.2272367126374333, 0.2707268179558932, 0.14754858733126977, 0.11590671012177248, 1.0, 0.7265650806908792, 0.18776136206069277, 0.21053430641896648, 0.1657639004607454, 0.16887222465833962, 0.25773072544356007, 0.18640753106503985], [0.2508347248851938, 0.3926389285709418, 0.29798939556065845, 0.28271572257892036, 0.25938886836939196, 0.22037476711128182, 0.25994449980205403, 0.18955841956961755, 0.2911285170563167, 0.346365375812972, 0.21454476169045233, 0.1927398706274612, 0.7265650806908792, 1.0, 0.2848402616344651, 0.27850560421374265, 0.21835465272797844, 0.256958237519557, 0.37491411819416726, 0.2631843277127765], [0.24413169387614125, 0.24750487261337709, 0.3292107496116937, 0.16478559389286213, 0.2209453727155601, 0.20941407698381234, 0.3875441325600468, 0.14002420955920988, 0.22466568323719854, 0.2213419013331568, 0.18115709333503388, 0.1886135134743514, 0.18776136206069277, 0.2848402616344651, 1.0, 0.7130419780367817, 0.24775247547266555, 0.2180978232683348, 0.341941790319849, 0.23933783388188418], [0.24652308701639972, 0.3129609848048204, 0.2179657546613072, 0.30114548467573765, 0.27259715475675456, 0.23058299166517882, 0.3182426889638239, 0.1521083705368271, 0.20270280569708587, 0.18449302045791052, 0.18171830197413022, 0.15872334086357823, 0.21053430641896648, 0.27850560421374265, 0.7130419780367817, 1.0, 0.19151712191615453, 0.20617423113995015, 0.3775046140175032, 0.27085425084631864], [0.25287207301571063, 0.21406748462825068, 0.18743921562312174, 0.2103499940928238, 0.2057755326124546, 0.22238732267621839, 0.2143053049598545, 0.14711404045759346, 0.17138037150435584, 0.1651843910526258, 0.1381451258694793, 0.1559036953816642, 0.1657639004607454, 0.21835465272797844, 0.24775247547266555, 0.19151712191615453, 1.0, 0.8672200929209218, 0.34109614415260214, 0.18083325221576493], [0.22506919681269288, 0.24535852686000553, 0.21747840365790141, 0.2529000756132901, 0.30612550859280735, 0.2683765544714455, 0.21561414619138491, 0.16601394671031258, 0.1675693910285954, 0.18570116711024887, 0.17280254121196892, 0.16130116244045928, 0.16887222465833962, 0.256958237519557, 0.2180978232683348, 0.20617423113995015, 0.8672200929209218, 1.0, 0.25959036512661404, 0.2811909753124509], [0.3434877883568158, 0.27188730728958455, 0.2994462389938045, 0.31212200976552706, 0.29635756055070805, 0.3269715639943013, 0.3579498433038123, 0.258598958400209, 0.28841364594286745, 0.20746130153993306, 0.32008409064384347, 0.2884739192252654, 0.25773072544356007, 0.37491411819416726, 0.341941790319849, 0.3775046140175032, 0.34109614415260214, 0.25959036512661404, 1.0, 1.0], [0.20204962695124215, 0.22915335280489726, 0.24816375409763275, 0.20205862938735158, 0.2997806023827691, 0.23796559900165495, 0.2037519212669175, 0.21825839211756737, 0.2340838543567953, 0.33909103084062453, 0.1486988009759358, 