{"model": "SING", "dataset": "dim5_cop_gau", "N": 100, "seed": 1234560, "metrics": {"TP": 3, "FP": 0, "FN": 1, "TN": 6, "TPR": 0.75, "FDR": 0.0, "FPR": 0.0, "Hamming": 1}, "omega": [[4.462300799642931, 2.3498850428874145, 0.0, 0.0, 0.0], [2.3498850428874145, 4.462301293433329, 0.0, 0.0, 0.0], [0.0, 0.0, 8.649280444450817, 5.708316249679758, 0.0], [0.0, 0.0, 5.708316249679758, 17.88280379493272, 2.9463711902470773], [0.0, 0.0, 0.0, 2.9463711902470773, 5.23421150976537]], "meta_info": {"source": "pretrained", "p_order": 1}}