{"model": "SING", "dataset": "dim5_cop_gau", "N": 100, "seed": 120, "metrics": {"TP": 3, "FP": 0, "FN": 1, "TN": 6, "TPR": 0.75, "FDR": 0.0, "FPR": 0.0, "Hamming": 1}, "omega": [[4.20765087042986, 2.1563946568334136, 0.0, 0.0, 0.0], [2.1563946568334136, 4.207650229665075, 0.0, 0.0, 0.0], [0.0, 0.0, 8.24818302469737, 5.376217151793456, 0.0], [0.0, 0.0, 5.376217151793456, 23.274640861702924, 5.764339865122946], [0.0, 0.0, 0.0, 5.764339865122946, 8.716754689353454]], "meta_info": {"source": "pretrained", "p_order": 1}}