{"model": "SING", "dataset": "dim5_cop_gau", "N": 100, "seed": 1230, "metrics": {"TP": 3, "FP": 0, "FN": 1, "TN": 6, "TPR": 0.75, "FDR": 0.0, "FPR": 0.0, "Hamming": 1}, "omega": [[4.854844295211834, 2.651472494635136, 0.0, 0.0, 0.0], [2.651472494635136, 12.423929799515708, 3.0674565558599394, 0.0, 0.0], [0.0, 3.0674565558599394, 5.38884535172012, 0.0, 0.0], [0.0, 0.0, 0.0, 6.0853548516185025, 3.6185039776359003], [0.0, 0.0, 0.0, 3.6185039776359003, 6.0853559150478524]], "meta_info": {"source": "pretrained", "p_order": 1}}