{"model": "SING", "dataset": "dim5_cop_gau", "N": 100, "seed": 123450, "metrics": {"TP": 4, "FP": 0, "FN": 0, "TN": 6, "TPR": 1.0, "FDR": 0.0, "FPR": 0.0, "Hamming": 0}, "omega": [[3.1421801553503257, 1.369560466734952, 0.0, 0.0, 0.0], [1.369560466734952, 9.008176901645161, 2.738551974394548, 0.0, 0.0], [0.0, 2.738551974394548, 11.332883285205746, 2.4320358608971726, 0.0], [0.0, 0.0, 2.4320358608971726, 13.70697929563609, 4.012577769068781], [0.0, 0.0, 0.0, 4.012577769068781, 6.577177599457284]], "meta_info": {"source": "pretrained", "p_order": 1}}