{"model": "SING", "dataset": "dim5_cop_gau", "N": 100, "seed": 12340, "metrics": {"TP": 4, "FP": 0, "FN": 0, "TN": 6, "TPR": 1.0, "FDR": 0.0, "FPR": 0.0, "Hamming": 0}, "omega": [[7.065114506343331, 4.407087737354304, 0.0, 0.0, 0.0], [4.407087737354304, 17.06537727448283, 3.642716979404459, 0.0, 0.0], [0.0, 3.642716979404459, 21.11107664139359, 6.623219099155262, 0.0], [0.0, 0.0, 6.623219099155262, 23.87676157185506, 4.878879492610012], [0.0, 0.0, 0.0, 4.878879492610012, 7.643584013643371]], "meta_info": {"source": "pretrained", "p_order": 1}}