{"model": "SING", "dataset": "dim6_butterfly", "N": 100, "seed": 123450, "metrics": {"TP": 0, "FP": 0, "FN": 3, "TN": 12, "TPR": 0.0, "FDR": 0.0, "FPR": 0.0, "Hamming": 3}, "omega": [[436.15425794980524, 0.0, 0.0, 0.0, 0.0, 0.0], [0.0, 566.3528198336521, 0.0, 0.0, 0.0, 0.0], [0.0, 0.0, 470.996477856529, 0.0, 0.0, 0.0], [0.0, 0.0, 0.0, 593.5794388127923, 0.0, 0.0], [0.0, 0.0, 0.0, 0.0, 463.09514311835915, 0.0], [0.0, 0.0, 0.0, 0.0, 0.0, 618.8229986739519]], "meta_info": {"source": "pretrained", "p_order": 2}}