{"model": "SING", "dataset": "dim6_butterfly", "N": 100, "seed": 120, "metrics": {"TP": 0, "FP": 0, "FN": 3, "TN": 12, "TPR": 0.0, "FDR": 0.0, "FPR": 0.0, "Hamming": 3}, "omega": [[462.53722504544874, 0.0, 0.0, 0.0, 0.0, 0.0], [0.0, 565.3048193159009, 0.0, 0.0, 0.0, 0.0], [0.0, 0.0, 445.59587779216264, 0.0, 0.0, 0.0], [0.0, 0.0, 0.0, 576.4773450162542, 0.0, 0.0], [0.0, 0.0, 0.0, 0.0, 456.43026780973275, 0.0], [0.0, 0.0, 0.0, 0.0, 0.0, 586.8088610790878]], "meta_info": {"source": "pretrained", "p_order": 2}}