{"model": "SING", "dataset": "dim6_butterfly", "N": 100, "seed": 1234560, "metrics": {"TP": 0, "FP": 0, "FN": 3, "TN": 12, "TPR": 0.0, "FDR": 0.0, "FPR": 0.0, "Hamming": 3}, "omega": [[460.6642079671834, 0.0, 0.0, 0.0, 0.0, 0.0], [0.0, 593.5712648824147, 0.0, 0.0, 0.0, 0.0], [0.0, 0.0, 442.283366658289, 0.0, 0.0, 0.0], [0.0, 0.0, 0.0, 560.0888130484053, 0.0, 0.0], [0.0, 0.0, 0.0, 0.0, 456.65753433233624, 0.0], [0.0, 0.0, 0.0, 0.0, 0.0, 545.1582734638569]], "meta_info": {"source": "pretrained", "p_order": 2}}