{"model": "SING", "dataset": "dim5_cop_gau", "N": 10000, "seed": 1230, "metrics": {"TP": 4, "FP": 1, "FN": 0, "TN": 5, "TPR": 1.0, "FDR": 0.2, "FPR": 0.16666666666666666, "Hamming": 1}, "omega": [[613.3912115126168, 5.80623600488391, 0.523697785105962, 0.0, 0.0], [5.80623600488391, 625.2562991171027, 7.6047694936715695, 0.0, 0.0], [0.523697785105962, 7.6047694936715695, 444.16005323341426, 7.941932819119658, 0.0], [0.0, 0.0, 7.941932819119658, 547.0919908558797, 7.8847584338488454], [0.0, 0.0, 0.0, 7.8847584338488454, 599.7726386225852]], "meta_info": {"source": "pretrained", "p_order": 2}}