{"model": "SING", "dataset": "dim5_cop_gau", "N": 10000, "seed": 120, "metrics": {"TP": 4, "FP": 2, "FN": 0, "TN": 4, "TPR": 1.0, "FDR": 0.3333333333333333, "FPR": 0.3333333333333333, "Hamming": 2}, "omega": [[633.7653119697693, 5.783657882234977, 0.46076820225994214, 0.0, 0.0], [5.783657882234977, 625.1704707701355, 7.257344837232771, 0.0, 0.0], [0.46076820225994214, 7.257344837232771, 472.5064763265537, 4.5561060313172295, 2.4489266157298815], [0.0, 0.0, 4.5561060313172295, 488.73474186989534, 5.14752663033525], [0.0, 0.0, 2.4489266157298815, 5.14752663033525, 460.5961575875491]], "meta_info": {"source": "pretrained", "p_order": 2}}