{"model": "SING", "dataset": "dim5_cop_gau", "N": 10000, "seed": 1234560, "metrics": {"TP": 4, "FP": 2, "FN": 0, "TN": 4, "TPR": 1.0, "FDR": 0.3333333333333333, "FPR": 0.3333333333333333, "Hamming": 2}, "omega": [[627.6364490351726, 5.810496919135399, 0.4960446993659047, 0.0, 0.0], [5.810496919135399, 616.0107870030776, 6.810897461505331, 0.0, 0.0], [0.4960446993659047, 6.810897461505331, 447.0544229045177, 5.784454460219317, 2.2850231173771296], [0.0, 0.0, 5.784454460219317, 685.06830573095, 5.469072478233892], [0.0, 0.0, 2.2850231173771296, 5.469072478233892, 490.3240995770949]], "meta_info": {"source": "pretrained", "p_order": 2}}