{"model": "SING", "dataset": "dim5_cop_gau", "N": 10000, "seed": 12340, "metrics": {"TP": 4, "FP": 1, "FN": 0, "TN": 5, "TPR": 1.0, "FDR": 0.2, "FPR": 0.16666666666666666, "Hamming": 1}, "omega": [[671.238632503888, 5.571202419270711, 0.587200680029133, 0.0, 0.0], [5.571202419270711, 589.407930916704, 7.063513156514511, 0.0, 0.0], [0.587200680029133, 7.063513156514511, 436.3356210086934, 7.676759353464251, 0.0], [0.0, 0.0, 7.676759353464251, 548.3295653213402, 7.302897943992706], [0.0, 0.0, 0.0, 7.302897943992706, 560.2853833882422]], "meta_info": {"source": "pretrained", "p_order": 2}}