{"model": "SING", "dataset": "dim5_cop_gau", "N": 10000, "seed": 123450, "metrics": {"TP": 4, "FP": 1, "FN": 0, "TN": 5, "TPR": 1.0, "FDR": 0.2, "FPR": 0.16666666666666666, "Hamming": 1}, "omega": [[541.3037081335788, 4.872515198993157, 0.4197665288687691, 0.0, 0.0], [4.872515198993157, 557.7894319123068, 7.080641813501372, 0.0, 0.0], [0.4197665288687691, 7.080641813501372, 437.72818496839346, 7.421148749579974, 0.0], [0.0, 0.0, 7.421148749579974, 598.3420946415346, 6.981562687801463], [0.0, 0.0, 0.0, 6.981562687801463, 535.9837966283663]], "meta_info": {"source": "pretrained", "p_order": 2}}