{"model": "LSING", "dataset": "dim20_butterfly", "N": 100, "seed": 1230, "metrics": {"TP": 4, "FP": 36, "FN": 6, "TN": 144, "TPR": 0.4, "FDR": 0.9, "FPR": 0.2, "Hamming": 42}, "omega": [[1.0, 0.05596648752963367, 0.051936078838547464, 0.4422288766983867, 0.0989638309194082, 0.03282965305180607, 0.04227594142001437, 0.03635769510100338, 0.046838768093523914, 0.09233937877702582, 0.1550145526703446, 0.07114067170379278, 0.028640632290528496, 0.04617847807780721, 0.11892424291371038, 0.019851458056186815, 0.03934529796062391, 0.32463182095439835, 0.052265895119541946, 0.03963664368991764], [0.05596648752963367, 1.0, 0.055483503547333696, 0.6445277595587177, 0.06189928476668493, 0.047929589781121724, 0.04479157943915182, 0.03140725191185303, 0.031635138414290234, 0.08228722370632742, 0.07025319610738166, 0.02728135010437662, 0.044707220247305786, 0.06889086233073524, 0.08830805589924795, 0.023767946588437425, 0.03225145238252415, 0.3757829421516707, 0.05280333229932887, 0.04605404545120521], [0.051936078838547464, 0.055483503547333696, 1.0, 0.27484012389351453, 0.07784025831020086, 0.04668599567948034, 0.058809090599652974, 0.03981884666690561, 0.04274961102171295, 0.12599015078350784, 0.15040071763954138, 0.11096959887506516, 0.07074880211455375, 0.05903515280383327, 0.12766672842475466, 0.04306336179601753, 0.05909276150753825, 0.23546855087616428, 0.16301561375719317, 0.12870478537557536], [0.4422288766983867, 0.6445277595587177, 0.27484012389351453, 1.0, 0.15418035935176486, 0.4552798473390271, 0.3544159812591565, 0.2743501531069819, 1.0, 0.4697582736347463, 0.5232771696060631, 0.26299624033455743, 0.777791665959519, 0.57831072486254, 0.28162675384169844, 0.14653136745286893, 0.3346418011834879, 0.5533149481197965, 0.2615147389946328, 0.4852791016452288], [0.0989638309194082, 0.06189928476668493, 0.07784025831020086, 0.15418035935176486, 1.0, 0.06177240706423598, 0.07002761069299152, 0.10830348137967838, 0.11829691387878598, 0.08868505535221112, 0.18035862367560804, 0.038909211891443814, 0.08441328779077104, 0.09503673483310826, 0.11475995001949826, 0.05024503042341316, 0.057686545411316514, 0.5141992876075914, 0.11434618070092342, 0.05447495322848372], [0.03282965305180607, 0.047929589781121724, 0.04668599567948034, 0.4552798473390271, 0.06177240706423598, 1.0, 0.028817275436715608, 0.016824511209437995, 0.028438544734215244, 0.06359387922098503, 0.11307950576247461, 0.03036328602773551, 0.038337930786808756, 0.05220264032819373, 0.08269599624073393, 0.034364024402606774, 0.025847946123112323, 0.1947569350236389, 0.10784227011860772, 0.045695996015243594], [0.04227594142001437, 0.04479157943915182, 0.058809090599652974, 0.3544159812591565, 0.07002761069299152, 0.028817275436715608, 1.0, 0.048717693419986566, 0.04659686587298183, 0.079755522897251, 0.2337567247498328, 0.03030538527330437, 0.0735431461792317, 0.11764180606548932, 0.06927680940292277, 0.0430871618926366, 0.04817281641774758, 0.3885937228040496, 0.08954199466804484, 0.03941136526838385], [0.03635769510100338, 0.03140725191185303, 0.03981884666690561, 0.2743501531069819, 0.10830348137967838, 0.016824511209437995, 0.048717693419986566, 1.0, 0.03092925452590535, 0.2142827789333493, 0.12993037828548135, 0.01883501353828988, 0.0331688502738, 0.06936862743447746, 0.06121920050361173, 0.018514785350554095, 0.04505689869443029, 0.27124619112536846, 0.07271544385783785, 0.03958548591132219], [0.046838768093523914, 0.031635138414290234, 0.04274961102171295, 1.0, 0.11829691387878598, 0.028438544734215244, 0.04659686587298183, 0.03092925452590535, 1.0, 0.16354232792101578, 0.12375524550611292, 0.031956031526818834, 0.03733938218654825, 0.06126879479204061, 0.11687573120163, 0.032184297016012324, 0.025379807826329717, 0.5887736920684138, 0.0409096466204959, 0.04419527841672515], [0.09233937877702582, 0.08228722370632742, 0.12599015078350784, 0.4697582736347463, 0.08868505535221112, 0.06359387922098503, 0.079755522897251, 0.2142827789333493, 0.16354232792101578, 1.0, 0.27037224902377016, 0.10070410550321887, 0.1040953537090324, 0.25082250381846816, 0.11829575518450962, 0.09580648614017857, 0.077245440633788, 0.3760868474205649, 0.12480785337497392, 0.1353761476564569], [0.1550145526703446, 0.07025319610738166, 0.15040071763954138, 0.5232771696060631, 0.18035862367560804, 0.11307950576247461, 0.2337567247498328, 0.12993037828548135, 0.12375524550611292, 0.27037224902377016, 1.0, 0.26658775247761507, 0.1500570581541268, 0.13222227963924404, 0.24441927942196648, 0.1127756045687068, 0.13566178005852159, 0.45225444292762507, 0.13368943653419996, 0.17997745265157486], [0.07114067170379278, 0.02728135010437662, 0.11096959887506516, 0.26299624033455743, 0.038909211891443814, 0.03036328602773551, 0.03030538527330437, 0.01883501353828988, 0.031956031526818834, 0.10070410550321887, 0.26658775247761507, 1.0, 0.05810048181007422, 0.0583000679179585, 0.05708213896245722, 0.02258991040375453, 0.03675203421684781, 0.23288849733383904, 0.11697284689751973, 0.055962138011377054], [0.028640632290528496, 0.044707220247305786, 0.07074880211455375, 0.777791665959519, 0.08441328779077104, 0.038337930786808756, 0.0735431461792317, 0.0331688502738, 0.03733938218654825, 0.1040953537090324, 0.1500570581541268, 0.05810048181007422, 1.0, 0.054197585182781685, 0.06842069597937514, 0.04409497053847968, 0.06325373453210041, 0.6316252029844237, 0.059592695298959435, 0.13451976459537834], [0.04617847807780721, 0.06889086233073524, 0.05903515280383327, 0.57831072486254, 0.09503673483310826, 0.05220264032819373, 0.11764180606548932, 0.06936862743447746, 0.06126879479204061, 0.25082250381846816, 0.13222227963924404, 0.0583000679179585, 0.054197585182781685, 1.0, 0.08070441200706004, 0.048071730190357494, 0.07023722568697469, 0.2524309127451021, 0.07198182397990804, 0.07304152800222706], [0.11892424291371038, 0.08830805589924795, 0.12766672842475466, 0.28162675384169844, 0.11475995001949826, 0.08269599624073393, 0.06927680940292277, 0.06121920050361173, 0.11687573120163, 0.11829575518450962, 0.24441927942196648, 0.05708213896245722, 0.06842069597937514, 0.08070441200706004, 1.0, 0.07513309614159669, 0.07646056177829019, 0.26127341544204113, 0.1166818883052351, 0.07517614713538405], [0.019851458056186815, 0.023767946588437425, 0.04306336179601753, 0.14653136745286893, 0.05024503042341316, 0.034364024402606774, 0.0430871618926366, 0.018514785350554095, 0.032184297016012324, 0.09580648614017857, 0.1127756045687068, 0.02258991040375453, 0.04409497053847968, 0.048071730190357494, 0.07513309614159669, 1.0, 0.05034380333737694, 0.33614845148687383, 0.07385106952276774, 0.05230836065350151], [0.03934529796062391, 0.03225145238252415, 0.05909276150753825, 0.3346418011834879, 0.057686545411316514, 0.025847946123112323, 0.04817281641774758, 0.04505689869443029, 0.025379807826329717, 0.077245440633788, 0.13566178005852159, 0.03675203421684781, 0.06325373453210041, 0.07023722568697469, 0.07646056177829019, 0.05034380333737694, 1.0, 0.2856590724086962, 0.060753090261406614, 0.09186383733392885], [0.32463182095439835, 0.3757829421516707, 0.23546855087616428, 0.5533149481197965, 0.5141992876075914, 0.1947569350236389, 0.3885937228040496, 0.27124619112536846, 0.5887736920684138, 0.3760868474205649, 0.45225444292762507, 0.23288849733383904, 0.6316252029844237, 0.2524309127451021, 0.26127341544204113, 0.33614845148687383, 0.2856590724086962, 1.0, 0.41948231707699574, 0.16496180176182984], [0.052265895119541946, 0.05280333229932887, 0.16301561375719317, 0.2615147389946328, 0.11434618070092342, 0.10784227011860772, 0.08954199466804484, 0.07271544385783785, 0.0409096466204959, 0.12480785337497392, 0.13368943653419996, 0.11697284689751973, 0.059592695298959435, 0.07198182397990804, 0.1166818883052351, 0.07385106952276774, 0.060753090261406614, 0.41948231707699574, 1.0, 0.20109010120524826], [0.03963664368991764, 0.04605404545120521, 0.12870478537557536, 0.4852791016452288, 0.05447495322848372, 0.045695996015243594, 0.03941136526838385, 0.03958548591132219, 