{"model": "LSING", "dataset": "dim20_butterfly", "N": 100, "seed": 123450, "metrics": {"TP": 4, "FP": 41, "FN": 6, "TN": 139, "TPR": 0.4, "FDR": 0.9111111111111111, "FPR": 0.22777777777777777, "Hamming": 47}, "omega": [[1.0, 0.37543294098478114, 0.06270295240858614, 0.05296394988882982, 0.06577902505522835, 0.041925629034996824, 0.09519111607975358, 0.14388898669213, 0.0616839709287149, 0.05752006250295974, 0.07702582692268761, 0.2080613552282982, 0.1109069134019484, 0.42778537908134934, 0.10744846752056923, 0.18163106420598468, 0.15010644964959832, 0.12848074005958626, 0.08562314707077658, 0.06767159441162388], [0.37543294098478114, 1.0, 0.4528727005239192, 0.1386033030532715, 0.19722409374966834, 0.13208229842863486, 0.4774992421735186, 0.378420678576426, 0.1241603891812433, 0.2674626442155611, 0.17922356050648047, 0.38883301990218666, 0.3119834394736319, 1.0, 0.29985710377937586, 0.3095363890038597, 0.19780582701900448, 0.33547977679055957, 0.18827728076117795, 0.23482106889608115], [0.06270295240858614, 0.4528727005239192, 1.0, 0.05282143520117606, 0.07090180888655112, 0.04066446260448485, 0.0663059140051774, 0.085050128583021, 0.05890041896946479, 0.032488409619192526, 0.05257276990327914, 0.2817967445500036, 0.06193518070872985, 0.2951248631163377, 0.034122360795145704, 0.18961233819992154, 0.053402760182855794, 0.05250823537105048, 0.03222581446615171, 0.06663497852802673], [0.05296394988882982, 0.1386033030532715, 0.05282143520117606, 1.0, 0.03625417557040322, 0.057387805171752154, 0.06537696204375122, 0.046423712546672435, 0.03342581160228553, 0.028578347424803502, 0.05857369408816864, 0.2743210323982303, 0.08135943948576066, 0.23612997989987328, 0.02874197462536528, 0.16634072770427225, 0.07724643324362487, 0.07136105446549533, 0.03819582166048678, 0.04507940383915475], [0.06577902505522835, 0.19722409374966834, 0.07090180888655112, 0.03625417557040322, 1.0, 0.037012885513844705, 0.12028774174308028, 0.16060305708852474, 0.0662042420178955, 0.03756435811851773, 0.08811690397627252, 0.24242034449957992, 0.11778528120378964, 0.880548219569287, 0.06411248541758134, 0.1168993192849828, 0.04993516336277508, 0.0669564026371559, 0.03980651507149432, 0.08043818507045712], [0.041925629034996824, 0.13208229842863486, 0.04066446260448485, 0.057387805171752154, 0.037012885513844705, 1.0, 0.03589899178533039, 0.0679482176596713, 0.04378668290408561, 0.031406116379851974, 0.04265820647821914, 0.17206843080600542, 0.04232664345786837, 0.3325808006567205, 0.03020973182306698, 0.14199080999945687, 0.04783558519722083, 0.0796163382484367, 0.03424527628181924, 0.057985418462017574], [0.09519111607975358, 0.4774992421735186, 0.0663059140051774, 0.06537696204375122, 0.12028774174308028, 0.03589899178533039, 1.0, 0.1052161080778729, 0.041642064896790676, 0.06363493796123407, 0.0821487932990035, 0.40889996804152756, 0.11882276104078938, 0.2846437678214078, 0.06416662881993374, 0.11563885028782245, 0.08716773411175201, 0.11932837444146249, 0.06840439411382639, 0.07968855081816276], [0.14388898669213, 0.378420678576426, 0.085050128583021, 0.046423712546672435, 0.16060305708852474, 0.0679482176596713, 0.1052161080778729, 1.0, 0.13092733765055864, 0.05649959697409852, 0.0684625075214111, 0.3271052047317624, 0.0847732649608414, 0.14657100461794798, 0.07353377325394683, 0.3505394391272479, 0.09288958601939233, 0.11240569697785309, 0.06513693209946073, 0.17821689593648937], [0.0616839709287149, 0.1241603891812433, 0.05890041896946479, 0.03342581160228553, 0.0662042420178955, 0.04378668290408561, 0.041642064896790676, 0.13092733765055864, 1.0, 0.0529020392666933, 0.07130024886763021, 0.33592613970949226, 0.05493221689149967, 0.25570470103912524, 0.048002485666399926, 0.2690804387661488, 0.1134638085794965, 0.059730353510112244, 0.0371507418204905, 0.0354691443111199], [0.05752006250295974, 0.2674626442155611, 0.032488409619192526, 0.028578347424803502, 0.03756435811851773, 0.031406116379851974, 0.06363493796123407, 0.05649959697409852, 0.0529020392666933, 1.0, 0.05655050333813758, 0.13040909241505544, 0.040247017042021535, 0.42406691039851196, 0.026052357393287373, 0.13397648142703075, 0.04786496797374901, 0.04443108484499539, 0.02503069347744834, 0.05981215178218761], [0.07702582692268761, 0.17922356050648047, 0.05257276990327914, 0.05857369408816864, 0.08811690397627252, 0.04265820647821914, 0.0821487932990035, 0.0684625075214111, 0.07130024886763021, 0.05655050333813758, 1.0, 0.25228652235367394, 0.13113619559869363, 0.3874740825127002, 0.0850946221832555, 0.16020642722917144, 0.08815013273891556, 0.07068717917229742, 0.06533381732560337, 0.08921957885181195], [0.2080613552282982, 0.38883301990218666, 0.2817967445500036, 0.2743210323982303, 0.24242034449957992, 0.17206843080600542, 0.40889996804152756, 0.3271052047317624, 0.33592613970949226, 0.13040909241505544, 0.25228652235367394, 1.0, 0.11728922981642094, 0.6395706577434438, 0.10992827018513975, 0.37519513084334605, 0.35925521843462077, 0.4411275285296365, 0.284418129668637, 0.141758931873562], [0.1109069134019484, 0.3119834394736319, 0.06193518070872985, 0.08135943948576066, 0.11778528120378964, 0.04232664345786837, 0.11882276104078938, 0.0847732649608414, 0.05493221689149967, 0.040247017042021535, 0.13113619559869363, 0.11728922981642094, 1.0, 0.706494578519608, 0.04747256173175591, 0.18688776360165876, 0.09954582582752913, 0.07539207710361617, 0.052630091818069206, 0.04898520618587961], [0.42778537908134934, 1.0, 0.2951248631163377, 0.23612997989987328, 0.880548219569287, 0.3325808006567205, 0.2846437678214078, 0.14657100461794798, 0.25570470103912524, 0.42406691039851196, 0.3874740825127002, 0.6395706577434438, 0.706494578519608, 1.0, 0.28395694716190306, 0.7440168272705877, 0.2477668393101964, 0.6817116236803585, 0.24096155360537677, 0.30654475526106373], [0.10744846752056923, 0.29985710377937586, 0.034122360795145704, 0.02874197462536528, 0.06411248541758134, 0.03020973182306698, 0.06416662881993374, 0.07353377325394683, 0.048002485666399926, 0.026052357393287373, 0.0850946221832555, 0.10992827018513975, 0.04747256173175591, 0.28395694716190306, 1.0, 0.2184067095089454, 0.06707652421000324, 0.05963693785171822, 0.04746661996190311, 0.054760607876276346], [0.18163106420598468, 0.3095363890038597, 0.18961233819992154, 0.16634072770427225, 0.1168993192849828, 0.14199080999945687, 0.11563885028782245, 0.3505394391272479, 0.2690804387661488, 0.13397648142703075, 0.16020642722917144, 0.37519513084334605, 0.18688776360165876, 0.7440168272705877, 0.2184067095089454, 1.0, 0.14943488194806934, 0.2751587550607603, 0.11031714257902153, 0.10048552007408551], [0.15010644964959832, 0.19780582701900448, 0.053402760182855794, 0.07724643324362487, 0.04993516336277508, 0.04783558519722083, 0.08716773411175201, 0.09288958601939233, 0.1134638085794965, 0.04786496797374901, 0.08815013273891556, 0.35925521843462077, 0.09954582582752913, 0.2477668393101964, 0.06707652421000324, 0.14943488194806934, 1.0, 0.1595048050970174, 0.07708088862389859, 0.05569264080701408], [0.12848074005958626, 0.33547977679055957, 0.05250823537105048, 0.07136105446549533, 0.0669564026371559, 0.0796163382484367, 0.11932837444146249, 0.11240569697785309, 0.059730353510112244, 0.04443108484499539, 0.07068717917229742, 0.4411275285296365, 0.07539207710361617, 0.6817116236803585, 0.05963693785171822, 0.2751587550607603, 0.1595048050970174, 1.0, 0.041152537751084926, 0.06296183325873235], [0.08562314707077658, 0.18827728076117795, 0.03222581446615171, 0.03819582166048678, 0.03980651507149432, 0.03424527628181924, 0.06840439411382639, 0.06513693209946073, 0.0371507418204905, 0.02503069347744834, 0.06533381732560337, 0.284418129668637, 0.052630091818069206, 0.24096155360537677, 0.04746661996190311, 0.11031714257902153, 0.07708088862389859, 0.041152537751084926, 1.0, 0.057527780951180815], [0.06767159441162388, 0.23482106889608115, 0.06663497852802673, 0.04507940383915475, 0.08043818507045712, 0.057985418462017574, 0.07968855081816276, 0.17821689593648937, 