{"model": "LSING", "dataset": "dim20_butterfly", "N": 100, "seed": 120, "metrics": {"TP": 4, "FP": 52, "FN": 6, "TN": 128, "TPR": 0.4, "FDR": 0.9285714285714286, "FPR": 0.28888888888888886, "Hamming": 58}, "omega": [[1.0, 0.7038615090780943, 0.09084512543393625, 0.6025354503859397, 0.06246756646600192, 0.07671177166262506, 0.0606073501570339, 0.10713782034082835, 0.09537259214839311, 0.23966440350783094, 0.30281905813624055, 0.18715390036494542, 0.11829358946600843, 0.1291876911091905, 0.0836707892560075, 0.06706259149658181, 0.13395738212426356, 0.05540251843205997, 0.08674632045051928, 0.11294969855908156], [0.7038615090780943, 1.0, 0.21313996155331272, 0.5605947148472552, 0.22081342785469277, 0.3256262502386632, 0.16025954046185995, 0.23730492697543445, 0.22862388214638993, 0.491131202169563, 0.371898998612566, 0.2194886197875983, 0.1732603551978751, 0.17911180150277214, 0.17671933890177471, 0.19786004605077076, 0.11926083595996341, 0.09936414999626446, 0.3484301929640571, 0.2246940759924624], [0.09084512543393625, 0.21313996155331272, 1.0, 0.7419902778181348, 0.09533218934029605, 0.09736432912623938, 0.05524973578411965, 0.08673775883122443, 0.08081251045210207, 0.39566015452167874, 0.19285464406033645, 0.1543762998041525, 0.05601315256230854, 0.09337177315134348, 0.05191371060940355, 0.06498401018200306, 0.06161107200097639, 0.058841009828362184, 0.08965713570678864, 0.19123270325747882], [0.6025354503859397, 0.5605947148472552, 0.7419902778181348, 1.0, 0.3118002810813128, 0.5347760434118602, 0.26167506422468634, 0.24718342656516262, 0.466112710123094, 0.8613828478109389, 0.9591006117390434, 0.5565220401840445, 0.5709561268176858, 0.29860233157435456, 0.44190867203504136, 0.46071516806719914, 1.0, 0.7963854133928959, 0.6442342780271524, 0.6382799757211378], [0.06246756646600192, 0.22081342785469277, 0.09533218934029605, 0.3118002810813128, 1.0, 0.05060612153448189, 0.031348390904852565, 0.07669249188681451, 0.0453898410115207, 0.4752061469004387, 0.10457892135949097, 0.15647581368465124, 0.03051662636387943, 0.04786926660042975, 0.03396209840455442, 0.04135518676562583, 0.04480773936745604, 0.021299002393167222, 0.033427031545020885, 0.1313691440368841], [0.07671177166262506, 0.3256262502386632, 0.09736432912623938, 0.5347760434118602, 0.05060612153448189, 1.0, 0.06698531367136751, 0.06463775898047514, 0.09269645643486633, 0.49715671287665897, 0.3326036181736196, 0.11080876500906452, 0.07626564218825606, 0.05283601744885906, 0.07580999251796072, 0.06106213492268128, 0.05660799047373413, 0.05292844463581006, 0.04844259534283672, 0.10785835564615594], [0.0606073501570339, 0.16025954046185995, 0.05524973578411965, 0.26167506422468634, 0.031348390904852565, 0.06698531367136751, 1.0, 0.0781893025316704, 0.05604735896869494, 0.486078882484577, 0.27247741207839904, 0.16174113929699013, 0.020670522709255963, 0.03792528925341279, 0.02738277187002108, 0.02769287765510349, 0.013768803747800241, 0.03960637558747243, 0.021210164924785134, 0.08801852077046239], [0.10713782034082835, 0.23730492697543445, 0.08673775883122443, 0.24718342656516262, 0.07669249188681451, 0.06463775898047514, 0.0781893025316704, 1.0, 0.05770451054976239, 0.3263606573239521, 0.1746517213724685, 0.08719709501447166, 0.04566223133363361, 0.1096723489944501, 0.08066588569627917, 0.03645120551336143, 0.0694913368996006, 0.04127768464805095, 0.15082495344289054, 0.12651803541532453], [0.09537259214839311, 0.22862388214638993, 0.08081251045210207, 0.466112710123094, 0.0453898410115207, 0.09269645643486633, 0.05604735896869494, 0.05770451054976239, 1.0, 0.28630231857913624, 0.3645162141696831, 0.15486914765990825, 0.09184332323284988, 0.09635513215485943, 0.06959494175618654, 0.09784243925658609, 0.05227748783905035, 0.033837675470028375, 0.07284709355724785, 0.10022925968177542], [0.23966440350783094, 0.491131202169563, 0.39566015452167874, 0.8613828478109389, 0.4752061469004387, 0.49715671287665897, 0.486078882484577, 0.3263606573239521, 0.28630231857913624, 1.0, 0.5413320830912876, 0.7373276112074465, 0.7748039603065844, 0.5480098828189089, 0.6208371897308353, 0.749476340826861, 0.6809668585670472, 0.3409015487532168, 0.35692968067301994, 0.3598643011027043], [0.30281905813624055, 0.371898998612566, 0.19285464406033645, 0.9591006117390434, 0.10457892135949097, 0.3326036181736196, 0.27247741207839904, 0.1746517213724685, 0.3645162141696831, 0.5413320830912876, 1.0, 0.2980764705892026, 0.09682258553587964, 0.08328444332312836, 0.10361889593466651, 0.1377591209831057, 0.11397208558654265, 0.22130150052088804, 0.14733889645415052, 0.2262170034271269], [0.18715390036494542, 0.2194886197875983, 0.1543762998041525, 0.5565220401840445, 0.15647581368465124, 0.11080876500906452, 0.16174113929699013, 0.08719709501447166, 0.15486914765990825, 0.7373276112074465, 0.2980764705892026, 1.0, 0.09807131425874913, 0.13071219951877705, 0.11100119536483465, 0.1305852583690937, 0.09587916815373543, 0.2111465228677656, 0.17722009683613987, 0.13643572111816363], [0.11829358946600843, 0.1732603551978751, 0.05601315256230854, 0.5709561268176858, 0.03051662636387943, 0.07626564218825606, 0.020670522709255963, 0.04566223133363361, 0.09184332323284988, 0.7748039603065844, 0.09682258553587964, 0.09807131425874913, 1.0, 0.03779686392319037, 0.020767336867435725, 0.04227196903965257, 0.01964946166076176, 0.02660731355834913, 0.033737135768903574, 0.08429022543030865], [0.1291876911091905, 0.17911180150277214, 0.09337177315134348, 0.29860233157435456, 0.04786926660042975, 0.05283601744885906, 0.03792528925341279, 0.1096723489944501, 0.09635513215485943, 0.5480098828189089, 0.08328444332312836, 0.13071219951877705, 0.03779686392319037, 1.0, 0.026398214793509366, 0.025023425437601735, 0.04820074989335393, 0.034996647177877434, 0.07156013521629924, 0.09438996055154289], [0.0836707892560075, 0.17671933890177471, 0.05191371060940355, 0.44190867203504136, 0.03396209840455442, 0.07580999251796072, 0.02738277187002108, 0.08066588569627917, 0.06959494175618654, 0.6208371897308353, 0.10361889593466651, 0.11100119536483465, 0.020767336867435725, 0.026398214793509366, 1.0, 0.038217217990090785, 0.022170224696003552, 0.031881478163134115, 0.03978032237929203, 0.08998460359401873], [0.06706259149658181, 0.19786004605077076, 0.06498401018200306, 0.46071516806719914, 0.04135518676562583, 0.06106213492268128, 0.02769287765510349, 0.03645120551336143, 0.09784243925658609, 0.749476340826861, 0.1377591209831057, 0.1305852583690937, 0.04227196903965257, 0.025023425437601735, 0.038217217990090785, 1.0, 0.032999518856978986, 0.02901249681471022, 0.0751134091388223, 0.1147573201308959], [0.13395738212426356, 0.11926083595996341, 0.06161107200097639, 1.0, 0.04480773936745604, 0.05660799047373413, 0.013768803747800241, 0.0694913368996006, 0.05227748783905035, 0.6809668585670472, 0.11397208558654265, 0.09587916815373543, 0.01964946166076176, 0.04820074989335393, 0.022170224696003552, 0.032999518856978986, 1.0, 0.02291275210146486, 0.03912095592001076, 0.0879611565681472], [0.05540251843205997, 0.09936414999626446, 0.058841009828362184, 0.7963854133928959, 0.021299002393167222, 0.05292844463581006, 0.03960637558747243, 0.04127768464805095, 0.033837675470028375, 0.3409015487532168, 0.22130150052088804, 0.2111465228677656, 0.02660731355834913, 0.034996647177877434, 0.031881478163134115, 0.02901249681471022, 0.02291275210146486, 1.0, 0.038597714627998256, 0.27617451829083595], [0.08674632045051928, 0.3484301929640571, 0.08965713570678864, 0.6442342780271524, 0.033427031545020885, 0.04844259534283672, 0.021210164924785134, 0.15082495344289054, 0.07284709355724785, 0.35692968067301994, 0.14733889645415052, 0.17722009683613987, 0.033737135768903574, 0.07156013521629924, 0.03978032237929203, 0.0751134091388223, 0.03912095592001076, 0.038597714627998256, 1.0, 0.1336101078165155], [0.11294969855908156, 0.2246940759924624, 0.19123270325747882, 0.6382799757211378, 0.1313691440368841, 0.10785835564615594, 0.08801852077046239, 0.12651803541532453, 