{"model": "LSING", "dataset": "dim20_butterfly", "N": 100, "seed": 12340, "metrics": {"TP": 4, "FP": 60, "FN": 6, "TN": 120, "TPR": 0.4, "FDR": 0.9375, "FPR": 0.3333333333333333, "Hamming": 66}, "omega": [[1.0, 0.13288747882440566, 0.11839296354660649, 0.08593842181336357, 0.2684615117831776, 0.1304110735168292, 0.19042979971463644, 0.11935267825076855, 0.07021791545338095, 0.07083876533149405, 0.13116076092322565, 0.10294980527781611, 0.22779607315752234, 0.057832071227876126, 0.09047063933368837, 0.8908402543553865, 0.11866329228898677, 0.12252364288496762, 0.219384311836704, 0.07472071666386368], [0.13288747882440566, 1.0, 0.06477835804767126, 0.05711675034373018, 0.3549583615581, 0.06881803310018143, 0.23709494397185113, 0.08674126769121054, 0.07641973642416452, 0.04353834913733083, 0.060902420306671874, 0.12927905580027776, 0.11500146564003194, 0.05043638788685182, 0.06674538073626843, 0.3087995208353634, 0.05766408878183011, 0.06299084629979575, 0.12371713123915971, 0.037721992039731575], [0.11839296354660649, 0.06477835804767126, 1.0, 0.06955109826952559, 0.3725646442633414, 0.10090716639222619, 0.24950280380868944, 0.05747766640168869, 0.06296843257614158, 0.06759308758667178, 0.0662233549081156, 0.07984855840846662, 0.07745781220500401, 0.04528909521239175, 0.057009363735883334, 0.2239669041852266, 0.05062153421223906, 0.03579731593008652, 0.24778374433136247, 0.048654987163098705], [0.08593842181336357, 0.05711675034373018, 0.06955109826952559, 1.0, 0.21048761932704402, 0.08295670720444674, 0.1442575143197649, 0.0844719122203066, 0.07252763322761761, 0.039119596771391214, 0.11611988467784022, 0.2833429629020836, 0.27286067597527586, 0.04064969433103645, 0.07302673197675541, 0.9600894766241101, 0.045732677198411016, 0.0468590836265689, 0.18626718129151693, 0.056314894508364896], [0.2684615117831776, 0.3549583615581, 0.3725646442633414, 0.21048761932704402, 1.0, 0.24939490279781773, 0.49357226285919975, 0.25344364642992734, 0.18885120893134064, 0.34287398893509247, 0.20848377648710414, 0.2519343690969896, 0.23735538695671057, 0.22238863922543536, 0.3566626992608739, 0.547771827362875, 0.21590383792178597, 0.26406324020080885, 0.5557709515492948, 0.29604586377977626], [0.1304110735168292, 0.06881803310018143, 0.10090716639222619, 0.08295670720444674, 0.24939490279781773, 1.0, 0.2923738517413961, 0.055849587113940634, 0.050416328264209664, 0.10580880281154799, 0.07094172974958936, 0.09071365128488615, 0.21808235044709523, 0.06393847934268923, 0.055300663560206006, 0.34560846322090033, 0.1063738645815661, 0.04416406436706821, 0.2673494332079081, 0.04529197000241265], [0.19042979971463644, 0.23709494397185113, 0.24950280380868944, 0.1442575143197649, 0.49357226285919975, 0.2923738517413961, 1.0, 0.2598217494409791, 0.15344569105099323, 0.28029603749503973, 0.24063931072358197, 0.2198415962202026, 0.43875187781200353, 0.21426035902087567, 0.25989737192395584, 1.0, 0.21701068236770255, 0.17569080889902902, 0.41078816668035895, 0.173000894906209], [0.11935267825076855, 0.08674126769121054, 0.05747766640168869, 0.0844719122203066, 0.25344364642992734, 0.055849587113940634, 0.2598217494409791, 1.0, 0.07029672493025114, 0.055015244265544036, 0.11800139703061178, 0.12742085187621788, 0.12076901940543609, 0.04518524761354293, 0.12212292188092533, 0.4394529515133892, 0.06589261785939246, 0.05428269349922475, 0.20069007616282616, 0.07909863423000577], [0.07021791545338095, 0.07641973642416452, 0.06296843257614158, 0.07252763322761761, 0.18885120893134064, 0.050416328264209664, 0.15344569105099323, 0.07029672493025114, 1.0, 0.058109402556444326, 0.09154119688923917, 0.15167379159207228, 0.22998264850498934, 0.05055111861935117, 0.07180015420273096, 0.4594695675482706, 0.10320170561040501, 0.07466719779599655, 0.20881658791055083, 0.055843925537675], [0.07083876533149405, 0.04353834913733083, 0.06759308758667178, 0.039119596771391214, 0.34287398893509247, 0.10580880281154799, 0.28029603749503973, 0.055015244265544036, 0.058109402556444326, 1.0, 0.1269955799139578, 0.1478098831291414, 0.11470639526458554, 0.053304932782631965, 0.042726197907820014, 0.2722184851814464, 0.09615820395255634, 0.04812895611546705, 0.25080399830824895, 0.05076007939516295], [0.13116076092322565, 0.060902420306671874, 0.0662233549081156, 0.11611988467784022, 0.20848377648710414, 0.07094172974958936, 0.24063931072358197, 0.11800139703061178, 0.09154119688923917, 0.1269955799139578, 1.0, 0.10872214267705241, 0.08022097153118071, 0.07560150245745935, 0.058580321239262136, 0.22059994571256583, 0.055376354141342884, 0.05363616642409194, 0.26531591318978975, 0.09223573840557374], [0.10294980527781611, 0.12927905580027776, 0.07984855840846662, 0.2833429629020836, 0.2519343690969896, 0.09071365128488615, 0.2198415962202026, 0.12742085187621788, 0.15167379159207228, 0.1478098831291414, 0.10872214267705241, 1.0, 0.18290067017138492, 0.08344488091337393, 0.09168895103873874, 0.3961363090321159, 0.129834805932648, 0.08772809279674676, 0.18966005582858983, 0.07934443296744828], [0.22779607315752234, 0.11500146564003194, 0.07745781220500401, 0.27286067597527586, 0.23735538695671057, 0.21808235044709523, 0.43875187781200353, 0.12076901940543609, 0.22998264850498934, 0.11470639526458554, 0.08022097153118071, 0.18290067017138492, 1.0, 0.198865764169224, 0.19688902334934627, 0.4009408793816724, 0.11973743914140766, 0.17199705468961982, 0.14885801438906998, 0.14225319060204825], [0.057832071227876126, 0.05043638788685182, 0.04528909521239175, 0.04064969433103645, 0.22238863922543536, 0.06393847934268923, 0.21426035902087567, 0.04518524761354293, 0.05055111861935117, 0.053304932782631965, 0.07560150245745935, 0.08344488091337393, 0.198865764169224, 1.0, 0.06182067370796334, 0.4592406760124889, 0.07185720788894011, 0.039762040052245075, 0.3128439428534656, 0.09837267859239084], [0.09047063933368837, 0.06674538073626843, 0.057009363735883334, 0.07302673197675541, 0.3566626992608739, 0.055300663560206006, 0.25989737192395584, 0.12212292188092533, 0.07180015420273096, 0.042726197907820014, 0.058580321239262136, 0.09168895103873874, 0.19688902334934627, 0.06182067370796334, 1.0, 0.20356612128519508, 0.06653573059754346, 0.03881913197399963, 0.20007526082936333, 0.045593147211325444], [0.8908402543553865, 0.3087995208353634, 0.2239669041852266, 0.9600894766241101, 0.547771827362875, 0.34560846322090033, 1.0, 0.4394529515133892, 0.4594695675482706, 0.2722184851814464, 0.22059994571256583, 0.3961363090321159, 0.4009408793816724, 0.4592406760124889, 0.20356612128519508, 1.0, 0.37037642198806364, 0.4053730795627389, 0.321529423157374, 0.2819307369716151], [0.11866329228898677, 0.05766408878183011, 0.05062153421223906, 0.045732677198411016, 0.21590383792178597, 0.1063738645815661, 0.21701068236770255, 0.06589261785939246, 0.10320170561040501, 0.09615820395255634, 0.055376354141342884, 0.129834805932648, 0.11973743914140766, 0.07185720788894011, 0.06653573059754346, 0.37037642198806364, 1.0, 0.05540651953094624, 0.2599438421084189, 0.08536276606495942], [0.12252364288496762, 0.06299084629979575, 0.03579731593008652, 0.0468590836265689, 0.26406324020080885, 0.04416406436706821, 0.17569080889902902, 0.05428269349922475, 0.07466719779599655, 0.04812895611546705, 0.05363616642409194, 0.08772809279674676, 0.17199705468961982, 0.039762040052245075, 0.03881913197399963, 0.4053730795627389, 0.05540651953094624, 1.0, 0.15197921603084832, 0.04364852148375842], [0.219384311836704, 0.12371713123915971, 0.24778374433136247, 0.18626718129151693, 0.5557709515492948, 0.2673494332079081, 0.41078816668035895, 0.20069007616282616, 0.20881658791055083, 0.25080399830824895, 0.26531591318978975, 0.18966005582858983, 0.14885801438906998, 0.3128439428534656, 0.20007526082936333, 0.321529423157374, 0.2599438421084189, 0.15197921603084832, 1.0, 0.26547096431906175], [0.07472071666386368, 0.037721992039731575, 0.048654987163098705, 0.056314894508364896, 0.29604586377977626, 0.04529197000241265, 0.173000894906209, 0.07909863423000577, 