{"model": "LSING", "dataset": "dim20_cop_gau", "N": 50000, "seed": 1234560, "metrics": {"TP": 19, "FP": 0, "FN": 0, "TN": 171, "TPR": 1.0, "FDR": 0.0, "FPR": 0.0, "Hamming": 0}, "omega": [[1.0, 0.6106132610208184, 0.03976084784632184, 0.03401475683104174, 0.03079459946902423, 0.031120640163151917, 0.047841268863164026, 0.030403116518539147, 0.030362148279990443, 0.033549180923158645, 0.030656880122095578, 0.027998963583816948, 0.02877732633809095, 0.027670592197245172, 0.03157533018818521, 0.03373630605789387, 0.031435467675790724, 0.039472630528374526, 0.029804976508483787, 0.022921741115638015], [0.6106132610208184, 1.0, 0.4537598446305673, 0.040785207558866325, 0.028132223050001764, 0.03353790833871392, 0.04168526949821191, 0.029827195543498004, 0.02888948494254807, 0.026566971470144047, 0.02918723352299913, 0.024627327519627387, 0.02733589031920232, 0.024737345288146362, 0.026842743286459633, 0.0339406860041567, 0.027391180493929194, 0.030737282605215542, 0.025017948544870786, 0.024486647343017136], [0.03976084784632184, 0.4537598446305673, 1.0, 0.5012914156010444, 0.030488173397964245, 0.03142355447123393, 0.04365768524413431, 0.028887823989312052, 0.023589487995161144, 0.022351371987440825, 0.028981005096522024, 0.027021996947163292, 0.026518581356406067, 0.022711752249103066, 0.02476378892160871, 0.03362192391926595, 0.023301904308742852, 0.03141862635542636, 0.024853299857958446, 0.024713436180800123], [0.03401475683104174, 0.040785207558866325, 0.5012914156010444, 1.0, 0.5179321822683584, 0.056870274716167554, 0.03842086974649111, 0.0298225073690415, 0.03000495131790326, 0.024579909983695917, 0.025287309501010324, 0.02946200946623141, 0.02959754604572367, 0.02732413202823626, 0.032851871754991234, 0.03547205809819671, 0.03242020328725801, 0.03439344368597922, 0.028140363584480396, 0.026402110796212807], [0.03079459946902423, 0.028132223050001764, 0.030488173397964245, 0.5179321822683584, 1.0, 0.6038568852992379, 0.06351888648725974, 0.026608840071141168, 0.02668149920425198, 0.029078450404150687, 0.029905048358571933, 0.02994352749679429, 0.02979922141034973, 0.02684288189335661, 0.031705646296146035, 0.03214458638453316, 0.025523770537721705, 0.03239815314300061, 0.028566982800966683, 0.0261568126962464], [0.031120640163151917, 0.03353790833871392, 0.03142355447123393, 0.056870274716167554, 0.6038568852992379, 1.0, 1.0, 0.03762890604485597, 0.03128373156081001, 0.033762929064987596, 0.027075878922407457, 0.023707365590073276, 0.03143047083891659, 0.027522938579524092, 0.02940024902837264, 0.03280559568762308, 0.03405186038316891, 0.038296039676217274, 0.027597079292239545, 0.025191016144819542], [0.047841268863164026, 0.04168526949821191, 0.04365768524413431, 0.03842086974649111, 0.06351888648725974, 1.0, 1.0, 0.8077620085940562, 0.04541518342533228, 0.039555380010632336, 0.04394417521730673, 0.04280255989374074, 0.037825240967275055, 0.033555719907357104, 0.04086757732811226, 0.03970841367253095, 0.032990575327364796, 0.03908150748991603, 0.03636578139272434, 0.034750338974231805], [0.030403116518539147, 0.029827195543498004, 0.028887823989312052, 0.0298225073690415, 0.026608840071141168, 0.03762890604485597, 0.8077620085940562, 1.0, 0.5423003463392665, 0.02843106883799022, 0.02937063374297363, 0.030800806495528257, 0.027083994996845447, 0.026589028602984486, 0.031410329742593154, 0.03374399233447485, 0.029602060670367993, 0.03277722320524149, 0.022845967986400626, 0.024681687048046005], [0.030362148279990443, 0.02888948494254807, 0.023589487995161144, 0.03000495131790326, 0.02668149920425198, 0.03128373156081001, 0.04541518342533228, 0.5423003463392665, 1.0, 0.5247278058722957, 0.03223421146773923, 0.024403928144619166, 0.0269835457632731, 0.028885217247837852, 0.024176144598516712, 0.029253944207178428, 0.027377429292032684, 0.031523304846502204, 0.027307707693326664, 0.021463852225125705], [0.033549180923158645, 0.026566971470144047, 0.022351371987440825, 0.024579909983695917, 0.029078450404150687, 0.033762929064987596, 0.039555380010632336, 0.02843106883799022, 0.5247278058722957, 1.0, 0.5983518200301586, 0.030913603390569765, 0.03178580417885957, 0.02912162587017643, 0.03088707356458325, 0.03315250662023812, 0.028685025792344113, 0.030604413334917164, 0.02748020805328528, 0.026396884500862167], [0.030656880122095578, 0.02918723352299913, 0.028981005096522024, 0.025287309501010324, 0.029905048358571933, 0.027075878922407457, 0.04394417521730673, 0.02937063374297363, 0.03223421146773923, 0.5983518200301586, 1.0, 0.5992143975396014, 0.0296953850435303, 0.02389843694469884, 0.03430404223743046, 0.028723343028392693, 0.027836979876570814, 0.031057822119726318, 0.02705579140522067, 0.022799806065888807], [0.027998963583816948, 0.024627327519627387, 0.027021996947163292, 0.02946200946623141, 0.02994352749679429, 0.023707365590073276, 0.04280255989374074, 0.030800806495528257, 0.024403928144619166, 0.030913603390569765, 0.5992143975396014, 1.0, 0.5193673949540493, 0.027428832649825062, 0.023483190482347528, 0.027044243936509674, 0.024876916609580815, 0.02957930933827884, 0.024944032631576477, 0.02530996881675611], [0.02877732633809095, 0.02733589031920232, 0.026518581356406067, 0.02959754604572367, 0.02979922141034973, 0.03143047083891659, 0.037825240967275055, 0.027083994996845447, 0.0269835457632731, 0.03178580417885957, 0.0296953850435303, 0.5193673949540493, 1.0, 0.5141519179299571, 0.03222540818263556, 0.037367359489319824, 0.03063296752045782, 0.035526974383730904, 0.02562612648970034, 0.023922694316433273], [0.027670592197245172, 0.024737345288146362, 0.022711752249103066, 0.02732413202823626, 0.02684288189335661, 0.027522938579524092, 0.033555719907357104, 0.026589028602984486, 0.028885217247837852, 0.02912162587017643, 0.02389843694469884, 0.027428832649825062, 0.5141519179299571, 1.0, 0.5205730466640176, 0.034559358471185776, 0.029011914434547408, 0.03255770132905704, 0.0287398547205903, 0.025487414763979897], [0.03157533018818521, 0.026842743286459633, 0.02476378892160871, 0.032851871754991234, 0.031705646296146035, 0.02940024902837264, 0.04086757732811226, 0.031410329742593154, 0.024176144598516712, 0.03088707356458325, 0.03430404223743046, 0.023483190482347528, 0.03222540818263556, 0.5205730466640176, 1.0, 0.6398086909869605, 0.0341681923364652, 0.04172181978751502, 0.0313281102278826, 0.027110140450764725], [0.03373630605789387, 0.0339406860041567, 0.03362192391926595, 0.03547205809819671, 0.03214458638453316, 0.03280559568762308, 0.03970841367253095, 0.03374399233447485, 0.029253944207178428, 0.03315250662023812, 0.028723343028392693, 0.027044243936509674, 0.037367359489319824, 0.034559358471185776, 0.6398086909869605, 1.0, 0.7038927302075594, 0.05576005443714828, 0.031343071619408996, 0.03063137179399685], [0.031435467675790724, 0.027391180493929194, 0.023301904308742852, 0.03242020328725801, 0.025523770537721705, 0.03405186038316891, 0.032990575327364796, 0.029602060670367993, 0.027377429292032684, 0.028685025792344113, 0.027836979876570814, 0.024876916609580815, 0.03063296752045782, 0.029011914434547408, 0.0341681923364652, 0.7038927302075594, 1.0, 0.6856750037542668, 0.03946591333530852, 0.030570108710297812], [0.039472630528374526, 0.030737282605215542, 0.03141862635542636, 0.03439344368597922, 0.03239815314300061, 0.038296039676217274, 0.03908150748991603, 0.03277722320524149, 0.031523304846502204, 0.030604413334917164, 0.031057822119726318, 0.02957930933827884, 0.035526974383730904, 0.03255770132905704, 0.04172181978751502, 0.05576005443714828, 0.6856750037542668, 1.0, 0.654907459419721, 0.04354424190516153], [0.029804976508483787, 0.025017948544870786, 0.024853299857958446, 0.028140363584480396, 0.028566982800966683, 0.027597079292239545, 0.03636578139272434, 0.022845967986400626, 0.027307707693326664, 0.02748020805328528, 0.02705579140522067, 0.024944032631576477, 0.02562612648970034, 0.0287398547205903, 0.0313281102278826, 0.031343071619408996, 0.03946591333530852, 0.654907459419721, 1.0, 0.6070533140923043], 