{"model": "LSING", "dataset": "0.5_dim20_pair_gau", "N": 200, "seed": 1234560, "metrics": {"TP": 10, "FP": 105, "FN": 0, "TN": 75, "TPR": 1.0, "FDR": 0.9130434782608695, "FPR": 0.5833333333333334, "Hamming": 105}, "omega": [[1.0, 1.0, 0.33316778423219484, 0.4441968436432779, 0.2334770526449882, 0.23765308193309911, 0.4122265416327001, 0.5180369704298973, 0.21789500288047778, 0.4981712519555259, 0.48932208297656876, 0.4244836050728897, 0.3678550988588805, 0.6095055873289187, 0.307891600703512, 0.2845397462472212, 0.4646075632241003, 0.2591574773512372, 0.3965702935607963, 0.5522301580821589], [1.0, 1.0, 0.33049952172527153, 0.26482233978295316, 0.23432936913190822, 0.15694216872688868, 0.19129902191286238, 0.40488424440643705, 0.15300422592378696, 0.20192009794764357, 0.2624376810807399, 0.13221425917004337, 0.4030618595247347, 0.25861069064067727, 0.18748380488243477, 0.16306025844789343, 0.4146510090649198, 0.25241076592637746, 0.5414229428380123, 0.28051055951944825], [0.33316778423219484, 0.33049952172527153, 1.0, 0.5787913709777509, 0.22916776207467354, 0.1577452987225726, 0.20943095442062498, 0.6175198772915045, 0.35513897040624354, 0.27185007679611645, 0.32153496976958884, 0.2048398901784899, 0.43108353627770457, 0.2185359991325081, 0.2913797410149114, 0.22282774091032218, 0.372923320157089, 0.3534832211279304, 0.3801102653730094, 0.24136142098392788], [0.4441968436432779, 0.26482233978295316, 0.5787913709777509, 1.0, 0.14886865993875975, 0.08380804130646445, 0.1659915435570559, 0.20095277252575652, 0.11481648157655537, 0.1188268281771855, 0.15601595227540646, 0.08614840945688709, 0.12640569790991166, 0.2217434695515047, 0.11561144276740744, 0.11833975456163517, 0.1752689235562665, 0.27303350929682574, 0.22046003208850812, 0.22601438967143175], [0.2334770526449882, 0.23432936913190822, 0.22916776207467354, 0.14886865993875975, 1.0, 0.48422038939385714, 0.16194938559544528, 0.424735851710183, 0.25803681707277626, 0.2277914620658248, 0.16469172618205388, 0.18612454158510774, 0.234284003210062, 0.16023326864904525, 0.21361865024929705, 0.236959902402887, 0.4685993190587599, 0.14480783996512933, 0.29287783169203807, 0.4073680152688833], [0.23765308193309911, 0.15694216872688868, 0.1577452987225726, 0.08380804130646445, 0.48422038939385714, 1.0, 0.14717683344226853, 0.14647025074904535, 0.19587282457313285, 0.1640634117267862, 0.11941926134091049, 0.08718458305315825, 0.14547447366268673, 0.16623180304656657, 0.15615615782097092, 0.08499760764672447, 0.1410957515909599, 0.18076553398985143, 0.24396405252087758, 0.33137181827612205], [0.4122265416327001, 0.19129902191286238, 0.20943095442062498, 0.1659915435570559, 0.16194938559544528, 0.14717683344226853, 1.0, 0.5996394789605429, 0.15742146316443886, 0.12473529420984783, 0.12948738788187347, 0.1397137474452948, 0.1273983557551775, 0.11411549615107468, 0.15635220245761822, 0.08855614965261138, 0.19549978693868977, 0.14517934803595303, 0.24266839858687736, 0.2365895298159729], [0.5180369704298973, 0.40488424440643705, 0.6175198772915045, 0.20095277252575652, 0.424735851710183, 0.14647025074904535, 0.5996394789605429, 1.0, 0.3033057463287267, 0.22373985064405716, 0.29969188399205293, 0.34356065026554117, 0.27649495406980945, 0.5881762211893445, 0.2358367841357277, 0.2513013536179385, 0.2334965740624768, 0.29227329115282236, 0.4722042622806459, 0.42529019940771734], [0.21789500288047778, 0.15300422592378696, 0.35513897040624354, 0.11481648157655537, 0.25803681707277626, 0.19587282457313285, 0.15742146316443886, 0.3033057463287267, 1.0, 0.6023688171431674, 0.24050665986694372, 0.18288791372046442, 0.23351980027452526, 0.13273965870720053, 0.14849077979940817, 0.21628655652597426, 0.2646801059514247, 0.19909791280424022, 0.29489257200090113, 0.27981698368308733], [0.4981712519555259, 0.20192009794764357, 0.27185007679611645, 0.1188268281771855, 0.2277914620658248, 0.1640634117267862, 0.12473529420984783, 0.22373985064405716, 0.6023688171431674, 1.0, 0.15547593839240129, 0.09116422705944899, 0.12238802632484522, 0.15540652692894047, 0.19311368105110152, 0.17750719834458378, 0.14249740628757784, 0.24203067520023347, 0.2566168565943847, 0.24752606554522535], [0.48932208297656876, 0.2624376810807399, 0.32153496976958884, 0.15601595227540646, 0.16469172618205388, 0.11941926134091049, 0.12948738788187347, 0.29969188399205293, 0.24050665986694372, 0.15547593839240129, 1.0, 0.24507035672041896, 0.11707425551797089, 0.14517564769427124, 0.23800463665726077, 0.14926291331079963, 0.34468746887438223, 0.114453923790666, 0.2927233702573108, 0.17769605826245422], [0.4244836050728897, 0.13221425917004337, 0.2048398901784899, 0.08614840945688709, 0.18612454158510774, 0.08718458305315825, 0.1397137474452948, 0.34356065026554117, 0.18288791372046442, 0.09116422705944899, 0.24507035672041896, 1.0, 0.16137458582890432, 0.0724327746325022, 0.15624228316229294, 0.1264192257535089, 0.16351898949448507, 0.12859498436006728, 0.2546242960712221, 0.33135451439191566], [0.3678550988588805, 0.4030618595247347, 0.43108353627770457, 0.12640569790991166, 0.234284003210062, 0.14547447366268673, 0.1273983557551775, 0.27649495406980945, 0.23351980027452526, 0.12238802632484522, 0.11707425551797089, 0.16137458582890432, 1.0, 0.5668523855243417, 0.17063342404380322, 0.21537333357272007, 0.19276763008424275, 0.15643473209989323, 0.3124331177712868, 0.36427483348729606], [0.6095055873289187, 0.25861069064067727, 0.2185359991325081, 0.2217434695515047, 0.16023326864904525, 0.16623180304656657, 0.11411549615107468, 0.5881762211893445, 0.13273965870720053, 0.15540652692894047, 0.14517564769427124, 0.0724327746325022, 0.5668523855243417, 1.0, 0.19029940867204062, 0.1582914353129333, 0.23716419599617153, 0.18873716092758366, 0.4625947999931034, 0.2513800448793113], [0.307891600703512, 0.18748380488243477, 0.2913797410149114, 0.11561144276740744, 0.21361865024929705, 0.15615615782097092, 0.15635220245761822, 0.2358367841357277, 0.14849077979940817, 0.19311368105110152, 0.23800463665726077, 0.15624228316229294, 0.17063342404380322, 0.19029940867204062, 1.0, 0.6780381773379711, 0.22116598469948345, 0.17866876721393607, 0.3147986201920138, 0.3825101707297576], [0.2845397462472212, 0.16306025844789343, 0.22282774091032218, 0.11833975456163517, 0.236959902402887, 0.08499760764672447, 0.08855614965261138, 0.2513013536179385, 0.21628655652597426, 0.17750719834458378, 0.14926291331079963, 0.1264192257535089, 0.21537333357272007, 0.1582914353129333, 0.6780381773379711, 1.0, 0.4089993627753357, 0.19190725388800378, 0.2579440947925835, 0.266806560065478], [0.4646075632241003, 0.4146510090649198, 0.372923320157089, 0.1752689235562665, 0.4685993190587599, 0.1410957515909599, 0.19549978693868977, 0.2334965740624768, 0.2646801059514247, 0.14249740628757784, 0.34468746887438223, 0.16351898949448507, 0.19276763008424275, 0.23716419599617153, 0.22116598469948345, 0.4089993627753357, 1.0, 0.7831105326881861, 0.24343069569059722, 0.35458017873638864], [0.2591574773512372, 0.25241076592637746, 0.3534832211279304, 0.27303350929682574, 0.14480783996512933, 0.18076553398985143, 0.14517934803595303, 0.29227329115282236, 0.19909791280424022, 0.24203067520023347, 0.114453923790666, 0.12859498436006728, 0.15643473209989323, 0.18873716092758366, 0.17866876721393607, 0.19190725388800378, 0.7831105326881861, 1.0, 0.31093560596831005, 0.2662030347824637], [0.3965702935607963, 0.5414229428380123, 0.3801102653730094, 0.22046003208850812, 0.29287783169203807, 0.24396405252087758, 0.24266839858687736, 0.4722042622806459, 0.29489257200090113, 0.2566168565943847, 0.2927233702573108, 0.2546242960712221, 0.3124331177712868, 0.4625947999931034, 0.3147986201920138, 0.2579440947925835, 0.24343069569059722, 0.31093560596831005, 1.0, 0.9197858187018885], [0.5522301580821589, 0.28051055951944825, 0.24136142098392788, 0.22601438967143175, 0.4073680152688833, 0.33137181827612205, 0.2365895298159729, 0.42529019940771734, 0.27981698368308733, 0.24752606554522535, 0.17769605826245422, 