{"model": "LSING", "dataset": "0.5_dim20_pair_gau", "N": 200, "seed": 123450, "metrics": {"TP": 6, "FP": 17, "FN": 4, "TN": 163, "TPR": 0.6, "FDR": 0.7391304347826086, "FPR": 0.09444444444444444, "Hamming": 21}, "omega": [[1.0, 0.21255106310293215, 0.20762200144660772, 0.10651883316785773, 0.09099472194783095, 0.055896500099369445, 0.07231097612869007, 0.17181919196093065, 0.09441695059581728, 0.059259208242925354, 0.06260828461908108, 0.07196086324271604, 0.05217843601019028, 0.05582590601271941, 0.033520966487841704, 0.06985099297675128, 0.1280974423583634, 0.10916061075603242, 0.1686207059801308, 0.08783306595074218], [0.21255106310293215, 1.0, 0.10509782792923501, 0.06115956164109918, 0.0652748219863475, 0.039797172589384006, 0.11334773114237266, 0.11963744326046621, 0.08995481122597873, 0.03847657940363557, 0.0477435207607069, 0.03871379524200229, 0.03085403122236672, 0.07292369244792804, 0.029621747039502194, 0.038233021593350194, 0.04834700096162237, 0.038415778868175696, 0.2173789056486951, 0.06652626440489112], [0.20762200144660772, 0.10509782792923501, 1.0, 0.2665798552875747, 0.08954546030576481, 0.057265080372134826, 0.11831665769468769, 0.07979918017353407, 0.19587362891034088, 0.07905119535528767, 0.08488083203908808, 0.058255507196492105, 0.057801316714241276, 0.07035964108410415, 0.03822047184631436, 0.14574567310472974, 0.09102939164457005, 0.06675220020442058, 0.26157812090183613, 0.13096155495496783], [0.10651883316785773, 0.06115956164109918, 0.2665798552875747, 1.0, 0.10055402745960101, 0.04851297425187179, 0.07734690911470381, 0.10684789123258776, 0.10825047491028071, 0.03136726923570571, 0.05798764475011302, 0.04992272478951485, 0.0520530717981942, 0.07931629503674688, 0.05420639648997924, 0.04616514114996006, 0.10260362365448093, 0.06264542428771866, 0.18281908605994707, 0.05072704598808395], [0.09099472194783095, 0.0652748219863475, 0.08954546030576481, 0.10055402745960101, 1.0, 0.2792819823222685, 0.10341684313327092, 0.08716859283433674, 0.11686885626397185, 0.05820695423065495, 0.07369376624738506, 0.07618892022258035, 0.14126151419817926, 0.14536149863059952, 0.11368509533220657, 0.03825530952366509, 0.07277495171617852, 0.046822281302682095, 0.26511748928092255, 0.05851142143534406], [0.055896500099369445, 0.039797172589384006, 0.057265080372134826, 0.04851297425187179, 0.2792819823222685, 1.0, 0.058183038108378105, 0.11962283927008471, 0.04906476803855763, 0.03128038009128776, 0.050437155559040374, 0.028732590001421622, 0.04221273753847375, 0.06206691595314759, 0.027680323789441998, 0.04113724308012973, 0.03881109636902419, 0.028184565924886308, 0.2236150516588992, 0.03859696238051117], [0.07231097612869007, 0.11334773114237266, 0.11831665769468769, 0.07734690911470381, 0.10341684313327092, 0.058183038108378105, 1.0, 0.4862245387939342, 0.09863713219415726, 0.09237650981349114, 0.11330219056627491, 0.09675475459830689, 0.10099859518659084, 0.11081012968658774, 0.10423400030282307, 0.06900509329226504, 0.15149596663348747, 0.050458210380284384, 0.3266966965199432, 0.07877831038246456], [0.17181919196093065, 0.11963744326046621, 0.07979918017353407, 0.10684789123258776, 0.08716859283433674, 0.11962283927008471, 0.4862245387939342, 1.0, 0.1186457457894712, 0.08154415713657914, 0.1327097883019368, 0.08929033717113413, 0.10173720687439576, 0.11586784384576396, 0.06758907867315452, 0.07346408419868436, 0.09734037254803862, 0.0934571075040479, 0.43554928901746287, 0.08571887135707673], [0.09441695059581728, 0.08995481122597873, 0.19587362891034088, 0.10825047491028071, 0.11686885626397185, 0.04906476803855763, 0.09863713219415726, 0.1186457457894712, 1.0, 0.16093560050527367, 0.08059189475643434, 0.0703526318819348, 0.06144808992568583, 0.05861818953672456, 0.05110369981069655, 0.06232698184689273, 0.11511816420637445, 0.13505453675429296, 0.33529813716971674, 0.10270248259052694], [0.059259208242925354, 0.03847657940363557, 0.07905119535528767, 0.03136726923570571, 0.05820695423065495, 0.03128038009128776, 0.09237650981349114, 0.08154415713657914, 0.16093560050527367, 1.0, 0.03206137075362281, 0.03205034409336176, 0.02391531897292172, 0.026865378521016264, 0.025092656603876027, 0.028396789251246862, 0.037639477586378894, 0.02652611023810409, 0.22282236804449157, 0.0606586336035878], [0.06260828461908108, 0.0477435207607069, 0.08488083203908808, 0.05798764475011302, 0.07369376624738506, 0.050437155559040374, 0.11330219056627491, 0.1327097883019368, 0.08059189475643434, 0.03206137075362281, 1.0, 0.1500802598224251, 0.047916991241494664, 0.05352472459888407, 0.042666225129785386, 0.06026362250312868, 0.07866574648076302, 0.04243198977422625, 0.34394101553953166, 0.07737145305278617], [0.07196086324271604, 0.03871379524200229, 0.058255507196492105, 0.04992272478951485, 0.07618892022258035, 0.028732590001421622, 0.09675475459830689, 0.08929033717113413, 0.0703526318819348, 0.03205034409336176, 0.1500802598224251, 1.0, 0.025719339713298275, 0.04910820651091199, 0.02556677202660879, 0.03305290962839791, 0.06281411905156442, 0.025071947128247007, 0.22952219591072354, 0.051544662054390795], [0.05217843601019028, 0.03085403122236672, 0.057801316714241276, 0.0520530717981942, 0.14126151419817926, 0.04221273753847375, 0.10099859518659084, 0.10173720687439576, 0.06144808992568583, 0.02391531897292172, 0.047916991241494664, 0.025719339713298275, 1.0, 0.06405010443851998, 0.030428669591453735, 0.023017118196548742, 0.0318069092186078, 0.03285814690125584, 0.2512733962645136, 0.036545073578736126], [0.05582590601271941, 0.07292369244792804, 0.07035964108410415, 0.07931629503674688, 0.14536149863059952, 0.06206691595314759, 0.11081012968658774, 0.11586784384576396, 0.05861818953672456, 0.026865378521016264, 0.05352472459888407, 0.04910820651091199, 0.06405010443851998, 1.0, 0.037793247413646626, 0.025903034488855756, 0.043943416442307134, 0.03682142889961416, 0.30348848395497247, 0.10524461670750854], [0.033520966487841704, 0.029621747039502194, 0.03822047184631436, 0.05420639648997924, 0.11368509533220657, 0.027680323789441998, 0.10423400030282307, 0.06758907867315452, 0.05110369981069655, 0.025092656603876027, 0.042666225129785386, 0.02556677202660879, 0.030428669591453735, 0.037793247413646626, 1.0, 0.032574300958913664, 0.0571348409686446, 0.027786821620341205, 0.4437491846840481, 0.043736012939529625], [0.06985099297675128, 0.038233021593350194, 0.14574567310472974, 0.04616514114996006, 0.03825530952366509, 0.04113724308012973, 0.06900509329226504, 0.07346408419868436, 0.06232698184689273, 0.028396789251246862, 0.06026362250312868, 0.03305290962839791, 0.023017118196548742, 0.025903034488855756, 0.032574300958913664, 1.0, 0.04838579885227538, 0.03376328274310365, 0.22549922824264068, 0.04092029565098159], [0.1280974423583634, 0.04834700096162237, 0.09102939164457005, 0.10260362365448093, 0.07277495171617852, 0.03881109636902419, 0.15149596663348747, 0.09734037254803862, 0.11511816420637445, 0.037639477586378894, 0.07866574648076302, 0.06281411905156442, 0.0318069092186078, 0.043943416442307134, 0.0571348409686446, 0.04838579885227538, 1.0, 0.2420683046178955, 0.3032823238840967, 0.06525276678894704], [0.10916061075603242, 0.038415778868175696, 0.06675220020442058, 0.06264542428771866, 0.046822281302682095, 0.028184565924886308, 0.050458210380284384, 0.0934571075040479, 0.13505453675429296, 0.02652611023810409, 0.04243198977422625, 0.025071947128247007, 0.03285814690125584, 0.03682142889961416, 0.027786821620341205, 0.03376328274310365, 0.2420683046178955, 1.0, 0.25140544967092165, 0.04793685987562633], [0.1686207059801308, 0.2173789056486951, 0.26157812090183613, 0.18281908605994707, 0.26511748928092255, 0.2236150516588992, 0.3266966965199432, 0.43554928901746287, 0.33529813716971674, 0.22282236804449157, 0.34394101553953166, 0.22952219591072354, 0.2512733962645136, 0.30348848395497247, 0.4437491846840481, 0.22549922824264068, 0.3032823238840967, 0.25140544967092165, 1.0, 1.0], [0.08783306595074218, 0.06652626440489112, 