{"model": "LSING", "dataset": "0.5_dim20_pair_gau", "N": 200, "seed": 1230, "metrics": {"TP": 10, "FP": 71, "FN": 0, "TN": 109, "TPR": 1.0, "FDR": 0.8765432098765432, "FPR": 0.39444444444444443, "Hamming": 71}, "omega": [[1.0, 0.7072486971408771, 0.28463766020072995, 0.24724831963436783, 0.2798116542223225, 0.17289467768194536, 0.2548011668372005, 0.34878266865496854, 0.2543752610872254, 0.21911629691967707, 0.17260522827443228, 0.1016304247299398, 0.2224124327939269, 0.1274456601782067, 0.13084279872124893, 0.17299451483344774, 0.24413602519188426, 0.47124340381544344, 0.21391622422167134, 0.15110079475261715], [0.7072486971408771, 1.0, 0.12960261264172124, 0.1319621304965833, 0.14560404114209433, 0.09588480479689378, 0.22025334228733162, 0.3322155063871407, 0.1960286557410975, 0.30118229922534273, 0.15607961972531148, 0.15652521817651158, 0.12526395182472025, 0.12170149903384671, 0.12886122255255975, 0.11060303471034609, 0.3277870023509846, 0.41740496636907426, 0.17630903409404478, 0.11203554249516909], [0.28463766020072995, 0.12960261264172124, 1.0, 0.4596142809834532, 0.27239079806843813, 0.09849476128737651, 0.22401673707047018, 0.23960378254862183, 0.36643659254450983, 0.2789462197930084, 0.1370973466983756, 0.21380579145844145, 0.13411006533768835, 0.10889369575633338, 0.12300895211125586, 0.18196534248059557, 0.27359772906372964, 0.38418108620943897, 0.15355042828522164, 0.10778884780381577], [0.24724831963436783, 0.1319621304965833, 0.4596142809834532, 1.0, 0.1747728406801741, 0.17702352268185953, 0.18414089402683892, 0.3201511763717374, 0.21129015861721576, 0.1514993070621296, 0.1514141107755464, 0.1520174968061042, 0.1461959233656337, 0.1440518067288976, 0.1305497619423367, 0.20421148017577695, 0.2074575971943789, 0.20006716179859357, 0.15698028834776662, 0.2395926949977784], [0.2798116542223225, 0.14560404114209433, 0.27239079806843813, 0.1747728406801741, 1.0, 0.42172693152931034, 0.12102947992832401, 0.4729911348333067, 0.2534083963805027, 0.18212517728350494, 0.11541043403773062, 0.09745889455135198, 0.156364202719724, 0.1774994435033355, 0.11130941765518931, 0.1143184843504177, 0.19461935613010478, 0.2943263254058278, 0.1707195007662595, 0.1695371440218817], [0.17289467768194536, 0.09588480479689378, 0.09849476128737651, 0.17702352268185953, 0.42172693152931034, 1.0, 0.15085511089775921, 0.3584619378229523, 0.2603989950153096, 0.1092469212860784, 0.16891954473502085, 0.09666518106099188, 0.10592901899802265, 0.08505554658628614, 0.06899595006960257, 0.1597618786116467, 0.1796433614723517, 0.21920149320626026, 0.12186785770626257, 0.08355463466739452], [0.2548011668372005, 0.22025334228733162, 0.22401673707047018, 0.18414089402683892, 0.12102947992832401, 0.15085511089775921, 1.0, 0.7551994407454491, 0.4177994107205128, 0.13989455035296555, 0.17218944511780399, 0.12622474297543487, 0.2643363773113078, 0.1298072403932086, 0.22079682905430562, 0.17888142157265943, 0.3397956221535835, 0.2634654710053658, 0.19201847402423725, 0.09050102500434193], [0.34878266865496854, 0.3322155063871407, 0.23960378254862183, 0.3201511763717374, 0.4729911348333067, 0.3584619378229523, 0.7551994407454491, 1.0, 0.42794778167699654, 0.22772681322173713, 0.3208760940688097, 0.33683000881887903, 0.24622462460731528, 0.2868165266597852, 0.2945637352231707, 0.30470376591956605, 0.47846078638268935, 0.7811813489503366, 0.3497483451395189, 0.1930007591301705], [0.2543752610872254, 0.1960286557410975, 0.36643659254450983, 0.21129015861721576, 0.2534083963805027, 0.2603989950153096, 0.4177994107205128, 0.42794778167699654, 1.0, 1.0, 0.26169629144204853, 0.18400282942188254, 0.23447821592179566, 0.22827299430140754, 0.1332463337745447, 0.3909254731008751, 0.44450561980650416, 0.2455175113220923, 0.2730713315048133, 0.2164839912567434], [0.21911629691967707, 0.30118229922534273, 0.2789462197930084, 0.1514993070621296, 0.18212517728350494, 0.1092469212860784, 0.13989455035296555, 0.22772681322173713, 1.0, 1.0, 0.19027878810299287, 0.12735910538283413, 0.16468003235475998, 0.13495448639845864, 0.09490696038751846, 0.1759982420971949, 0.1858216759151725, 0.22181677399163607, 0.10869056463500251, 0.10371941580459004], [0.17260522827443228, 0.15607961972531148, 0.1370973466983756, 0.1514141107755464, 0.11541043403773062, 0.16891954473502085, 0.17218944511780399, 0.3208760940688097, 0.26169629144204853, 0.19027878810299287, 1.0, 0.623304055034455, 0.29127852796558834, 0.1548056109394908, 0.13062352253654827, 0.09335640235146292, 0.1595083256230076, 0.31579573664673655, 0.1078585555765416, 0.1785007136749962], [0.1016304247299398, 0.15652521817651158, 0.21380579145844145, 0.1520174968061042, 0.09745889455135198, 0.09666518106099188, 0.12622474297543487, 0.33683000881887903, 0.18400282942188254, 0.12735910538283413, 0.623304055034455, 1.0, 0.18358448818185147, 0.10073229905429927, 0.11512966924768704, 0.15194593480132607, 0.2987919405720595, 0.18145932255351943, 0.1457207139638023, 0.1148655509204968], [0.2224124327939269, 0.12526395182472025, 0.13411006533768835, 0.1461959233656337, 0.156364202719724, 0.10592901899802265, 0.2643363773113078, 0.24622462460731528, 0.23447821592179566, 0.16468003235475998, 0.29127852796558834, 0.18358448818185147, 1.0, 0.43960321189924734, 0.10147624344271647, 0.12160164674575615, 0.2084473635590212, 0.240684201939887, 0.16630972068968472, 0.27283888648839416], [0.1274456601782067, 0.12170149903384671, 0.10889369575633338, 0.1440518067288976, 0.1774994435033355, 0.08505554658628614, 0.1298072403932086, 0.2868165266597852, 0.22827299430140754, 0.13495448639845864, 0.1548056109394908, 0.10073229905429927, 0.43960321189924734, 1.0, 0.11825857231155348, 0.13470828222338196, 0.1883495164147671, 0.23902787320976165, 0.12403539064491644, 0.273196541362256], [0.13084279872124893, 0.12886122255255975, 0.12300895211125586, 0.1305497619423367, 0.11130941765518931, 0.06899595006960257, 0.22079682905430562, 0.2945637352231707, 0.1332463337745447, 0.09490696038751846, 0.13062352253654827, 0.11512966924768704, 0.10147624344271647, 0.11825857231155348, 1.0, 0.4067417092289867, 0.2832847519490098, 0.15434404717190559, 0.20957374520030142, 0.09733504320269862], [0.17299451483344774, 0.11060303471034609, 0.18196534248059557, 0.20421148017577695, 0.1143184843504177, 0.1597618786116467, 0.17888142157265943, 0.30470376591956605, 0.3909254731008751, 0.1759982420971949, 0.09335640235146292, 0.15194593480132607, 0.12160164674575615, 0.13470828222338196, 0.4067417092289867, 1.0, 0.17840810046020375, 0.1916139638416576, 0.11349995063958594, 0.17590089491444846], [0.24413602519188426, 0.3277870023509846, 0.27359772906372964, 0.2074575971943789, 0.19461935613010478, 0.1796433614723517, 0.3397956221535835, 0.47846078638268935, 0.44450561980650416, 0.1858216759151725, 0.1595083256230076, 0.2987919405720595, 0.2084473635590212, 0.1883495164147671, 0.2832847519490098, 0.17840810046020375, 1.0, 0.9416135173123062, 0.17356315860998048, 0.16363774959741972], [0.47124340381544344, 0.41740496636907426, 0.38418108620943897, 0.20006716179859357, 0.2943263254058278, 0.21920149320626026, 0.2634654710053658, 0.7811813489503366, 0.2455175113220923, 0.22181677399163607, 0.31579573664673655, 0.18145932255351943, 0.240684201939887, 0.23902787320976165, 0.15434404717190559, 0.1916139638416576, 0.9416135173123062, 1.0, 0.12624488599015826, 0.15184722532564326], [0.21391622422167134, 0.17630903409404478, 0.15355042828522164, 0.15698028834776662, 0.1707195007662595, 0.12186785770626257, 0.19201847402423725, 0.3497483451395189, 0.2730713315048133, 0.10869056463500251, 0.1078585555765416, 0.1457207139638023, 0.16630972068968472, 0.12403539064491644, 0.20957374520030142, 0.11349995063958594, 0.17356315860998048, 0.12624488599015826, 1.0, 0.37178239652938616], [0.15110079475261715, 0.11203554249516909, 0.10778884780381577, 0.2395926949977784, 0.1695371440218817, 0.08355463466739452, 0.09050102500434193, 0.1930007591301705, 0.2164839912567434, 0.10371941580459004, 0.1785007136749962, 