{"model": "LSING", "dataset": "0.5_dim20_pair_gau", "N": 200, "seed": 12340, "metrics": {"TP": 8, "FP": 81, "FN": 2, "TN": 99, "TPR": 0.8, "FDR": 0.9101123595505618, "FPR": 0.45, "Hamming": 83}, "omega": [[1.0, 0.6848620852505694, 0.0828314040978208, 0.06294465844407698, 0.06600550131922966, 0.08632837818581816, 0.2572828760491496, 0.10144072795912984, 0.16595489974377323, 0.15977469487178064, 0.18456077370490748, 0.10449471029491145, 0.2708230503342563, 0.1818541522431119, 0.2468481793058108, 0.4526502974087511, 0.30004515367142126, 0.10021068910180486, 0.10528482608875911, 0.5380135178943131], [0.6848620852505694, 1.0, 0.1607621616732038, 0.11191005921791644, 0.21762508811176762, 0.15314336615909127, 0.1833092350291658, 0.15947082503010077, 0.1451449955048966, 0.17745706956380738, 0.1739353927214381, 0.17799823782543905, 0.37712907473738105, 0.2118869111982929, 0.2852138149849236, 0.4051091329567008, 0.1818942946938975, 0.2222721644383925, 0.20031914768154346, 0.6185100791999815], [0.0828314040978208, 0.1607621616732038, 1.0, 0.08665217867325817, 0.08454993311550363, 0.06865417357676774, 0.24108440423435784, 0.1528444305358699, 0.15665617255328723, 0.11562399200603923, 0.14019402907286097, 0.1700317293550172, 0.20134553857693574, 0.2677664337134661, 0.13863999342320352, 0.15009274000372932, 0.26666655893116437, 0.11098912711020921, 0.09170647746772423, 0.3782620503240029], [0.06294465844407698, 0.11191005921791644, 0.08665217867325817, 1.0, 0.05960291213318037, 0.058788072054746766, 0.15041481427459877, 0.049362222881829176, 0.0917680424814527, 0.08843131397690429, 0.12484911879316352, 0.10575635423992427, 0.2814739813493432, 0.19824091717779563, 0.09418839188531604, 0.2003680427975669, 0.210432207090709, 0.07216454705678023, 0.04621808340810988, 0.4330237063968586], [0.06600550131922966, 0.21762508811176762, 0.08454993311550363, 0.05960291213318037, 1.0, 0.07525253319938736, 0.24478458934759176, 0.059133583863294065, 0.11311761166642965, 0.09180295815616585, 0.12387768566876411, 0.12935155767501572, 0.36785986673679, 0.15312686641625828, 0.15444486759617482, 0.1954678357447916, 0.1927643323645784, 0.07970520182534066, 0.0547753366241362, 0.2754973535162254], [0.08632837818581816, 0.15314336615909127, 0.06865417357676774, 0.058788072054746766, 0.07525253319938736, 1.0, 0.21204024684952685, 0.04189166795712859, 0.10296754181937583, 0.06828880584496778, 0.12656574935256368, 0.1810229086745668, 0.167141304456193, 0.15189189840640752, 0.09507690075720293, 0.19087020798733859, 0.2006505344032151, 0.07144129777524094, 0.07463252382700658, 0.491416473590462], [0.2572828760491496, 0.1833092350291658, 0.24108440423435784, 0.15041481427459877, 0.24478458934759176, 0.21204024684952685, 1.0, 0.20336273978933905, 0.37709739239421936, 0.1892929323713789, 0.1927164795642098, 0.31099361704636913, 0.24434415462491085, 0.3652711953862565, 0.19659778443661985, 0.28962136894713747, 0.3339665884311037, 0.18364006069878988, 0.28108484426127295, 0.4360220825222606], [0.10144072795912984, 0.15947082503010077, 0.1528444305358699, 0.049362222881829176, 0.059133583863294065, 0.04189166795712859, 0.20336273978933905, 1.0, 0.08981974935223945, 0.10374364777631695, 0.09516325717912574, 0.09642808886229567, 0.2074088090571744, 0.12256531653953674, 0.13705867265997576, 0.2548165064460752, 0.27298326029406644, 0.08277586121160008, 0.05651690043784654, 0.28533136235453527], [0.16595489974377323, 0.1451449955048966, 0.15665617255328723, 0.0917680424814527, 0.11311761166642965, 0.10296754181937583, 0.37709739239421936, 0.08981974935223945, 1.0, 0.43620746526381127, 0.15888197114387992, 0.48439407007044116, 0.2768077456652131, 0.401325134519764, 0.13818040187598377, 0.5424834993452992, 0.3098468114634519, 0.1914580056265896, 0.19134743911225083, 0.5318226593658336], [0.15977469487178064, 0.17745706956380738, 0.11562399200603923, 0.08843131397690429, 0.09180295815616585, 0.06828880584496778, 0.1892929323713789, 0.10374364777631695, 0.43620746526381127, 1.0, 0.25798568302572517, 0.1835255047624428, 0.22805006333023797, 0.21725315239821053, 0.2115046561798077, 0.18766410329120678, 0.1680007918660736, 0.19793456756205474, 0.14575937662603775, 0.3866427545186397], [0.18456077370490748, 0.1739353927214381, 0.14019402907286097, 0.12484911879316352, 0.12387768566876411, 0.12656574935256368, 0.1927164795642098, 0.09516325717912574, 0.15888197114387992, 0.25798568302572517, 1.0, 1.0, 0.33879458441256277, 0.1560540560552344, 0.26988947999092344, 0.28549838868891514, 0.24212132973681832, 0.13383044756867044, 0.1751754722573922, 0.9698958772507483], [0.10449471029491145, 0.17799823782543905, 0.1700317293550172, 0.10575635423992427, 0.12935155767501572, 0.1810229086745668, 0.31099361704636913, 0.09642808886229567, 0.48439407007044116, 0.1835255047624428, 1.0, 1.0, 0.2608109942249583, 0.20866243489719216, 0.11427947320135781, 0.20786150080404459, 0.2565349113484066, 0.14281438783248881, 0.19139207251238285, 0.5039380737143463], [0.2708230503342563, 0.37712907473738105, 0.20134553857693574, 0.2814739813493432, 0.36785986673679, 0.167141304456193, 0.24434415462491085, 0.2074088090571744, 0.2768077456652131, 0.22805006333023797, 0.33879458441256277, 0.2608109942249583, 1.0, 0.6913789618785321, 0.28589574525280564, 0.3499085214135152, 0.2984372975526641, 0.26811425558732865, 0.18802891377040876, 0.7074934101334136], [0.1818541522431119, 0.2118869111982929, 0.2677664337134661, 0.19824091717779563, 0.15312686641625828, 0.15189189840640752, 0.3652711953862565, 0.12256531653953674, 0.401325134519764, 0.21725315239821053, 0.1560540560552344, 0.20866243489719216, 0.6913789618785321, 1.0, 0.29234659757977294, 0.21017986411709486, 0.26296298217598185, 0.2865562466253289, 0.23287798838863907, 0.6747149511115204], [0.2468481793058108, 0.2852138149849236, 0.13863999342320352, 0.09418839188531604, 0.15444486759617482, 0.09507690075720293, 0.19659778443661985, 0.13705867265997576, 0.13818040187598377, 0.2115046561798077, 0.26988947999092344, 0.11427947320135781, 0.28589574525280564, 0.29234659757977294, 1.0, 0.9011163167735018, 0.26245788842117046, 0.19611847627929696, 0.12252230297138839, 0.41572974436452476], [0.4526502974087511, 0.4051091329567008, 0.15009274000372932, 0.2003680427975669, 0.1954678357447916, 0.19087020798733859, 0.28962136894713747, 0.2548165064460752, 0.5424834993452992, 0.18766410329120678, 0.28549838868891514, 0.20786150080404459, 0.3499085214135152, 0.21017986411709486, 0.9011163167735018, 1.0, 0.42997030917630485, 0.24532994966854008, 0.21408400621415674, 0.47728579645803765], [0.30004515367142126, 0.1818942946938975, 0.26666655893116437, 0.210432207090709, 0.1927643323645784, 0.2006505344032151, 0.3339665884311037, 0.27298326029406644, 0.3098468114634519, 0.1680007918660736, 0.24212132973681832, 0.2565349113484066, 0.2984372975526641, 0.26296298217598185, 0.26245788842117046, 0.42997030917630485, 1.0, 0.9695348180947173, 0.17563556786491646, 0.6626160448139702], [0.10021068910180486, 0.2222721644383925, 0.11098912711020921, 0.07216454705678023, 0.07970520182534066, 0.07144129777524094, 0.18364006069878988, 0.08277586121160008, 0.1914580056265896, 0.19793456756205474, 0.13383044756867044, 0.14281438783248881, 0.26811425558732865, 0.2865562466253289, 0.19611847627929696, 0.24532994966854008, 0.9695348180947173, 1.0, 0.1517766256405821, 0.5529812365552679], [0.10528482608875911, 0.20031914768154346, 0.09170647746772423, 0.04621808340810988, 0.0547753366241362, 0.07463252382700658, 0.28108484426127295, 0.05651690043784654, 0.19134743911225083, 0.14575937662603775, 0.1751754722573922, 0.19139207251238285, 0.18802891377040876, 0.23287798838863907, 0.12252230297138839, 0.21408400621415674, 0.17563556786491646, 0.1517766256405821, 1.0, 0.7992733436254174], [0.5380135178943131, 0.6185100791999815, 0.3782620503240029, 0.4330237063968586, 0.2754973535162254, 0.491416473590462, 0.4360220825222606, 0.28533136235453527, 0.5318226593658336, 0.3866427545186397, 0.9698958772507483, 0.5039380737143463, 