{"model": "LSING", "dataset": "0.5_dim20_pair_gau", "N": 200, "seed": 120, "metrics": {"TP": 6, "FP": 14, "FN": 4, "TN": 166, "TPR": 0.6, "FDR": 0.7, "FPR": 0.07777777777777778, "Hamming": 18}, "omega": [[1.0, 0.10672836872394759, 0.029225757187056035, 0.06582345520628659, 0.053562437299057165, 0.029703172750643162, 0.07666249099492889, 0.04187810098920474, 0.0315633295045465, 0.0674077878549108, 0.08559107332479411, 0.06304481955406241, 0.06979330635751956, 0.059519078075426474, 0.025892987255536105, 0.04029019687592007, 0.030389876946585796, 0.06704200039227674, 0.1604937359020022, 0.050928898297554585], [0.10672836872394759, 1.0, 0.0596423533481707, 0.1002814984868878, 0.0786138089575619, 0.04528307334516461, 0.05821793436010623, 0.07894468502681845, 0.032911772786137314, 0.09172302411795125, 0.12317423955334236, 0.09132103202424424, 0.062156363249166374, 0.05404492741490572, 0.055362011690515335, 0.02457174714854342, 0.03407528809761377, 0.13885189506152043, 0.34902395736486097, 0.051341098735709946], [0.029225757187056035, 0.0596423533481707, 1.0, 0.22915467911632056, 0.04422282125634877, 0.06404151423129364, 0.0460864822024548, 0.07311313286735328, 0.025793448115649056, 0.05648400784675586, 0.0853413920998535, 0.04477460802808867, 0.034224940198198876, 0.05832250086112762, 0.039309495974504484, 0.03209570465798996, 0.07218588947225958, 0.1562515497766948, 0.3624359387478288, 0.04191515706869828], [0.06582345520628659, 0.1002814984868878, 0.22915467911632056, 1.0, 0.08541087149585398, 0.11198119902283923, 0.07711148645527902, 0.10059367080475419, 0.04955349080920068, 0.1065619627691808, 0.11810863553286076, 0.08241661255551302, 0.09227804800019586, 0.06584914926888454, 0.09154606743204811, 0.05609986504381883, 0.06002560554409233, 0.13662735553406372, 0.2164666035984363, 0.08403170177019821], [0.053562437299057165, 0.0786138089575619, 0.04422282125634877, 0.08541087149585398, 1.0, 0.11985607678175503, 0.08865603662230669, 0.10532095259856515, 0.04810123106428916, 0.1368135797540731, 0.08994783850259719, 0.19039627309138157, 0.04043239177435923, 0.052062620946842456, 0.04421442525199379, 0.06618885208703904, 0.07368604319082962, 0.09938537713807333, 0.3690681777402112, 0.08577708669083142], [0.029703172750643162, 0.04528307334516461, 0.06404151423129364, 0.11198119902283923, 0.11985607678175503, 1.0, 0.04734443398769394, 0.08073669478101156, 0.03870256787686565, 0.0652764919701747, 0.11201168649906916, 0.13198190114648495, 0.06243591344535214, 0.064243994288484, 0.059137442426624144, 0.03518546739481893, 0.07763192024543691, 0.11808635730461053, 0.36002850649312157, 0.06465644674733932], [0.07666249099492889, 0.05821793436010623, 0.0460864822024548, 0.07711148645527902, 0.08865603662230669, 0.04734443398769394, 1.0, 0.2810020924585912, 0.04272495178914294, 0.08305533341587563, 0.0679110561236082, 0.14549519685897144, 0.07174407810795823, 0.1298810345021198, 0.060814733563073396, 0.07795903106519202, 0.061328859807266455, 0.1133093581523158, 0.2161068626244683, 0.10328241438834733], [0.04187810098920474, 0.07894468502681845, 0.07311313286735328, 0.10059367080475419, 0.10532095259856515, 0.08073669478101156, 0.2810020924585912, 1.0, 0.055841407273306956, 0.09979885173665999, 0.1099265254634245, 0.13382620871015347, 0.07100786539937083, 0.117763967605697, 0.04885305198714326, 0.06468014673380129, 0.06339740554991109, 0.16504895081392926, 0.2986908329898221, 0.13929915449083377], [0.0315633295045465, 0.032911772786137314, 0.025793448115649056, 0.04955349080920068, 0.04810123106428916, 0.03870256787686565, 0.04272495178914294, 0.055841407273306956, 1.0, 0.18191109959567284, 0.06119057976424229, 0.051198431925999946, 0.0395722069708532, 0.05837368114455103, 0.03897494301360144, 0.042828445947106324, 0.03548775266952776, 0.08929977179093869, 0.1953150725439677, 0.055672716063109425], [0.0674077878549108, 0.09172302411795125, 0.05648400784675586, 0.1065619627691808, 0.1368135797540731, 0.0652764919701747, 0.08305533341587563, 0.09979885173665999, 0.18191109959567284, 1.0, 0.15565694860389045, 0.15737296257027925, 0.07481711811666807, 0.06256255234098433, 0.057540858158155454, 0.04856131392933791, 0.1035574984965911, 0.19391570702405267, 0.3414949443804171, 0.079302387745723], [0.08559107332479411, 0.12317423955334236, 0.0853413920998535, 0.11810863553286076, 0.08994783850259719, 0.11201168649906916, 0.0679110561236082, 0.1099265254634245, 0.06119057976424229, 0.15565694860389045, 1.0, 0.5516398888548149, 0.08709296207033443, 0.08351898724355157, 0.0852764591171177, 0.08184761106305247, 0.08951031249426177, 0.1523617709233931, 0.43130475586475664, 0.09008951831490454], [0.06304481955406241, 0.09132103202424424, 0.04477460802808867, 0.08241661255551302, 0.19039627309138157, 0.13198190114648495, 0.14549519685897144, 0.13382620871015347, 0.051198431925999946, 0.15737296257027925, 0.5516398888548149, 1.0, 0.10047127107802736, 0.09478496517519731, 0.06234335457600752, 0.0656719957859408, 0.06691432931624788, 0.12850254352544083, 0.2935469278447747, 0.09275993567612419], [0.06979330635751956, 0.062156363249166374, 0.034224940198198876, 0.09227804800019586, 0.04043239177435923, 0.06243591344535214, 0.07174407810795823, 0.07100786539937083, 0.0395722069708532, 0.07481711811666807, 0.08709296207033443, 0.10047127107802736, 1.0, 0.22205716171661063, 0.04808240682491494, 0.03722219928934259, 0.05495041469634675, 0.08631156737179609, 0.1698770589609235, 0.08687738697741128], [0.059519078075426474, 0.05404492741490572, 0.05832250086112762, 0.06584914926888454, 0.052062620946842456, 0.064243994288484, 0.1298810345021198, 0.117763967605697, 0.05837368114455103, 0.06256255234098433, 0.08351898724355157, 0.09478496517519731, 0.22205716171661063, 1.0, 0.038936246289391796, 0.05605841115290759, 0.039878427182307684, 0.11008000305750308, 0.19615305241608047, 0.07517150942414438], [0.025892987255536105, 0.055362011690515335, 0.039309495974504484, 0.09154606743204811, 0.04421442525199379, 0.059137442426624144, 0.060814733563073396, 0.04885305198714326, 0.03897494301360144, 0.057540858158155454, 0.0852764591171177, 0.06234335457600752, 0.04808240682491494, 0.038936246289391796, 1.0, 0.034997435855048845, 0.08709148408439679, 0.11395194266070016, 0.21157361869643215, 0.11309760252848694], [0.04029019687592007, 0.02457174714854342, 0.03209570465798996, 0.05609986504381883, 0.06618885208703904, 0.03518546739481893, 0.07795903106519202, 0.06468014673380129, 0.042828445947106324, 0.04856131392933791, 0.08184761106305247, 0.0656719957859408, 0.03722219928934259, 0.05605841115290759, 0.034997435855048845, 1.0, 0.038020460297514394, 0.08658361317470882, 0.20315899392758233, 0.06407285416001071], [0.030389876946585796, 0.03407528809761377, 0.07218588947225958, 0.06002560554409233, 0.07368604319082962, 0.07763192024543691, 0.061328859807266455, 0.06339740554991109, 0.03548775266952776, 0.1035574984965911, 0.08951031249426177, 0.06691432931624788, 0.05495041469634675, 0.039878427182307684, 0.08709148408439679, 0.038020460297514394, 1.0, 0.45586056446114376, 0.30880915885715765, 0.08008865216694988], [0.06704200039227674, 0.13885189506152043, 0.1562515497766948, 0.13662735553406372, 0.09938537713807333, 0.11808635730461053, 0.1133093581523158, 0.16504895081392926, 0.08929977179093869, 0.19391570702405267, 0.1523617709233931, 0.12850254352544083, 0.08631156737179609, 0.11008000305750308, 0.11395194266070016, 0.08658361317470882, 0.45586056446114376, 1.0, 0.3204178969895531, 0.12598884287693754], [0.1604937359020022, 0.34902395736486097, 0.3624359387478288, 0.2164666035984363, 0.3690681777402112, 0.36002850649312157, 0.2161068626244683, 0.2986908329898221, 0.1953150725439677, 0.3414949443804171, 0.43130475586475664, 0.2935469278447747, 0.1698770589609235, 0.19615305241608047, 0.21157361869643215, 0.20315899392758233, 0.30880915885715765, 0.3204178969895531, 1.0, 1.0], [0.050928898297554585, 0.051341098735709946, 0.04191515706869828, 0.08403170177019821, 0.08577708669083142, 