{"model": "LSING", "dataset": "dim20_butterfly", "N": 2000, "seed": 12340, "metrics": {"TP": 10, "FP": 0, "FN": 0, "TN": 180, "TPR": 1.0, "FDR": 0.0, "FPR": 0.0, "Hamming": 0}, "omega": [[1.0, 0.3750696989456644, 0.027679761990813963, 0.047054238936712955, 0.02184176819739884, 0.11730938453321377, 0.0209473856067276, 0.074472344562645, 0.018696696688893944, 0.04668107147631464, 0.027568123836403672, 0.04488425722681817, 0.017972181313769355, 0.05821012334654878, 0.018636557985210307, 0.040900746632343866, 0.026717246511732646, 0.051508432061251566, 0.02681152421100156, 0.0577771750524875], [0.3750696989456644, 1.0, 0.06130531935231998, 0.09409264438049457, 0.05254493340796758, 0.19281420515667003, 0.05549874895256858, 0.10947219873812986, 0.04675858717535069, 0.09347241954693992, 0.05421116118765259, 0.08856853266831821, 0.0616068699544011, 0.08813117941532604, 0.04951032419523363, 0.06389070921429656, 0.05535672116768453, 0.06599029353052441, 0.061345807533461055, 0.08945911777690037], [0.027679761990813963, 0.06130531935231998, 1.0, 0.329228317596736, 0.028209693812304645, 0.12010716724514701, 0.018111748366347415, 0.07876858468637973, 0.015579290187007957, 0.053969441039867554, 0.035006541683539186, 0.0693295681678093, 0.022082469618549413, 0.07153251827744445, 0.022079359307046235, 0.035493361444955726, 0.019031209676093227, 0.04950700337195359, 0.029964109486284984, 0.05209614560635277], [0.047054238936712955, 0.09409264438049457, 0.329228317596736, 1.0, 0.0407157443718684, 0.12079477013202614, 0.042458922476103035, 0.09048781966228353, 0.04391841490983462, 0.10249638277613814, 0.04309352451218978, 0.08588558413066473, 0.040616253874724874, 0.08246672551613608, 0.044135293164294064, 0.06304410001590145, 0.04239133240734616, 0.06463876281338572, 0.04175859415231244, 0.06721020025552281], [0.02184176819739884, 0.05254493340796758, 0.028209693812304645, 0.0407157443718684, 1.0, 1.0, 0.03581593089612903, 0.08232166185069853, 0.026695300658994486, 0.0562809129777876, 0.03292079701298464, 0.061255194994592914, 0.027645927109563477, 0.07181886090730263, 0.026258307531506306, 0.050218321162324296, 0.03574581543787755, 0.062439994369832455, 0.025441140660589084, 0.058149436560417524], [0.11730938453321377, 0.19281420515667003, 0.12010716724514701, 0.12079477013202614, 1.0, 1.0, 0.12535818578833552, 0.17396046668223492, 0.12720340120629983, 0.16252093193780145, 0.13518459434879812, 0.16282195776409594, 0.1325285007233365, 0.19419816671669027, 0.13184358900397627, 0.14118856164171567, 0.11355228837669087, 0.169549026995922, 0.1211361427958401, 0.18738165704549656], [0.0209473856067276, 0.05549874895256858, 0.018111748366347415, 0.042458922476103035, 0.03581593089612903, 0.12535818578833552, 1.0, 0.5230113370455822, 0.020058070335256604, 0.049904257138764105, 0.032573593924779286, 0.056883650297306985, 0.016443312468488642, 0.06825890527067478, 0.019231385324713995, 0.030461485661483517, 0.046883154511999356, 0.0500209904300023, 0.02352322875962335, 0.05047397042328782], [0.074472344562645, 0.10947219873812986, 0.07876858468637973, 0.09048781966228353, 0.08232166185069853, 0.17396046668223492, 0.5230113370455822, 1.0, 0.06596298037930397, 0.09252084015466673, 0.07694982082500625, 0.10604183415134, 0.06993882571370319, 0.10188300859726487, 0.06679838433654765, 0.09273302700381318, 0.07446740956513308, 0.09548821716866447, 0.07216192894274814, 0.10180476136980422], [0.018696696688893944, 0.04675858717535069, 0.015579290187007957, 0.04391841490983462, 0.026695300658994486, 0.12720340120629983, 0.020058070335256604, 0.06596298037930397, 1.0, 0.4521658540250471, 0.02342135534434849, 0.043805530976801954, 0.016750007828030787, 0.06601217698155729, 0.014160321270322853, 0.0403163215819284, 0.03346862835013103, 0.04525588644758983, 0.02491987139871639, 0.04247881809450008], [0.04668107147631464, 0.09347241954693992, 0.053969441039867554, 0.10249638277613814, 0.0562809129777876, 0.16252093193780145, 0.049904257138764105, 0.09252084015466673, 0.4521658540250471, 1.0, 0.07889547592267944, 0.10614629610964252, 0.06556338692445915, 0.08679025849174134, 0.06138351695914752, 0.08692949098095974, 0.0675218388826824, 0.09583102056073337, 0.06275910315775965, 0.10193238563818408], [0.027568123836403672, 0.05421116118765259, 0.035006541683539186, 0.04309352451218978, 0.03292079701298464, 0.13518459434879812, 0.032573593924779286, 0.07694982082500625, 0.02342135534434849, 0.07889547592267944, 1.0, 0.5055503956111735, 0.01858806321418451, 0.06502447752751296, 0.030074967995293102, 0.04741143983066384, 0.028538624478278138, 0.05483408959388441, 0.029719497057051375, 0.0491244854295236], [0.04488425722681817, 0.08856853266831821, 0.0693295681678093, 0.08588558413066473, 0.061255194994592914, 0.16282195776409594, 0.056883650297306985, 0.10604183415134, 0.043805530976801954, 0.10614629610964252, 0.5055503956111735, 1.0, 0.051328459904501515, 0.10170456077132765, 0.04781218207834813, 0.09959052933258468, 0.057166235291948135, 0.09736003074963569, 0.0617387473125014, 0.08466060707915499], [0.017972181313769355, 0.0616068699544011, 0.022082469618549413, 0.040616253874724874, 0.027645927109563477, 0.1325285007233365, 0.016443312468488642, 0.06993882571370319, 0.016750007828030787, 0.06556338692445915, 0.01858806321418451, 0.051328459904501515, 1.0, 0.34459195651221247, 0.01195525777281355, 0.03865456417019066, 0.02110738733821704, 0.05587554999660114, 0.028486107052744784, 0.044328005042683305], [0.05821012334654878, 0.08813117941532604, 0.07153251827744445, 0.08246672551613608, 0.07181886090730263, 0.19419816671669027, 0.06825890527067478, 0.10188300859726487, 0.06601217698155729, 0.08679025849174134, 0.06502447752751296, 0.10170456077132765, 0.34459195651221247, 1.0, 0.06373577442609347, 0.08833475332548762, 0.07293727840101895, 0.09258030070969775, 0.0668906403709309, 0.08493491595365425], [0.018636557985210307, 0.04951032419523363, 0.022079359307046235, 0.044135293164294064, 0.026258307531506306, 0.13184358900397627, 0.019231385324713995, 0.06679838433654765, 0.014160321270322853, 0.06138351695914752, 0.030074967995293102, 0.04781218207834813, 0.01195525777281355, 0.06373577442609347, 1.0, 0.2626362220204437, 0.0209222162924062, 0.03679869309717809, 0.02005191812857773, 0.041120849476128214], [0.040900746632343866, 0.06389070921429656, 0.035493361444955726, 0.06304410001590145, 0.050218321162324296, 0.14118856164171567, 0.030461485661483517, 0.09273302700381318, 0.0403163215819284, 0.08692949098095974, 0.04741143983066384, 0.09959052933258468, 0.03865456417019066, 0.08833475332548762, 0.2626362220204437, 1.0, 0.05318719732090443, 0.07313785101470466, 0.04402868699317861, 0.0712947602620311], [0.026717246511732646, 0.05535672116768453, 0.019031209676093227, 0.04239133240734616, 0.03574581543787755, 0.11355228837669087, 0.046883154511999356, 0.07446740956513308, 0.03346862835013103, 0.0675218388826824, 0.028538624478278138, 0.057166235291948135, 0.02110738733821704, 0.07293727840101895, 0.0209222162924062, 0.05318719732090443, 1.0, 0.307583400465539, 0.02467512439231114, 0.06289821685818968], [0.051508432061251566, 0.06599029353052441, 0.04950700337195359, 0.06463876281338572, 0.062439994369832455, 0.169549026995922, 0.0500209904300023, 0.09548821716866447, 0.04525588644758983, 0.09583102056073337, 0.05483408959388441, 0.09736003074963569, 0.05587554999660114, 0.09258030070969775, 0.03679869309717809, 0.07313785101470466, 0.307583400465539, 1.0, 0.06144236327088676, 0.08102613929545029], [0.02681152421100156, 0.061345807533461055, 0.029964109486284984, 0.04175859415231244, 0.025441140660589084, 0.1211361427958401, 0.02352322875962335, 0.07216192894274814, 0.02491987139871639, 0.06275910315775965, 0.029719497057051375, 0.0617387473125014, 0.028486107052744784, 0.0668906403709309, 0.02005191812857773, 0.04402868699317861, 0.02467512439231114, 0.06144236327088676, 1.0, 0.42693877226476307], [0.0577771750524875, 0.08945911777690037, 0.05209614560635277, 0.06721020025552281, 