{"model": "LSING", "dataset": "dim20_butterfly", "N": 2000, "seed": 120, "metrics": {"TP": 10, "FP": 0, "FN": 0, "TN": 180, "TPR": 1.0, "FDR": 0.0, "FPR": 0.0, "Hamming": 0}, "omega": [[1.0, 0.5849304687518727, 0.03675233426015332, 0.13547444231563577, 0.02291711482380156, 0.08648326868136656, 0.029812194352060024, 0.07647024322304627, 0.019948188600432272, 0.06741180800888792, 0.025061245671026328, 0.07531180712469704, 0.025036610062821874, 0.12393601045024673, 0.02240279255972898, 0.0629233421884585, 0.03886881152881186, 0.07268212413735421, 0.01836862408863702, 0.055062807063173035], [0.5849304687518727, 1.0, 0.09199645416089901, 0.1505458367341013, 0.07815722458347335, 0.112379251222539, 0.0788442712368365, 0.08560699161161404, 0.06378584476282587, 0.12496454002603968, 0.08351845341793745, 0.14009944938803212, 0.06158030486147744, 0.15830268954885324, 0.05917667002136576, 0.11787505157214792, 0.10424187220159806, 0.1147837792989613, 0.07259306433136152, 0.11886193070714421], [0.03675233426015332, 0.09199645416089901, 1.0, 1.0, 0.03345399040017454, 0.08185077651482288, 0.04066213889075367, 0.06616027982101082, 0.03693174849944968, 0.06869668651239252, 0.04253032661649277, 0.0802084089160753, 0.04936955908845634, 0.103843673484605, 0.03995617597982483, 0.0891985855177132, 0.07034882317661335, 0.11454951394301177, 0.041274195152249, 0.09320247016850779], [0.13547444231563577, 0.1505458367341013, 1.0, 1.0, 0.1040451265396247, 0.15809658563473095, 0.11856953903473583, 0.13554523694664783, 0.11641336645750062, 0.17421475595932215, 0.11776039460979149, 0.14225465900375944, 0.10321430370284819, 0.19666560990906462, 0.09353717184438946, 0.15075809531022896, 0.10468389414729107, 0.15761933361978203, 0.127743018468765, 0.16032226669575877], [0.02291711482380156, 0.07815722458347335, 0.03345399040017454, 0.1040451265396247, 1.0, 0.47787239583360813, 0.045218018141245035, 0.07698616351326108, 0.023169831916745973, 0.0706391475911467, 0.030219777703709098, 0.06913553973054053, 0.03489601018250197, 0.12630618850247025, 0.026440356365256976, 0.0623178938027506, 0.0380258329519051, 0.07392742087128576, 0.02436194622759622, 0.07291143429313748], [0.08648326868136656, 0.112379251222539, 0.08185077651482288, 0.15809658563473095, 0.47787239583360813, 1.0, 0.06629253721339307, 0.09176346270314775, 0.06743697362281466, 0.12268327856048479, 0.05603893438430789, 0.11989156834823389, 0.062006938267692324, 0.1562351565419625, 0.0654518689903193, 0.10447022033810585, 0.06882624912012454, 0.1048922236143308, 0.0760712822400455, 0.11419650092276211], [0.029812194352060024, 0.0788442712368365, 0.04066213889075367, 0.11856953903473583, 0.045218018141245035, 0.06629253721339307, 1.0, 0.5153429203544826, 0.03284599798699964, 0.060902395035650383, 0.04775294270106911, 0.07332963943057745, 0.030364890914891224, 0.12043712844290398, 0.046622908313807894, 0.08337494294405955, 0.05097938386473909, 0.06960740123395659, 0.05071494728526339, 0.06219461023170007], [0.07647024322304627, 0.08560699161161404, 0.06616027982101082, 0.13554523694664783, 0.07698616351326108, 0.09176346270314775, 0.5153429203544826, 1.0, 0.08534042464469284, 0.13163180660579082, 0.07625560833681796, 0.11296965781029021, 0.08453504396705105, 0.138136240351936, 0.06620140261166618, 0.13700879898822632, 0.08062965275298974, 0.11280667045057147, 0.09514288094957005, 0.11445048531827803], [0.019948188600432272, 0.06378584476282587, 0.03693174849944968, 0.11641336645750062, 0.023169831916745973, 0.06743697362281466, 0.03284599798699964, 0.08534042464469284, 1.0, 0.5298838313388334, 0.036431978072488304, 0.08213407187568816, 0.03431371244674371, 0.08194506288391165, 0.041151844391269704, 0.060826214604267445, 0.035929021015566415, 0.10817278660678008, 0.029079018827325904, 0.07182083704277664], [0.06741180800888792, 0.12496454002603968, 0.06869668651239252, 0.17421475595932215, 0.0706391475911467, 0.12268327856048479, 0.060902395035650383, 0.13163180660579082, 0.5298838313388334, 1.0, 0.09375888289590559, 0.145867068707933, 0.06306433595960889, 0.12481318735193665, 0.07568751569664947, 0.16428748212905506, 0.08511051428687383, 0.11116979041329343, 0.07646840210094608, 0.10950815604652915], [0.025061245671026328, 0.08351845341793745, 0.04253032661649277, 0.11776039460979149, 0.030219777703709098, 0.05603893438430789, 0.04775294270106911, 0.07625560833681796, 0.036431978072488304, 0.09375888289590559, 1.0, 0.5445717456525511, 0.02701249683579517, 0.1323020636201042, 0.022877096329513354, 0.07617468470755767, 0.04510007043224843, 0.0646160749354258, 0.026707571588066067, 0.06771149114668643], [0.07531180712469704, 0.14009944938803212, 0.0802084089160753, 0.14225465900375944, 0.06913553973054053, 0.11989156834823389, 0.07332963943057745, 0.11296965781029021, 0.08213407187568816, 0.145867068707933, 0.5445717456525511, 1.0, 0.08917566759916518, 0.1442768744013715, 0.07948085851874043, 0.16572934644303727, 0.07855319868978138, 0.11993981441579685, 0.06844151961522063, 0.10815892448378216], [0.025036610062821874, 0.06158030486147744, 0.04936955908845634, 0.10321430370284819, 0.03489601018250197, 0.062006938267692324, 0.030364890914891224, 0.08453504396705105, 0.03431371244674371, 0.06306433595960889, 0.02701249683579517, 0.08917566759916518, 1.0, 0.7921279151784608, 0.037075825254997107, 0.08980560554705629, 0.05481398327448552, 0.09279049601389716, 0.030675909579519975, 0.06792600825386533], [0.12393601045024673, 0.15830268954885324, 0.103843673484605, 0.19666560990906462, 0.12630618850247025, 0.1562351565419625, 0.12043712844290398, 0.138136240351936, 0.08194506288391165, 0.12481318735193665, 0.1323020636201042, 0.1442768744013715, 0.7921279151784608, 1.0, 0.0865285052586593, 0.11933868522338845, 0.11955354247646202, 0.13379305781563605, 0.11528979201554078, 0.16664311211309696], [0.02240279255972898, 0.05917667002136576, 0.03995617597982483, 0.09353717184438946, 0.026440356365256976, 0.0654518689903193, 0.046622908313807894, 0.06620140261166618, 0.041151844391269704, 0.07568751569664947, 0.022877096329513354, 0.07948085851874043, 0.037075825254997107, 0.0865285052586593, 1.0, 0.6512560010592803, 0.05300297869057768, 0.06977856057523876, 0.027460593353739925, 0.062250637254382436], [0.0629233421884585, 0.11787505157214792, 0.0891985855177132, 0.15075809531022896, 0.0623178938027506, 0.10447022033810585, 0.08337494294405955, 0.13700879898822632, 0.060826214604267445, 0.16428748212905506, 0.07617468470755767, 0.16572934644303727, 0.08980560554705629, 0.11933868522338845, 0.6512560010592803, 1.0, 0.09275128030160965, 0.11129523169652893, 0.06223206773833818, 0.09785896382085398], [0.03886881152881186, 0.10424187220159806, 0.07034882317661335, 0.10468389414729107, 0.0380258329519051, 0.06882624912012454, 0.05097938386473909, 0.08062965275298974, 0.035929021015566415, 0.08511051428687383, 0.04510007043224843, 0.07855319868978138, 0.05481398327448552, 0.11955354247646202, 0.05300297869057768, 0.09275128030160965, 1.0, 0.5836480075455779, 0.04159730642743753, 0.06531025805695007], [0.07268212413735421, 0.1147837792989613, 0.11454951394301177, 0.15761933361978203, 0.07392742087128576, 0.1048922236143308, 0.06960740123395659, 0.11280667045057147, 0.10817278660678008, 0.11116979041329343, 0.0646160749354258, 0.11993981441579685, 0.09279049601389716, 0.13379305781563605, 0.06977856057523876, 0.11129523169652893, 0.5836480075455779, 1.0, 0.0630405097290319, 0.09892005694822445], [0.01836862408863702, 0.07259306433136152, 0.041274195152249, 0.127743018468765, 0.02436194622759622, 0.0760712822400455, 0.05071494728526339, 0.09514288094957005, 0.029079018827325904, 0.07646840210094608, 0.026707571588066067, 0.06844151961522063, 0.030675909579519975, 0.11528979201554078, 0.027460593353739925, 0.06223206773833818, 0.04159730642743753, 0.0630405097290319, 1.0, 0.5001730466327697], [0.055062807063173035, 0.11886193070714421, 0.09320247016850779, 0.16032226669575877, 0.07291143429313748, 0.11419650092276211, 0.06219461023170007, 