{"model": "LSING", "dataset": "dim20_butterfly", "N": 2000, "seed": 123450, "metrics": {"TP": 10, "FP": 1, "FN": 0, "TN": 179, "TPR": 1.0, "FDR": 0.09090909090909091, "FPR": 0.005555555555555556, "Hamming": 1}, "omega": [[1.0, 0.5350898411868344, 0.027406845162953396, 0.07367531624936431, 0.02879844295343896, 0.12154507351819954, 0.03615107236672417, 0.06438763874711821, 0.03835521427972782, 0.06093801923767449, 0.04457903550995745, 0.1129396230583736, 0.03754012747594871, 0.06747988207258923, 0.03134616992049311, 0.09298177609486595, 0.029038274948363977, 0.11197744097727641, 0.029440457141805678, 0.11502783036954985], [0.5350898411868344, 1.0, 0.07344749200837612, 0.13478161783091952, 0.08558189013388724, 0.16673449949311533, 0.08194949733011003, 0.12220758778264142, 0.08004157895038379, 0.09789361578363655, 0.09794792885501317, 0.14858753262819915, 0.07949009704495276, 0.14018859454147078, 0.06699050923924525, 0.15671421720118928, 0.09115143981915742, 0.17584452988641427, 0.08072678722826412, 0.1266092069844627], [0.027406845162953396, 0.07344749200837612, 1.0, 0.721709227854044, 0.021773864911160956, 0.1120941961186759, 0.044251288560881036, 0.06720666513925393, 0.0399000366090116, 0.06894382497678882, 0.03846694296016657, 0.0980861614884955, 0.0256383759380651, 0.10443691908247668, 0.03409875885056027, 0.07638060839205744, 0.03270680531797167, 0.0858835676018328, 0.03443273420235865, 0.09848337320661892], [0.07367531624936431, 0.13478161783091952, 0.721709227854044, 1.0, 0.0935752705594815, 0.14194478016649645, 0.11639249789965198, 0.11997678387379104, 0.12051339226021261, 0.1277980900945965, 0.08566159735958273, 0.14848539148902903, 0.08482224194617141, 0.13119079669939257, 0.0960685304946423, 0.14919011542877156, 0.08078234831292025, 0.16160858936951714, 0.08827843860223483, 0.17342106072003097], [0.02879844295343896, 0.08558189013388724, 0.021773864911160956, 0.0935752705594815, 1.0, 0.8734468066508032, 0.032691795333958745, 0.07288318122625241, 0.038230057209675206, 0.07825834292911693, 0.045325499078877556, 0.10616173525222007, 0.025501705070733474, 0.06984414292298464, 0.03592115916145227, 0.14920012519509362, 0.0317122460400282, 0.09935422987484578, 0.039347158561622096, 0.08689771835552924], [0.12154507351819954, 0.16673449949311533, 0.1120941961186759, 0.14194478016649645, 0.8734468066508032, 1.0, 0.10073793135701153, 0.1543807589514464, 0.15680171576212498, 0.14374408873261513, 0.120883597320878, 0.1555340445239258, 0.10787871926385897, 0.17359550265094817, 0.09820420779877387, 0.15425388615472635, 0.13140510857230323, 0.17388081948125683, 0.11505080547756807, 0.16185506149490958], [0.03615107236672417, 0.08194949733011003, 0.044251288560881036, 0.11639249789965198, 0.032691795333958745, 0.10073793135701153, 1.0, 0.522716006464998, 0.057998440594577226, 0.09534829853194261, 0.051827962017921864, 0.11907312661729691, 0.03653268916750787, 0.0989321541164554, 0.06078443779040569, 0.07081970673899365, 0.038438784514752, 0.11032644887530163, 0.035985153083501635, 0.10940384397794263], [0.06438763874711821, 0.12220758778264142, 0.06720666513925393, 0.11997678387379104, 0.07288318122625241, 0.1543807589514464, 0.522716006464998, 1.0, 0.11099853435186643, 0.09888927377981298, 0.09062353253466579, 0.11891284205571291, 0.08827909643353356, 0.14154388097736076, 0.09056679808425343, 0.14422200083840367, 0.08960557592365066, 0.15769425986859387, 0.07185798497184864, 0.13231796963514175], [0.03835521427972782, 0.08004157895038379, 0.0399000366090116, 0.12051339226021261, 0.038230057209675206, 0.15680171576212498, 0.057998440594577226, 0.11099853435186643, 1.0, 0.5773518444012687, 0.06664933273418742, 0.11549454301411434, 0.05881911779802795, 0.10600181343094442, 0.07075330893342181, 0.1096231234102527, 0.08423910949087833, 0.07980844307156867, 0.03704798685240637, 0.10349799786944772], [0.06093801923767449, 0.09789361578363655, 0.06894382497678882, 0.1277980900945965, 0.07825834292911693, 0.14374408873261513, 0.09534829853194261, 0.09888927377981298, 0.5773518444012687, 1.0, 0.07603989085263091, 0.12496675152659317, 0.07480032673967406, 0.1330681259237281, 0.07576942421398071, 0.15934260314986048, 0.05697018262535227, 0.1395119847251759, 0.06219109338597377, 0.1329966929094389], [0.04457903550995745, 0.09794792885501317, 0.03846694296016657, 0.08566159735958273, 0.045325499078877556, 0.120883597320878, 0.051827962017921864, 0.09062353253466579, 0.06664933273418742, 0.07603989085263091, 1.0, 1.0, 0.061232089656452875, 0.09018271324973197, 0.06180677061247192, 0.1092984183477491, 0.029496802025456036, 0.10677232516602962, 0.04445413270803094, 0.09849362091192139], [0.1129396230583736, 0.14858753262819915, 0.0980861614884955, 0.14848539148902903, 0.10616173525222007, 0.1555340445239258, 0.11907312661729691, 0.11891284205571291, 0.11549454301411434, 0.12496675152659317, 1.0, 1.0, 0.10130704174160733, 0.1439157500432909, 0.10895316422173322, 0.14667857151588237, 0.08086775032818318, 0.2134058572589687, 0.10217991739206486, 0.14659220899694125], [0.03754012747594871, 0.07949009704495276, 0.0256383759380651, 0.08482224194617141, 0.025501705070733474, 0.10787871926385897, 0.03653268916750787, 0.08827909643353356, 0.05881911779802795, 0.07480032673967406, 0.061232089656452875, 0.10130704174160733, 1.0, 0.6417756055514393, 0.038499532435907126, 0.08959428781849275, 0.028967016889207418, 0.11388656771378543, 0.03646707982640047, 0.1032394258470819], [0.06747988207258923, 0.14018859454147078, 0.10443691908247668, 0.13119079669939257, 0.06984414292298464, 0.17359550265094817, 0.0989321541164554, 0.14154388097736076, 0.10600181343094442, 0.1330681259237281, 0.09018271324973197, 0.1439157500432909, 0.6417756055514393, 1.0, 0.09419629596376923, 0.16863274868584435, 0.0845780908922053, 0.1405508216480878, 0.07303237013332439, 0.15110880404646307], [0.03134616992049311, 0.06699050923924525, 0.03409875885056027, 0.0960685304946423, 0.03592115916145227, 0.09820420779877387, 0.06078443779040569, 0.09056679808425343, 0.07075330893342181, 0.07576942421398071, 0.06180677061247192, 0.10895316422173322, 0.038499532435907126, 0.09419629596376923, 1.0, 0.856913425314136, 0.03506592831930523, 0.11210017550192575, 0.04389937680888444, 0.11554799530623838], [0.09298177609486595, 0.15671421720118928, 0.07638060839205744, 0.14919011542877156, 0.14920012519509362, 0.15425388615472635, 0.07081970673899365, 0.14422200083840367, 0.1096231234102527, 0.15934260314986048, 0.1092984183477491, 0.14667857151588237, 0.08959428781849275, 0.16863274868584435, 0.856913425314136, 1.0, 0.10559869697709443, 0.15791879495308841, 0.09823553526482431, 0.13573100835908564], [0.029038274948363977, 0.09115143981915742, 0.03270680531797167, 0.08078234831292025, 0.0317122460400282, 0.13140510857230323, 0.038438784514752, 0.08960557592365066, 0.08423910949087833, 0.05697018262535227, 0.029496802025456036, 0.08086775032818318, 0.028967016889207418, 0.0845780908922053, 0.03506592831930523, 0.10559869697709443, 1.0, 0.5784843476367256, 0.04779297179385482, 0.08487213448453002], [0.11197744097727641, 0.17584452988641427, 0.0858835676018328, 0.16160858936951714, 0.09935422987484578, 0.17388081948125683, 0.11032644887530163, 0.15769425986859387, 0.07980844307156867, 0.1395119847251759, 0.10677232516602962, 0.2134058572589687, 0.11388656771378543, 0.1405508216480878, 0.11210017550192575, 0.15791879495308841, 0.5784843476367256, 1.0, 0.09211527697580937, 0.16222402554050078], [0.029440457141805678, 0.08072678722826412, 0.03443273420235865, 0.08827843860223483, 0.039347158561622096, 0.11505080547756807, 0.035985153083501635, 0.07185798497184864, 0.03704798685240637, 0.06219109338597377, 0.04445413270803094, 0.10217991739206486, 0.03646707982640047, 0.07303237013332439, 0.04389937680888444, 0.09823553526482431, 0.04779297179385482, 0.09211527697580937, 1.0, 0.8936540498231534], [0.11502783036954985, 0.1266092069844627, 0.09848337320661892, 0.17342106072003097, 0.08689771835552924, 0.16185506149490958, 