{"model": "LSING", "dataset": "0.3_dim20_pair_gau", "N": 2000, "seed": 1234560, "metrics": {"TP": 10, "FP": 5, "FN": 0, "TN": 175, "TPR": 1.0, "FDR": 0.3333333333333333, "FPR": 0.027777777777777776, "Hamming": 5}, "omega": [[1.0, 0.446699132979292, 0.15436352428925706, 0.1242198110438305, 0.07294452233386102, 0.10989268409919072, 0.11456243741678296, 0.08684996474372726, 0.10269769570140107, 0.06154915323134829, 0.12480807510446595, 0.1047498010547552, 0.142192383869425, 0.1194850475347636, 0.09487010020828955, 0.08699622252489209, 0.10750951034624351, 0.11729519850529886, 0.10336402895450184, 0.10963047693289577], [0.446699132979292, 1.0, 0.1258887210711314, 0.09598979592084075, 0.07874970882366701, 0.1078851126661523, 0.14075312591882647, 0.07352016673344634, 0.08712902135422386, 0.07611785654466227, 0.12946303024088918, 0.10090772782593752, 0.1439781522610433, 0.08390160288177914, 0.07637478557180973, 0.09119593664487782, 0.19519870527428507, 0.10775697387012069, 0.06391861351829, 0.1188123090083231], [0.15436352428925706, 0.1258887210711314, 1.0, 1.0, 0.13218755294803766, 0.14427717611435395, 0.1836620323271782, 0.17045297705227502, 0.15351957953289136, 0.17383214960003704, 0.2554698125587958, 0.20347903906113843, 0.17602025035953156, 0.13899345583464046, 0.1530851662595652, 0.16927319478551364, 0.16609749419889483, 0.11330873090265027, 0.12363712508547434, 0.14340206549158685], [0.1242198110438305, 0.09598979592084075, 1.0, 1.0, 0.19557173821302448, 0.17109286810081767, 0.12909338476458773, 0.11183009142876257, 0.12930281053940765, 0.0829137333908293, 0.1301938646571197, 0.12075547926594235, 0.17206310036560354, 0.1715170341487725, 0.08719143792508412, 0.12158312905541065, 0.12088134561400575, 0.1428460277730713, 0.12705186901876545, 0.14880331678021635], [0.07294452233386102, 0.07874970882366701, 0.13218755294803766, 0.19557173821302448, 1.0, 0.7467147431818684, 0.19412966697184128, 0.07124642195492578, 0.08613740989895302, 0.14149260927202403, 0.1531707708894931, 0.1080541979446405, 0.10762991069946069, 0.11047650022166973, 0.11022371916954692, 0.19158666437846306, 0.09742031100662295, 0.08162604620474526, 0.12028383420510497, 0.10968197969364735], [0.10989268409919072, 0.1078851126661523, 0.14427717611435395, 0.17109286810081767, 0.7467147431818684, 1.0, 0.1488172968801168, 0.14536078838310054, 0.13295324065623934, 0.07768938460169865, 0.10639758337581295, 0.18490753378918034, 0.17097204052738246, 0.13104077268563596, 0.13828107066598117, 0.13582210016853685, 0.12283824751721424, 0.10965961880564012, 0.1366980046331275, 0.12455376393737788], [0.11456243741678296, 0.14075312591882647, 0.1836620323271782, 0.12909338476458773, 0.19412966697184128, 0.1488172968801168, 1.0, 0.7600747617201958, 0.1491187628575106, 0.10674124719701118, 0.2983607105744821, 0.14147064227499795, 0.1761094030382205, 0.1378273809740233, 0.12617661901918964, 0.14237087102264037, 0.15906726130873128, 0.08773776774587948, 0.11833401930962667, 0.14234285931401885], [0.08684996474372726, 0.07352016673344634, 0.17045297705227502, 0.11183009142876257, 0.07124642195492578, 0.14536078838310054, 0.7600747617201958, 1.0, 0.076082963863593, 0.1167080312795494, 0.20722489381305134, 0.09745973343397552, 0.18180574533021032, 0.08650455265255882, 0.07865707475469076, 0.11578535377591166, 0.08603351054791569, 0.08110391643984606, 0.17079149302134258, 0.078762982949732], [0.10269769570140107, 0.08712902135422386, 0.15351957953289136, 0.12930281053940765, 0.08613740989895302, 0.13295324065623934, 0.1491187628575106, 0.076082963863593, 1.0, 0.679885793430965, 0.17869219468055683, 0.08522326165002266, 0.1072716032235553, 0.12159686676086115, 0.10054114257956659, 0.11367506466477938, 0.13919730047725043, 0.07267582505616886, 0.10694999729730188, 0.09027805552141834], [0.06154915323134829, 0.07611785654466227, 0.17383214960003704, 0.0829137333908293, 0.14149260927202403, 0.07768938460169865, 0.10674124719701118, 0.1167080312795494, 0.679885793430965, 1.0, 0.12807179820565084, 0.08615410784662346, 0.14645936244926988, 0.15346580129424092, 0.08831346668421602, 0.10946546388116661, 0.09071821051327753, 0.07807223754559137, 0.10508328430905584, 0.08182685485686972], [0.12480807510446595, 0.12946303024088918, 0.2554698125587958, 0.1301938646571197, 0.1531707708894931, 0.10639758337581295, 0.2983607105744821, 0.20722489381305134, 0.17869219468055683, 0.12807179820565084, 1.0, 0.7503106406073241, 0.17513430470485203, 0.18782198163765085, 0.14970898122339873, 0.10589136074669125, 0.13707930928247122, 0.11166179090230607, 0.09477475738133519, 0.10614518106501819], [0.1047498010547552, 0.10090772782593752, 0.20347903906113843, 0.12075547926594235, 0.1080541979446405, 0.18490753378918034, 0.14147064227499795, 0.09745973343397552, 0.08522326165002266, 0.08615410784662346, 0.7503106406073241, 1.0, 0.19081621361932, 0.12904753888431167, 0.09193168257865034, 0.18600582304187097, 0.10853560544194932, 0.11476988464690521, 0.12818143321535996, 0.11634143391345597], [0.142192383869425, 0.1439781522610433, 0.17602025035953156, 0.17206310036560354, 0.10762991069946069, 0.17097204052738246, 0.1761094030382205, 0.18180574533021032, 0.1072716032235553, 0.14645936244926988, 0.17513430470485203, 0.19081621361932, 1.0, 0.8569082781825361, 0.10800358901342308, 0.13821668464021514, 0.12776744167444146, 0.11071348927537876, 0.10420807672850876, 0.17969773775683812], [0.1194850475347636, 0.08390160288177914, 0.13899345583464046, 0.1715170341487725, 0.11047650022166973, 0.13104077268563596, 0.1378273809740233, 0.08650455265255882, 0.12159686676086115, 0.15346580129424092, 0.18782198163765085, 0.12904753888431167, 0.8569082781825361, 1.0, 0.10612705299009309, 0.12920525889302817, 0.12921440322365227, 0.100555292355582, 0.17365034164285748, 0.10319090174856084], [0.09487010020828955, 0.07637478557180973, 0.1530851662595652, 0.08719143792508412, 0.11022371916954692, 0.13828107066598117, 0.12617661901918964, 0.07865707475469076, 0.10054114257956659, 0.08831346668421602, 0.14970898122339873, 0.09193168257865034, 0.10800358901342308, 0.10612705299009309, 1.0, 0.9118968892793056, 0.15973396724329883, 0.10479575904246435, 0.10632721626699458, 0.12104087752123557], [0.08699622252489209, 0.09119593664487782, 0.16927319478551364, 0.12158312905541065, 0.19158666437846306, 0.13582210016853685, 0.14237087102264037, 0.11578535377591166, 0.11367506466477938, 0.10946546388116661, 0.10589136074669125, 0.18600582304187097, 0.13821668464021514, 0.12920525889302817, 0.9118968892793056, 1.0, 0.11482230244670534, 0.08438790371704617, 0.2015893319293847, 0.14414530747372384], [0.10750951034624351, 0.19519870527428507, 0.16609749419889483, 0.12088134561400575, 0.09742031100662295, 0.12283824751721424, 0.15906726130873128, 0.08603351054791569, 0.13919730047725043, 0.09071821051327753, 0.13707930928247122, 0.10853560544194932, 0.12776744167444146, 0.12921440322365227, 0.15973396724329883, 0.11482230244670534, 1.0, 0.7907567482008878, 0.10694857019997785, 0.13784569387471649], [0.11729519850529886, 0.10775697387012069, 0.11330873090265027, 0.1428460277730713, 0.08162604620474526, 0.10965961880564012, 0.08773776774587948, 0.08110391643984606, 0.07267582505616886, 0.07807223754559137, 0.11166179090230607, 0.11476988464690521, 0.11071348927537876, 0.100555292355582, 0.10479575904246435, 0.08438790371704617, 0.7907567482008878, 1.0, 0.14087928465519511, 0.10168120245584361], [0.10336402895450184, 0.06391861351829, 0.12363712508547434, 0.12705186901876545, 0.12028383420510497, 0.1366980046331275, 0.11833401930962667, 0.17079149302134258, 0.10694999729730188, 0.10508328430905584, 0.09477475738133519, 0.12818143321535996, 0.10420807672850876, 0.17365034164285748, 0.10632721626699458, 0.2015893319293847, 0.10694857019997785, 0.14087928465519511, 1.0, 0.8678765543241109], [0.10963047693289577, 0.1188123090083231, 0.14340206549158685, 0.14880331678021635, 0.10968197969364735, 0.12455376393737788, 0.14234285931401885, 0.078762982949732, 0.09027805552141834, 