{"model": "LSING", "dataset": "dim5_cop_gau", "N": 20000, "seed": 1230, "metrics": {"TP": 4, "FP": 0, "FN": 0, "TN": 6, "TPR": 1.0, "FDR": 0.0, "FPR": 0.0, "Hamming": 0}, "omega": [[1.0, 0.9454875064028629, 0.07976827972519711, 0.07994735301653831, 0.06205088459037764], [0.9454875064028629, 1.0, 1.0, 0.09869973781534895, 0.07503232028063578], [0.07976827972519711, 1.0, 1.0, 0.9313328683228816, 0.0816755147982806], [0.07994735301653831, 0.09869973781534895, 0.9313328683228816, 1.0, 0.9751704324643494], [0.06205088459037764, 0.07503232028063578, 0.0816755147982806, 0.9751704324643494, 1.0]], "meta_info": {"source": "pretrained"}}