{"model": "LSING", "dataset": "dim5_cop_gau", "N": 20000, "seed": 120, "metrics": {"TP": 4, "FP": 0, "FN": 0, "TN": 6, "TPR": 1.0, "FDR": 0.0, "FPR": 0.0, "Hamming": 0}, "omega": [[1.0, 0.8979092815149189, 0.07690636691785806, 0.07419381610997605, 0.0568030891609504], [0.8979092815149189, 1.0, 1.0, 0.07854120835822473, 0.060968679207907904], [0.07690636691785806, 1.0, 1.0, 0.9503202713906206, 0.07503304241504154], [0.07419381610997605, 0.07854120835822473, 0.9503202713906206, 1.0, 0.8424728288256123], [0.0568030891609504, 0.060968679207907904, 0.07503304241504154, 0.8424728288256123, 1.0]], "meta_info": {"source": "pretrained"}}