{"model": "LSING", "dataset": "dim5_cop_gau", "N": 20000, "seed": 12340, "metrics": {"TP": 4, "FP": 0, "FN": 0, "TN": 6, "TPR": 1.0, "FDR": 0.0, "FPR": 0.0, "Hamming": 0}, "omega": [[1.0, 1.0, 0.07223379574464883, 0.060040716697372445, 0.05816724147793753], [1.0, 1.0, 0.6190054974747918, 0.07018164973877095, 0.059373051958581786], [0.07223379574464883, 0.6190054974747918, 1.0, 0.6224424495146504, 0.05596321375476041], [0.060040716697372445, 0.07018164973877095, 0.6224424495146504, 1.0, 0.6784506056880166], [0.05816724147793753, 0.059373051958581786, 0.05596321375476041, 0.6784506056880166, 1.0]], "meta_info": {"source": "pretrained"}}