{"model": "LSING", "dataset": "dim5_cop_gau", "N": 20000, "seed": 1234560, "metrics": {"TP": 4, "FP": 0, "FN": 0, "TN": 6, "TPR": 1.0, "FDR": 0.0, "FPR": 0.0, "Hamming": 0}, "omega": [[1.0, 1.0, 0.04243874094107347, 0.04712388656652486, 0.03390293466516225], [1.0, 1.0, 0.7220311393102542, 0.06531016634244981, 0.05786386736967632], [0.04243874094107347, 0.7220311393102542, 1.0, 0.46200759224862203, 0.038300399272541676], [0.04712388656652486, 0.06531016634244981, 0.46200759224862203, 1.0, 0.44811990065881907], [0.03390293466516225, 0.05786386736967632, 0.038300399272541676, 0.44811990065881907, 1.0]], "meta_info": {"source": "pretrained"}}