{"model": "LSING", "dataset": "dim5_cop_gau", "N": 20000, "seed": 123450, "metrics": {"TP": 4, "FP": 0, "FN": 0, "TN": 6, "TPR": 1.0, "FDR": 0.0, "FPR": 0.0, "Hamming": 0}, "omega": [[1.0, 1.0, 0.08277869657489922, 0.07205403423563173, 0.06696331179652285], [1.0, 1.0, 0.8400940038435808, 0.08563591728806128, 0.07452929167309344], [0.08277869657489922, 0.8400940038435808, 1.0, 0.8871148644120109, 0.06035289305505098], [0.07205403423563173, 0.08563591728806128, 0.8871148644120109, 1.0, 0.9205120199093435], [0.06696331179652285, 0.07452929167309344, 0.06035289305505098, 0.9205120199093435, 1.0]], "meta_info": {"source": "pretrained"}}