{"model": "LSING", "dataset": "0.7_dim20_pair_gau", "N": 50000, "seed": 1230, "metrics": {"TP": 10, "FP": 0, "FN": 0, "TN": 180, "TPR": 1.0, "FDR": 0.0, "FPR": 0.0, "Hamming": 0}, "omega": [[1.0, 0.9669392865521541, 0.044725605529958856, 0.04168730595841012, 0.04173090897310832, 0.04078513119660843, 0.03979674215071692, 0.04230494710014321, 0.041088518786715114, 0.041098151146784015, 0.039145914022307965, 0.04335949123282016, 0.046338972471009474, 0.04426302795547884, 0.03782690492492829, 0.04313142088879576, 0.03991729865613809, 0.044962020586535575, 0.03637724081474141, 0.04274936654768173], [0.9669392865521541, 1.0, 0.04756208898507455, 0.044418768449705465, 0.03616810686100536, 0.04028253115928638, 0.04053277795524104, 0.04218215173644821, 0.042251730641499126, 0.0396001603957521, 0.041557188703957186, 0.040911592234713155, 0.05120593418884076, 0.04067452457189247, 0.039354025154249635, 0.04490364678206698, 0.04443292716778121, 0.0414704082873286, 0.0437524047796957, 0.041116012020363864], [0.044725605529958856, 0.04756208898507455, 1.0, 0.9838115603064593, 0.045153628752299446, 0.03983516755231594, 0.04186472973421702, 0.047882341649999584, 0.044520707436626235, 0.047224311883328984, 0.04489302808129808, 0.0441898049944445, 0.04644337595852859, 0.045344230310088655, 0.043388904452954805, 0.03990142397547467, 0.04119404102779533, 0.044229789625040504, 0.04018912604614808, 0.040406789820211654], [0.04168730595841012, 0.044418768449705465, 0.9838115603064593, 1.0, 0.04065671233977179, 0.03808807983537828, 0.04620219809240736, 0.047540540818658675, 0.049044707683854556, 0.0487059199206794, 0.04070300009278629, 0.04526629588327226, 0.04334818479586455, 0.045504652544761166, 0.04632265596375852, 0.0409373343758315, 0.043944422344407645, 0.04663845523286547, 0.04442411225445683, 0.0448014145952395], [0.04173090897310832, 0.03616810686100536, 0.045153628752299446, 0.04065671233977179, 1.0, 0.9796945039647762, 0.03816359570075221, 0.040087316769785115, 0.041633239625382075, 0.03799102796395326, 0.042271872259053773, 0.04306264456782129, 0.048363016549597126, 0.03808471681893677, 0.038892973029975506, 0.03802242332354941, 0.044173727641034506, 0.044120562526152894, 0.04800031205117445, 0.054098782285930666], [0.04078513119660843, 0.04028253115928638, 0.03983516755231594, 0.03808807983537828, 0.9796945039647762, 1.0, 0.040635187142933855, 0.040214912775270666, 0.04019059745028821, 0.04276327260040008, 0.040822804006741834, 0.045118659596605354, 0.046597131610990425, 0.04274061919193954, 0.043548202529459644, 0.03967234432117234, 0.03871321446412807, 0.04313962643272878, 0.04245603017465353, 0.04658296883945975], [0.03979674215071692, 0.04053277795524104, 0.04186472973421702, 0.04620219809240736, 0.03816359570075221, 0.040635187142933855, 1.0, 0.9983236639877401, 0.04100008591162612, 0.03957837848010184, 0.04372818133302503, 0.04458937026086263, 0.040770502277760634, 0.0458900604442552, 0.047133487469830405, 0.044724734037148585, 0.04769351550547037, 0.04285393757800469, 0.04838376753654314, 0.043879159017707135], [0.04230494710014321, 0.04218215173644821, 0.047882341649999584, 0.047540540818658675, 0.040087316769785115, 0.040214912775270666, 0.9983236639877401, 1.0, 0.03811814025715032, 0.04410173828145098, 0.040027436431233646, 0.04674082118370569, 0.03969421811513438, 0.04238270993070084, 0.04533218209088058, 0.047209312748930775, 0.04908764728309563, 0.04281465284396019, 0.044426290310906696, 0.05031990839148618], [0.041088518786715114, 0.042251730641499126, 0.044520707436626235, 0.049044707683854556, 0.041633239625382075, 0.04019059745028821, 0.04100008591162612, 0.03811814025715032, 1.0, 1.0, 0.03791340024856002, 0.044072576375522095, 0.040924959177925616, 0.03853926585034913, 0.04490162951266274, 0.04078628372896062, 0.04190485623573562, 0.04753602526986498, 0.040696407823916016, 0.04161522472051482], [0.041098151146784015, 0.0396001603957521, 0.047224311883328984, 0.0487059199206794, 0.03799102796395326, 0.04276327260040008, 0.03957837848010184, 0.04410173828145098, 1.0, 1.0, 0.0407491189518453, 0.04193918494555053, 0.045043992254463754, 0.03776279953518654, 0.04124780470285516, 0.045099267868213035, 0.039496855394519415, 0.03442220005060441, 0.042863026775112764, 0.0443209166965073], [0.039145914022307965, 0.041557188703957186, 0.04489302808129808, 0.04070300009278629, 0.042271872259053773, 0.040822804006741834, 0.04372818133302503, 0.040027436431233646, 0.03791340024856002, 0.0407491189518453, 1.0, 0.9654077507592608, 0.04541332820515437, 0.04527173832209363, 0.04552036373607568, 0.042200513887287926, 0.0388463272217754, 0.04164070338706262, 0.0471657718872082, 0.04398034811546557], [0.04335949123282016, 0.040911592234713155, 0.0441898049944445, 0.04526629588327226, 0.04306264456782129, 0.045118659596605354, 0.04458937026086263, 0.04674082118370569, 0.044072576375522095, 0.04193918494555053, 0.9654077507592608, 1.0, 0.0488541696301926, 0.04292900350988122, 0.04208999103397387, 0.04539876143928218, 0.045976157178152004, 0.04323430162841228, 0.0485276111405458, 0.04904168110417236], [0.046338972471009474, 0.05120593418884076, 0.04644337595852859, 0.04334818479586455, 0.048363016549597126, 0.046597131610990425, 0.040770502277760634, 0.03969421811513438, 0.040924959177925616, 0.045043992254463754, 0.04541332820515437, 0.0488541696301926, 1.0, 0.9750677283677596, 0.04053179026338939, 0.04475770078610651, 0.047003017564798424, 0.0513106403343281, 0.047234086114320485, 0.04536607572986617], [0.04426302795547884, 0.04067452457189247, 0.045344230310088655, 0.045504652544761166, 0.03808471681893677, 0.04274061919193954, 0.0458900604442552, 0.04238270993070084, 0.03853926585034913, 0.03776279953518654, 0.04527173832209363, 0.04292900350988122, 0.9750677283677596, 1.0, 0.05077848925940374, 0.04264857468850658, 0.04034236826098525, 0.04016379330397782, 0.04160850409223839, 0.036470999929610406], [0.03782690492492829, 0.039354025154249635, 0.043388904452954805, 0.04632265596375852, 0.038892973029975506, 0.043548202529459644, 0.047133487469830405, 0.04533218209088058, 0.04490162951266274, 0.04124780470285516, 0.04552036373607568, 0.04208999103397387, 0.04053179026338939, 0.05077848925940374, 1.0, 0.9354384722725091, 0.044542317756017726, 0.038081729422652255, 0.04517097348595135, 0.042749001736737895], [0.04313142088879576, 0.04490364678206698, 0.03990142397547467, 0.0409373343758315, 0.03802242332354941, 0.03967234432117234, 0.044724734037148585, 0.047209312748930775, 0.04078628372896062, 0.045099267868213035, 0.042200513887287926, 0.04539876143928218, 0.04475770078610651, 0.04264857468850658, 0.9354384722725091, 1.0, 0.04365508943370013, 0.043836720695725924, 0.0456401298177852, 0.044301164210626076], [0.03991729865613809, 0.04443292716778121, 0.04119404102779533, 0.043944422344407645, 0.044173727641034506, 0.03871321446412807, 0.04769351550547037, 0.04908764728309563, 0.04190485623573562, 0.039496855394519415, 0.0388463272217754, 0.045976157178152004, 0.047003017564798424, 0.04034236826098525, 0.044542317756017726, 0.04365508943370013, 1.0, 0.9873523126398009, 0.04247827418416599, 0.046776960436723344], [0.044962020586535575, 0.0414704082873286, 0.044229789625040504, 0.04663845523286547, 0.044120562526152894, 0.04313962643272878, 0.04285393757800469, 0.04281465284396019, 0.04753602526986498, 0.03442220005060441, 0.04164070338706262, 0.04323430162841228, 0.0513106403343281, 0.04016379330397782, 0.038081729422652255, 0.043836720695725924, 0.9873523126398009, 1.0, 0.04416344672817656, 0.046587705977123035], [0.03637724081474141, 0.0437524047796957, 0.04018912604614808, 0.04442411225445683, 0.04800031205117445, 0.04245603017465353, 0.04838376753654314, 0.044426290310906696, 0.040696407823916016, 0.042863026775112764, 0.0471657718872082, 0.0485276111405458, 0.047234086114320485, 0.04160850409223839, 0.04517097348595135, 0.0456401298177852, 0.04247827418416599, 0.04416344672817656, 1.0, 0.9586793614677839], [0.04274936654768173, 0.041116012020363864, 