{"model": "LSING", "dataset": "0.7_dim20_pair_gau", "N": 50000, "seed": 1234560, "metrics": {"TP": 10, "FP": 0, "FN": 0, "TN": 180, "TPR": 1.0, "FDR": 0.0, "FPR": 0.0, "Hamming": 0}, "omega": [[1.0, 0.9251343378311446, 0.043046521178901585, 0.039200560622176826, 0.04699475191739267, 0.04222906599034852, 0.04187202413469352, 0.044379760389600245, 0.04186236119793197, 0.03906613474059671, 0.04770838872619036, 0.04375385214004801, 0.045516538063729746, 0.050097941877731984, 0.04089328635167814, 0.05257647119136591, 0.04426894984762114, 0.043137106722064986, 0.03404222694586355, 0.04294587899914437], [0.9251343378311446, 1.0, 0.04130389665579445, 0.0420621731732764, 0.04307939777502987, 0.04170839663210862, 0.043075166831900005, 0.03929825803359405, 0.03915425167940644, 0.0388415595778295, 0.04322688890475984, 0.0418625420870441, 0.042442161344830955, 0.04402378657774697, 0.046178231765941234, 0.05304505379578351, 0.04073242272832111, 0.034645090454558165, 0.043162307501531064, 0.0405949044409639], [0.043046521178901585, 0.04130389665579445, 1.0, 0.9326418744163932, 0.04321503800778181, 0.03942350246266693, 0.03940198064852535, 0.04696680986983773, 0.044625301398502674, 0.03812095720814808, 0.04671709910088748, 0.04277989062763287, 0.04633889321911413, 0.0519897014933822, 0.043349321572192824, 0.04549846378325449, 0.043520243162210676, 0.036663374023736144, 0.04637339515711752, 0.04387888242833376], [0.039200560622176826, 0.0420621731732764, 0.9326418744163932, 1.0, 0.04760874542675083, 0.04561647131777548, 0.04303954497748186, 0.0486430933110739, 0.045077815463482385, 0.040925428750821925, 0.0471246356201647, 0.039166226272615554, 0.04351342656883105, 0.04278425723759683, 0.03996113150523534, 0.04663218097321492, 0.04148077295577533, 0.042113149321152954, 0.045452004542913, 0.04955674559546717], [0.04699475191739267, 0.04307939777502987, 0.04321503800778181, 0.04760874542675083, 1.0, 0.9787207155956251, 0.04700020120189536, 0.039844333001618173, 0.045236274325701785, 0.04701904293103013, 0.04881548595519475, 0.04712090744236117, 0.047327388373648124, 0.05054011999204769, 0.04519404070822216, 0.04197884580573693, 0.04171697423419743, 0.0443116676094891, 0.041684523259509436, 0.0460285819374688], [0.04222906599034852, 0.04170839663210862, 0.03942350246266693, 0.04561647131777548, 0.9787207155956251, 1.0, 0.039512627592263344, 0.035185297166974314, 0.04705905267648425, 0.03952062528513976, 0.04047202886121962, 0.045173443290646195, 0.04057762288042119, 0.04009810047492117, 0.042733265128916266, 0.043999725665700665, 0.04369170475943089, 0.04308177726489448, 0.039579225377065486, 0.0428480991235731], [0.04187202413469352, 0.043075166831900005, 0.03940198064852535, 0.04303954497748186, 0.04700020120189536, 0.039512627592263344, 1.0, 0.9439378674416495, 0.04326688800967795, 0.03937925113354694, 0.04847183654417182, 0.04372563609869089, 0.038678481392915964, 0.05196781125068137, 0.04961681408136188, 0.04429429294425632, 0.04357680293135701, 0.0464672047826911, 0.04154345369325982, 0.04430665192682869], [0.044379760389600245, 0.03929825803359405, 0.04696680986983773, 0.0486430933110739, 0.039844333001618173, 0.035185297166974314, 0.9439378674416495, 1.0, 0.04020149190316925, 0.044592150808572206, 0.04035632101254319, 0.04063079895911723, 0.03904283728700892, 0.04404199519498931, 0.04299442112440927, 0.045613982762416794, 0.04202327004356703, 0.04147295881214504, 0.04637895084698028, 0.040994431296761696], [0.04186236119793197, 0.03915425167940644, 0.044625301398502674, 0.045077815463482385, 0.045236274325701785, 0.04705905267648425, 0.04326688800967795, 0.04020149190316925, 1.0, 0.9167820278112115, 0.044871128371810294, 0.04053117428061571, 0.042452350988124866, 0.04658920384828179, 0.045224902252844076, 0.04400466420447501, 0.04467307474504105, 0.04070683090915676, 0.03812382350253502, 0.039392198005733715], [0.03906613474059671, 0.0388415595778295, 0.03812095720814808, 0.040925428750821925, 0.04701904293103013, 0.03952062528513976, 0.03937925113354694, 0.044592150808572206, 0.9167820278112115, 1.0, 0.04350824861799654, 0.03910368120196516, 0.03880907801160048, 0.038611665477125676, 0.03834676268289113, 0.03890414987075792, 0.039859579559649506, 0.038570587687869834, 0.037606513893539396, 0.03550025836285479], [0.04770838872619036, 0.04322688890475984, 0.04671709910088748, 0.0471246356201647, 0.04881548595519475, 0.04047202886121962, 0.04847183654417182, 0.04035632101254319, 0.044871128371810294, 0.04350824861799654, 1.0, 0.9826986587008493, 0.042304134971879404, 0.043999949116956816, 0.04314731897649791, 0.04793696207036229, 0.040027436675297276, 0.04549179482731198, 0.04805368742029441, 0.03937914206805287], [0.04375385214004801, 0.0418625420870441, 0.04277989062763287, 0.039166226272615554, 0.04712090744236117, 0.045173443290646195, 0.04372563609869089, 0.04063079895911723, 0.04053117428061571, 0.03910368120196516, 0.9826986587008493, 1.0, 0.04105343306892169, 0.04267285880600332, 0.041526233315799146, 0.04487708308177333, 0.04699056752660783, 0.04181506135524592, 0.03939611372298437, 0.04023552831772232], [0.045516538063729746, 0.042442161344830955, 0.04633889321911413, 0.04351342656883105, 0.047327388373648124, 0.04057762288042119, 0.038678481392915964, 0.03904283728700892, 0.042452350988124866, 0.03880907801160048, 0.042304134971879404, 0.04105343306892169, 1.0, 0.9549845739893289, 0.04945900030163791, 0.04762416622355928, 0.0410248326382013, 0.03892986538615335, 0.04430117338085198, 0.0442054471287301], [0.050097941877731984, 0.04402378657774697, 0.0519897014933822, 0.04278425723759683, 0.05054011999204769, 0.04009810047492117, 0.05196781125068137, 0.04404199519498931, 0.04658920384828179, 0.038611665477125676, 0.043999949116956816, 0.04267285880600332, 0.9549845739893289, 1.0, 0.04704273541451719, 0.04615936077533245, 0.04371103462315499, 0.041361653485241595, 0.047020992809253453, 0.04688625835212913], [0.04089328635167814, 0.046178231765941234, 0.043349321572192824, 0.03996113150523534, 0.04519404070822216, 0.042733265128916266, 0.04961681408136188, 0.04299442112440927, 0.045224902252844076, 0.03834676268289113, 0.04314731897649791, 0.041526233315799146, 0.04945900030163791, 0.04704273541451719, 1.0, 1.0, 0.03524712533151122, 0.037333270249142195, 0.03632976528850303, 0.04545063723403608], [0.05257647119136591, 0.05304505379578351, 0.04549846378325449, 0.04663218097321492, 0.04197884580573693, 0.043999725665700665, 0.04429429294425632, 0.045613982762416794, 0.04400466420447501, 0.03890414987075792, 0.04793696207036229, 0.04487708308177333, 0.04762416622355928, 0.04615936077533245, 1.0, 1.0, 0.03785132336559133, 0.04146187536382653, 0.04553484377586315, 0.040512919111028334], [0.04426894984762114, 0.04073242272832111, 0.043520243162210676, 0.04148077295577533, 0.04171697423419743, 0.04369170475943089, 0.04357680293135701, 0.04202327004356703, 0.04467307474504105, 0.039859579559649506, 0.040027436675297276, 0.04699056752660783, 0.0410248326382013, 0.04371103462315499, 0.03524712533151122, 0.03785132336559133, 1.0, 0.9679160599610378, 0.0375532593408903, 0.03668594127054044], [0.043137106722064986, 0.034645090454558165, 0.036663374023736144, 0.042113149321152954, 0.0443116676094891, 0.04308177726489448, 0.0464672047826911, 0.04147295881214504, 0.04070683090915676, 0.038570587687869834, 0.04549179482731198, 0.04181506135524592, 0.03892986538615335, 0.041361653485241595, 0.037333270249142195, 0.04146187536382653, 0.9679160599610378, 1.0, 0.03406397753152929, 0.03493478170748852], [0.03404222694586355, 0.043162307501531064, 0.04637339515711752, 0.045452004542913, 0.041684523259509436, 0.039579225377065486, 0.04154345369325982, 0.04637895084698028, 0.03812382350253502, 0.037606513893539396, 0.04805368742029441, 0.03939611372298437, 0.04430117338085198, 0.047020992809253453, 0.03632976528850303, 0.04553484377586315, 0.0375532593408903, 0.03406397753152929, 1.0, 0.9512006716987322], [0.04294587899914437, 0.0405949044409639, 0.04387888242833376, 