{"model": "LSING", "dataset": "0.7_dim20_pair_gau", "N": 50000, "seed": 120, "metrics": {"TP": 10, "FP": 0, "FN": 0, "TN": 180, "TPR": 1.0, "FDR": 0.0, "FPR": 0.0, "Hamming": 0}, "omega": [[1.0, 0.9750723195711692, 0.043278299577744934, 0.044163115598563334, 0.04343835853938996, 0.040894334457682834, 0.043357036677060944, 0.04701219685382969, 0.045143703678679904, 0.04846707011921433, 0.04405065689021971, 0.04750366224070604, 0.04400815354213126, 0.043334185327884585, 0.04508182805629264, 0.051267876016583794, 0.04585247071068126, 0.046458871982524526, 0.04297176040166733, 0.04629793619180329], [0.9750723195711692, 1.0, 0.042778605176884935, 0.04418191228567715, 0.04150968960681048, 0.041388192296900564, 0.03862168628540345, 0.04539629231480294, 0.056424050571628005, 0.0491585103631514, 0.04442081189853829, 0.04320467148711072, 0.047677997916266805, 0.04439632792589794, 0.04844150893784691, 0.04416114676763147, 0.044077909867565455, 0.04938123570714813, 0.03952854406781557, 0.04083294162921943], [0.043278299577744934, 0.042778605176884935, 1.0, 0.9445827670703021, 0.03573750093600159, 0.039295505223534394, 0.044795277086594996, 0.0415872136695824, 0.04149825720807294, 0.04247370938291029, 0.046145977140474255, 0.039852095341767535, 0.036910418515359464, 0.03985658169421882, 0.04041040684223618, 0.038229352342844254, 0.04169597947509891, 0.03813617042587857, 0.0451317696584003, 0.0436826966442514], [0.044163115598563334, 0.04418191228567715, 0.9445827670703021, 1.0, 0.04584718687411618, 0.04378598899219095, 0.04200595738115792, 0.05110206656240828, 0.04093196817680661, 0.04052924273383041, 0.04807678569737928, 0.044642122481510206, 0.03985403727610196, 0.041397694864772516, 0.04276593418983576, 0.04385907377155709, 0.04516900665271199, 0.04722147658877125, 0.04339479949985239, 0.048180696667059715], [0.04343835853938996, 0.04150968960681048, 0.03573750093600159, 0.04584718687411618, 1.0, 0.9503958318450549, 0.03680611888984617, 0.03521435673667241, 0.046498773084811644, 0.04094732344427929, 0.04223744832625702, 0.04033821637473459, 0.04268357546367582, 0.04728229920936914, 0.04413445054985252, 0.041329074920579724, 0.04104761144228593, 0.04223444935564359, 0.0416617105203136, 0.04484345830640087], [0.040894334457682834, 0.041388192296900564, 0.039295505223534394, 0.04378598899219095, 0.9503958318450549, 1.0, 0.03680371567886582, 0.04213601856768948, 0.04695583099942592, 0.04505114307311485, 0.04750779221324139, 0.043105498353067546, 0.044227516811449256, 0.042305744166450776, 0.040319688653595066, 0.04443503750891891, 0.046570474034240014, 0.046455161596909086, 0.04475193187500699, 0.03873171219650955], [0.043357036677060944, 0.03862168628540345, 0.044795277086594996, 0.04200595738115792, 0.03680611888984617, 0.03680371567886582, 1.0, 0.980872000599041, 0.04197388318872288, 0.045821499278740845, 0.04205339222038512, 0.03875498985675518, 0.043346132796462905, 0.04115998677117752, 0.04230854948156271, 0.0432306495657383, 0.04246325198582958, 0.05210766040915534, 0.0479245738180344, 0.0399483300225415], [0.04701219685382969, 0.04539629231480294, 0.0415872136695824, 0.05110206656240828, 0.03521435673667241, 0.04213601856768948, 0.980872000599041, 1.0, 0.03976542912552922, 0.03819962622336484, 0.04354654203357212, 0.043205092418860495, 0.040668459522127075, 0.046538935084093826, 0.04439701916845188, 0.0462865723793892, 0.04272315380679378, 0.048141720807724185, 0.044315940720329614, 0.04384797892511729], [0.045143703678679904, 0.056424050571628005, 0.04149825720807294, 0.04093196817680661, 0.046498773084811644, 0.04695583099942592, 0.04197388318872288, 0.03976542912552922, 1.0, 0.9976153261545956, 0.045842547211059535, 0.042773786651455384, 0.045728160016680196, 0.05223838056232394, 0.04840852564041875, 0.04689969511093017, 0.04585961848144823, 0.049118369881147164, 0.052702185488403476, 0.04858198986622278], [0.04846707011921433, 0.0491585103631514, 0.04247370938291029, 0.04052924273383041, 0.04094732344427929, 0.04505114307311485, 0.045821499278740845, 0.03819962622336484, 0.9976153261545956, 1.0, 0.03839645955784576, 0.038722482629101516, 0.04528438364187676, 0.050154075813546764, 0.04812374984615146, 0.04097162855454673, 0.04276039618042496, 0.04884825004281938, 0.044060577700181694, 0.03942447844269992], [0.04405065689021971, 0.04442081189853829, 0.046145977140474255, 0.04807678569737928, 0.04223744832625702, 0.04750779221324139, 0.04205339222038512, 0.04354654203357212, 0.045842547211059535, 0.03839645955784576, 1.0, 0.9771222706408792, 0.04900010285258857, 0.04664062977414604, 0.04416465811842593, 0.04108101701629374, 0.04869723775171988, 0.04899367860029246, 0.04341028252616286, 0.04011267226732722], [0.04750366224070604, 0.04320467148711072, 0.039852095341767535, 0.044642122481510206, 0.04033821637473459, 0.043105498353067546, 0.03875498985675518, 0.043205092418860495, 0.042773786651455384, 0.038722482629101516, 0.9771222706408792, 1.0, 0.047878939706005125, 0.040809611520608816, 0.04598494586683215, 0.043669866967277385, 0.045290186582772236, 0.05014718625011512, 0.042584898571855226, 0.042186304446244244], [0.04400815354213126, 0.047677997916266805, 0.036910418515359464, 0.03985403727610196, 0.04268357546367582, 0.044227516811449256, 0.043346132796462905, 0.040668459522127075, 0.045728160016680196, 0.04528438364187676, 0.04900010285258857, 0.047878939706005125, 1.0, 1.0, 0.04705530403053044, 0.045734334130620204, 0.04760156316569079, 0.04292163052337766, 0.04443519888850349, 0.045742278040671096], [0.043334185327884585, 0.04439632792589794, 0.03985658169421882, 0.041397694864772516, 0.04728229920936914, 0.042305744166450776, 0.04115998677117752, 0.046538935084093826, 0.05223838056232394, 0.050154075813546764, 0.04664062977414604, 0.040809611520608816, 1.0, 1.0, 0.04458359683033282, 0.041149655788104735, 0.04595179312084017, 0.04278979819590535, 0.044598527131566104, 0.0470550982715601], [0.04508182805629264, 0.04844150893784691, 0.04041040684223618, 0.04276593418983576, 0.04413445054985252, 0.040319688653595066, 0.04230854948156271, 0.04439701916845188, 0.04840852564041875, 0.04812374984615146, 0.04416465811842593, 0.04598494586683215, 0.04705530403053044, 0.04458359683033282, 1.0, 0.9987574202332989, 0.04731275557146878, 0.04960088945971836, 0.04688199580499149, 0.04565029436712091], [0.051267876016583794, 0.04416114676763147, 0.038229352342844254, 0.04385907377155709, 0.041329074920579724, 0.04443503750891891, 0.0432306495657383, 0.0462865723793892, 0.04689969511093017, 0.04097162855454673, 0.04108101701629374, 0.043669866967277385, 0.045734334130620204, 0.041149655788104735, 0.9987574202332989, 1.0, 0.04678381784505322, 0.052657666240337665, 0.043117355718044474, 0.0468967364852129], [0.04585247071068126, 0.044077909867565455, 0.04169597947509891, 0.04516900665271199, 0.04104761144228593, 0.046570474034240014, 0.04246325198582958, 0.04272315380679378, 0.04585961848144823, 0.04276039618042496, 0.04869723775171988, 0.045290186582772236, 0.04760156316569079, 0.04595179312084017, 0.04731275557146878, 0.04678381784505322, 1.0, 0.986776599874167, 0.05287903061650444, 0.048008228960190455], [0.046458871982524526, 0.04938123570714813, 0.03813617042587857, 0.04722147658877125, 0.04223444935564359, 0.046455161596909086, 0.05210766040915534, 0.048141720807724185, 0.049118369881147164, 0.04884825004281938, 0.04899367860029246, 0.05014718625011512, 0.04292163052337766, 0.04278979819590535, 0.04960088945971836, 0.052657666240337665, 0.986776599874167, 1.0, 0.05203024931209262, 0.05246570522448116], [0.04297176040166733, 0.03952854406781557, 0.0451317696584003, 0.04339479949985239, 0.0416617105203136, 0.04475193187500699, 0.0479245738180344, 0.044315940720329614, 0.052702185488403476, 0.044060577700181694, 0.04341028252616286, 0.042584898571855226, 0.04443519888850349, 0.044598527131566104, 0.04688199580499149, 0.043117355718044474, 0.05287903061650444, 0.05203024931209262, 1.0, 0.9779383349241774], [0.04629793619180329, 0.04083294162921943, 