{"model": "LSING", "dataset": "0.7_dim20_pair_gau", "N": 50000, "seed": 123450, "metrics": {"TP": 10, "FP": 0, "FN": 0, "TN": 180, "TPR": 1.0, "FDR": 0.0, "FPR": 0.0, "Hamming": 0}, "omega": [[1.0, 0.9532387280136543, 0.040027959570656337, 0.0333376515510261, 0.04253609206361579, 0.041628242118056005, 0.03853088412431916, 0.0394908119238467, 0.03715192549098724, 0.03978459878923056, 0.040248614816382824, 0.039596238632319786, 0.038468918204582626, 0.03821713140602315, 0.04641376876421345, 0.04223398399220728, 0.04419207043832972, 0.04142946851310832, 0.0441178270248827, 0.04394400775094868], [0.9532387280136543, 1.0, 0.04501593219074684, 0.03710375616268094, 0.04349894661385927, 0.040447393728222106, 0.037672072510564744, 0.04229750483118183, 0.04236689243881727, 0.04312892492395649, 0.037648294982762794, 0.03620478464676353, 0.04764602633967384, 0.04500870287766834, 0.039071806297777414, 0.04061276443073313, 0.041822138689625726, 0.042180507772303616, 0.04395678143902352, 0.04055312956313074], [0.040027959570656337, 0.04501593219074684, 1.0, 0.9441616508050045, 0.044012689542001666, 0.04308067466555332, 0.037640121042979965, 0.048218462162160095, 0.04008829760139538, 0.044528880273893345, 0.04191381656869295, 0.04679394917135647, 0.045494320607067644, 0.04402290928849528, 0.0466489556058564, 0.044051781432230694, 0.04316200145255991, 0.04241869300769907, 0.04351104367325545, 0.04332593796761675], [0.0333376515510261, 0.03710375616268094, 0.9441616508050045, 1.0, 0.0427924401355032, 0.041838956229097744, 0.039483981954360904, 0.04290538272920104, 0.03955609067066288, 0.04448444567054868, 0.04293545555716036, 0.04123451056321913, 0.04400577200880452, 0.04779333769007906, 0.04329404885600824, 0.03904481412039036, 0.042983888903323636, 0.036658446928409354, 0.04691703986851136, 0.041454409576892996], [0.04253609206361579, 0.04349894661385927, 0.044012689542001666, 0.0427924401355032, 1.0, 0.9718001120645685, 0.039438580170022615, 0.040864072282325956, 0.045178149272926134, 0.04512509362418156, 0.04361805581559324, 0.04680844892592335, 0.04728983175582797, 0.04366966533637753, 0.03785434964298205, 0.045334527447625436, 0.04469453622182773, 0.041375660612479825, 0.04493922372615285, 0.04427697009010423], [0.041628242118056005, 0.040447393728222106, 0.04308067466555332, 0.041838956229097744, 0.9718001120645685, 1.0, 0.04488562810118824, 0.03905574233691222, 0.04104086872244609, 0.03898193541529908, 0.03961876108025897, 0.04399448690382274, 0.04556579647654664, 0.038365391363301395, 0.041365558944324254, 0.04126191667815078, 0.04519683218479462, 0.04140189788453715, 0.049869211921927725, 0.04365825949961192], [0.03853088412431916, 0.037672072510564744, 0.037640121042979965, 0.039483981954360904, 0.039438580170022615, 0.04488562810118824, 1.0, 0.9337419724773564, 0.04209530032081646, 0.03753493977824326, 0.04208269379982694, 0.041602041994239856, 0.05132417983688568, 0.04177935054939914, 0.03735119794374508, 0.0367145633268827, 0.038937035132216746, 0.03960516747743234, 0.042094468465558574, 0.037827963777959994], [0.0394908119238467, 0.04229750483118183, 0.048218462162160095, 0.04290538272920104, 0.040864072282325956, 0.03905574233691222, 0.9337419724773564, 1.0, 0.04140337718056992, 0.04149586436060575, 0.03710862788916731, 0.04245012307318441, 0.050158157575451896, 0.04390066106038147, 0.04255157093968238, 0.04023774099549984, 0.03883690735500362, 0.03771843351555926, 0.04343573755476606, 0.04703743599145769], [0.03715192549098724, 0.04236689243881727, 0.04008829760139538, 0.03955609067066288, 0.045178149272926134, 0.04104086872244609, 0.04209530032081646, 0.04140337718056992, 1.0, 0.9484497890361997, 0.039483460552261464, 0.038234689256873, 0.040534604531287266, 0.044387723591018155, 0.04010621366742806, 0.04472141164759964, 0.040668493426119876, 0.03798278039980678, 0.046724257744177086, 0.044954140071710114], [0.03978459878923056, 0.04312892492395649, 0.044528880273893345, 0.04448444567054868, 0.04512509362418156, 0.03898193541529908, 0.03753493977824326, 0.04149586436060575, 0.9484497890361997, 1.0, 0.03961170689460318, 0.03805011026022534, 0.04790199629553493, 0.04457222165756895, 0.03898165149659862, 0.04248080221350873, 0.041057322739843694, 0.04170240327468327, 0.04618691904926995, 0.04275140857639534], [0.040248614816382824, 0.037648294982762794, 0.04191381656869295, 0.04293545555716036, 0.04361805581559324, 0.03961876108025897, 0.04208269379982694, 0.03710862788916731, 0.039483460552261464, 0.03961170689460318, 1.0, 0.9838020507357517, 0.0399531522999771, 0.03716236282003634, 0.04332361885598871, 0.041916012295091364, 0.041063031628479546, 0.03912976153418925, 0.0413042325050252, 0.04188277921318582], [0.039596238632319786, 0.03620478464676353, 0.04679394917135647, 0.04123451056321913, 0.04680844892592335, 0.04399448690382274, 0.041602041994239856, 0.04245012307318441, 0.038234689256873, 0.03805011026022534, 0.9838020507357517, 1.0, 0.04634253303157923, 0.04221373554731756, 0.04337251655516675, 0.03912260386414731, 0.044388436041215104, 0.04490293918157882, 0.04161914079896654, 0.04381698464712015], [0.038468918204582626, 0.04764602633967384, 0.045494320607067644, 0.04400577200880452, 0.04728983175582797, 0.04556579647654664, 0.05132417983688568, 0.050158157575451896, 0.040534604531287266, 0.04790199629553493, 0.0399531522999771, 0.04634253303157923, 1.0, 0.9900203691236047, 0.04735394165976983, 0.036891979346596826, 0.043265996627024614, 0.043209714388188845, 0.05142654446890709, 0.044476290304886444], [0.03821713140602315, 0.04500870287766834, 0.04402290928849528, 0.04779333769007906, 0.04366966533637753, 0.038365391363301395, 0.04177935054939914, 0.04390066106038147, 0.044387723591018155, 0.04457222165756895, 0.03716236282003634, 0.04221373554731756, 0.9900203691236047, 1.0, 0.04589543935500804, 0.04034717971402053, 0.047436260835505124, 0.04140636363381633, 0.04513256307410484, 0.04334192099838509], [0.04641376876421345, 0.039071806297777414, 0.0466489556058564, 0.04329404885600824, 0.03785434964298205, 0.041365558944324254, 0.03735119794374508, 0.04255157093968238, 0.04010621366742806, 0.03898165149659862, 0.04332361885598871, 0.04337251655516675, 0.04735394165976983, 0.04589543935500804, 1.0, 0.9131459686431483, 0.0470761497656604, 0.044437222295669605, 0.04568071456064159, 0.04216345009598681], [0.04223398399220728, 0.04061276443073313, 0.044051781432230694, 0.03904481412039036, 0.045334527447625436, 0.04126191667815078, 0.0367145633268827, 0.04023774099549984, 0.04472141164759964, 0.04248080221350873, 0.041916012295091364, 0.03912260386414731, 0.036891979346596826, 0.04034717971402053, 0.9131459686431483, 1.0, 0.03840259532684466, 0.04081155528307851, 0.039749593205531494, 0.04049727320234566], [0.04419207043832972, 0.041822138689625726, 0.04316200145255991, 0.042983888903323636, 0.04469453622182773, 0.04519683218479462, 0.038937035132216746, 0.03883690735500362, 0.040668493426119876, 0.041057322739843694, 0.041063031628479546, 0.044388436041215104, 0.043265996627024614, 0.047436260835505124, 0.0470761497656604, 0.03840259532684466, 1.0, 0.9237521948242269, 0.042390614244257455, 0.0420016734858101], [0.04142946851310832, 0.042180507772303616, 0.04241869300769907, 0.036658446928409354, 0.041375660612479825, 0.04140189788453715, 0.03960516747743234, 0.03771843351555926, 0.03798278039980678, 0.04170240327468327, 0.03912976153418925, 0.04490293918157882, 0.043209714388188845, 0.04140636363381633, 0.044437222295669605, 0.04081155528307851, 0.9237521948242269, 1.0, 0.04453962407593219, 0.0412478321878514], [0.0441178270248827, 0.04395678143902352, 0.04351104367325545, 0.04691703986851136, 0.04493922372615285, 0.049869211921927725, 0.042094468465558574, 0.04343573755476606, 0.046724257744177086, 0.04618691904926995, 0.0413042325050252, 0.04161914079896654, 0.05142654446890709, 0.04513256307410484, 0.04568071456064159, 0.039749593205531494, 0.042390614244257455, 0.04453962407593219, 1.0, 1.0], [0.04394400775094868, 0.04055312956313074, 