{"model": "LSING", "dataset": "0.3_dim20_pair_gau", "N": 100, "seed": 1234560, "metrics": {"TP": 4, "FP": 48, "FN": 6, "TN": 132, "TPR": 0.4, "FDR": 0.9230769230769231, "FPR": 0.26666666666666666, "Hamming": 54}, "omega": [[1.0, 0.24245035966573686, 0.021977526684280647, 0.06136296030004898, 0.06961621813076702, 0.08107209055927507, 0.38783013790262316, 0.08527288539564863, 0.05306933455080793, 0.026409348029491842, 0.03636658416030688, 0.03106011886906694, 0.2680102972258838, 0.053813850114720806, 0.1149698527683682, 0.050708239669488626, 0.11214359553579119, 0.032165872474669316, 0.04709887586050681, 0.06018355933165837], [0.24245035966573686, 1.0, 0.08447760000811148, 0.13633463210415447, 0.07877950079765242, 0.286556981203761, 0.4190801649896054, 0.12353143453605044, 0.10184392854793758, 0.14896285734230372, 0.12270076170710456, 0.061176533830224665, 0.4509222202774469, 0.07687423018796642, 0.19015157038681582, 0.10270161075171068, 0.21743326034680893, 0.07927521121748381, 0.13572081135524997, 0.059593433014905994], [0.021977526684280647, 0.08447760000811148, 1.0, 0.11781594220739623, 0.06389305275298379, 0.143565737591073, 0.32734311265275823, 0.12947518218628623, 0.03296829421113042, 0.038989140231670244, 0.020778842808240435, 0.021228943285574037, 0.24237453324972166, 0.0341265063562136, 0.09258949856397167, 0.06313437132732018, 0.09298548958175704, 0.018978439387074456, 0.07395106102455697, 0.04266536428760753], [0.06136296030004898, 0.13633463210415447, 0.11781594220739623, 1.0, 0.15243932712529604, 0.14927079425038764, 0.36537178830786154, 0.10302205252260083, 0.07372682667099063, 0.06812423086829063, 0.1414671571424537, 0.03962088525559256, 0.3120541676751423, 0.1029788000294545, 0.12656799056278453, 0.23595840576434363, 0.11364757565411761, 0.05607462993235803, 0.052749982306531266, 0.13181098210977144], [0.06961621813076702, 0.07877950079765242, 0.06389305275298379, 0.15243932712529604, 1.0, 0.13730098274494226, 0.6277546956934027, 0.17529656541500654, 0.07933757023793064, 0.04297729243101931, 0.0348168973422626, 0.07842732870590584, 0.2513683678191856, 0.051671238075756104, 0.12135883985351682, 0.1523425699052269, 0.10843019251804235, 0.027492489674341605, 0.049376426929622685, 0.02677331643898517], [0.08107209055927507, 0.286556981203761, 0.143565737591073, 0.14927079425038764, 0.13730098274494226, 1.0, 0.6360593961127908, 0.17136605532162594, 0.12054757087874565, 0.16520135852781148, 0.1894032651651169, 0.19803828868649473, 0.5268852494242895, 0.24358861361840536, 0.1634184051704962, 0.20186847061365304, 0.20868258574236806, 0.30641954019316087, 0.37271145640358533, 0.3969469791196508], [0.38783013790262316, 0.4190801649896054, 0.32734311265275823, 0.36537178830786154, 0.6277546956934027, 0.6360593961127908, 1.0, 0.6926976378599391, 0.4766529161890371, 0.6214605841019704, 0.6792429094242963, 1.0, 0.37311688528187825, 0.36894020264711225, 0.29967543798415525, 0.6360795780562769, 0.44176861635623155, 0.24318977934939276, 0.42305801960023104, 0.369837388001754], [0.08527288539564863, 0.12353143453605044, 0.12947518218628623, 0.10302205252260083, 0.17529656541500654, 0.17136605532162594, 0.6926976378599391, 1.0, 0.11544094653879367, 0.07433767919059199, 0.10599632512046626, 0.18690163546108574, 0.34543008090455746, 0.07430319733628986, 0.18317472170859705, 0.27868886145597727, 0.14335945220577334, 0.12181499471231871, 0.09892245918714945, 0.07837414448727452], [0.05306933455080793, 0.10184392854793758, 0.03296829421113042, 0.07372682667099063, 0.07933757023793064, 0.12054757087874565, 0.4766529161890371, 0.11544094653879367, 1.0, 0.03635111509974833, 0.05670329485144148, 0.04288284831324247, 0.49824482604372167, 0.05128074407753591, 0.1438971985982862, 0.09104454680238452, 0.09035862075888663, 0.04178898627077536, 0.0449447628148941, 0.08602356469684623], [0.026409348029491842, 0.14896285734230372, 0.038989140231670244, 0.06812423086829063, 0.04297729243101931, 0.16520135852781148, 0.6214605841019704, 0.07433767919059199, 0.03635111509974833, 1.0, 0.05207077887405276, 0.033542954490987376, 0.49322145121276206, 0.04730754187657524, 0.17687496191444319, 0.12795534396274558, 0.060915039883830055, 0.02885090208268102, 0.07696612535772707, 0.0529251048117547], [0.03636658416030688, 0.12270076170710456, 0.020778842808240435, 0.1414671571424537, 0.0348168973422626, 0.1894032651651169, 0.6792429094242963, 0.10599632512046626, 0.05670329485144148, 0.05207077887405276, 1.0, 0.04551999859863293, 0.29632752125478956, 0.03838668341668531, 0.21524392464942793, 0.07702337337960129, 0.09346494882016766, 0.01972765624320621, 0.05320379584218502, 0.032529684661567734], [0.03106011886906694, 0.061176533830224665, 0.021228943285574037, 0.03962088525559256, 0.07842732870590584, 0.19803828868649473, 1.0, 0.18690163546108574, 0.04288284831324247, 0.033542954490987376, 0.04551999859863293, 1.0, 0.28676119034038, 0.06263942287059683, 0.09505866924433276, 0.07808202032945794, 0.08848965829603157, 0.02683847033204921, 0.049661524094331756, 0.037952274743093956], [0.2680102972258838, 0.4509222202774469, 0.24237453324972166, 0.3120541676751423, 0.2513683678191856, 0.5268852494242895, 0.37311688528187825, 0.34543008090455746, 0.49824482604372167, 0.49322145121276206, 0.29632752125478956, 0.28676119034038, 1.0, 0.6628488740311906, 0.37875921000229373, 0.3247737851470854, 0.4366668016564272, 0.36900581210542077, 0.40753922179901464, 0.28526802586505945], [0.053813850114720806, 0.07687423018796642, 0.0341265063562136, 0.1029788000294545, 0.051671238075756104, 0.24358861361840536, 0.36894020264711225, 0.07430319733628986, 0.05128074407753591, 0.04730754187657524, 0.03838668341668531, 0.06263942287059683, 0.6628488740311906, 1.0, 0.17768003641135452, 0.11913998312513767, 0.15096579025522155, 0.03727073578282165, 0.05527381577679286, 0.04262064834150767], [0.1149698527683682, 0.19015157038681582, 0.09258949856397167, 0.12656799056278453, 0.12135883985351682, 0.1634184051704962, 0.29967543798415525, 0.18317472170859705, 0.1438971985982862, 0.17687496191444319, 0.21524392464942793, 0.09505866924433276, 0.37875921000229373, 0.17768003641135452, 1.0, 0.26368360663182855, 0.23493735101025928, 0.07915609199281393, 0.13156950229355935, 0.24463348274327926], [0.050708239669488626, 0.10270161075171068, 0.06313437132732018, 0.23595840576434363, 0.1523425699052269, 0.20186847061365304, 0.6360795780562769, 0.27868886145597727, 0.09104454680238452, 0.12795534396274558, 0.07702337337960129, 0.07808202032945794, 0.3247737851470854, 0.11913998312513767, 0.26368360663182855, 1.0, 0.15792616702461126, 0.1157701135935811, 0.07228794198824114, 0.11518277811789508], [0.11214359553579119, 0.21743326034680893, 0.09298548958175704, 0.11364757565411761, 0.10843019251804235, 0.20868258574236806, 0.44176861635623155, 0.14335945220577334, 0.09035862075888663, 0.060915039883830055, 0.09346494882016766, 0.08848965829603157, 0.4366668016564272, 0.15096579025522155, 0.23493735101025928, 0.15792616702461126, 1.0, 0.15960877356978165, 0.14221255057656115, 0.07290685861740262], [0.032165872474669316, 0.07927521121748381, 0.018978439387074456, 0.05607462993235803, 0.027492489674341605, 0.30641954019316087, 0.24318977934939276, 0.12181499471231871, 0.04178898627077536, 0.02885090208268102, 0.01972765624320621, 0.02683847033204921, 0.36900581210542077, 0.03727073578282165, 0.07915609199281393, 0.1157701135935811, 0.15960877356978165, 1.0, 0.037346308967049956, 0.02340416200375817], [0.04709887586050681, 0.13572081135524997, 0.07395106102455697, 0.052749982306531266, 0.049376426929622685, 0.37271145640358533, 0.42305801960023104, 0.09892245918714945, 0.0449447628148941, 0.07696612535772707, 0.05320379584218502, 0.049661524094331756, 0.40753922179901464, 0.05527381577679286, 0.13156950229355935, 0.07228794198824114, 0.14221255057656115, 0.037346308967049956, 1.0, 0.05788283188467281], [0.06018355933165837, 0.059593433014905994, 0.04266536428760753, 0.13181098210977144, 0.02677331643898517, 0.3969469791196508, 