{"model": "LSING", "dataset": "0.3_dim20_pair_gau", "N": 100, "seed": 123450, "metrics": {"TP": 6, "FP": 67, "FN": 4, "TN": 113, "TPR": 0.6, "FDR": 0.9178082191780822, "FPR": 0.37222222222222223, "Hamming": 71}, "omega": [[1.0, 1.0, 0.27610392338237705, 0.20080129241718223, 0.1815587795700243, 0.29444642880294336, 0.256577606754788, 0.311898597572026, 0.1298786175921158, 0.12620860688063143, 0.2907634818884174, 0.9159138258896902, 0.26117852645430845, 0.28633673963046297, 0.3197238311996327, 0.2271514968844955, 0.2017175895510252, 0.28191820828334124, 0.1516508858641382, 0.22317056150528417], [1.0, 1.0, 0.2901196377049324, 0.20784866279779293, 0.1433968462809687, 0.24541983987873942, 0.1909160405676509, 0.498957511581678, 0.2957556804441919, 0.27603646576256724, 0.16200840050382448, 0.9947058759700016, 0.2964530265615501, 0.31531970913126917, 0.28878482853028736, 0.2348114619858565, 0.20035892932083185, 0.23300172791561363, 0.16828387480514004, 0.18583935704600343], [0.27610392338237705, 0.2901196377049324, 1.0, 0.088263508575529, 0.08681412537721307, 0.14574742813750946, 0.12302045046576145, 0.31668257940745664, 0.08803794963643523, 0.08857430773456262, 0.10376124606334276, 0.6009907330370025, 0.10703694038800347, 0.12975180536989075, 0.2291761877121053, 0.07192290424615022, 0.1061173062642525, 0.20117476665423734, 0.06508894708616904, 0.08717540545385212], [0.20080129241718223, 0.20784866279779293, 0.088263508575529, 1.0, 0.055177736956185365, 0.06768260184929177, 0.05072339159332379, 0.19699459172911626, 0.06776145874112649, 0.06675859143557565, 0.04187870149357635, 0.17644141141457265, 0.06688335588438304, 0.15060475108798863, 0.3168302370823106, 0.05892874040919815, 0.21084529735044014, 0.07374982640165995, 0.04611016873899575, 0.09665155180886123], [0.1815587795700243, 0.1433968462809687, 0.08681412537721307, 0.055177736956185365, 1.0, 0.13416355484375833, 0.059774056872190194, 0.1870080873926632, 0.053939609109736275, 0.04552312604687462, 0.049060688755421626, 0.4602860019881282, 0.0611119916536807, 0.09606554291202998, 0.2966004992762244, 0.042137904469159354, 0.10701989432573171, 0.14469170625871428, 0.06037083749757966, 0.0583882812594682], [0.29444642880294336, 0.24541983987873942, 0.14574742813750946, 0.06768260184929177, 0.13416355484375833, 1.0, 0.08508202834238193, 0.16966336067080018, 0.0890904192987381, 0.12951733090975606, 0.07080167233419887, 0.6936939905345483, 0.17366546738486177, 0.19968860720686596, 0.1493608674569011, 0.11560841787951222, 0.1283996209478924, 0.23445699460916822, 0.06925750915429582, 0.08465944497572055], [0.256577606754788, 0.1909160405676509, 0.12302045046576145, 0.05072339159332379, 0.059774056872190194, 0.08508202834238193, 1.0, 0.41172769700830963, 0.04894188376764097, 0.03996797035761223, 0.05416998141731498, 0.20755269127982862, 0.053768003495430323, 0.25412495990767914, 0.19072435356241058, 0.052055776468471086, 0.2866624104687039, 0.12133744054146758, 0.058820752289067184, 0.07324392067596922], [0.311898597572026, 0.498957511581678, 0.31668257940745664, 0.19699459172911626, 0.1870080873926632, 0.16966336067080018, 0.41172769700830963, 1.0, 0.10376406780703601, 0.3284020373205252, 0.20884474382627582, 0.36325666681040714, 0.21080585899594173, 0.38083004615055943, 0.2079733391703243, 0.22658748723950914, 0.2749922862797455, 0.29027470920032095, 0.19925435593553775, 0.4112168369920923], [0.1298786175921158, 0.2957556804441919, 0.08803794963643523, 0.06776145874112649, 0.053939609109736275, 0.0890904192987381, 0.04894188376764097, 0.10376406780703601, 1.0, 0.06306542767303043, 0.04154686421506, 0.26866685731657375, 0.1249164882769772, 0.1317769541941359, 0.10880998408356, 0.07891544934684043, 0.1521543287569605, 0.0846709785640664, 0.058405853577489224, 0.08635708657136955], [0.12620860688063143, 0.27603646576256724, 0.08857430773456262, 0.06675859143557565, 0.04552312604687462, 0.12951733090975606, 0.03996797035761223, 0.3284020373205252, 0.06306542767303043, 1.0, 0.0408513522861501, 0.7825882595627583, 0.08027538227922237, 0.09684070441925886, 0.17335369278107113, 0.05392736650736839, 0.13855123967710814, 0.07991481782232605, 0.05428041585601262, 0.05008683241881975], [0.2907634818884174, 0.16200840050382448, 0.10376124606334276, 0.04187870149357635, 0.049060688755421626, 0.07080167233419887, 0.05416998141731498, 0.20884474382627582, 0.04154686421506, 0.0408513522861501, 1.0, 0.32692701511825756, 0.11493170142790668, 0.1516380267278381, 0.1580902558027469, 0.0438185154158849, 0.07858261020068426, 0.08341472682191767, 0.04709559694189305, 0.08243247817258496], [0.9159138258896902, 0.9947058759700016, 0.6009907330370025, 0.17644141141457265, 0.4602860019881282, 0.6936939905345483, 0.20755269127982862, 0.36325666681040714, 0.26866685731657375, 0.7825882595627583, 0.32692701511825756, 1.0, 0.47818022118278125, 0.5551844725893946, 0.3643770146567379, 0.41434288642092115, 0.44622754865263026, 0.2897693011055898, 0.4052623786978296, 0.4601748277087119], [0.26117852645430845, 0.2964530265615501, 0.10703694038800347, 0.06688335588438304, 0.0611119916536807, 0.17366546738486177, 0.053768003495430323, 0.21080585899594173, 0.1249164882769772, 0.08027538227922237, 0.11493170142790668, 0.47818022118278125, 1.0, 0.3337153597767908, 0.2026318190942884, 0.07514593886632727, 0.15674528813061556, 0.11621455881113656, 0.07822478601692587, 0.07233514525609903], [0.28633673963046297, 0.31531970913126917, 0.12975180536989075, 0.15060475108798863, 0.09606554291202998, 0.19968860720686596, 0.25412495990767914, 0.38083004615055943, 0.1317769541941359, 0.09684070441925886, 0.1516380267278381, 0.5551844725893946, 0.3337153597767908, 1.0, 0.24579947505130267, 0.1245578769115018, 0.29090308058401476, 0.250860483197724, 0.1397132520058139, 0.18693664652327002], [0.3197238311996327, 0.28878482853028736, 0.2291761877121053, 0.3168302370823106, 0.2966004992762244, 0.1493608674569011, 0.19072435356241058, 0.2079733391703243, 0.10880998408356, 0.17335369278107113, 0.1580902558027469, 0.3643770146567379, 0.2026318190942884, 0.24579947505130267, 1.0, 0.35117479483864567, 0.19540458154468032, 0.22185920704294543, 0.1875986916691962, 0.1102384821949228], [0.2271514968844955, 0.2348114619858565, 0.07192290424615022, 0.05892874040919815, 0.042137904469159354, 0.11560841787951222, 0.052055776468471086, 0.22658748723950914, 0.07891544934684043, 0.05392736650736839, 0.0438185154158849, 0.41434288642092115, 0.07514593886632727, 0.1245578769115018, 0.35117479483864567, 1.0, 0.16187125253060755, 0.13286144839040254, 0.08394116092564362, 0.07635611790848579], [0.2017175895510252, 0.20035892932083185, 0.1061173062642525, 0.21084529735044014, 0.10701989432573171, 0.1283996209478924, 0.2866624104687039, 0.2749922862797455, 0.1521543287569605, 0.13855123967710814, 0.07858261020068426, 0.44622754865263026, 0.15674528813061556, 0.29090308058401476, 0.19540458154468032, 0.16187125253060755, 1.0, 0.3663429564063301, 0.17170505462349717, 0.2120977794279749], [0.28191820828334124, 0.23300172791561363, 0.20117476665423734, 0.07374982640165995, 0.14469170625871428, 0.23445699460916822, 0.12133744054146758, 0.29027470920032095, 0.0846709785640664, 0.07991481782232605, 0.08341472682191767, 0.2897693011055898, 0.11621455881113656, 0.250860483197724, 0.22185920704294543, 0.13286144839040254, 0.3663429564063301, 1.0, 0.20865193164660922, 0.1575369309109962], [0.1516508858641382, 0.16828387480514004, 0.06508894708616904, 0.04611016873899575, 0.06037083749757966, 0.06925750915429582, 0.058820752289067184, 0.19925435593553775, 0.058405853577489224, 0.05428041585601262, 0.04709559694189305, 0.4052623786978296, 0.07822478601692587, 0.1397132520058139, 0.1875986916691962, 0.08394116092564362, 0.17170505462349717, 0.20865193164660922, 1.0, 0.07051068042869049], [0.22317056150528417, 0.18583935704600343, 0.08717540545385212, 0.09665155180886123, 0.0583882812594682, 0.08465944497572055, 0.07324392067596922, 0.4112168369920923, 0.08635708657136955, 0.05008683241881975, 