{"model": "LSING", "dataset": "0.3_dim20_pair_gau", "N": 100, "seed": 1230, "metrics": {"TP": 2, "FP": 18, "FN": 8, "TN": 162, "TPR": 0.2, "FDR": 0.9, "FPR": 0.1, "Hamming": 26}, "omega": [[1.0, 0.08660988318234887, 0.05630813317917151, 0.06479607323469833, 0.1475610153770761, 0.16372969380224675, 0.14500301483089115, 0.27780574705789335, 0.06747825423320825, 0.06548876965591731, 0.0983203736240888, 0.07084483242950583, 0.05552282171716053, 0.08180001816119473, 0.0952976676693413, 0.07337391217507269, 0.04059322846532043, 0.12906785682709168, 0.05015443786740641, 0.09177651260386556], [0.08660988318234887, 1.0, 0.058464702229919056, 0.05758493535898912, 0.10340615205182023, 0.21642942786272834, 0.12386529646964782, 0.290843459122663, 0.14262647292115938, 0.09622362771637888, 0.11760198395184684, 0.05741415290181606, 0.058827292439833145, 0.09634394218192686, 0.09869282427218685, 0.04449311672680427, 0.07996866981830358, 0.11138916944903157, 0.0876189568347322, 0.12770517442118628], [0.05630813317917151, 0.058464702229919056, 1.0, 0.060968498473068095, 0.13314819890064009, 0.12429501508115565, 0.102803098997486, 0.18680172146948645, 0.07575944831709457, 0.023184545640948132, 0.06122311062467759, 0.02603804696194278, 0.05473796252194369, 0.06737377166063459, 0.10324105934088354, 0.04523882290458317, 0.028731290610651595, 0.08242408373519879, 0.0347470969313882, 0.035184651001224906], [0.06479607323469833, 0.05758493535898912, 0.060968498473068095, 1.0, 0.08266572835019681, 0.1295602539948713, 0.19276124740373948, 0.43351230969795074, 0.07026618134061782, 0.028700721080378598, 0.0432902531410836, 0.03985865328879546, 0.049223513106351854, 0.06574108470104136, 0.09062646969141233, 0.07264352685434253, 0.02066629346905439, 0.054724650036082456, 0.026473227269905194, 0.06913066590193888], [0.1475610153770761, 0.10340615205182023, 0.13314819890064009, 0.08266572835019681, 1.0, 0.6870014981886919, 0.15361379131425865, 0.4679104623562275, 0.16476818268250618, 0.12441384179336529, 0.13999787020667656, 0.0782744183607563, 0.12015391211364618, 0.16249350811899896, 0.110347001110108, 0.13174883561358672, 0.05623291635646573, 0.1563298910447388, 0.1448627303589615, 0.07685616463071401], [0.16372969380224675, 0.21642942786272834, 0.12429501508115565, 0.1295602539948713, 0.6870014981886919, 1.0, 0.3880052734205989, 0.28866488742013985, 0.1384256962886205, 0.14987263017246352, 0.15290683954589573, 0.1122848110121946, 0.1495845477229085, 0.14942317918627943, 0.1256317688017872, 0.08792244573985351, 0.10157802898441437, 0.1841753954200521, 0.14181947820482627, 0.13012213032950232], [0.14500301483089115, 0.12386529646964782, 0.102803098997486, 0.19276124740373948, 0.15361379131425865, 0.3880052734205989, 1.0, 1.0, 0.09221274181306521, 0.1847364202410721, 0.12304304222057702, 0.11369001288469768, 0.08721653903995841, 0.1495020243640568, 0.16363019255235764, 0.1289032010518714, 0.06346605560636076, 0.08903163133005701, 0.1579158629327854, 0.0692424958935325], [0.27780574705789335, 0.290843459122663, 0.18680172146948645, 0.43351230969795074, 0.4679104623562275, 0.28866488742013985, 1.0, 1.0, 0.2459882312821249, 0.3230581814043542, 0.6476521816310191, 0.2644309812484106, 0.4122434135249715, 0.8243855295087755, 0.28113168639979935, 0.24290009228746676, 0.1854315281130649, 0.989445301624876, 0.18480366554213382, 0.5077042166376545], [0.06747825423320825, 0.14262647292115938, 0.07575944831709457, 0.07026618134061782, 0.16476818268250618, 0.1384256962886205, 0.09221274181306521, 0.2459882312821249, 1.0, 0.040644121894353555, 0.061475329850565585, 0.04276867582195363, 0.07233827998563723, 0.10614811531049376, 0.11523307180848393, 0.04706049605981336, 0.04482568613127044, 0.06551820660282026, 0.06489007446043843, 0.10298549282968303], [0.06548876965591731, 0.09622362771637888, 0.023184545640948132, 0.028700721080378598, 0.12441384179336529, 0.14987263017246352, 0.1847364202410721, 0.3230581814043542, 0.040644121894353555, 1.0, 0.03886577532308598, 0.020876019418935902, 0.03242743332017296, 0.042642781482893286, 0.08045039463957247, 0.03238088369650723, 0.015453932720147799, 0.03624172434171278, 0.03706293799388013, 0.03752130655696551], [0.0983203736240888, 0.11760198395184684, 0.06122311062467759, 0.0432902531410836, 0.13999787020667656, 0.15290683954589573, 0.12304304222057702, 0.6476521816310191, 0.061475329850565585, 0.03886577532308598, 1.0, 0.11438336981985048, 0.07348437003520614, 0.09790088978458042, 0.0813663224125961, 0.05593705977289287, 0.04874215175938503, 0.14057653407146273, 0.08542831446364692, 0.09161096507095512], [0.07084483242950583, 0.05741415290181606, 0.02603804696194278, 0.03985865328879546, 0.0782744183607563, 0.1122848110121946, 0.11369001288469768, 0.2644309812484106, 0.04276867582195363, 0.020876019418935902, 0.11438336981985048, 1.0, 0.058711809818961486, 0.04634678711892454, 0.07498751705320496, 0.03024442327063616, 0.021651020092353493, 0.07460206309598064, 0.02883057019870799, 0.048595527886798634], [0.05552282171716053, 0.058827292439833145, 0.05473796252194369, 0.049223513106351854, 0.12015391211364618, 0.1495845477229085, 0.08721653903995841, 0.4122434135249715, 0.07233827998563723, 0.03242743332017296, 0.07348437003520614, 0.058711809818961486, 1.0, 0.10173832242921499, 0.08178291889912498, 0.034877400871691354, 0.028699762249223236, 0.05521775243343937, 0.04731113873987095, 0.0391453174041323], [0.08180001816119473, 0.09634394218192686, 0.06737377166063459, 0.06574108470104136, 0.16249350811899896, 0.14942317918627943, 0.1495020243640568, 0.8243855295087755, 0.10614811531049376, 0.042642781482893286, 0.09790088978458042, 0.04634678711892454, 0.10173832242921499, 1.0, 0.2379825519967939, 0.07233833236681961, 0.04580278490458543, 0.12345893603270822, 0.052365768250348776, 0.1002061754000296], [0.0952976676693413, 0.09869282427218685, 0.10324105934088354, 0.09062646969141233, 0.110347001110108, 0.1256317688017872, 0.16363019255235764, 0.28113168639979935, 0.11523307180848393, 0.08045039463957247, 0.0813663224125961, 0.07498751705320496, 0.08178291889912498, 0.2379825519967939, 1.0, 0.18198498173754352, 0.05299988079064964, 0.10453434051291623, 0.1145335517800687, 0.160169873758642], [0.07337391217507269, 0.04449311672680427, 0.04523882290458317, 0.07264352685434253, 0.13174883561358672, 0.08792244573985351, 0.1289032010518714, 0.24290009228746676, 0.04706049605981336, 0.03238088369650723, 0.05593705977289287, 0.03024442327063616, 0.034877400871691354, 0.07233833236681961, 0.18198498173754352, 1.0, 0.016495511770769685, 0.051250853947419586, 0.039783840184470884, 0.05227100302589993], [0.04059322846532043, 0.07996866981830358, 0.028731290610651595, 0.02066629346905439, 0.05623291635646573, 0.10157802898441437, 0.06346605560636076, 0.1854315281130649, 0.04482568613127044, 0.015453932720147799, 0.04874215175938503, 0.021651020092353493, 0.028699762249223236, 0.04580278490458543, 0.05299988079064964, 0.016495511770769685, 1.0, 0.12111362991633744, 0.03937536597518412, 0.07093180307849983], [0.12906785682709168, 0.11138916944903157, 0.08242408373519879, 0.054724650036082456, 0.1563298910447388, 0.1841753954200521, 0.08903163133005701, 0.989445301624876, 0.06551820660282026, 0.03624172434171278, 0.14057653407146273, 0.07460206309598064, 0.05521775243343937, 0.12345893603270822, 0.10453434051291623, 0.051250853947419586, 0.12111362991633744, 1.0, 0.04184688966083818, 0.1409407187134646], [0.05015443786740641, 0.0876189568347322, 0.0347470969313882, 0.026473227269905194, 0.1448627303589615, 0.14181947820482627, 0.1579158629327854, 0.18480366554213382, 0.06489007446043843, 0.03706293799388013, 0.08542831446364692, 0.02883057019870799, 0.04731113873987095, 0.052365768250348776, 0.1145335517800687, 0.039783840184470884, 0.03937536597518412, 0.04184688966083818, 1.0, 0.11329132437459079], [0.09177651260386556, 0.12770517442118628, 0.035184651001224906, 0.06913066590193888, 0.07685616463071401, 0.13012213032950232, 0.0692424958935325, 0.5077042166376545, 