{"model": "LSING", "dataset": "0.3_dim20_pair_gau", "N": 100, "seed": 120, "metrics": {"TP": 6, "FP": 94, "FN": 4, "TN": 86, "TPR": 0.6, "FDR": 0.94, "FPR": 0.5222222222222223, "Hamming": 98}, "omega": [[1.0, 0.10685309411108658, 0.26547276721333657, 0.08406521957775245, 0.1173577047398737, 0.09159628095064246, 0.17159183023753843, 0.2884542008158585, 0.30266016655894373, 0.11433301018335376, 0.5558821762516329, 0.3592114318387543, 0.20297978862619928, 0.09873099806279714, 0.165176937341449, 0.2980412676364032, 0.2060532979116607, 0.14745110126865688, 0.12781264081715726, 0.11065474017350088], [0.10685309411108658, 1.0, 0.291121305350936, 0.08571894685764835, 0.06604039859337554, 0.0760265913703456, 0.07628029276505699, 0.20722464352152548, 0.1683111970506276, 0.05742515329448369, 0.21220799124745884, 0.19081587742686332, 0.21063257287307333, 0.08072306665220053, 0.07395713846752242, 0.22466462111862237, 0.15132479423936984, 0.10425713706465402, 0.16547576810721262, 0.07960010444581438], [0.26547276721333657, 0.291121305350936, 1.0, 0.3139609361114502, 0.3164127088336473, 0.24269233127650955, 0.44029343481351413, 0.5164008325345092, 0.33097261883737733, 0.4241688287621508, 1.0, 0.5328156032452871, 0.5645593358459008, 0.3258872378912942, 0.2705245867958633, 0.5889326355043589, 0.25791922600583117, 0.3947286088874202, 0.22146119377538245, 0.3410876393379231], [0.08406521957775245, 0.08571894685764835, 0.3139609361114502, 1.0, 0.06784735954713599, 0.04163453739792577, 0.07462960314776515, 0.3585523764307702, 0.17044512957469443, 0.048313937452207724, 0.2655323127541214, 0.16049333394275142, 0.3039128912631054, 0.07405450064503662, 0.07821028612519039, 0.38177055821604017, 0.11095692537860194, 0.0811223806948113, 0.08549286867692428, 0.06759987913836275], [0.1173577047398737, 0.06604039859337554, 0.3164127088336473, 0.06784735954713599, 1.0, 0.10857821070472301, 0.20753472127550604, 0.1453842151058832, 0.2632517521995902, 0.15943360546340307, 0.21518495858087644, 0.2416610193671638, 0.18164349256304393, 0.06797229119972739, 0.12046946764425476, 0.29794676917712604, 0.1502279519716693, 0.10671490308951216, 0.17607891609862752, 0.1452598660962121], [0.09159628095064246, 0.0760265913703456, 0.24269233127650955, 0.04163453739792577, 0.10857821070472301, 1.0, 0.12595434081986118, 0.15296755312487237, 0.22081190046467752, 0.05845655288310384, 0.35887537415009085, 0.3140706455106571, 0.12986073250320482, 0.07498056914144341, 0.09079591625011468, 0.3755610073522748, 0.11332438175080917, 0.10049174779639357, 0.17887921676500132, 0.066614385306628], [0.17159183023753843, 0.07628029276505699, 0.44029343481351413, 0.07462960314776515, 0.20753472127550604, 0.12595434081986118, 1.0, 0.658449696929517, 0.18171371800512567, 0.08460816924204265, 0.2584696086099011, 0.4144900918460198, 0.2345699241082141, 0.1761461067064689, 0.12432556819281024, 0.2224627060448807, 0.2386031028507304, 0.0909415826369242, 0.10990471468994402, 0.14284568798419464], [0.2884542008158585, 0.20722464352152548, 0.5164008325345092, 0.3585523764307702, 0.1453842151058832, 0.15296755312487237, 0.658449696929517, 1.0, 0.7023586629894921, 0.18376916060840592, 0.36512857232233437, 0.3522628889381904, 0.5048360041194552, 0.4140514409211958, 0.3551837684054353, 0.2565539013147705, 0.2831780976493696, 0.18582463715205044, 0.34986857725273796, 0.47475832480770236], [0.30266016655894373, 0.1683111970506276, 0.33097261883737733, 0.17044512957469443, 0.2632517521995902, 0.22081190046467752, 0.18171371800512567, 0.7023586629894921, 1.0, 0.6147347792456482, 0.5532834643789655, 0.3456114260462655, 0.4650494177360804, 0.5206799884104969, 0.5506788525396387, 0.6379394103404751, 0.2948143026505275, 0.34424083211364864, 0.2639182023644442, 0.2854142246103165], [0.11433301018335376, 0.05742515329448369, 0.4241688287621508, 0.048313937452207724, 0.15943360546340307, 0.05845655288310384, 0.08460816924204265, 0.18376916060840592, 0.6147347792456482, 1.0, 0.2265005826994876, 0.3345480608568833, 0.11759406260843239, 0.1092721582213801, 0.08181350267614115, 0.22039673344357918, 0.12691755421662076, 0.06170994609930747, 0.09667142746271, 0.12802982520825526], [0.5558821762516329, 0.21220799124745884, 1.0, 0.2655323127541214, 0.21518495858087644, 0.35887537415009085, 0.2584696086099011, 0.36512857232233437, 0.5532834643789655, 0.2265005826994876, 1.0, 0.6348432006080303, 0.40525103820746, 0.3139898278465529, 0.33108149952602284, 0.31722024343613153, 0.36401354650446494, 0.19437902879195043, 0.33209788898853526, 0.3063791197521267], [0.3592114318387543, 0.19081587742686332, 0.5328156032452871, 0.16049333394275142, 0.2416610193671638, 0.3140706455106571, 0.4144900918460198, 0.3522628889381904, 0.3456114260462655, 0.3345480608568833, 0.6348432006080303, 1.0, 0.3017974703793956, 0.2651082872979431, 0.18683728186103615, 0.5251244904278556, 0.32287785326743323, 0.19382793909695778, 0.28386572942990485, 0.20466409051759396], [0.20297978862619928, 0.21063257287307333, 0.5645593358459008, 0.3039128912631054, 0.18164349256304393, 0.12986073250320482, 0.2345699241082141, 0.5048360041194552, 0.4650494177360804, 0.11759406260843239, 0.40525103820746, 0.3017974703793956, 1.0, 0.23017350427360098, 0.2880366777678056, 0.36359157161196254, 0.2855325463769623, 0.3071308139702612, 0.19424374815661397, 0.32247975542120955], [0.09873099806279714, 0.08072306665220053, 0.3258872378912942, 0.07405450064503662, 0.06797229119972739, 0.07498056914144341, 0.1761461067064689, 0.4140514409211958, 0.5206799884104969, 0.1092721582213801, 0.3139898278465529, 0.2651082872979431, 0.23017350427360098, 1.0, 0.10921970763091393, 0.33511498090345404, 0.09174805094629696, 0.14970587280305436, 0.09126808611303974, 0.07552475197230285], [0.165176937341449, 0.07395713846752242, 0.2705245867958633, 0.07821028612519039, 0.12046946764425476, 0.09079591625011468, 0.12432556819281024, 0.3551837684054353, 0.5506788525396387, 0.08181350267614115, 0.33108149952602284, 0.18683728186103615, 0.2880366777678056, 0.10921970763091393, 1.0, 0.5832940662174244, 0.23565817097865796, 0.12460516891383933, 0.1783088093459997, 0.13127911446874335], [0.2980412676364032, 0.22466462111862237, 0.5889326355043589, 0.38177055821604017, 0.29794676917712604, 0.3755610073522748, 0.2224627060448807, 0.2565539013147705, 0.6379394103404751, 0.22039673344357918, 0.31722024343613153, 0.5251244904278556, 0.36359157161196254, 0.33511498090345404, 0.5832940662174244, 1.0, 0.20341655586080515, 0.280435874603025, 0.30632646693365667, 0.27929431590537107], [0.2060532979116607, 0.15132479423936984, 0.25791922600583117, 0.11095692537860194, 0.1502279519716693, 0.11332438175080917, 0.2386031028507304, 0.2831780976493696, 0.2948143026505275, 0.12691755421662076, 0.36401354650446494, 0.32287785326743323, 0.2855325463769623, 0.09174805094629696, 0.23565817097865796, 0.20341655586080515, 1.0, 0.1578373109366149, 0.10758115735058349, 0.12029186337464744], [0.14745110126865688, 0.10425713706465402, 0.3947286088874202, 0.0811223806948113, 0.10671490308951216, 0.10049174779639357, 0.0909415826369242, 0.18582463715205044, 0.34424083211364864, 0.06170994609930747, 0.19437902879195043, 0.19382793909695778, 0.3071308139702612, 0.14970587280305436, 0.12460516891383933, 0.280435874603025, 0.1578373109366149, 1.0, 0.0974581608644294, 0.19562198149955995], [0.12781264081715726, 0.16547576810721262, 0.22146119377538245, 0.08549286867692428, 0.17607891609862752, 0.17887921676500132, 0.10990471468994402, 0.34986857725273796, 0.2639182023644442, 0.09667142746271, 0.33209788898853526, 0.28386572942990485, 0.19424374815661397, 0.09126808611303974, 0.1783088093459997, 0.30632646693365667, 0.10758115735058349, 0.0974581608644294, 1.0, 0.1569820420401191], [0.11065474017350088, 0.07960010444581438, 0.3410876393379231, 0.06759987913836275, 0.1452598660962121, 0.066614385306628, 0.14284568798419464, 0.47475832480770236, 0.2854142246103165, 0.12802982520825526, 0.3063791197521267, 0.20466409051759396, 0.32247975542120955, 