{"model": "SING", "dataset": "dim5_cop_gau", "N": 50000, "seed": 1230, "metrics": {"TP": 4, "FP": 3, "FN": 0, "TN": 3, "TPR": 1.0, "FDR": 0.42857142857142855, "FPR": 0.5, "Hamming": 3}, "omega": [[606.2188882697866, 5.7217756351514915, 0.47123466854833684, 0.0, 0.0], [5.7217756351514915, 445.1959815932599, 6.604732662118324, 0.5316451321242511, 0.0], [0.47123466854833684, 6.604732662118324, 600.1763224956337, 5.305598393954797, 0.5021871788014357], [0.0, 0.5316451321242511, 5.305598393954797, 605.5180775459935, 5.633889097000245], [0.0, 0.0, 0.5021871788014357, 5.633889097000245, 606.9219302759449]], "meta_info": {"source": "pretrained", "p_order": 2}}