{"model": "SING", "dataset": "dim5_cop_gau", "N": 50000, "seed": 1234560, "metrics": {"TP": 4, "FP": 3, "FN": 0, "TN": 3, "TPR": 1.0, "FDR": 0.42857142857142855, "FPR": 0.5, "Hamming": 3}, "omega": [[665.1905574319273, 5.757451732848752, 0.5974943253426046, 0.0, 0.0], [5.757451732848752, 463.5266323444291, 6.557281926280707, 0.4998243280937593, 0.0], [0.5974943253426046, 6.557281926280707, 555.5173987478355, 5.9125982681238, 0.46004818524312535], [0.0, 0.4998243280937593, 5.9125982681238, 578.8291619351718, 5.849556606939702], [0.0, 0.0, 0.46004818524312535, 5.849556606939702, 500.57214324356676]], "meta_info": {"source": "pretrained", "p_order": 2}}