{"model": "SING", "dataset": "dim5_cop_gau", "N": 50000, "seed": 123450, "metrics": {"TP": 4, "FP": 3, "FN": 0, "TN": 3, "TPR": 1.0, "FDR": 0.42857142857142855, "FPR": 0.5, "Hamming": 3}, "omega": [[482.95221638059485, 6.548178950731984, 0.4186812573075708, 0.0, 0.0], [6.548178950731984, 438.1933570473208, 5.737735538560534, 0.4510288842682496, 0.0], [0.4186812573075708, 5.737735538560534, 548.5107104035224, 5.204183615844767, 0.4717049343518332], [0.0, 0.4510288842682496, 5.204183615844767, 695.0306176504415, 5.866035435913352], [0.0, 0.0, 0.4717049343518332, 5.866035435913352, 518.6215443827867]], "meta_info": {"source": "pretrained", "p_order": 2}}