{"model": "GLASSO", "dataset": "dim5_cop_gau", "N": 1000, "seed": 1230, "metrics": {"TP": 4, "FP": 0, "FN": 0, "TN": 6, "TPR": 1.0, "FDR": 0.0, "FPR": 0.0, "Hamming": 0}, "omega": [[2.711846292077601, -2.15460013496328, -0.0, -0.0, -0.0], [-2.1545905459927157, 4.535730799380954, -2.269448422963847, -0.0, -0.0], [-0.0, -2.2694330820536934, 4.405436988964318, -2.0206849620485614, -0.0], [-0.0, -0.0, -2.020585742237103, 4.111889095642677, -1.9677289554131971], [-0.0, -0.0, -0.0, -1.9677331675275798, 2.5302603877265377]], "meta_info": {"source": "pretrained"}}