{"model": "GLASSO", "dataset": "dim5_cop_gau", "N": 1000, "seed": 120, "metrics": {"TP": 4, "FP": 0, "FN": 0, "TN": 6, "TPR": 1.0, "FDR": 0.0, "FPR": 0.0, "Hamming": 0}, "omega": [[2.5496116326962732, -1.9876981169227292, -0.0, -0.0, -0.0], [-1.9876893825320052, 4.219478939378334, -2.1115236177435155, -0.0, -0.0], [-0.0, -2.1114532449279726, 4.035189528494166, -1.7970178021525642, -0.0], [-0.0, -0.0, -1.7970081868809884, 4.107631311647724, -2.185893876719942], [-0.0, -0.0, -0.0, -2.1858950820052354, 2.7423496694944207]], "meta_info": {"source": "pretrained"}}