{"model": "GLASSO", "dataset": "dim5_cop_gau", "N": 1000, "seed": 123450, "metrics": {"TP": 4, "FP": 0, "FN": 0, "TN": 6, "TPR": 1.0, "FDR": 0.0, "FPR": 0.0, "Hamming": 0}, "omega": [[2.586428539114027, -2.0256361876094164, -0.0, -0.0, -0.0], [-2.025632083765502, 4.217070649579419, -2.0711784843645162, -0.0, -0.0], [-0.0, -2.071126418605799, 4.431598425422762, -2.245961684794778, -0.0], [-0.0, -0.0, -2.2459304381213667, 4.598362838175554, -2.242347835624341], [-0.0, -0.0, -0.0, -2.242350924516692, 2.797416770185411]], "meta_info": {"source": "pretrained"}}