{"model": "SING", "dataset": "dim6_butterfly", "N": 5000, "seed": 123450, "metrics": {"TP": 3, "FP": 0, "FN": 0, "TN": 12, "TPR": 1.0, "FDR": 0.0, "FPR": 0.0, "Hamming": 0}, "omega": [[404.75935583555196, 0.6285610216517329, 0.0, 0.0, 0.0, 0.0], [0.6285610216517329, 798.8840286024541, 0.0, 0.0, 0.0, 0.0], [0.0, 0.0, 407.62711275294305, 0.6470168659884202, 0.0, 0.0], [0.0, 0.0, 0.6470168659884202, 821.7287837660177, 0.0, 0.0], [0.0, 0.0, 0.0, 0.0, 456.23912448695495, 0.6354461327352914], [0.0, 0.0, 0.0, 0.0, 0.6354461327352914, 801.6573223838873]], "meta_info": {"source": "pretrained", "p_order": 3}}