{"model": "SING", "dataset": "dim6_butterfly", "N": 5000, "seed": 12340, "metrics": {"TP": 3, "FP": 0, "FN": 0, "TN": 12, "TPR": 1.0, "FDR": 0.0, "FPR": 0.0, "Hamming": 0}, "omega": [[459.3883854873794, 0.6751662449592517, 0.0, 0.0, 0.0, 0.0], [0.6751662449592517, 840.2507866195851, 0.0, 0.0, 0.0, 0.0], [0.0, 0.0, 401.80274036232504, 0.6870702203188449, 0.0, 0.0], [0.0, 0.0, 0.6870702203188449, 714.3086716501438, 0.0, 0.0], [0.0, 0.0, 0.0, 0.0, 456.6774593528085, 0.6717998388699116], [0.0, 0.0, 0.0, 0.0, 0.6717998388699116, 807.4415463286808]], "meta_info": {"source": "pretrained", "p_order": 3}}