{"model": "SING", "dataset": "dim6_butterfly", "N": 5000, "seed": 1230, "metrics": {"TP": 3, "FP": 0, "FN": 0, "TN": 12, "TPR": 1.0, "FDR": 0.0, "FPR": 0.0, "Hamming": 0}, "omega": [[403.810191461309, 0.658110626776191, 0.0, 0.0, 0.0, 0.0], [0.658110626776191, 735.1458542807738, 0.0, 0.0, 0.0, 0.0], [0.0, 0.0, 405.19561221506166, 0.612041286442555, 0.0, 0.0], [0.0, 0.0, 0.612041286442555, 788.7179285874223, 0.0, 0.0], [0.0, 0.0, 0.0, 0.0, 456.92464223842404, 0.643685118582824], [0.0, 0.0, 0.0, 0.0, 0.643685118582824, 814.8589498491536]], "meta_info": {"source": "pretrained", "p_order": 3}}