{"model": "SING", "dataset": "dim5_cop_gau", "N": 100, "seed": 12340, "metrics": {"TP": 0, "FP": 0, "FN": 4, "TN": 6, "TPR": 0.0, "FDR": 0.0, "FPR": 0.0, "Hamming": 4}, "omega": [[386.49171276766043, 0.0, 0.0, 0.0, 0.0], [0.0, 379.19866229280126, 0.0, 0.0, 0.0], [0.0, 0.0, 384.4308962747084, 0.0, 0.0], [0.0, 0.0, 0.0, 386.98884876444356, 0.0], [0.0, 0.0, 0.0, 0.0, 371.03306454040313]], "meta_info": {"source": "pretrained", "p_order": 3}}