{"model": "SING", "dataset": "dim5_cop_gau", "N": 100, "seed": 123450, "metrics": {"TP": 0, "FP": 0, "FN": 4, "TN": 6, "TPR": 0.0, "FDR": 0.0, "FPR": 0.0, "Hamming": 4}, "omega": [[316.2139913054257, 0.0, 0.0, 0.0, 0.0], [0.0, 381.6729769471703, 0.0, 0.0, 0.0], [0.0, 0.0, 380.21313086276933, 0.0, 0.0], [0.0, 0.0, 0.0, 479.17925240336376, 0.0], [0.0, 0.0, 0.0, 0.0, 440.68131006914535]], "meta_info": {"source": "pretrained", "p_order": 3}}