{"model": "SING", "dataset": "dim6_butterfly", "N": 50000, "seed": 1230, "metrics": {"TP": 3, "FP": 1, "FN": 0, "TN": 11, "TPR": 1.0, "FDR": 0.25, "FPR": 0.08333333333333333, "Hamming": 1}, "omega": [[538.6102150572476, 0.2162410097067837, 0.0, 0.0, 0.0, 0.0], [0.2162410097067837, 588.7116937793102, 0.023889064927522404, 0.0, 0.0, 0.0], [0.0, 0.023889064927522404, 392.97524850970217, 0.6538869500500211, 0.0, 0.0], [0.0, 0.0, 0.6538869500500211, 809.7204153116152, 0.0, 0.0], [0.0, 0.0, 0.0, 0.0, 539.9465449947978, 0.22021737912877867], [0.0, 0.0, 0.0, 0.0, 0.22021737912877867, 601.2627631651934]], "meta_info": {"source": "pretrained", "p_order": 3}}