{"model": "SING", "dataset": "dim6_butterfly", "N": 50000, "seed": 120, "metrics": {"TP": 3, "FP": 2, "FN": 0, "TN": 10, "TPR": 1.0, "FDR": 0.4, "FPR": 0.16666666666666666, "Hamming": 2}, "omega": [[475.6327831866618, 0.2034874507964773, 0.02850232169472362, 0.0, 0.0, 0.0], [0.2034874507964773, 534.8494527275313, 0.026321353592887245, 0.0, 0.0, 0.0], [0.02850232169472362, 0.026321353592887245, 455.2498533910497, 0.6506787686625178, 0.0, 0.0], [0.0, 0.0, 0.6506787686625178, 809.5609955748355, 0.0, 0.0], [0.0, 0.0, 0.0, 0.0, 536.4586295907847, 0.21754475769545087], [0.0, 0.0, 0.0, 0.0, 0.21754475769545087, 601.7429569976707]], "meta_info": {"source": "pretrained", "p_order": 3}}