{"model": "SING", "dataset": "dim6_butterfly", "N": 5000, "seed": 1230, "metrics": {"TP": 0, "FP": 0, "FN": 3, "TN": 12, "TPR": 0.0, "FDR": 0.0, "FPR": 0.0, "Hamming": 3}, "omega": [[449.24237121240486, 0.0, 0.0, 0.0, 0.0, 0.0], [0.0, 599.7839806202604, 0.0, 0.0, 0.0, 0.0], [0.0, 0.0, 449.5666234954588, 0.0, 0.0, 0.0], [0.0, 0.0, 0.0, 591.4699522240708, 0.0, 0.0], [0.0, 0.0, 0.0, 0.0, 452.22725656375576, 0.0], [0.0, 0.0, 0.0, 0.0, 0.0, 601.7465169353655]], "meta_info": {"source": "pretrained", "p_order": 2}}