{"model": "SING", "dataset": "dim6_butterfly", "N": 5000, "seed": 12340, "metrics": {"TP": 0, "FP": 0, "FN": 3, "TN": 12, "TPR": 0.0, "FDR": 0.0, "FPR": 0.0, "Hamming": 3}, "omega": [[454.9388883983406, 0.0, 0.0, 0.0, 0.0, 0.0], [0.0, 609.582421016602, 0.0, 0.0, 0.0, 0.0], [0.0, 0.0, 446.48045989686267, 0.0, 0.0, 0.0], [0.0, 0.0, 0.0, 597.834122942501, 0.0, 0.0], [0.0, 0.0, 0.0, 0.0, 451.87383889450524, 0.0], [0.0, 0.0, 0.0, 0.0, 0.0, 594.8515475083343]], "meta_info": {"source": "pretrained", "p_order": 2}}