{"model": "SING", "dataset": "dim6_butterfly", "N": 5000, "seed": 120, "metrics": {"TP": 0, "FP": 0, "FN": 3, "TN": 12, "TPR": 0.0, "FDR": 0.0, "FPR": 0.0, "Hamming": 3}, "omega": [[449.8012998122748, 0.0, 0.0, 0.0, 0.0, 0.0], [0.0, 600.2933197548551, 0.0, 0.0, 0.0, 0.0], [0.0, 0.0, 451.16402258847774, 0.0, 0.0, 0.0], [0.0, 0.0, 0.0, 598.9367091519489, 0.0, 0.0], [0.0, 0.0, 0.0, 0.0, 450.3598781727293, 0.0], [0.0, 0.0, 0.0, 0.0, 0.0, 595.4942091471061]], "meta_info": {"source": "pretrained", "p_order": 2}}