{"model": "LSING", "dataset": "0.1_dim20_pair_gau", "N": 100, "seed": 1230, "metrics": {"TP": 5, "FP": 70, "FN": 5, "TN": 110, "TPR": 0.5, "FDR": 0.9333333333333333, "FPR": 0.3888888888888889, "Hamming": 75}, "omega": [[1.0, 0.27593792500288455, 0.3918794868861494, 0.15215333307030024, 0.3992797301335483, 0.4300022658645688, 0.36127200524030967, 0.4924497307772665, 0.2828678429242017, 0.25388427829996474, 0.2967400390982789, 0.1984526258023253, 0.1755613066847988, 0.2575361480345494, 0.47124819159031694, 0.157690398594595, 0.17552165675253636, 0.2124786185885612, 0.11743350661602436, 0.25871970740270256], [0.27593792500288455, 1.0, 0.15066901176815384, 0.1015314448205277, 0.19403333153683436, 0.46360424871286277, 0.3995336858957651, 0.4506327381192837, 0.32929179597518965, 0.19820734679658567, 0.4289559932372899, 0.31146898281751084, 0.11159943875855029, 0.11935920333700696, 0.4357353995988229, 0.14654299824795244, 0.10722598930572352, 0.09143572597239365, 0.14025608242591006, 0.12106227185010834], [0.3918794868861494, 0.15066901176815384, 1.0, 0.08716525353090035, 0.09505841404351821, 0.2571548170948563, 0.43901587080290966, 0.2765576386681551, 0.11892222638135386, 0.167737123688483, 0.2227257564017639, 0.1461332851424284, 0.09852146745307935, 0.07932956365459842, 0.37835592072726937, 0.08015010695512514, 0.06899440139768273, 0.07890530876627863, 0.08283065451270698, 0.10694507379677029], [0.15215333307030024, 0.1015314448205277, 0.08716525353090035, 1.0, 0.08558798940315432, 0.26239931308340886, 0.20879320306158738, 0.4537311077974523, 0.20198083581620674, 0.09400413663016204, 0.12546073625942664, 0.16014417944046427, 0.06263546702541188, 0.07313312840165395, 0.28464483431240567, 0.12026568159664562, 0.05761351586155228, 0.043254251507671045, 0.052298396764952036, 0.068944880367393], [0.3992797301335483, 0.19403333153683436, 0.09505841404351821, 0.08558798940315432, 1.0, 0.4787089342457246, 0.12173672535227778, 0.36544489727946555, 0.11722160173140383, 0.1032249291718674, 0.15252411113177924, 0.11968084662855381, 0.10495216532112034, 0.12576151168187677, 0.17691715411334075, 0.10865329244797287, 0.07125755846529966, 0.04100816040363114, 0.07286646896545419, 0.053450575851165284], [0.4300022658645688, 0.46360424871286277, 0.2571548170948563, 0.26239931308340886, 0.4787089342457246, 1.0, 0.7146938462638063, 0.4260014522016075, 0.31623033944589657, 0.2695682955104902, 0.35707474078570156, 0.40419188280553703, 0.39235643259213787, 0.2963248349645603, 0.4620009763877057, 0.18359828603011602, 0.18352714177714138, 0.13085864689156204, 0.4093543223794572, 0.2608010412971034], [0.36127200524030967, 0.3995336858957651, 0.43901587080290966, 0.20879320306158738, 0.12173672535227778, 0.7146938462638063, 1.0, 1.0, 0.24571819970713077, 0.204096917201887, 0.17467566441244958, 0.2679678116172479, 0.1728089453562892, 0.298594324249595, 0.5223013438211204, 0.11612903917238203, 0.16910073065843073, 0.2580405770846479, 0.3460618277120083, 0.1055220060299975], [0.4924497307772665, 0.4506327381192837, 0.2765576386681551, 0.4537311077974523, 0.36544489727946555, 0.4260014522016075, 1.0, 1.0, 0.27330720503143185, 0.2725874805891295, 0.7338532723104424, 0.5389554140674737, 0.3593335913568872, 0.691480780851971, 0.4958513332294935, 0.32720585761208165, 0.19915678211288174, 0.5656034916131325, 0.19175250826930698, 0.4516002136336143], [0.2828678429242017, 0.32929179597518965, 0.11892222638135386, 0.20198083581620674, 0.11722160173140383, 0.31623033944589657, 0.24571819970713077, 0.27330720503143185, 1.0, 0.17288032136547837, 0.11731316137705629, 0.13520963131936906, 0.140311007422536, 0.1208745652572233, 0.42421013607214214, 0.11329122233809324, 0.11821407258265221, 0.08757237072157673, 0.08308393830452392, 0.137527802897917], [0.25388427829996474, 0.19820734679658567, 0.167737123688483, 0.09400413663016204, 0.1032249291718674, 0.2695682955104902, 0.204096917201887, 0.2725874805891295, 0.17288032136547837, 1.0, 0.17069233914701196, 0.1078294984293256, 0.0525145517397294, 0.0789942724970834, 0.3167248557063736, 0.05048599204618558, 0.06890931130646408, 0.03552857409921583, 0.05478676201439421, 0.05505851886109081], [0.2967400390982789, 0.4289559932372899, 0.2227257564017639, 0.12546073625942664, 0.15252411113177924, 0.35707474078570156, 0.17467566441244958, 0.7338532723104424, 0.11731316137705629, 0.17069233914701196, 1.0, 0.4499151374958365, 0.21892854486507002, 0.2162840813822272, 0.3636551065718568, 0.11583025513666435, 0.1110565700586431, 0.1440696100905979, 0.29839055045205753, 0.08938205690315977], [0.1984526258023253, 0.31146898281751084, 0.1461332851424284, 0.16014417944046427, 0.11968084662855381, 0.40419188280553703, 0.2679678116172479, 0.5389554140674737, 0.13520963131936906, 0.1078294984293256, 0.4499151374958365, 1.0, 0.13986307048251417, 0.161070034481597, 0.3525468767041439, 0.10733365294272908, 0.07846256733462224, 0.06702140801558076, 0.054051569990661276, 0.09920908078432071], [0.1755613066847988, 0.11159943875855029, 0.09852146745307935, 0.06263546702541188, 0.10495216532112034, 0.39235643259213787, 0.1728089453562892, 0.3593335913568872, 0.140311007422536, 0.0525145517397294, 0.21892854486507002, 0.13986307048251417, 1.0, 0.1460074157672351, 0.3511701393344848, 0.10605879266205184, 0.06299827953996102, 0.04816318656956992, 0.08230579412902699, 0.05571710135434506], [0.2575361480345494, 0.11935920333700696, 0.07932956365459842, 0.07313312840165395, 0.12576151168187677, 0.2963248349645603, 0.298594324249595, 0.691480780851971, 0.1208745652572233, 0.0789942724970834, 0.2162840813822272, 0.161070034481597, 0.1460074157672351, 1.0, 0.5820021468914738, 0.07604074186944755, 0.08200924672471327, 0.07500040661566533, 0.06584231945778875, 0.06140308557428268], [0.47124819159031694, 0.4357353995988229, 0.37835592072726937, 0.28464483431240567, 0.17691715411334075, 0.4620009763877057, 0.5223013438211204, 0.4958513332294935, 0.42421013607214214, 0.3167248557063736, 0.3636551065718568, 0.3525468767041439, 0.3511701393344848, 0.5820021468914738, 1.0, 0.3510765245384853, 0.20321132643091877, 0.18846542526887694, 0.4468094668837978, 0.26670055146894006], [0.157690398594595, 0.14654299824795244, 0.08015010695512514, 0.12026568159664562, 0.10865329244797287, 0.18359828603011602, 0.11612903917238203, 0.32720585761208165, 0.11329122233809324, 0.05048599204618558, 0.11583025513666435, 0.10733365294272908, 0.10605879266205184, 0.07604074186944755, 0.3510765245384853, 1.0, 0.05465898708810348, 0.047790840168416775, 0.09333985219829574, 0.05393927000314129], [0.17552165675253636, 0.10722598930572352, 0.06899440139768273, 0.05761351586155228, 0.07125755846529966, 0.18352714177714138, 0.16910073065843073, 0.19915678211288174, 0.11821407258265221, 0.06890931130646408, 0.1110565700586431, 0.07846256733462224, 0.06299827953996102, 0.08200924672471327, 0.20321132643091877, 0.05465898708810348, 1.0, 0.03427735724420485, 0.035335232396891736, 0.05872337062236054], [0.2124786185885612, 0.09143572597239365, 0.07890530876627863, 0.043254251507671045, 0.04100816040363114, 0.13085864689156204, 0.2580405770846479, 0.5656034916131325, 0.08757237072157673, 0.03552857409921583, 0.1440696100905979, 0.06702140801558076, 0.04816318656956992, 0.07500040661566533, 0.18846542526887694, 0.047790840168416775, 0.03427735724420485, 1.0, 0.03483224906413162, 0.03225775143361696], [0.11743350661602436, 0.14025608242591006, 0.08283065451270698, 0.052298396764952036, 0.07286646896545419, 0.4093543223794572, 0.3460618277120083, 0.19175250826930698, 0.08308393830452392, 0.05478676201439421, 0.29839055045205753, 0.054051569990661276, 0.08230579412902699, 0.06584231945778875, 0.4468094668837978, 0.09333985219829574, 0.035335232396891736, 0.03483224906413162, 1.0, 0.03469589057433889], [0.25871970740270256, 0.12106227185010834, 0.10694507379677029, 0.068944880367393, 0.053450575851165284, 0.2608010412971034, 0.1055220060299975, 0.4516002136336143, 0.137527802897917, 0.05505851886109081, 0.08938205690315977, 