{"model": "LSING", "dataset": "0.1_dim20_pair_gau", "N": 100, "seed": 120, "metrics": {"TP": 6, "FP": 116, "FN": 4, "TN": 64, "TPR": 0.6, "FDR": 0.9508196721311475, "FPR": 0.6444444444444445, "Hamming": 120}, "omega": [[1.0, 0.25135173669771477, 0.3337579787334186, 0.22427872924937187, 0.31174637383153175, 0.4011967141705419, 0.5733693077188726, 0.6105930925410457, 0.27243355956527243, 0.5503471401520432, 0.4987922510450903, 0.1885813042463493, 0.32600499893680945, 0.26872982471803014, 0.28508503934331797, 0.5905084583202479, 0.29612320867415215, 0.38879225865394085, 0.36486349653726086, 0.32123519339620443], [0.25135173669771477, 1.0, 0.24577204948819847, 0.1429154313909063, 0.09778181714531183, 0.2180627128880799, 0.22928004626337248, 0.15844437849240145, 0.21862132933682682, 0.15975796363277667, 0.19193449544414218, 0.16195621910282326, 0.212853513296047, 0.15851794534734295, 0.14998565341463072, 0.42068502423487203, 0.12045211439130395, 0.2256823183129875, 0.2558044409505296, 0.06658735870632683], [0.3337579787334186, 0.24577204948819847, 1.0, 0.37887335856363163, 0.38680206135078676, 0.4029780534019961, 0.531381641041391, 0.47393111208092525, 0.22865508161282427, 0.6032414113294108, 0.802443002929271, 0.6641265535053692, 0.5624471733597987, 0.4377168168806604, 0.3221708210763367, 0.7607239286782242, 0.5220830646905064, 0.39635540738283653, 0.4099623441885423, 0.2364559240062339], [0.22427872924937187, 0.1429154313909063, 0.37887335856363163, 1.0, 0.17056501412641645, 0.08346097993138339, 0.18087992806475578, 0.21767748556127925, 0.1447009432965236, 0.1120888218590338, 0.1754696548404903, 0.06523088354812176, 0.4091581959836624, 0.08896185456876068, 0.08514401866595427, 0.4032037411781962, 0.15606145719361125, 0.17287397837279814, 0.12473602165861276, 0.11556070137136265], [0.31174637383153175, 0.09778181714531183, 0.38680206135078676, 0.17056501412641645, 1.0, 0.08431828522494464, 0.5793986145921873, 0.28308946219258707, 0.13268753148771623, 0.10325727529518, 0.1280621307134591, 0.10499954112777876, 0.16778723250085809, 0.13451279232155378, 0.13601241385927557, 0.44324451515516233, 0.10171136902166511, 0.326428368066013, 0.12928732637261373, 0.16871261505874646], [0.4011967141705419, 0.2180627128880799, 0.4029780534019961, 0.08346097993138339, 0.08431828522494464, 1.0, 0.413061126637827, 0.2293140568500931, 0.25777322129021174, 0.21525459340945943, 0.15733308147387495, 0.22645640180303225, 0.24070232110328957, 0.1083441260326893, 0.13540873935802256, 0.4391312680662647, 0.13339154526761782, 0.11841682977083372, 0.1534071974537118, 0.1064033813810138], [0.5733693077188726, 0.22928004626337248, 0.531381641041391, 0.18087992806475578, 0.5793986145921873, 0.413061126637827, 1.0, 1.0, 0.3054588001322535, 0.2994105930691292, 0.4255744277378581, 0.46311927191337754, 0.45328492517544106, 0.5052508482941708, 0.28114610809535073, 0.4168226692398109, 0.4225824033155547, 0.27420137845449377, 0.2741867362945432, 0.33369058675339297], [0.6105930925410457, 0.15844437849240145, 0.47393111208092525, 0.21767748556127925, 0.28308946219258707, 0.2293140568500931, 1.0, 1.0, 0.35845866849913804, 0.28922573682402164, 0.28587567696090177, 0.23985838738917684, 0.5339446726134972, 0.4225751700300095, 0.24990180680742013, 0.3811934556314947, 0.32294739695270214, 0.226308658409607, 0.5341065460326975, 0.44108499897739], [0.27243355956527243, 0.21862132933682682, 0.22865508161282427, 0.1447009432965236, 0.13268753148771623, 0.25777322129021174, 0.3054588001322535, 0.35845866849913804, 1.0, 0.2607337031247735, 0.23635322891037805, 0.16602470566478342, 0.33169310251254197, 0.24438124914656498, 0.2195655340450314, 0.46725356527815354, 0.22584246998586452, 0.30129572482681527, 0.18360722301554785, 0.303254974593365], [0.5503471401520432, 0.15975796363277667, 0.6032414113294108, 0.1120888218590338, 0.10325727529518, 0.21525459340945943, 0.2994105930691292, 0.28922573682402164, 0.2607337031247735, 1.0, 0.19841748003491252, 0.17074619744276676, 0.30869124472387177, 0.2091720050720208, 0.12414832330490075, 0.4902265386993263, 0.2549823387846976, 0.3705101221222473, 0.2317032700830393, 0.18266243301114274], [0.4987922510450903, 0.19193449544414218, 0.802443002929271, 0.1754696548404903, 0.1280621307134591, 0.15733308147387495, 0.4255744277378581, 0.28587567696090177, 0.23635322891037805, 0.19841748003491252, 1.0, 0.17272642520063808, 0.3379146450454608, 0.20012697415774852, 0.12318035069348528, 0.4517793189840686, 0.21724328845236546, 0.2052880867894375, 0.15374353303789273, 0.15056133124762383], [0.1885813042463493, 0.16195621910282326, 0.6641265535053692, 0.06523088354812176, 0.10499954112777876, 0.22645640180303225, 0.46311927191337754, 0.23985838738917684, 0.16602470566478342, 0.17074619744276676, 0.17272642520063808, 1.0, 0.25367856223315005, 0.1319007470701194, 0.10902246969672819, 0.3456839985032806, 0.2305353554120457, 0.16345737216560316, 0.10294003012207387, 0.09119850059209539], [0.32600499893680945, 0.212853513296047, 0.5624471733597987, 0.4091581959836624, 0.16778723250085809, 0.24070232110328957, 0.45328492517544106, 0.5339446726134972, 0.33169310251254197, 0.30869124472387177, 0.3379146450454608, 0.25367856223315005, 1.0, 0.23202268085208747, 0.236296611257911, 0.3741173221161447, 0.3342720248764932, 0.4428946787386219, 0.2663735587837069, 0.1949541263372384], [0.26872982471803014, 0.15851794534734295, 0.4377168168806604, 0.08896185456876068, 0.13451279232155378, 0.1083441260326893, 0.5052508482941708, 0.4225751700300095, 0.24438124914656498, 0.2091720050720208, 0.20012697415774852, 0.1319007470701194, 0.23202268085208747, 1.0, 0.11800466906387082, 0.54958170929083, 0.11539150687218705, 0.3146232022066291, 0.13468437678021497, 0.15434574429864434], [0.28508503934331797, 0.14998565341463072, 0.3221708210763367, 0.08514401866595427, 0.13601241385927557, 0.13540873935802256, 0.28114610809535073, 0.24990180680742013, 0.2195655340450314, 0.12414832330490075, 0.12318035069348528, 0.10902246969672819, 0.236296611257911, 0.11800466906387082, 1.0, 0.5910145736998049, 0.2051243648097371, 0.2171277022076924, 0.16279766530808362, 0.12524678282676174], [0.5905084583202479, 0.42068502423487203, 0.7607239286782242, 0.4032037411781962, 0.44324451515516233, 0.4391312680662647, 0.4168226692398109, 0.3811934556314947, 0.46725356527815354, 0.4902265386993263, 0.4517793189840686, 0.3456839985032806, 0.3741173221161447, 0.54958170929083, 0.5910145736998049, 1.0, 0.2783054217606377, 0.36635751386386234, 0.40710520127565697, 0.3825670385098952], [0.29612320867415215, 0.12045211439130395, 0.5220830646905064, 0.15606145719361125, 0.10171136902166511, 0.13339154526761782, 0.4225824033155547, 0.32294739695270214, 0.22584246998586452, 0.2549823387846976, 0.21724328845236546, 0.2305353554120457, 0.3342720248764932, 0.11539150687218705, 0.2051243648097371, 0.2783054217606377, 1.0, 0.19418612992767945, 0.2471460762162177, 0.1807828030377419], [0.38879225865394085, 0.2256823183129875, 0.39635540738283653, 0.17287397837279814, 0.326428368066013, 0.11841682977083372, 0.27420137845449377, 0.226308658409607, 0.30129572482681527, 0.3705101221222473, 0.2052880867894375, 0.16345737216560316, 0.4428946787386219, 0.3146232022066291, 0.2171277022076924, 0.36635751386386234, 0.19418612992767945, 1.0, 0.32801718874469943, 0.1455454159708877], [0.36486349653726086, 0.2558044409505296, 0.4099623441885423, 0.12473602165861276, 0.12928732637261373, 0.1534071974537118, 0.2741867362945432, 0.5341065460326975, 0.18360722301554785, 0.2317032700830393, 0.15374353303789273, 0.10294003012207387, 0.2663735587837069, 0.13468437678021497, 0.16279766530808362, 0.40710520127565697, 0.2471460762162177, 0.32801718874469943, 1.0, 0.17673943543772225], [0.32123519339620443, 0.06658735870632683, 0.2364559240062339, 0.11556070137136265, 0.16871261505874646, 0.1064033813810138, 0.33369058675339297, 0.44108499897739, 0.303254974593365, 0.18266243301114274, 0.15056133124762383, 0.09119850059209539, 0.1949541263372384, 