{"model": "LSING", "dataset": "0.1_dim20_pair_gau", "N": 100, "seed": 1234560, "metrics": {"TP": 4, "FP": 40, "FN": 6, "TN": 140, "TPR": 0.4, "FDR": 0.9090909090909091, "FPR": 0.2222222222222222, "Hamming": 46}, "omega": [[1.0, 0.21311066334344544, 0.02491443763215944, 0.06488967406596036, 0.07388790767455718, 0.06273686679757705, 0.06209194286860421, 0.0710810551540721, 0.03749809716447057, 0.0412994798674714, 0.06796832316846133, 0.0539472634150786, 0.3599313404364563, 0.06186654105896111, 0.20559930820791508, 0.06964520003838764, 0.11440600724833964, 0.03429754200057832, 0.04449338342916242, 0.07199551522177369], [0.21311066334344544, 1.0, 0.08953338292160908, 0.2066600276456008, 0.17309244483142777, 0.16698447006192052, 0.11243441483514219, 0.18821248266765028, 0.08060507496956588, 0.14509611918872217, 0.17390249126648916, 0.10153350479707432, 1.0, 0.12817226351935027, 0.32345937437822514, 0.164627382115594, 0.3492873095233242, 0.07567157121422917, 0.20855298184362997, 0.12078381187957991], [0.02491443763215944, 0.08953338292160908, 1.0, 0.04569827680350184, 0.0519238888600714, 0.04725228322150613, 0.06246987748206464, 0.23146564641197867, 0.0369392108226823, 0.04231107413269031, 0.03392349799307883, 0.02715197970381873, 0.3739706569103242, 0.034025985292349264, 0.07310451660213474, 0.083201098012958, 0.20412518710400143, 0.03180338087122669, 0.03420424578365033, 0.05178948243715605], [0.06488967406596036, 0.2066600276456008, 0.04569827680350184, 1.0, 0.10905802239473422, 0.06530378311509029, 0.15213832403181113, 0.1895456326395028, 0.07511969016609311, 0.04788995953534822, 0.05818010195830414, 0.04768187208488485, 0.38114026471844503, 0.03844397702670978, 0.12569091238452304, 0.09162683489005546, 0.11218013638264024, 0.08013059666421134, 0.06769341557029171, 0.07728481544296865], [0.07388790767455718, 0.17309244483142777, 0.0519238888600714, 0.10905802239473422, 1.0, 0.047499212479671676, 0.14257621079035318, 0.3811899993661458, 0.05514060368458277, 0.07645281076564521, 0.06800289314221991, 0.08276098468718196, 0.3289461421275097, 0.03100418321771319, 0.11001763013588625, 0.152045473294773, 0.15145355290576937, 0.039302097350651787, 0.06477019856242955, 0.07059409912834173], [0.06273686679757705, 0.16698447006192052, 0.04725228322150613, 0.06530378311509029, 0.047499212479671676, 1.0, 0.09562512949512951, 0.11291479636095995, 0.043451561395264945, 0.08565234009215422, 0.05343759892957938, 0.021300407983211107, 0.38471655524480314, 0.09691779709391635, 0.1169475153021363, 0.0639544343195514, 0.18300337127431707, 0.03454800511363918, 0.06159983200414862, 0.10721378705234925], [0.06209194286860421, 0.11243441483514219, 0.06246987748206464, 0.15213832403181113, 0.14257621079035318, 0.09562512949512951, 1.0, 0.21016003830774585, 0.0794239915162614, 0.06897961391990914, 0.13257211296281274, 0.0915126635344437, 0.4041413240010877, 0.05271234175893436, 0.12727984858696617, 0.15214905715992608, 0.13698122324783116, 0.05966307636310531, 0.08566912146646576, 0.0846728864666793], [0.0710810551540721, 0.18821248266765028, 0.23146564641197867, 0.1895456326395028, 0.3811899993661458, 0.11291479636095995, 0.21016003830774585, 1.0, 0.14053629840635884, 0.23230759973222645, 0.1120611956997464, 0.20123789853879268, 0.4865086366410088, 0.2115043130383857, 0.25785174950135137, 0.40401095015025207, 0.26927915068152647, 0.2310970277131375, 0.15589489194743306, 0.2560021806387469], [0.03749809716447057, 0.08060507496956588, 0.0369392108226823, 0.07511969016609311, 0.05514060368458277, 0.043451561395264945, 0.0794239915162614, 0.14053629840635884, 1.0, 0.02887033760502531, 0.03628599656191349, 0.040686896065116274, 0.5385391751000905, 0.031944016669524594, 0.15025099462931402, 0.10296584013209076, 0.18851613106178927, 0.023966118033215883, 0.03926231501741298, 0.10073608233196797], [0.0412994798674714, 0.14509611918872217, 0.04231107413269031, 0.04788995953534822, 0.07645281076564521, 0.08565234009215422, 0.06897961391990914, 0.23230759973222645, 0.02887033760502531, 1.0, 0.05547357420147044, 0.038947490462960914, 0.6181687384516682, 0.035479632679018346, 0.16322933282209864, 0.1397050831096094, 0.09326873914093815, 0.03647607267298488, 0.06911465062343784, 0.10551044329204508], [0.06796832316846133, 0.17390249126648916, 0.03392349799307883, 0.05818010195830414, 0.06800289314221991, 0.05343759892957938, 0.13257211296281274, 0.1120611956997464, 0.03628599656191349, 0.05547357420147044, 1.0, 0.03382585589953326, 0.38896783836885196, 0.032425744425778676, 0.1149445312428558, 0.05682816350494413, 0.2372356842981341, 0.03597033856843677, 0.05053687865615381, 0.0487145917652641], [0.0539472634150786, 0.10153350479707432, 0.02715197970381873, 0.04768187208488485, 0.08276098468718196, 0.021300407983211107, 0.0915126635344437, 0.20123789853879268, 0.040686896065116274, 0.038947490462960914, 0.03382585589953326, 1.0, 0.5831102507115783, 0.03882098518886086, 0.09800378405304574, 0.039344214781774675, 0.12775165952028805, 0.015999446958745996, 0.051896096544636706, 0.09050027499326738], [0.3599313404364563, 1.0, 0.3739706569103242, 0.38114026471844503, 0.3289461421275097, 0.38471655524480314, 0.4041413240010877, 0.4865086366410088, 0.5385391751000905, 0.6181687384516682, 0.38896783836885196, 0.5831102507115783, 1.0, 0.9876362257921577, 0.5171046948038814, 0.4147779616614328, 0.5989389001910237, 0.4384714398828413, 0.394030181272327, 0.3680098159486618], [0.06186654105896111, 0.12817226351935027, 0.034025985292349264, 0.03844397702670978, 0.03100418321771319, 0.09691779709391635, 0.05271234175893436, 0.2115043130383857, 0.031944016669524594, 0.035479632679018346, 0.032425744425778676, 0.03882098518886086, 0.9876362257921577, 1.0, 0.14674445474955286, 0.11127165235423002, 0.3238681915178945, 0.03373803027356009, 0.032169028072341156, 0.04023365332104866], [0.20559930820791508, 0.32345937437822514, 0.07310451660213474, 0.12569091238452304, 0.11001763013588625, 0.1169475153021363, 0.12727984858696617, 0.25785174950135137, 0.15025099462931402, 0.16322933282209864, 0.1149445312428558, 0.09800378405304574, 0.5171046948038814, 0.14674445474955286, 1.0, 0.31190879556081935, 0.28826270342692306, 0.10870439030026383, 0.18032604203180108, 0.36301107141868977], [0.06964520003838764, 0.164627382115594, 0.083201098012958, 0.09162683489005546, 0.152045473294773, 0.0639544343195514, 0.15214905715992608, 0.40401095015025207, 0.10296584013209076, 0.1397050831096094, 0.05682816350494413, 0.039344214781774675, 0.4147779616614328, 0.11127165235423002, 0.31190879556081935, 1.0, 0.1357176219880101, 0.10844459413874179, 0.08532690724186404, 0.08355484453701549], [0.11440600724833964, 0.3492873095233242, 0.20412518710400143, 0.11218013638264024, 0.15145355290576937, 0.18300337127431707, 0.13698122324783116, 0.26927915068152647, 0.18851613106178927, 0.09326873914093815, 0.2372356842981341, 0.12775165952028805, 0.5989389001910237, 0.3238681915178945, 0.28826270342692306, 0.1357176219880101, 1.0, 0.12417598458839313, 0.2143585296171577, 0.21621834451722835], [0.03429754200057832, 0.07567157121422917, 0.03180338087122669, 0.08013059666421134, 0.039302097350651787, 0.03454800511363918, 0.05966307636310531, 0.2310970277131375, 0.023966118033215883, 0.03647607267298488, 0.03597033856843677, 0.015999446958745996, 0.4384714398828413, 0.03373803027356009, 0.10870439030026383, 0.10844459413874179, 0.12417598458839313, 1.0, 0.03613967232809925, 0.03266774709247025], [0.04449338342916242, 0.20855298184362997, 0.03420424578365033, 0.06769341557029171, 0.06477019856242955, 0.06159983200414862, 0.08566912146646576, 0.15589489194743306, 0.03926231501741298, 0.06911465062343784, 0.05053687865615381, 0.051896096544636706, 0.394030181272327, 0.032169028072341156, 0.18032604203180108, 0.08532690724186404, 0.2143585296171577, 0.03613967232809925, 1.0, 0.05892882882083745], [0.07199551522177369, 0.12078381187957991, 0.05178948243715605, 0.07728481544296865, 0.07059409912834173, 0.10721378705234925, 0.0846728864666793, 