{"model": "LSING", "dataset": "dim20_cop_gau", "N": 100, "seed": 1230, "metrics": {"TP": 17, "FP": 64, "FN": 2, "TN": 107, "TPR": 0.8947368421052632, "FDR": 0.7901234567901234, "FPR": 0.3742690058479532, "Hamming": 66}, "omega": [[1.0, 0.7123788702968921, 0.22353041845772328, 0.19288370160044885, 0.14882104770001087, 0.17440484511449403, 0.18447018488984593, 0.19865888226286474, 0.17464140737762804, 0.608174013180662, 0.3755319314548355, 0.1467726558800407, 0.15804145763555494, 0.09648909777449316, 0.18989387562246515, 0.20611225483482729, 0.13411314113305223, 0.1971643400549366, 0.20446974205629181, 0.2037802365383333], [0.7123788702968921, 1.0, 0.7005671845820713, 0.20289765664264006, 0.224003834875467, 0.08356348055813437, 0.14225411535424895, 0.14562316095222047, 0.17018970474046483, 0.5542197304332258, 0.15942230416922007, 0.09936177271425833, 0.11156172668481337, 0.13373433962788098, 0.27507240486389023, 0.27272461916840274, 0.11376905735777942, 0.25683274292365654, 0.20256213396545983, 0.07840773305193943], [0.22353041845772328, 0.7005671845820713, 1.0, 0.3962710732497188, 0.17256641398857553, 0.1102116576090901, 0.13472134304159122, 0.09542073289899881, 0.1636861391414583, 0.49261581885604205, 0.29615543689159035, 0.21781522017873645, 0.29425212565365283, 0.14732057825436906, 0.22295237866833956, 0.3312054076603683, 0.15148773666613444, 0.16731263039134076, 0.1000074892515566, 0.095767247525444], [0.19288370160044885, 0.20289765664264006, 0.3962710732497188, 1.0, 0.226364027273498, 0.2157868899810013, 0.20385480297693542, 0.22739904289048085, 0.14341974057316756, 0.2622279808115277, 0.14197361027575803, 0.1460214455559812, 0.06634704550077954, 0.07630934101107842, 0.19840021908164526, 0.34129418684714924, 0.05327167743877695, 0.08018441729731003, 0.10459226021614905, 0.06275849751308463], [0.14882104770001087, 0.224003834875467, 0.17256641398857553, 0.226364027273498, 1.0, 0.21591484889277937, 0.17943768658702394, 0.21815376169748515, 0.0984036902235184, 0.3035608761498683, 0.12526518997980216, 0.14791680998275158, 0.12166313872429015, 0.21915741081426887, 0.1762713320075675, 0.15113662540636028, 0.06546013456670367, 0.09690478542137243, 0.10541190462816813, 0.1526264394983127], [0.17440484511449403, 0.08356348055813437, 0.1102116576090901, 0.2157868899810013, 0.21591484889277937, 1.0, 0.7020990626023592, 0.3067826427759542, 0.2016993553563611, 0.36490447312379, 0.0981812820673027, 0.12430890617166922, 0.06811110083793365, 0.16911992774134482, 0.17191659256304698, 0.13887086700077986, 0.0650767259095917, 0.11274723207991452, 0.06649243901151136, 0.09113484302760147], [0.18447018488984593, 0.14225411535424895, 0.13472134304159122, 0.20385480297693542, 0.17943768658702394, 0.7020990626023592, 1.0, 0.7265375528113199, 0.18921413137619836, 0.29976967395879944, 0.2930394401658238, 0.1632620760499836, 0.16424305229916866, 0.2691853482470418, 0.25937462856152305, 0.2892174552575072, 0.2395391748864358, 0.29437660816425193, 0.38286431895460143, 0.26953371414915267], [0.19865888226286474, 0.14562316095222047, 0.09542073289899881, 0.22739904289048085, 0.21815376169748515, 0.3067826427759542, 0.7265375528113199, 1.0, 0.3688159451214574, 0.3775310882829187, 0.2563271974063628, 0.1743351185521173, 0.09909646702972708, 0.10351051566652551, 0.29207622459255633, 0.36506466632123546, 0.1748911481464418, 0.16904071207635502, 0.14209988883931116, 0.09333583623699611], [0.17464140737762804, 0.17018970474046483, 0.1636861391414583, 0.14341974057316756, 0.0984036902235184, 0.2016993553563611, 0.18921413137619836, 0.3688159451214574, 1.0, 0.9549133171725382, 0.3354305236228034, 0.26223999306613116, 0.1482581389336105, 0.1335743936178113, 0.15775541976729043, 0.19685326263143268, 0.13967221165802984, 0.11100757992198977, 0.1411137926558632, 0.1516445533892124], [0.608174013180662, 0.5542197304332258, 0.49261581885604205, 0.2622279808115277, 0.3035608761498683, 0.36490447312379, 0.29976967395879944, 0.3775310882829187, 0.9549133171725382, 1.0, 0.66626018543471, 0.5258795294982895, 0.4369465132800629, 0.3470309535395023, 0.6110991339185469, 0.4276426486789991, 0.2960484652398801, 0.535261415901911, 0.27707965576370486, 0.3501631673349141], [0.3755319314548355, 0.15942230416922007, 0.29615543689159035, 0.14197361027575803, 0.12526518997980216, 0.0981812820673027, 0.2930394401658238, 0.2563271974063628, 0.3354305236228034, 0.66626018543471, 1.0, 0.1688265584006998, 0.21200694796379663, 0.35840041577968473, 0.3808510461495675, 0.12965375990932115, 0.1248907642171134, 0.19922077598323248, 0.1416760203421536, 0.13859501640798244], [0.1467726558800407, 0.09936177271425833, 0.21781522017873645, 0.1460214455559812, 0.14791680998275158, 0.12430890617166922, 0.1632620760499836, 0.1743351185521173, 0.26223999306613116, 0.5258795294982895, 0.1688265584006998, 1.0, 0.24500979703497164, 0.12713504151380495, 0.1237705373264508, 0.13024997060048019, 0.14519879545065834, 0.12334012099348708, 0.1229374422396733, 0.08440332201951455], [0.15804145763555494, 0.11156172668481337, 0.29425212565365283, 0.06634704550077954, 0.12166313872429015, 0.06811110083793365, 0.16424305229916866, 0.09909646702972708, 0.1482581389336105, 0.4369465132800629, 0.21200694796379663, 0.24500979703497164, 1.0, 0.25189330803817583, 0.31703943048870104, 0.2154101001603247, 0.08757029851188992, 0.0867100575178727, 0.1348765136019324, 0.04447717529624092], [0.09648909777449316, 0.13373433962788098, 0.14732057825436906, 0.07630934101107842, 0.21915741081426887, 0.16911992774134482, 0.2691853482470418, 0.10351051566652551, 0.1335743936178113, 0.3470309535395023, 0.35840041577968473, 0.12713504151380495, 0.25189330803817583, 1.0, 0.8578667119387716, 0.4040732272089558, 0.08760631160882378, 0.2113816427925736, 0.0978938583719419, 0.19737744186941816], [0.18989387562246515, 0.27507240486389023, 0.22295237866833956, 0.19840021908164526, 0.1762713320075675, 0.17191659256304698, 0.25937462856152305, 0.29207622459255633, 0.15775541976729043, 0.6110991339185469, 0.3808510461495675, 0.1237705373264508, 0.31703943048870104, 0.8578667119387716, 1.0, 1.0, 0.19823803260727563, 0.16577301593212046, 0.26948023226777695, 0.18710535483590018], [0.20611225483482729, 0.27272461916840274, 0.3312054076603683, 0.34129418684714924, 0.15113662540636028, 0.13887086700077986, 0.2892174552575072, 0.36506466632123546, 0.19685326263143268, 0.4276426486789991, 0.12965375990932115, 0.13024997060048019, 0.2154101001603247, 0.4040732272089558, 1.0, 1.0, 0.5860171781551996, 0.32758689477748826, 0.19269588652858255, 0.1416715998955712], [0.13411314113305223, 0.11376905735777942, 0.15148773666613444, 0.05327167743877695, 0.06546013456670367, 0.0650767259095917, 0.2395391748864358, 0.1748911481464418, 0.13967221165802984, 0.2960484652398801, 0.1248907642171134, 0.14519879545065834, 0.08757029851188992, 0.08760631160882378, 0.19823803260727563, 0.5860171781551996, 1.0, 0.4828259049845387, 0.09905295679227782, 0.122894173930294], [0.1971643400549366, 0.25683274292365654, 0.16731263039134076, 0.08018441729731003, 0.09690478542137243, 0.11274723207991452, 0.29437660816425193, 0.16904071207635502, 0.11100757992198977, 0.535261415901911, 0.19922077598323248, 0.12334012099348708, 0.0867100575178727, 0.2113816427925736, 0.16577301593212046, 0.32758689477748826, 0.4828259049845387, 1.0, 0.3096785033656402, 0.22288286116337108], [0.20446974205629181, 0.20256213396545983, 0.1000074892515566, 0.10459226021614905, 0.10541190462816813, 0.06649243901151136, 0.38286431895460143, 0.14209988883931116, 0.1411137926558632, 0.27707965576370486, 0.1416760203421536, 0.1229374422396733, 0.1348765136019324, 0.0978938583719419, 0.26948023226777695, 0.19269588652858255, 0.09905295679227782, 0.3096785033656402, 1.0, 0.13978262552543094], [0.2037802365383333, 0.07840773305193943, 0.095767247525444, 0.06275849751308463, 0.1526264394983127, 0.09113484302760147, 0.26953371414915267, 0.09333583623699611, 0.1516445533892124, 0.3501631673349141, 0.13859501640798244, 