{"model": "LSING", "dataset": "dim20_cop_gau", "N": 100, "seed": 120, "metrics": {"TP": 17, "FP": 43, "FN": 2, "TN": 128, "TPR": 0.8947368421052632, "FDR": 0.7166666666666667, "FPR": 0.25146198830409355, "Hamming": 45}, "omega": [[1.0, 0.8111563093037352, 0.10293377357468743, 0.15917237610952667, 0.1334763474163473, 0.09635622041975511, 0.17043826540554963, 0.08957451640432428, 0.2733053702717809, 0.03453195215263075, 0.060697583946609984, 0.1754055213938795, 0.08795673900036582, 0.07910217297699595, 0.05494508745833102, 0.14483119191758653, 0.03867847824709456, 0.09160008995744573, 0.23337705247220047, 0.09152217784015185], [0.8111563093037352, 1.0, 0.5785488707102358, 0.3813463351231297, 0.40210379187524314, 0.32945009225064326, 0.2465300347444227, 0.1721911020323835, 0.28722244328889446, 0.10182097658112409, 0.3831500055670136, 0.30814668787109134, 0.19109701959108027, 0.1806410039082038, 0.5979326029374143, 0.343096360007439, 0.1772649223883005, 0.2278114792456975, 0.5457574052410209, 0.17023288559213373], [0.10293377357468743, 0.5785488707102358, 1.0, 0.5065333108499074, 0.16282268424379465, 0.33479553186932787, 0.20506906162128277, 0.19512019649205137, 0.28157673851654313, 0.08980314457286379, 0.04591821842031073, 0.14411217019895822, 0.11668404604292931, 0.18576201732802627, 0.1499880214451998, 0.15536742022858663, 0.06258669603044838, 0.11485385056609164, 0.11056002897950472, 0.233954479100627], [0.15917237610952667, 0.3813463351231297, 0.5065333108499074, 1.0, 0.4456458258552158, 0.21257364273803867, 0.22762753059053004, 0.23834090936436303, 0.3291161986207695, 0.08690222903378342, 0.23597109703695224, 0.12473208190462125, 0.17005496246291296, 0.1544258769496408, 0.21998625429675644, 0.1312411348455854, 0.22062790444659267, 0.1675329094195117, 0.18807458556909493, 0.2560038976472302], [0.1334763474163473, 0.40210379187524314, 0.16282268424379465, 0.4456458258552158, 1.0, 0.45125234404088266, 0.09487304436229407, 0.10412137453165923, 0.23160517263961738, 0.07240488514921466, 0.12090759632428036, 0.1521455031414008, 0.17825270482203096, 0.133720058477936, 0.1754903398132083, 0.11122672242346031, 0.13598660378362076, 0.0819535090895202, 0.12218976783149314, 0.11526822232879436], [0.09635622041975511, 0.32945009225064326, 0.33479553186932787, 0.21257364273803867, 0.45125234404088266, 1.0, 0.3952159320832986, 0.19099965249726666, 0.21716530972882245, 0.08859329527549671, 0.14768195886433533, 0.11093969116899681, 0.13894374431613252, 0.08074130840617023, 0.10403402507346309, 0.12397641417726699, 0.10695143529109147, 0.10439993189343252, 0.19193556453270244, 0.11653563050251348], [0.17043826540554963, 0.2465300347444227, 0.20506906162128277, 0.22762753059053004, 0.09487304436229407, 0.3952159320832986, 1.0, 0.6239659974896673, 0.20710436345758834, 0.061147315530574044, 0.0871505156794551, 0.12892157763035797, 0.10881293488557835, 0.13761099972702937, 0.11301830683878307, 0.08251597524323474, 0.09166515132903325, 0.11486542148372754, 0.10325518371386634, 0.11868809145704175], [0.08957451640432428, 0.1721911020323835, 0.19512019649205137, 0.23834090936436303, 0.10412137453165923, 0.19099965249726666, 0.6239659974896673, 1.0, 1.0, 0.21716672787371546, 0.1030819426885804, 0.12079902238814531, 0.19639815490064705, 0.1867367534646806, 0.09758753903173543, 0.0937578355685035, 0.13297920972877414, 0.1417179250792654, 0.22994364737352824, 0.2892952369333465], [0.2733053702717809, 0.28722244328889446, 0.28157673851654313, 0.3291161986207695, 0.23160517263961738, 0.21716530972882245, 0.20710436345758834, 1.0, 1.0, 0.6257093045643839, 0.1574067062253203, 0.2527137124639623, 0.3169452459153548, 0.22349915500186318, 0.3998026244380172, 0.253319056832659, 0.09234662877451347, 0.22446623760767123, 0.279571335371782, 0.18890694758976545], [0.03453195215263075, 0.10182097658112409, 0.08980314457286379, 0.08690222903378342, 0.07240488514921466, 0.08859329527549671, 0.061147315530574044, 0.21716672787371546, 0.6257093045643839, 1.0, 0.2708915445775341, 0.26211287792321314, 0.08129949627747776, 0.08281527694868943, 0.11497947403791334, 0.06014573480141049, 0.06492844117182674, 0.05870182005351506, 0.10650209004032135, 0.16721881258359264], [0.060697583946609984, 0.3831500055670136, 0.04591821842031073, 0.23597109703695224, 0.12090759632428036, 0.14768195886433533, 0.0871505156794551, 0.1030819426885804, 0.1574067062253203, 0.2708915445775341, 1.0, 0.2946837169315638, 0.21697871874539024, 0.13028155791470988, 0.0541487466359123, 0.07566211118250873, 0.051317892542061226, 0.0966697830665665, 0.17605147367385074, 0.13002888487693084], [0.1754055213938795, 0.30814668787109134, 0.14411217019895822, 0.12473208190462125, 0.1521455031414008, 0.11093969116899681, 0.12892157763035797, 0.12079902238814531, 0.2527137124639623, 0.26211287792321314, 0.2946837169315638, 1.0, 0.38108865247261764, 0.2694064607018314, 0.12889334351022938, 0.1760686344989348, 0.07250015761758373, 0.1965929049867596, 0.26540813154360987, 0.10842059206417311], [0.08795673900036582, 0.19109701959108027, 0.11668404604292931, 0.17005496246291296, 0.17825270482203096, 0.13894374431613252, 0.10881293488557835, 0.19639815490064705, 0.3169452459153548, 0.08129949627747776, 0.21697871874539024, 0.38108865247261764, 1.0, 0.2675241563494188, 0.24021764288750988, 0.10898691837013001, 0.10192474122544151, 0.17297518989214494, 0.19453340247605808, 0.15788894544227436], [0.07910217297699595, 0.1806410039082038, 0.18576201732802627, 0.1544258769496408, 0.133720058477936, 0.08074130840617023, 0.13761099972702937, 0.1867367534646806, 0.22349915500186318, 0.08281527694868943, 0.13028155791470988, 0.2694064607018314, 0.2675241563494188, 1.0, 0.38558923386114863, 0.0929816174589891, 0.057284401721299755, 0.05097652980377123, 0.09913422635846261, 0.10723433929875877], [0.05494508745833102, 0.5979326029374143, 0.1499880214451998, 0.21998625429675644, 0.1754903398132083, 0.10403402507346309, 0.11301830683878307, 0.09758753903173543, 0.3998026244380172, 0.11497947403791334, 0.0541487466359123, 0.12889334351022938, 0.24021764288750988, 0.38558923386114863, 1.0, 0.3586022036419945, 0.11669161372195472, 0.10766065718335159, 0.11374012669083254, 0.10702471141005804], [0.14483119191758653, 0.343096360007439, 0.15536742022858663, 0.1312411348455854, 0.11122672242346031, 0.12397641417726699, 0.08251597524323474, 0.0937578355685035, 0.253319056832659, 0.06014573480141049, 0.07566211118250873, 0.1760686344989348, 0.10898691837013001, 0.0929816174589891, 0.3586022036419945, 1.0, 0.15670790102065987, 0.1650891786743263, 0.08680544064483646, 0.08127201733540317], [0.03867847824709456, 0.1772649223883005, 0.06258669603044838, 0.22062790444659267, 0.13598660378362076, 0.10695143529109147, 0.09166515132903325, 0.13297920972877414, 0.09234662877451347, 0.06492844117182674, 0.051317892542061226, 0.07250015761758373, 0.10192474122544151, 0.057284401721299755, 0.11669161372195472, 0.15670790102065987, 1.0, 0.1300867426448074, 0.17474340035430982, 0.09242917689013468], [0.09160008995744573, 0.2278114792456975, 0.11485385056609164, 0.1675329094195117, 0.0819535090895202, 0.10439993189343252, 0.11486542148372754, 0.1417179250792654, 0.22446623760767123, 0.05870182005351506, 0.0966697830665665, 0.1965929049867596, 0.17297518989214494, 0.05097652980377123, 0.10766065718335159, 0.1650891786743263, 0.1300867426448074, 1.0, 0.36425683064432285, 0.11959335439242463], [0.23337705247220047, 0.5457574052410209, 0.11056002897950472, 0.18807458556909493, 0.12218976783149314, 0.19193556453270244, 0.10325518371386634, 0.22994364737352824, 0.279571335371782, 0.10650209004032135, 0.17605147367385074, 0.26540813154360987, 0.19453340247605808, 0.09913422635846261, 0.11374012669083254, 0.08680544064483646, 0.17474340035430982, 0.36425683064432285, 1.0, 0.8628418590890026], [0.09152217784015185, 0.17023288559213373, 0.233954479100627, 0.2560038976472302, 0.11526822232879436, 0.11653563050251348, 0.11868809145704175, 0.2892952369333465, 0.18890694758976545, 