{"model": "LSING", "dataset": "dim20_cop_gau", "N": 100, "seed": 1234560, "metrics": {"TP": 17, "FP": 38, "FN": 2, "TN": 133, "TPR": 0.8947368421052632, "FDR": 0.6909090909090909, "FPR": 0.2222222222222222, "Hamming": 40}, "omega": [[1.0, 0.3198379606645241, 0.21012263778533624, 0.23800923070493127, 0.07043815519096745, 0.08815333829151893, 0.030069403525522013, 0.17489976021612116, 0.04266717521387963, 0.1527883094930531, 0.14861833659758628, 0.09510307501725943, 0.35803022830282444, 0.04650851769899924, 0.07064905373305795, 0.06832412033476973, 0.1031670672191295, 0.060989668983734625, 0.17118051956904937, 0.06862816856405646], [0.3198379606645241, 1.0, 0.36797824244762517, 0.24518833736825113, 0.12352515973176997, 0.051746314669714535, 0.04966519991707098, 0.19551053084958595, 0.06620280985005937, 0.12554657463220883, 0.2199706799059966, 0.1753504924645162, 0.22864803819888613, 0.07005635849252154, 0.08443088402427829, 0.19962485048739118, 0.12266346409913666, 0.09457957453017829, 0.15701861892506505, 0.15906964342214178], [0.21012263778533624, 0.36797824244762517, 1.0, 0.7737315254840029, 0.15058846443534626, 0.0580166903301852, 0.05338180700618923, 0.11172064451339359, 0.03816881789974254, 0.10882990383439194, 0.17543259706250253, 0.1923091108613094, 0.14589131942255057, 0.058347220098263396, 0.09933604946396112, 0.12413610239583361, 0.09582593068251997, 0.048266705147566216, 0.2883520477258179, 0.11106473884889403], [0.23800923070493127, 0.24518833736825113, 0.7737315254840029, 1.0, 0.6999171716454274, 0.23675707644697563, 0.4248326642561043, 0.2367067607683102, 0.27159668608619336, 0.24086118900302297, 0.7092623992287231, 0.3742442934360049, 0.7442058201867329, 0.17924548189666342, 0.21751233848954032, 0.19287479357334752, 0.20314436854160492, 0.17066209997399712, 0.2154104648075524, 0.17407413161893015], [0.07043815519096745, 0.12352515973176997, 0.15058846443534626, 0.6999171716454274, 1.0, 0.33684939114656653, 0.16542968713824754, 0.14858893335713777, 0.05084610781323722, 0.08462340554108848, 0.12422607872748331, 0.3056456627472278, 0.14917876477641176, 0.07701355927262443, 0.07414481062702566, 0.09073362363320733, 0.07999170941360295, 0.0731924138995409, 0.28349012729579814, 0.14897533280522254], [0.08815333829151893, 0.051746314669714535, 0.0580166903301852, 0.23675707644697563, 0.33684939114656653, 1.0, 0.1610365299578051, 0.21924856913624896, 0.048529354424627004, 0.09662836434071634, 0.12244822956053017, 0.1935417770420626, 0.12102736653505772, 0.11360994112184808, 0.0482105561317423, 0.07125411021264633, 0.06945911586620195, 0.08948608722412392, 0.12663081786547734, 0.12411860490089709], [0.030069403525522013, 0.04966519991707098, 0.05338180700618923, 0.4248326642561043, 0.16542968713824754, 0.1610365299578051, 1.0, 0.34458754692539745, 0.04840015783429964, 0.12632551136674314, 0.11528240015642001, 0.14851957251211542, 0.1744485020110971, 0.05172302536051131, 0.062161190818957456, 0.06570462354228981, 0.0456729487731732, 0.102403896600772, 0.18008370451275418, 0.0820545213788636], [0.17489976021612116, 0.19551053084958595, 0.11172064451339359, 0.2367067607683102, 0.14858893335713777, 0.21924856913624896, 0.34458754692539745, 1.0, 0.31145056804926524, 0.20105238234093523, 0.2331043554725138, 0.19975138206302878, 0.15138943346790576, 0.13266846778375224, 0.13871895205039134, 0.11188753885636715, 0.30096114069352914, 0.09408498907500003, 0.12295184561553293, 0.14709603188925877], [0.04266717521387963, 0.06620280985005937, 0.03816881789974254, 0.27159668608619336, 0.05084610781323722, 0.048529354424627004, 0.04840015783429964, 0.31145056804926524, 1.0, 0.32573196528440634, 0.2628942209138837, 0.1423943907651599, 0.1763897758430224, 0.02064630982487386, 0.05590739726240027, 0.045869603390550975, 0.06789002335217234, 0.09464725904572925, 0.05621031745312735, 0.043010967771068886], [0.1527883094930531, 0.12554657463220883, 0.10882990383439194, 0.24086118900302297, 0.08462340554108848, 0.09662836434071634, 0.12632551136674314, 0.20105238234093523, 0.32573196528440634, 1.0, 0.7040165933729746, 0.1858701535185361, 0.18986791210780546, 0.07230461169241147, 0.0979566011190827, 0.0721645763690636, 0.12114045224337967, 0.19212523743041166, 0.26064084246796687, 0.1697870591356039], [0.14861833659758628, 0.2199706799059966, 0.17543259706250253, 0.7092623992287231, 0.12422607872748331, 0.12244822956053017, 0.11528240015642001, 0.2331043554725138, 0.2628942209138837, 0.7040165933729746, 1.0, 0.5915484436958446, 0.4238310717097623, 0.1484827303826935, 0.11648799341174144, 0.145702986684731, 0.16765400050362989, 0.11860588738033455, 0.22576860936221724, 0.17170394707650255], [0.09510307501725943, 0.1753504924645162, 0.1923091108613094, 0.3742442934360049, 0.3056456627472278, 0.1935417770420626, 0.14851957251211542, 0.19975138206302878, 0.1423943907651599, 0.1858701535185361, 0.5915484436958446, 1.0, 1.0, 0.2632921495703483, 0.11337415652662551, 0.11486594316777407, 0.17882761438796688, 0.36316321771991267, 0.16640045208312648, 0.1525732838271749], [0.35803022830282444, 0.22864803819888613, 0.14589131942255057, 0.7442058201867329, 0.14917876477641176, 0.12102736653505772, 0.1744485020110971, 0.15138943346790576, 0.1763897758430224, 0.18986791210780546, 0.4238310717097623, 1.0, 1.0, 0.6957130669329286, 0.11655698432554623, 0.19488596616048398, 0.1290535477400313, 0.18142794899503126, 0.34862699449800044, 0.2426991935157208], [0.04650851769899924, 0.07005635849252154, 0.058347220098263396, 0.17924548189666342, 0.07701355927262443, 0.11360994112184808, 0.05172302536051131, 0.13266846778375224, 0.02064630982487386, 0.07230461169241147, 0.1484827303826935, 0.2632921495703483, 0.6957130669329286, 1.0, 0.18067079793771046, 0.1242096230796493, 0.12381445349351566, 0.05600335477786853, 0.14582387114708836, 0.10038874410737318], [0.07064905373305795, 0.08443088402427829, 0.09933604946396112, 0.21751233848954032, 0.07414481062702566, 0.0482105561317423, 0.062161190818957456, 0.13871895205039134, 0.05590739726240027, 0.0979566011190827, 0.11648799341174144, 0.11337415652662551, 0.11655698432554623, 0.18067079793771046, 1.0, 0.37879443734579155, 0.27918405997689294, 0.14232776948729203, 0.29258991432413134, 0.12338385355628016], [0.06832412033476973, 0.19962485048739118, 0.12413610239583361, 0.19287479357334752, 0.09073362363320733, 0.07125411021264633, 0.06570462354228981, 0.11188753885636715, 0.045869603390550975, 0.0721645763690636, 0.145702986684731, 0.11486594316777407, 0.19488596616048398, 0.1242096230796493, 0.37879443734579155, 1.0, 0.3688738081772455, 0.288166070468404, 0.26651884315874674, 0.10840922912655807], [0.1031670672191295, 0.12266346409913666, 0.09582593068251997, 0.20314436854160492, 0.07999170941360295, 0.06945911586620195, 0.0456729487731732, 0.30096114069352914, 0.06789002335217234, 0.12114045224337967, 0.16765400050362989, 0.17882761438796688, 0.1290535477400313, 0.12381445349351566, 0.27918405997689294, 0.3688738081772455, 1.0, 0.3948809793870098, 0.32993994169199514, 0.1142886365625802], [0.060989668983734625, 0.09457957453017829, 0.048266705147566216, 0.17066209997399712, 0.0731924138995409, 0.08948608722412392, 0.102403896600772, 0.09408498907500003, 0.09464725904572925, 0.19212523743041166, 0.11860588738033455, 0.36316321771991267, 0.18142794899503126, 0.05600335477786853, 0.14232776948729203, 0.288166070468404, 0.3948809793870098, 1.0, 0.3952302045225385, 0.3404229770389381], [0.17118051956904937, 0.15701861892506505, 0.2883520477258179, 0.2154104648075524, 0.28349012729579814, 0.12663081786547734, 0.18008370451275418, 0.12295184561553293, 0.05621031745312735, 0.26064084246796687, 0.22576860936221724, 0.16640045208312648, 0.34862699449800044, 0.14582387114708836, 0.29258991432413134, 0.26651884315874674, 0.32993994169199514, 0.3952302045225385, 1.0, 0.5821326422957792], [0.06862816856405646, 0.15906964342214178, 0.11106473884889403, 0.17407413161893015, 0.14897533280522254, 0.12411860490089709, 0.0820545213788636, 0.14709603188925877, 