{"model": "LSING", "dataset": "dim20_cop_gau", "N": 100, "seed": 123450, "metrics": {"TP": 18, "FP": 62, "FN": 1, "TN": 109, "TPR": 0.9473684210526315, "FDR": 0.775, "FPR": 0.36257309941520466, "Hamming": 63}, "omega": [[1.0, 0.463334558079387, 0.18704683348805048, 0.25915823313901853, 0.3169955687076511, 0.14115599650850974, 0.3615573175128093, 0.17950343869374222, 0.18901243212497423, 0.10223229420539384, 0.14831706843719591, 0.2773963524510202, 0.20574381512136986, 0.19902387039469174, 0.13945963514388143, 0.11567654750514168, 0.13511505379994276, 0.2821975173621697, 0.17578706832736815, 0.362537444298126], [0.463334558079387, 1.0, 0.49294180983841307, 0.2775118566653252, 0.2873694241619788, 0.12371974903355865, 0.0627833853442999, 0.04691557806917752, 0.10222542566610285, 0.07033028111399238, 0.0791180972858528, 0.19348489590134807, 0.11666608840681116, 0.160294453935117, 0.311918190395014, 0.07782290853753236, 0.048323644762315314, 0.12671030931941657, 0.14877151742076744, 0.07643948531125862], [0.18704683348805048, 0.49294180983841307, 1.0, 0.8694660101467777, 0.24474483152746984, 0.19156792467205824, 0.12580045165035506, 0.13071193063897693, 0.2045250969712083, 0.11265314862964723, 0.10752368604585148, 0.24802030278242634, 0.12306790055470598, 0.16051923075665103, 0.110995904801288, 0.2126081928349808, 0.25932237659584656, 0.2253195738530994, 0.18155178687545742, 0.18851696341568086], [0.25915823313901853, 0.2775118566653252, 0.8694660101467777, 1.0, 0.7861545189979149, 0.16295818622637873, 0.26373186262356785, 0.10877404853774651, 0.13055229735080612, 0.11642342584010584, 0.1450048380166041, 0.2676632664700256, 0.1680699545750273, 0.2467620087630167, 0.1890812552329576, 0.17853089914825637, 0.20076486435392332, 0.24756669515188198, 0.18710179471316654, 0.3427887584700365], [0.3169955687076511, 0.2873694241619788, 0.24474483152746984, 0.7861545189979149, 1.0, 0.7167059607938269, 0.26117304770033556, 0.25011414858155023, 0.1530560205638902, 0.09691112578388711, 0.09421959226216185, 0.2871082044891189, 0.20327537571512425, 0.35666549735093006, 0.11370037062913445, 0.13392877400498535, 0.09726831026909973, 0.26196206899958985, 0.23362438668161656, 0.15045102375147773], [0.14115599650850974, 0.12371974903355865, 0.19156792467205824, 0.16295818622637873, 0.7167059607938269, 1.0, 0.49120926814181776, 0.45784935809454946, 0.2979592743476032, 0.12517610745383867, 0.05857870530065662, 0.21512036968785192, 0.09552930134354481, 0.2828243834659696, 0.21441090466512222, 0.07134155947929517, 0.05507957293144127, 0.14701954713981802, 0.1691215640906844, 0.07993932239432666], [0.3615573175128093, 0.0627833853442999, 0.12580045165035506, 0.26373186262356785, 0.26117304770033556, 0.49120926814181776, 1.0, 0.4805674219087536, 0.3216248350818959, 0.24687718160042613, 0.29302818387179524, 0.4400929101629145, 0.20501062007003706, 0.3086617066058168, 0.2860802561445281, 0.2186948698587391, 0.09995526153693396, 0.301880874602266, 0.24732241443306302, 0.126960219141865], [0.17950343869374222, 0.04691557806917752, 0.13071193063897693, 0.10877404853774651, 0.25011414858155023, 0.45784935809454946, 0.4805674219087536, 1.0, 0.33553614044623886, 0.3351662377588084, 0.2057766945951688, 0.10957726740035979, 0.2777607078031461, 0.12196359780904958, 0.10504716233443162, 0.10621195857792248, 0.1336555214775781, 0.22220902930945152, 0.140845147766036, 0.14019744795377262], [0.18901243212497423, 0.10222542566610285, 0.2045250969712083, 0.13055229735080612, 0.1530560205638902, 0.2979592743476032, 0.3216248350818959, 0.33553614044623886, 1.0, 0.2627098188127535, 0.2102464955214886, 0.1822839834925073, 0.1828412001978828, 0.1981546128507375, 0.13268162199574138, 0.07121609889553544, 0.057846009466465294, 0.13774453592206456, 0.09033051858642226, 0.09021008029924935], [0.10223229420539384, 0.07033028111399238, 0.11265314862964723, 0.11642342584010584, 0.09691112578388711, 0.12517610745383867, 0.24687718160042613, 0.3351662377588084, 0.2627098188127535, 1.0, 0.2910582773352285, 0.2587127055100524, 0.20469732688500863, 0.19965998492639664, 0.13618940566891016, 0.08500904030600014, 0.049830144380138774, 0.17676060200354085, 0.09936296406838145, 0.11643416976763714], [0.14831706843719591, 0.0791180972858528, 0.10752368604585148, 0.1450048380166041, 0.09421959226216185, 0.05857870530065662, 0.29302818387179524, 0.2057766945951688, 0.2102464955214886, 0.2910582773352285, 1.0, 0.8768620670268215, 0.24797308372659882, 0.1700502672068357, 0.15301608319257418, 0.07033753267333155, 0.0882511414772083, 0.31781718544336524, 0.1270096416388686, 0.09202707361287267], [0.2773963524510202, 0.19348489590134807, 0.24802030278242634, 0.2676632664700256, 0.2871082044891189, 0.21512036968785192, 0.4400929101629145, 0.10957726740035979, 0.1822839834925073, 0.2587127055100524, 0.8768620670268215, 1.0, 0.8748687962673155, 0.3691736066169614, 0.30813686585350275, 0.10086592182665824, 0.17571962882551387, 0.2696130536950727, 0.30849816995603135, 0.20692586232961505], [0.20574381512136986, 0.11666608840681116, 0.12306790055470598, 0.1680699545750273, 0.20327537571512425, 0.09552930134354481, 0.20501062007003706, 0.2777607078031461, 0.1828412001978828, 0.20469732688500863, 0.24797308372659882, 0.8748687962673155, 1.0, 0.746853718394778, 0.3957731525634783, 0.08349765180306731, 0.0880720172025407, 0.15589229693146373, 0.16469881437994632, 0.13678746350077156], [0.19902387039469174, 0.160294453935117, 0.16051923075665103, 0.2467620087630167, 0.35666549735093006, 0.2828243834659696, 0.3086617066058168, 0.12196359780904958, 0.1981546128507375, 0.19965998492639664, 0.1700502672068357, 0.3691736066169614, 0.746853718394778, 1.0, 1.0, 0.19212107447916935, 0.08031089057342732, 0.3013226379446273, 0.11602040267749777, 0.11881679546870585], [0.13945963514388143, 0.311918190395014, 0.110995904801288, 0.1890812552329576, 0.11370037062913445, 0.21441090466512222, 0.2860802561445281, 0.10504716233443162, 0.13268162199574138, 0.13618940566891016, 0.15301608319257418, 0.30813686585350275, 0.3957731525634783, 1.0, 1.0, 0.5219229572301395, 0.3141205642792508, 0.1874089638810201, 0.08000892445319456, 0.15521496686041686], [0.11567654750514168, 0.07782290853753236, 0.2126081928349808, 0.17853089914825637, 0.13392877400498535, 0.07134155947929517, 0.2186948698587391, 0.10621195857792248, 0.07121609889553544, 0.08500904030600014, 0.07033753267333155, 0.10086592182665824, 0.08349765180306731, 0.19212107447916935, 0.5219229572301395, 1.0, 0.19480882083637324, 0.17010914040075845, 0.19433448278367058, 0.09460771207165922], [0.13511505379994276, 0.048323644762315314, 0.25932237659584656, 0.20076486435392332, 0.09726831026909973, 0.05507957293144127, 0.09995526153693396, 0.1336555214775781, 0.057846009466465294, 0.049830144380138774, 0.0882511414772083, 0.17571962882551387, 0.0880720172025407, 0.08031089057342732, 0.3141205642792508, 0.19480882083637324, 1.0, 0.35048923882365574, 0.18427386732192416, 0.15027614712610848], [0.2821975173621697, 0.12671030931941657, 0.2253195738530994, 0.24756669515188198, 0.26196206899958985, 0.14701954713981802, 0.301880874602266, 0.22220902930945152, 0.13774453592206456, 0.17676060200354085, 0.31781718544336524, 0.2696130536950727, 0.15589229693146373, 0.3013226379446273, 0.1874089638810201, 0.17010914040075845, 0.35048923882365574, 1.0, 0.5062113801746138, 0.3324782460966298], [0.17578706832736815, 0.14877151742076744, 0.18155178687545742, 0.18710179471316654, 0.23362438668161656, 0.1691215640906844, 0.24732241443306302, 0.140845147766036, 0.09033051858642226, 0.09936296406838145, 0.1270096416388686, 0.30849816995603135, 0.16469881437994632, 0.11602040267749777, 0.08000892445319456, 0.19433448278367058, 0.18427386732192416, 0.5062113801746138, 1.0, 0.6864566555405511], [0.362537444298126, 0.07643948531125862, 0.18851696341568086, 0.3427887584700365, 0.15045102375147773, 0.07993932239432666, 0.126960219141865, 0.14019744795377262, 0.09021008029924935, 0.11643416976763714, 0.09202707361287267, 