{"model": "LSING", "dataset": "dim5_cop_gau", "N": 2000, "seed": 123450, "metrics": {"TP": 4, "FP": 1, "FN": 0, "TN": 5, "TPR": 1.0, "FDR": 0.2, "FPR": 0.16666666666666666, "Hamming": 1}, "omega": [[1.0, 0.9524325844331213, 0.16504271669358428, 0.19930950399200975, 0.13994003702371324], [0.9524325844331213, 1.0, 1.0, 0.28371445468171813, 0.13954198039024748], [0.16504271669358428, 1.0, 1.0, 0.9301379371857124, 0.09785691525005077], [0.19930950399200975, 0.28371445468171813, 0.9301379371857124, 1.0, 0.9862660983665155], [0.13994003702371324, 0.13954198039024748, 0.09785691525005077, 0.9862660983665155, 1.0]], "meta_info": {"source": "pretrained"}}