{"model": "SING", "dataset": "dim6_butterfly", "N": 50000, "seed": 12340, "metrics": {"TP": 0, "FP": 0, "FN": 3, "TN": 12, "TPR": 0.0, "FDR": 0.0, "FPR": 0.0, "Hamming": 3}, "omega": [[450.2248884734269, 0.0, 0.0, 0.0, 0.0, 0.0], [0.0, 600.1082553728079, 0.0, 0.0, 0.0, 0.0], [0.0, 0.0, 450.0949943640956, 0.0, 0.0, 0.0], [0.0, 0.0, 0.0, 599.2067193396995, 0.0, 0.0], [0.0, 0.0, 0.0, 0.0, 448.9824120904599, 0.0], [0.0, 0.0, 0.0, 0.0, 0.0, 598.266399435305]], "meta_info": {"source": "pretrained", "p_order": 2}}