{"model": "SING", "dataset": "dim6_butterfly", "N": 50000, "seed": 1230, "metrics": {"TP": 0, "FP": 0, "FN": 3, "TN": 12, "TPR": 0.0, "FDR": 0.0, "FPR": 0.0, "Hamming": 3}, "omega": [[451.8421841922094, 0.0, 0.0, 0.0, 0.0, 0.0], [0.0, 602.3129693671071, 0.0, 0.0, 0.0, 0.0], [0.0, 0.0, 449.48378595796896, 0.0, 0.0, 0.0], [0.0, 0.0, 0.0, 597.5146442049084, 0.0, 0.0], [0.0, 0.0, 0.0, 0.0, 451.77739016232243, 0.0], [0.0, 0.0, 0.0, 0.0, 0.0, 599.2128076729841]], "meta_info": {"source": "pretrained", "p_order": 2}}