{"model": "SING", "dataset": "dim6_butterfly", "N": 50000, "seed": 123450, "metrics": {"TP": 0, "FP": 0, "FN": 3, "TN": 12, "TPR": 0.0, "FDR": 0.0, "FPR": 0.0, "Hamming": 3}, "omega": [[449.89062024991216, 0.0, 0.0, 0.0, 0.0, 0.0], [0.0, 597.3324704970141, 0.0, 0.0, 0.0, 0.0], [0.0, 0.0, 451.41902600101173, 0.0, 0.0, 0.0], [0.0, 0.0, 0.0, 600.450762352356, 0.0, 0.0], [0.0, 0.0, 0.0, 0.0, 449.9667945536381, 0.0], [0.0, 0.0, 0.0, 0.0, 0.0, 599.2325489125985]], "meta_info": {"source": "pretrained", "p_order": 2}}