{"model": "SING", "dataset": "dim6_butterfly", "N": 50000, "seed": 120, "metrics": {"TP": 0, "FP": 0, "FN": 3, "TN": 12, "TPR": 0.0, "FDR": 0.0, "FPR": 0.0, "Hamming": 3}, "omega": [[449.7984260320649, 0.0, 0.0, 0.0, 0.0, 0.0], [0.0, 596.973400337463, 0.0, 0.0, 0.0, 0.0], [0.0, 0.0, 450.0663497618613, 0.0, 0.0, 0.0], [0.0, 0.0, 0.0, 597.4813224114333, 0.0, 0.0], [0.0, 0.0, 0.0, 0.0, 450.16285921654384, 0.0], [0.0, 0.0, 0.0, 0.0, 0.0, 599.7517082978425]], "meta_info": {"source": "pretrained", "p_order": 2}}