{"model": "SING", "dataset": "dim5_cop_gau", "N": 300, "seed": 1230, "metrics": {"TP": 2, "FP": 0, "FN": 2, "TN": 6, "TPR": 0.5, "FDR": 0.0, "FPR": 0.0, "Hamming": 2}, "omega": [[530.0464811721114, 6.750953742574606, 0.0, 0.0, 0.0], [6.750953742574606, 442.7901861701022, 8.703011817527559, 0.0, 0.0], [0.0, 8.703011817527559, 511.91248558979726, 0.0, 0.0], [0.0, 0.0, 0.0, 405.95585751515614, 0.0], [0.0, 0.0, 0.0, 0.0, 414.4297027706107]], "meta_info": {"source": "pretrained", "p_order": 3}}