{"model": "SING", "dataset": "dim5_cop_gau", "N": 300, "seed": 1234560, "metrics": {"TP": 1, "FP": 0, "FN": 3, "TN": 6, "TPR": 0.25, "FDR": 0.0, "FPR": 0.0, "Hamming": 3}, "omega": [[569.2478364038817, 0.0, 0.0, 0.0, 0.0], [0.0, 461.53514412952995, 0.0, 0.0, 0.0], [0.0, 0.0, 406.7408760299665, 10.290666873651821, 0.0], [0.0, 0.0, 10.290666873651821, 600.3312991446437, 0.0], [0.0, 0.0, 0.0, 0.0, 369.29752181365967]], "meta_info": {"source": "pretrained", "p_order": 3}}