{"model": "SING", "dataset": "dim5_cop_gau", "N": 300, "seed": 123450, "metrics": {"TP": 2, "FP": 0, "FN": 2, "TN": 6, "TPR": 0.5, "FDR": 0.0, "FPR": 0.0, "Hamming": 2}, "omega": [[346.14942223572405, 0.0, 0.0, 0.0, 0.0], [0.0, 660.0344219848795, 10.256126002514542, 0.0, 0.0], [0.0, 10.256126002514542, 416.60919019210246, 15.744844976739842, 0.0], [0.0, 0.0, 15.744844976739842, 724.2100091078588, 0.0], [0.0, 0.0, 0.0, 0.0, 427.2650915454766]], "meta_info": {"source": "pretrained", "p_order": 3}}