{"model": "LSING", "dataset": "0.7_dim20_pair_gau", "N": 1000, "seed": 120, "metrics": {"TP": 10, "FP": 0, "FN": 0, "TN": 180, "TPR": 1.0, "FDR": 0.0, "FPR": 0.0, "Hamming": 0}, "omega": [[1.0, 0.8724841624845756, 0.10999238218626772, 0.08051451784385842, 0.0762936781483409, 0.08303458286120392, 0.10275515800987567, 0.08397543197179541, 0.11104683228028774, 0.11007347272284103, 0.14018374427422098, 0.09295898793706721, 0.09537398867696174, 0.0829489847011024, 0.1070049459391443, 0.12294304836400391, 0.07702123099552306, 0.07783060969849727, 0.10518383335289205, 0.08786500218905699], [0.8724841624845756, 1.0, 0.08577346720631285, 0.07470543065410337, 0.06740029099406045, 0.0756156391295673, 0.06890360795136014, 0.07810061424692517, 0.06640260754372716, 0.08154387604491896, 0.07126984652249194, 0.06078266546615261, 0.06276200707654409, 0.08057804242131739, 0.08262052344195801, 0.06681603668935701, 0.06493951604921266, 0.10677786535831699, 0.12249363059489687, 0.07753351739065902], [0.10999238218626772, 0.08577346720631285, 1.0, 0.7895915102386688, 0.07208655040549283, 0.11193314404831597, 0.06230817972647133, 0.05958268752853039, 0.07582416398826836, 0.10891274682541918, 0.10160302017405935, 0.07354591861697912, 0.07344129086236595, 0.07856467070435197, 0.09685273196627515, 0.06977463208267876, 0.06937933614241772, 0.07400695209539553, 0.12398255163593633, 0.0896062007494859], [0.08051451784385842, 0.07470543065410337, 0.7895915102386688, 1.0, 0.08076323781883721, 0.07099857675813845, 0.06267958596233686, 0.09482778889258815, 0.08028778508069333, 0.0902178649534479, 0.08410014677998719, 0.06911309922960582, 0.07395735656485156, 0.08080315981654798, 0.09926575084579918, 0.05591989676136844, 0.07966031268070178, 0.08121363134487579, 0.09255236341214411, 0.07479661257157387], [0.0762936781483409, 0.06740029099406045, 0.07208655040549283, 0.08076323781883721, 1.0, 0.7257845141753858, 0.09493808677539917, 0.07394401343896483, 0.07516025010153475, 0.10882009193516447, 0.08559062483029299, 0.07247921320264678, 0.08130894038735813, 0.08915492017169138, 0.13185344123418444, 0.06673268650515278, 0.05004238520037622, 0.07806879943539435, 0.0942999930978036, 0.08088211676021359], [0.08303458286120392, 0.0756156391295673, 0.11193314404831597, 0.07099857675813845, 0.7257845141753858, 1.0, 0.0856294170041883, 0.07377115506389276, 0.06220270927269002, 0.08902264674880031, 0.12025702763485559, 0.07088127816949569, 0.07729324541648219, 0.10397000106745007, 0.12592630613048753, 0.06664097235662872, 0.05755511831477646, 0.13441093283259045, 0.1081070213750714, 0.10541877367914632], [0.10275515800987567, 0.06890360795136014, 0.06230817972647133, 0.06267958596233686, 0.09493808677539917, 0.0856294170041883, 1.0, 0.7422168584951883, 0.07282604577052602, 0.0685850116414805, 0.07059309372876445, 0.06987753708940803, 0.07061054763923594, 0.09920713539950533, 0.11013003861270931, 0.11367666294939069, 0.05659167973091593, 0.06742647302694105, 0.08868321872873644, 0.08480429313254614], [0.08397543197179541, 0.07810061424692517, 0.05958268752853039, 0.09482778889258815, 0.07394401343896483, 0.07377115506389276, 0.7422168584951883, 1.0, 0.09553038523892095, 0.07551475099840943, 0.10339435116477926, 0.05867711973435807, 0.07727956147597345, 0.0975474709015277, 0.11063672024135576, 0.10923194072806071, 0.05315901353271219, 0.07069608744066931, 0.09660584678782312, 0.08319655851183864], [0.11104683228028774, 0.06640260754372716, 0.07582416398826836, 0.08028778508069333, 0.07516025010153475, 0.06220270927269002, 0.07282604577052602, 0.09553038523892095, 1.0, 0.8109017428270007, 0.08969830706825996, 0.0800764520028807, 0.10349079703411725, 0.10812492814880777, 0.0771514315185213, 0.0952116441995443, 0.05583608671085915, 0.07791469053322679, 0.14739097909822207, 0.08627612908989685], [0.11007347272284103, 0.08154387604491896, 0.10891274682541918, 0.0902178649534479, 0.10882009193516447, 0.08902264674880031, 0.0685850116414805, 0.07551475099840943, 0.8109017428270007, 1.0, 0.09503106380550208, 0.08635793860526182, 0.10727732218384597, 0.11181935398280263, 0.07091994662301451, 0.07376652371998806, 0.06452884143271968, 0.0781816604309107, 0.10817420153950354, 0.09349852316153762], [0.14018374427422098, 0.07126984652249194, 0.10160302017405935, 0.08410014677998719, 0.08559062483029299, 0.12025702763485559, 0.07059309372876445, 0.10339435116477926, 0.08969830706825996, 0.09503106380550208, 1.0, 0.8399794861344659, 0.11475186772015299, 0.1281602666100348, 0.10162700792101736, 0.08694816883758422, 0.08469597010706546, 0.09697117671916046, 0.1079435027212507, 0.08283105117015012], [0.09295898793706721, 0.06078266546615261, 0.07354591861697912, 0.06911309922960582, 0.07247921320264678, 0.07088127816949569, 0.06987753708940803, 0.05867711973435807, 0.0800764520028807, 0.08635793860526182, 0.8399794861344659, 1.0, 0.08519432278659297, 0.08835312809557719, 0.09895607174041347, 0.07319639921601806, 0.08859015299345793, 0.08726190970627344, 0.07161255896839952, 0.09985167654275855], [0.09537398867696174, 0.06276200707654409, 0.07344129086236595, 0.07395735656485156, 0.08130894038735813, 0.07729324541648219, 0.07061054763923594, 0.07727956147597345, 0.10349079703411725, 0.10727732218384597, 0.11475186772015299, 0.08519432278659297, 1.0, 0.9460654604605363, 0.08426375647333022, 0.0760529089583114, 0.10023724992890513, 0.0881677389472791, 0.10927070955848876, 0.10634423244177224], [0.0829489847011024, 0.08057804242131739, 0.07856467070435197, 0.08080315981654798, 0.08915492017169138, 0.10397000106745007, 0.09920713539950533, 0.0975474709015277, 0.10812492814880777, 0.11181935398280263, 0.1281602666100348, 0.08835312809557719, 0.9460654604605363, 1.0, 0.12702183372384776, 0.11693200750158193, 0.0862929457237121, 0.10454823275760002, 0.11974339665600536, 0.0909859887467307], [0.1070049459391443, 0.08262052344195801, 0.09685273196627515, 0.09926575084579918, 0.13185344123418444, 0.12592630613048753, 0.11013003861270931, 0.11063672024135576, 0.0771514315185213, 0.07091994662301451, 0.10162700792101736, 0.09895607174041347, 0.08426375647333022, 0.12702183372384776, 1.0, 0.731314338797597, 0.07791944793185471, 0.08517222586048316, 0.12245728948506403, 0.09492360915700353], [0.12294304836400391, 0.06681603668935701, 0.06977463208267876, 0.05591989676136844, 0.06673268650515278, 0.06664097235662872, 0.11367666294939069, 0.10923194072806071, 0.0952116441995443, 0.07376652371998806, 0.08694816883758422, 0.07319639921601806, 0.0760529089583114, 0.11693200750158193, 0.731314338797597, 1.0, 0.058982253866667944, 0.06005989336106562, 0.08915494118081192, 0.07068942754945957], [0.07702123099552306, 0.06493951604921266, 0.06937933614241772, 0.07966031268070178, 0.05004238520037622, 0.05755511831477646, 0.05659167973091593, 0.05315901353271219, 0.05583608671085915, 0.06452884143271968, 0.08469597010706546, 0.08859015299345793, 0.10023724992890513, 0.0862929457237121, 0.07791944793185471, 0.058982253866667944, 1.0, 0.5834988540785295, 0.09565194167599222, 0.078058897136582], [0.07783060969849727, 0.10677786535831699, 0.07400695209539553, 0.08121363134487579, 0.07806879943539435, 0.13441093283259045, 0.06742647302694105, 0.07069608744066931, 0.07791469053322679, 0.0781816604309107, 0.09697117671916046, 0.08726190970627344, 0.0881677389472791, 0.10454823275760002, 0.08517222586048316, 0.06005989336106562, 0.5834988540785295, 1.0, 0.10145578358865359, 0.08395405402447725], [0.10518383335289205, 0.12249363059489687, 0.12398255163593633, 0.09255236341214411, 0.0942999930978036, 0.1081070213750714, 0.08868321872873644, 0.09660584678782312, 0.14739097909822207, 0.10817420153950354, 0.1079435027212507, 0.07161255896839952, 0.10927070955848876, 0.11974339665600536, 0.12245728948506403, 0.08915494118081192, 0.09565194167599222, 0.10145578358865359, 1.0, 1.0], [0.08786500218905699, 0.07753351739065902, 0.0896062007494859, 0.07479661257157387, 0.08088211676021359, 0.10541877367914632, 0.08480429313254614, 0.08319655851183864, 