{"model": "LSING", "dataset": "0.7_dim20_pair_gau", "N": 1000, "seed": 1234560, "metrics": {"TP": 10, "FP": 0, "FN": 0, "TN": 180, "TPR": 1.0, "FDR": 0.0, "FPR": 0.0, "Hamming": 0}, "omega": [[1.0, 0.7170015245775934, 0.06839208749692142, 0.07120364644710019, 0.07529605702157305, 0.0577985671691025, 0.04974513691783057, 0.06533250084798892, 0.07848917614202375, 0.07857353138856006, 0.07836595899528095, 0.11447158398159997, 0.05319668732624217, 0.08415264946968314, 0.07699654795020072, 0.08592325952110284, 0.08040439585114804, 0.07658884989438557, 0.0793524975173538, 0.054933018259662514], [0.7170015245775934, 1.0, 0.07955607246097328, 0.09319700591438589, 0.07313337636425686, 0.06283032499038103, 0.08643406204695958, 0.07236593803480117, 0.0806968368183166, 0.0749712601719183, 0.08110199146484803, 0.1078696669561864, 0.14259226262470323, 0.08487309860296544, 0.07879272216835717, 0.07123383288276354, 0.1383538557118478, 0.09471294288443927, 0.05782156934456988, 0.06535765621104171], [0.06839208749692142, 0.07955607246097328, 1.0, 0.8850715709333297, 0.0764160281369913, 0.07923079944793664, 0.04955184013501522, 0.07153638012736911, 0.10474816745386771, 0.0766563907666708, 0.11249633981337963, 0.09985998102184643, 0.09727447889515675, 0.0937201631379414, 0.08162048693275747, 0.09725334885474206, 0.06089514126044061, 0.06492059861792394, 0.051647985670018645, 0.0638113307262312], [0.07120364644710019, 0.09319700591438589, 0.8850715709333297, 1.0, 0.08124001148589696, 0.12225764268707257, 0.08040766395787152, 0.07937814298027772, 0.10060389688023698, 0.08549091246134342, 0.11837681821477587, 0.11908972073914233, 0.07496428728180893, 0.15533032991460724, 0.12754501197999196, 0.10982083119377253, 0.06415245881851053, 0.11421487617280666, 0.08422152824493406, 0.0778497142703815], [0.07529605702157305, 0.07313337636425686, 0.0764160281369913, 0.08124001148589696, 1.0, 0.6590145987883579, 0.07924482187884613, 0.06784022575105692, 0.09506012405853906, 0.08232975203343598, 0.08436845832809477, 0.10100817120519898, 0.10617241393855555, 0.10309136974171151, 0.10966741832037358, 0.16407791114399214, 0.0789727816091561, 0.08762123491342523, 0.08176189352068831, 0.08304054550243292], [0.0577985671691025, 0.06283032499038103, 0.07923079944793664, 0.12225764268707257, 0.6590145987883579, 1.0, 0.06076270977157128, 0.06858780226061748, 0.08225151955116626, 0.0666555428706663, 0.07743239771425224, 0.09435379491159082, 0.068288211874476, 0.11025453009298686, 0.08362239857311163, 0.07951997463112993, 0.06868365975626158, 0.06680563189138487, 0.07710741504474115, 0.05588980237723802], [0.04974513691783057, 0.08643406204695958, 0.04955184013501522, 0.08040766395787152, 0.07924482187884613, 0.06076270977157128, 1.0, 0.6646832007440524, 0.07693023348896737, 0.06317427754447683, 0.10451617136322018, 0.09656801967430907, 0.07012990731194074, 0.06947520356658173, 0.09789014885694217, 0.0646745173821654, 0.07833165897254775, 0.07336914692073643, 0.06295688921728626, 0.06078824606532958], [0.06533250084798892, 0.07236593803480117, 0.07153638012736911, 0.07937814298027772, 0.06784022575105692, 0.06858780226061748, 0.6646832007440524, 1.0, 0.07586919746373735, 0.06104235936437866, 0.06941963181579336, 0.09082450676627701, 0.068954840609116, 0.07671566730084506, 0.07170785701355308, 0.08065315521558615, 0.06599707627321628, 0.07262066453937617, 0.13774703309797268, 0.06577054560909351], [0.07848917614202375, 0.0806968368183166, 0.10474816745386771, 0.10060389688023698, 0.09506012405853906, 0.08225151955116626, 0.07693023348896737, 0.07586919746373735, 1.0, 0.7184520157942418, 0.08412152232099704, 0.1134648793596172, 0.07990990830867845, 0.10547505292242419, 0.09312275229979017, 0.1051596469437595, 0.09311389333813888, 0.13569947945540362, 0.10869563157214636, 0.08404082540288253], [0.07857353138856006, 0.0749712601719183, 0.0766563907666708, 0.08549091246134342, 0.08232975203343598, 0.0666555428706663, 0.06317427754447683, 0.06104235936437866, 0.7184520157942418, 1.0, 0.07696810822118702, 0.08130699489861315, 0.05411814244362997, 0.09235574135600405, 0.10824236119656244, 0.079768062721337, 0.053043172251922226, 0.0711639762305186, 0.0678916653327898, 0.0608421268554252], [0.07836595899528095, 0.08110199146484803, 0.11249633981337963, 0.11837681821477587, 0.08436845832809477, 0.07743239771425224, 0.10451617136322018, 0.06941963181579336, 0.08412152232099704, 0.07696810822118702, 1.0, 0.98258711857362, 0.053725242616624536, 0.08560184227008537, 0.09208198922088745, 0.0771607801847354, 0.08710152697095312, 0.06879759752392811, 0.11075392327966398, 0.11309643110295865], [0.11447158398159997, 0.1078696669561864, 0.09985998102184643, 0.11908972073914233, 0.10100817120519898, 0.09435379491159082, 0.09656801967430907, 0.09082450676627701, 0.1134648793596172, 0.08130699489861315, 0.98258711857362, 1.0, 0.11309633819303049, 0.12619842193601918, 0.11209879216721735, 0.12386183479789731, 0.09322451189862144, 0.1077152111688437, 0.11968484134756412, 0.09158554360168161], [0.05319668732624217, 0.14259226262470323, 0.09727447889515675, 0.07496428728180893, 0.10617241393855555, 0.068288211874476, 0.07012990731194074, 0.068954840609116, 0.07990990830867845, 0.05411814244362997, 0.053725242616624536, 0.11309633819303049, 1.0, 0.8274794565928718, 0.08668532301121375, 0.06528321677658964, 0.061334087247848494, 0.07536088724670384, 0.06741821027531032, 0.07302702236947743], [0.08415264946968314, 0.08487309860296544, 0.0937201631379414, 0.15533032991460724, 0.10309136974171151, 0.11025453009298686, 0.06947520356658173, 0.07671566730084506, 0.10547505292242419, 0.09235574135600405, 0.08560184227008537, 0.12619842193601918, 0.8274794565928718, 1.0, 0.09208268139985233, 0.0936287211866337, 0.07915550291939719, 0.08547326886598341, 0.08566263323608884, 0.06425477587691085], [0.07699654795020072, 0.07879272216835717, 0.08162048693275747, 0.12754501197999196, 0.10966741832037358, 0.08362239857311163, 0.09789014885694217, 0.07170785701355308, 0.09312275229979017, 0.10824236119656244, 0.09208198922088745, 0.11209879216721735, 0.08668532301121375, 0.09208268139985233, 1.0, 1.0, 0.07737058241629066, 0.08847218533181908, 0.07868313258532914, 0.12871332645378672], [0.08592325952110284, 0.07123383288276354, 0.09725334885474206, 0.10982083119377253, 0.16407791114399214, 0.07951997463112993, 0.0646745173821654, 0.08065315521558615, 0.1051596469437595, 0.079768062721337, 0.0771607801847354, 0.12386183479789731, 0.06528321677658964, 0.0936287211866337, 1.0, 1.0, 0.08298820237164856, 0.08593900775392813, 0.06119885452464475, 0.0936555396374008], [0.08040439585114804, 0.1383538557118478, 0.06089514126044061, 0.06415245881851053, 0.0789727816091561, 0.06868365975626158, 0.07833165897254775, 0.06599707627321628, 0.09311389333813888, 0.053043172251922226, 0.08710152697095312, 0.09322451189862144, 0.061334087247848494, 0.07915550291939719, 0.07737058241629066, 0.08298820237164856, 1.0, 0.7617020147443596, 0.0718839399094262, 0.05944643159166488], [0.07658884989438557, 0.09471294288443927, 0.06492059861792394, 0.11421487617280666, 0.08762123491342523, 0.06680563189138487, 0.07336914692073643, 0.07262066453937617, 0.13569947945540362, 0.0711639762305186, 0.06879759752392811, 0.1077152111688437, 0.07536088724670384, 0.08547326886598341, 0.08847218533181908, 0.08593900775392813, 0.7617020147443596, 1.0, 0.09808992610724757, 0.06066514041050059], [0.0793524975173538, 0.05782156934456988, 0.051647985670018645, 0.08422152824493406, 0.08176189352068831, 0.07710741504474115, 0.06295688921728626, 0.13774703309797268, 0.10869563157214636, 0.0678916653327898, 0.11075392327966398, 0.11968484134756412, 0.06741821027531032, 0.08566263323608884, 0.07868313258532914, 0.06119885452464475, 0.0718839399094262, 0.09808992610724757, 1.0, 0.6096065483809312], [0.054933018259662514, 0.06535765621104171, 0.0638113307262312, 0.0778497142703815, 0.08304054550243292, 0.05588980237723802, 0.06078824606532958, 0.06577054560909351, 0.08404082540288253, 