{"model": "LSING", "dataset": "0.7_dim20_pair_gau", "N": 1000, "seed": 12340, "metrics": {"TP": 10, "FP": 0, "FN": 0, "TN": 180, "TPR": 1.0, "FDR": 0.0, "FPR": 0.0, "Hamming": 0}, "omega": [[1.0, 0.9402855002655562, 0.07755661889432452, 0.11137156574278703, 0.07968581855532522, 0.09632115698169459, 0.12247209129137249, 0.1041073962336379, 0.10629994071366851, 0.08425984449203427, 0.07923699772335348, 0.08214734794800262, 0.06889382128342313, 0.06785796522006123, 0.06824162832185185, 0.07384398613228581, 0.07637144708836054, 0.06027858034719044, 0.09177874140183694, 0.1030020095523919], [0.9402855002655562, 1.0, 0.08091269948495608, 0.08461928272065665, 0.07186874277974674, 0.12486188293809307, 0.07138768619741238, 0.06109449256962426, 0.1079223039524208, 0.09831563665993882, 0.08497086581210302, 0.08540816431615394, 0.10381571221331523, 0.07309759722742275, 0.07664718722430366, 0.09949624333661465, 0.0950540391582579, 0.09988655459043899, 0.09103173927065158, 0.08561079424722848], [0.07755661889432452, 0.08091269948495608, 1.0, 0.7944100936040339, 0.07892387268269073, 0.0952075963829225, 0.061476622605609155, 0.05749843607820314, 0.07820887025840267, 0.12502924018844697, 0.06860225406811422, 0.08024458453994535, 0.11624384841528107, 0.07128728498776409, 0.07480190648364775, 0.0766479951256489, 0.054525692508698764, 0.04470785878538593, 0.08879764384041025, 0.06734459745079287], [0.11137156574278703, 0.08461928272065665, 0.7944100936040339, 1.0, 0.14197547705990413, 0.11503391881327352, 0.07967201366276033, 0.07284450144680531, 0.09699903001223065, 0.1157491402469624, 0.11637891394620327, 0.1388883692147304, 0.1062874377103196, 0.08539565401249168, 0.09052708807553578, 0.10776657853468811, 0.08211383707623969, 0.09248518055855301, 0.10662977373817588, 0.09741101102954704], [0.07968581855532522, 0.07186874277974674, 0.07892387268269073, 0.14197547705990413, 1.0, 1.0, 0.0906616474513983, 0.07817595314545973, 0.06511923562876859, 0.08794194491016118, 0.0924338982906326, 0.08313712443343241, 0.08498794124505345, 0.07098315636659938, 0.07083765138757153, 0.0717233838069861, 0.07645404040028456, 0.07901601237105262, 0.08244063317038904, 0.09089029326585223], [0.09632115698169459, 0.12486188293809307, 0.0952075963829225, 0.11503391881327352, 1.0, 1.0, 0.08602799012172212, 0.07192824641723009, 0.08128322202269762, 0.09523590213125932, 0.08157200781861614, 0.08652850933947583, 0.10363283936363227, 0.06725764828523037, 0.106118170211303, 0.08602217177197372, 0.08471206970346984, 0.08623055191653861, 0.13758773078577965, 0.11724123182723262], [0.12247209129137249, 0.07138768619741238, 0.061476622605609155, 0.07967201366276033, 0.0906616474513983, 0.08602799012172212, 1.0, 0.6446924444170689, 0.06958857263844889, 0.07341883778310469, 0.08870454051068476, 0.117269839321855, 0.08457783397483296, 0.07713090355413907, 0.08387744677789281, 0.07599746663552386, 0.06491810226193298, 0.05850313197070421, 0.10981280283403226, 0.10159398838078232], [0.1041073962336379, 0.06109449256962426, 0.05749843607820314, 0.07284450144680531, 0.07817595314545973, 0.07192824641723009, 0.6446924444170689, 1.0, 0.05897793218448853, 0.07174821338944438, 0.07269171440520025, 0.0686264375728401, 0.06591493328350691, 0.07401852202411097, 0.07422918229988215, 0.05601489559831597, 0.06717341483623801, 0.06498626650449978, 0.05795581044399571, 0.07176971402901024], [0.10629994071366851, 0.1079223039524208, 0.07820887025840267, 0.09699903001223065, 0.06511923562876859, 0.08128322202269762, 0.06958857263844889, 0.05897793218448853, 1.0, 0.7272279767942701, 0.09585356947751054, 0.10764112508302404, 0.0805142605489236, 0.05867012907226567, 0.07151368230570294, 0.0714928812795008, 0.08038174039392647, 0.06071953387479725, 0.1000140204951528, 0.10251101481013598], [0.08425984449203427, 0.09831563665993882, 0.12502924018844697, 0.1157491402469624, 0.08794194491016118, 0.09523590213125932, 0.07341883778310469, 0.07174821338944438, 0.7272279767942701, 1.0, 0.07857008489660945, 0.09369910099853102, 0.09846239729286471, 0.06729135869889181, 0.10838147906217566, 0.08635142320485002, 0.06833305987981776, 0.09780494567223602, 0.12233040680967, 0.08982527001717695], [0.07923699772335348, 0.08497086581210302, 0.06860225406811422, 0.11637891394620327, 0.0924338982906326, 0.08157200781861614, 0.08870454051068476, 0.07269171440520025, 0.09585356947751054, 0.07857008489660945, 1.0, 0.829973677211447, 0.09261939925312539, 0.05756642389653038, 0.06786351345821529, 0.08831399321339509, 0.09924951221252874, 0.07882055621457378, 0.12602765537802016, 0.10731793047679923], [0.08214734794800262, 0.08540816431615394, 0.08024458453994535, 0.1388883692147304, 0.08313712443343241, 0.08652850933947583, 0.117269839321855, 0.0686264375728401, 0.10764112508302404, 0.09369910099853102, 0.829973677211447, 1.0, 0.11190170233184468, 0.06384914901123193, 0.06475338285814004, 0.09463454611849346, 0.0758208355537642, 0.06834642432014323, 0.08603200772750823, 0.10435554118507798], [0.06889382128342313, 0.10381571221331523, 0.11624384841528107, 0.1062874377103196, 0.08498794124505345, 0.10363283936363227, 0.08457783397483296, 0.06591493328350691, 0.0805142605489236, 0.09846239729286471, 0.09261939925312539, 0.11190170233184468, 1.0, 0.699157356950165, 0.09888890593376867, 0.08732360593508079, 0.0648317614558172, 0.07351736767909489, 0.09941932236817182, 0.10493251415121943], [0.06785796522006123, 0.07309759722742275, 0.07128728498776409, 0.08539565401249168, 0.07098315636659938, 0.06725764828523037, 0.07713090355413907, 0.07401852202411097, 0.05867012907226567, 0.06729135869889181, 0.05756642389653038, 0.06384914901123193, 0.699157356950165, 1.0, 0.09741406742740734, 0.06981759320232198, 0.06779722417946327, 0.048331904678231584, 0.06747009470433711, 0.07861005411225873], [0.06824162832185185, 0.07664718722430366, 0.07480190648364775, 0.09052708807553578, 0.07083765138757153, 0.106118170211303, 0.08387744677789281, 0.07422918229988215, 0.07151368230570294, 0.10838147906217566, 0.06786351345821529, 0.06475338285814004, 0.09888890593376867, 0.09741406742740734, 1.0, 0.8514111739336062, 0.07226654902195463, 0.07169221876924971, 0.0952197489712301, 0.09626026020107828], [0.07384398613228581, 0.09949624333661465, 0.0766479951256489, 0.10776657853468811, 0.0717233838069861, 0.08602217177197372, 0.07599746663552386, 0.05601489559831597, 0.0714928812795008, 0.08635142320485002, 0.08831399321339509, 0.09463454611849346, 0.08732360593508079, 0.06981759320232198, 0.8514111739336062, 1.0, 0.07407011820550588, 0.0726813674277305, 0.10295441637615638, 0.09394459593622119], [0.07637144708836054, 0.0950540391582579, 0.054525692508698764, 0.08211383707623969, 0.07645404040028456, 0.08471206970346984, 0.06491810226193298, 0.06717341483623801, 0.08038174039392647, 0.06833305987981776, 0.09924951221252874, 0.0758208355537642, 0.0648317614558172, 0.06779722417946327, 0.07226654902195463, 0.07407011820550588, 1.0, 0.6288779605252783, 0.07815886554532037, 0.08291899837053113], [0.06027858034719044, 0.09988655459043899, 0.04470785878538593, 0.09248518055855301, 0.07901601237105262, 0.08623055191653861, 0.05850313197070421, 0.06498626650449978, 0.06071953387479725, 0.09780494567223602, 0.07882055621457378, 0.06834642432014323, 0.07351736767909489, 0.048331904678231584, 0.07169221876924971, 0.0726813674277305, 0.6288779605252783, 1.0, 0.08554040705924339, 0.05830084272091984], [0.09177874140183694, 0.09103173927065158, 0.08879764384041025, 0.10662977373817588, 0.08244063317038904, 0.13758773078577965, 0.10981280283403226, 0.05795581044399571, 0.1000140204951528, 0.12233040680967, 0.12602765537802016, 0.08603200772750823, 0.09941932236817182, 0.06747009470433711, 0.0952197489712301, 0.10295441637615638, 0.07815886554532037, 0.08554040705924339, 1.0, 0.9361665661299956], [0.1030020095523919, 0.08561079424722848, 0.06734459745079287, 0.09741101102954704, 0.09089029326585223, 0.11724123182723262, 0.10159398838078232, 0.07176971402901024, 0.10251101481013598, 