{"model": "LSING", "dataset": "0.7_dim20_pair_gau", "N": 1000, "seed": 123450, "metrics": {"TP": 10, "FP": 0, "FN": 0, "TN": 180, "TPR": 1.0, "FDR": 0.0, "FPR": 0.0, "Hamming": 0}, "omega": [[1.0, 0.979579197623652, 0.1653728197287912, 0.11366667736586629, 0.11651876008810812, 0.08510818032798118, 0.09427480287914239, 0.07927617763113032, 0.0758711836892972, 0.07819820352961022, 0.06766266375893146, 0.0634367925884972, 0.07693308604995121, 0.07457601549543194, 0.06148556599119506, 0.08527447250226845, 0.1046425414397539, 0.09532433471506631, 0.09125105204264715, 0.11128256397251303], [0.979579197623652, 1.0, 0.1302152123613033, 0.1114587923317164, 0.09654615663269352, 0.08778518431118308, 0.09443916287586003, 0.07133760686828254, 0.09443856130078558, 0.09118055305182501, 0.08668736587934696, 0.1063184123410088, 0.10329167911961058, 0.1008397024499563, 0.0719637853436572, 0.07246368148528927, 0.09592587155381091, 0.08716897260928763, 0.08137315363354608, 0.1056922287675403], [0.1653728197287912, 0.1302152123613033, 1.0, 0.6495071693066364, 0.10120977053357222, 0.07507932990899127, 0.05394842678533615, 0.05714888265280986, 0.06726761756449129, 0.10037328803969237, 0.08018173419860085, 0.06742833242410529, 0.0803788468992659, 0.062243219208899817, 0.07984319272736112, 0.07484129990707603, 0.06984616970828463, 0.06262055080173032, 0.05581816545051978, 0.07509830246525874], [0.11366667736586629, 0.1114587923317164, 0.6495071693066364, 1.0, 0.09491005596157229, 0.0760872689462297, 0.056309685423954224, 0.0978640444818069, 0.0966412386320664, 0.12398093182388427, 0.06247625307884084, 0.0906172060341202, 0.07387568014689688, 0.08259965560132873, 0.0582406267058222, 0.09175525607358352, 0.13702663535838866, 0.10494783569194266, 0.08665548240040119, 0.107423459869926], [0.11651876008810812, 0.09654615663269352, 0.10120977053357222, 0.09491005596157229, 1.0, 0.8516590094656512, 0.08514802702952261, 0.07911047938477672, 0.09215458211781181, 0.12048311943634822, 0.09068768208351999, 0.07922975183947382, 0.1234282321751878, 0.09431756059227289, 0.10741036286682212, 0.07682720628780135, 0.1161224954492375, 0.07353577493555194, 0.09801463197798536, 0.08834372382638617], [0.08510818032798118, 0.08778518431118308, 0.07507932990899127, 0.0760872689462297, 0.8516590094656512, 1.0, 0.07018280959051784, 0.07525407982097779, 0.07232796512887492, 0.08307064300177723, 0.07307097407199194, 0.060804532025980865, 0.08266848496641457, 0.06969168726840379, 0.06013452523776694, 0.08067766657226356, 0.09738876958442949, 0.1094524298494129, 0.08173290572425397, 0.07629720590197761], [0.09427480287914239, 0.09443916287586003, 0.05394842678533615, 0.056309685423954224, 0.08514802702952261, 0.07018280959051784, 1.0, 0.5460116632967587, 0.06992375250051307, 0.07623961018669301, 0.06338648204932605, 0.07190020701523817, 0.07440355207853773, 0.08314428751650559, 0.06629448066492848, 0.06324595564136305, 0.07667773782322324, 0.07314700704368961, 0.08032323434248946, 0.10928629826508196], [0.07927617763113032, 0.07133760686828254, 0.05714888265280986, 0.0978640444818069, 0.07911047938477672, 0.07525407982097779, 0.5460116632967587, 1.0, 0.05872983724274203, 0.06940142984402932, 0.06693940738044113, 0.1129848786865744, 0.08129129608962335, 0.0742102909877773, 0.05370652223209395, 0.07537079303256157, 0.07612745212196532, 0.0770663298308477, 0.08041895105454683, 0.07602195471685431], [0.0758711836892972, 0.09443856130078558, 0.06726761756449129, 0.0966412386320664, 0.09215458211781181, 0.07232796512887492, 0.06992375250051307, 0.05872983724274203, 1.0, 0.8117249062032301, 0.05458719245442956, 0.0598126927691247, 0.1449497385044917, 0.06471989614326346, 0.07150996832329974, 0.07480866191024027, 0.0939063203027142, 0.0853046634140556, 0.08756737334948192, 0.0744694704320345], [0.07819820352961022, 0.09118055305182501, 0.10037328803969237, 0.12398093182388427, 0.12048311943634822, 0.08307064300177723, 0.07623961018669301, 0.06940142984402932, 0.8117249062032301, 1.0, 0.05932090004766922, 0.0702736907605573, 0.08895874767241427, 0.07558697515327725, 0.07564651324231918, 0.09715772142204354, 0.08225931450295951, 0.07492919104507172, 0.08056192454755845, 0.0702869789421806], [0.06766266375893146, 0.08668736587934696, 0.08018173419860085, 0.06247625307884084, 0.09068768208351999, 0.07307097407199194, 0.06338648204932605, 0.06693940738044113, 0.05458719245442956, 0.05932090004766922, 1.0, 0.519937013662239, 0.10730971119991674, 0.07457081543970366, 0.05708835298451387, 0.06564562331905649, 0.09106842812470738, 0.062037108372587295, 0.0645000765325849, 0.072790775186786], [0.0634367925884972, 0.1063184123410088, 0.06742833242410529, 0.0906172060341202, 0.07922975183947382, 0.060804532025980865, 0.07190020701523817, 0.1129848786865744, 0.0598126927691247, 0.0702736907605573, 0.519937013662239, 1.0, 0.07565905200414634, 0.06330031151800516, 0.06274259789400598, 0.06235218331782969, 0.10999252191201522, 0.05988243469300992, 0.08022590153468123, 0.08598264362105289], [0.07693308604995121, 0.10329167911961058, 0.0803788468992659, 0.07387568014689688, 0.1234282321751878, 0.08266848496641457, 0.07440355207853773, 0.08129129608962335, 0.1449497385044917, 0.08895874767241427, 0.10730971119991674, 0.07565905200414634, 1.0, 0.7903777597817331, 0.08212558895219407, 0.0809958003738167, 0.09871712382021951, 0.08954252785027494, 0.07379060825480094, 0.07817386522956431], [0.07457601549543194, 0.1008397024499563, 0.062243219208899817, 0.08259965560132873, 0.09431756059227289, 0.06969168726840379, 0.08314428751650559, 0.0742102909877773, 0.06471989614326346, 0.07558697515327725, 0.07457081543970366, 0.06330031151800516, 0.7903777597817331, 1.0, 0.061688872875889394, 0.08893442721569685, 0.08204618614046072, 0.09516478986799118, 0.10068437372649616, 0.08124599187861414], [0.06148556599119506, 0.0719637853436572, 0.07984319272736112, 0.0582406267058222, 0.10741036286682212, 0.06013452523776694, 0.06629448066492848, 0.05370652223209395, 0.07150996832329974, 0.07564651324231918, 0.05708835298451387, 0.06274259789400598, 0.08212558895219407, 0.061688872875889394, 1.0, 0.6017648866787542, 0.09013145455387846, 0.05653521744879311, 0.07044862292939899, 0.05888730971466662], [0.08527447250226845, 0.07246368148528927, 0.07484129990707603, 0.09175525607358352, 0.07682720628780135, 0.08067766657226356, 0.06324595564136305, 0.07537079303256157, 0.07480866191024027, 0.09715772142204354, 0.06564562331905649, 0.06235218331782969, 0.0809958003738167, 0.08893442721569685, 0.6017648866787542, 1.0, 0.07062893995987107, 0.06520752117299554, 0.07727675365455838, 0.07568244460778284], [0.1046425414397539, 0.09592587155381091, 0.06984616970828463, 0.13702663535838866, 0.1161224954492375, 0.09738876958442949, 0.07667773782322324, 0.07612745212196532, 0.0939063203027142, 0.08225931450295951, 0.09106842812470738, 0.10999252191201522, 0.09871712382021951, 0.08204618614046072, 0.09013145455387846, 0.07062893995987107, 1.0, 1.0, 0.08138578416106257, 0.11205224869170677], [0.09532433471506631, 0.08716897260928763, 0.06262055080173032, 0.10494783569194266, 0.07353577493555194, 0.1094524298494129, 0.07314700704368961, 0.0770663298308477, 0.0853046634140556, 0.07492919104507172, 0.062037108372587295, 0.05988243469300992, 0.08954252785027494, 0.09516478986799118, 0.05653521744879311, 0.06520752117299554, 1.0, 1.0, 0.09161349592690851, 0.08443498978015714], [0.09125105204264715, 0.08137315363354608, 0.05581816545051978, 0.08665548240040119, 0.09801463197798536, 0.08173290572425397, 0.08032323434248946, 0.08041895105454683, 0.08756737334948192, 0.08056192454755845, 0.0645000765325849, 0.08022590153468123, 0.07379060825480094, 0.10068437372649616, 0.07044862292939899, 0.07727675365455838, 0.08138578416106257, 0.09161349592690851, 1.0, 0.8391220217751416], [0.11128256397251303, 0.1056922287675403, 0.07509830246525874, 0.107423459869926, 0.08834372382638617, 0.07629720590197761, 0.10928629826508196, 0.07602195471685431, 0.0744694704320345, 