{"model": "LSING", "dataset": "dim20_pair_gau", "N": 2000, "seed": 12340, "metrics": {"TP": 10, "FP": 0, "FN": 0, "TN": 180, "TPR": 1.0, "FDR": 0.0, "FPR": 0.0, "Hamming": 0}, "omega": [[1.0, 0.816997081195742, 0.05500580102879596, 0.06660381208200926, 0.07951704102635863, 0.08210513046164547, 0.0711913309429633, 0.07074665408172504, 0.06531639094187136, 0.05765422349001119, 0.06976255319218445, 0.0573154094025522, 0.07963232716168944, 0.09309768280096312, 0.0553351886610194, 0.08317206783473946, 0.08670568920078064, 0.07156099524755684, 0.09489636925737377, 0.0779518565593848], [0.816997081195742, 1.0, 0.07816416062585674, 0.08863477134531844, 0.0880805935378831, 0.08662685594436041, 0.07111849943355883, 0.06881674901723558, 0.05230943419934542, 0.06457011701203978, 0.07335901656190133, 0.05885695502986247, 0.07178333831870203, 0.081281675302665, 0.06701134926648257, 0.07285435007366185, 0.07510244054050669, 0.08676544061411162, 0.08542877730528835, 0.07431880418866008], [0.05500580102879596, 0.07816416062585674, 1.0, 0.8488751439119937, 0.05712503646215996, 0.0655714497216204, 0.07317639330000107, 0.07824305266227351, 0.0815605430746992, 0.07416863367222126, 0.05232034871659879, 0.07134188507622169, 0.07165129679067159, 0.07542014642183763, 0.0799164665713086, 0.0807292670824941, 0.0954849426438406, 0.08499906459369708, 0.0795894517947352, 0.07017821439091722], [0.06660381208200926, 0.08863477134531844, 0.8488751439119937, 1.0, 0.07480593876950871, 0.06343074102741296, 0.06312157680768536, 0.05386543506527995, 0.058228565929945825, 0.07604040222644272, 0.071223811531581, 0.08376478985148882, 0.07394977408929243, 0.07196529025116805, 0.06082201981333849, 0.07301740269039633, 0.055632202436724135, 0.07840212680134702, 0.06948191273920179, 0.06463629710078247], [0.07951704102635863, 0.0880805935378831, 0.05712503646215996, 0.07480593876950871, 1.0, 0.8496316857791166, 0.08615222603435593, 0.08563606341626567, 0.07589548787916872, 0.08879544801271885, 0.0698502281975588, 0.06976304818162905, 0.08377566105716579, 0.09485583890291331, 0.0704024631714241, 0.08097214912190605, 0.09414409048684241, 0.07883133833612566, 0.07160224952408002, 0.08920102070783392], [0.08210513046164547, 0.08662685594436041, 0.0655714497216204, 0.06343074102741296, 0.8496316857791166, 1.0, 0.060325907361438474, 0.07579436153563743, 0.057766053980281895, 0.05477452958554385, 0.0713757578226523, 0.06902005974423599, 0.05238650714955329, 0.06166401232701913, 0.07537123837102735, 0.06521568224568396, 0.08262507974898689, 0.07716482952984269, 0.06077868039377994, 0.07260082885487508], [0.0711913309429633, 0.07111849943355883, 0.07317639330000107, 0.06312157680768536, 0.08615222603435593, 0.060325907361438474, 1.0, 0.9716469056155612, 0.07881809427479863, 0.08291404221200685, 0.07408069261002044, 0.07615845411529522, 0.07113422153579287, 0.08111209191894588, 0.08735669313094734, 0.07252608854242487, 0.08300576684977481, 0.07964597340194018, 0.12512110535498885, 0.08330902213300752], [0.07074665408172504, 0.06881674901723558, 0.07824305266227351, 0.05386543506527995, 0.08563606341626567, 0.07579436153563743, 0.9716469056155612, 1.0, 0.05604973840797832, 0.07579028096640353, 0.0726773573166939, 0.07915967102209528, 0.06158619070527631, 0.07579217430102912, 0.06732047945568585, 0.07079178474433621, 0.08090273613335332, 0.08106183192821505, 0.1083588137399764, 0.07687997857289693], [0.06531639094187136, 0.05230943419934542, 0.0815605430746992, 0.058228565929945825, 0.07589548787916872, 0.057766053980281895, 0.07881809427479863, 0.05604973840797832, 1.0, 0.7398738153108254, 0.060825339336301326, 0.06683361093166369, 0.06815971859058091, 0.06402913995435504, 0.056552868882097526, 0.08448043630943591, 0.06226134083928727, 0.06546702551091449, 0.06474033150730077, 0.06856158195854553], [0.05765422349001119, 0.06457011701203978, 0.07416863367222126, 0.07604040222644272, 0.08879544801271885, 0.05477452958554385, 0.08291404221200685, 0.07579028096640353, 0.7398738153108254, 1.0, 0.05708653401758034, 0.06618866134114124, 0.07277925708123237, 0.08701885046027336, 0.06713530081077786, 0.08802048635088881, 0.07651816603836832, 0.05594574576619441, 0.07038683387971094, 0.062321813080996956], [0.06976255319218445, 0.07335901656190133, 0.05232034871659879, 0.071223811531581, 0.0698502281975588, 0.0713757578226523, 0.07408069261002044, 0.0726773573166939, 0.060825339336301326, 0.05708653401758034, 1.0, 0.769519376634053, 0.07652665201365913, 0.06769261252013431, 0.06599675702715477, 0.07009901607978161, 0.07908954029884789, 0.0649685680465207, 0.08631521987109386, 0.08544353417810542], [0.0573154094025522, 0.05885695502986247, 0.07134188507622169, 0.08376478985148882, 0.06976304818162905, 0.06902005974423599, 0.07615845411529522, 0.07915967102209528, 0.06683361093166369, 0.06618866134114124, 0.769519376634053, 1.0, 0.0747005369546497, 0.0551181079464071, 0.0563537114259057, 0.07837347928724094, 0.06841073701898844, 0.06395619707232553, 0.08103600894762719, 0.08433429995697057], [0.07963232716168944, 0.07178333831870203, 0.07165129679067159, 0.07394977408929243, 0.08377566105716579, 0.05238650714955329, 0.07113422153579287, 0.06158619070527631, 0.06815971859058091, 0.07277925708123237, 0.07652665201365913, 0.0747005369546497, 1.0, 1.0, 0.07593453017161135, 0.0677704403292452, 0.0882010244697537, 0.0859040816384111, 0.06248889367433684, 0.07065680112279446], [0.09309768280096312, 0.081281675302665, 0.07542014642183763, 0.07196529025116805, 0.09485583890291331, 0.06166401232701913, 0.08111209191894588, 0.07579217430102912, 0.06402913995435504, 0.08701885046027336, 0.06769261252013431, 0.0551181079464071, 1.0, 1.0, 0.07994966180093692, 0.0797382425280972, 0.08863137138657087, 0.07932487684291377, 0.06199918669521832, 0.0931583282889784], [0.0553351886610194, 0.06701134926648257, 0.0799164665713086, 0.06082201981333849, 0.0704024631714241, 0.07537123837102735, 0.08735669313094734, 0.06732047945568585, 0.056552868882097526, 0.06713530081077786, 0.06599675702715477, 0.0563537114259057, 0.07593453017161135, 0.07994966180093692, 1.0, 0.9472455099631228, 0.0727917926889168, 0.07271009468108597, 0.08473087312524603, 0.06446766038437614], [0.08317206783473946, 0.07285435007366185, 0.0807292670824941, 0.07301740269039633, 0.08097214912190605, 0.06521568224568396, 0.07252608854242487, 0.07079178474433621, 0.08448043630943591, 0.08802048635088881, 0.07009901607978161, 0.07837347928724094, 0.0677704403292452, 0.0797382425280972, 0.9472455099631228, 1.0, 0.07976373448449399, 0.07684286983297224, 0.054474151428457865, 0.08905923716879699], [0.08670568920078064, 0.07510244054050669, 0.0954849426438406, 0.055632202436724135, 0.09414409048684241, 0.08262507974898689, 0.08300576684977481, 0.08090273613335332, 0.06226134083928727, 0.07651816603836832, 0.07908954029884789, 0.06841073701898844, 0.0882010244697537, 0.08863137138657087, 0.0727917926889168, 0.07976373448449399, 1.0, 0.9738892077995883, 0.09736872706682967, 0.07479743732579774], [0.07156099524755684, 0.08676544061411162, 0.08499906459369708, 0.07840212680134702, 0.07883133833612566, 0.07716482952984269, 0.07964597340194018, 0.08106183192821505, 0.06546702551091449, 0.05594574576619441, 0.0649685680465207, 0.06395619707232553, 0.0859040816384111, 0.07932487684291377, 0.07271009468108597, 0.07684286983297224, 0.9738892077995883, 1.0, 0.07220944998208385, 0.07734667627705173], [0.09489636925737377, 0.08542877730528835, 0.0795894517947352, 0.06948191273920179, 0.07160224952408002, 0.06077868039377994, 0.12512110535498885, 0.1083588137399764, 0.06474033150730077, 0.07038683387971094, 0.08631521987109386, 0.08103600894762719, 0.06248889367433684, 0.06199918669521832, 0.08473087312524603, 0.054474151428457865, 0.09736872706682967, 0.07220944998208385, 1.0, 0.9019190790265993], [0.0779518565593848, 0.07431880418866008, 0.07017821439091722, 0.06463629710078247, 0.08920102070783392, 0.07260082885487508, 0.08330902213300752, 0.07687997857289693, 0.06856158195854553, 