{"model": "LSING", "dataset": "dim20_pair_gau", "N": 2000, "seed": 1230, "metrics": {"TP": 10, "FP": 0, "FN": 0, "TN": 180, "TPR": 1.0, "FDR": 0.0, "FPR": 0.0, "Hamming": 0}, "omega": [[1.0, 0.8994708523370055, 0.09442886038154845, 0.13618606984214654, 0.07777632066063997, 0.07652223390390461, 0.0746982047250911, 0.07797731074461046, 0.07890527712626273, 0.08064544830964038, 0.07558840003227547, 0.0719987488969547, 0.08273229749721715, 0.08291618834488644, 0.08222494163489229, 0.08245122902358057, 0.07905959853691354, 0.07478299959164554, 0.08475264489602323, 0.07978391233610216], [0.8994708523370055, 1.0, 0.09014335848387942, 0.09883468865213733, 0.07338387626317351, 0.06830696453357851, 0.06081125857974079, 0.06650607161010264, 0.07686476112291937, 0.06116585269876272, 0.08025105233646877, 0.06701021534287813, 0.08963150920921825, 0.07011523464791948, 0.0781054425923353, 0.10205281060764526, 0.08814238022625612, 0.07647140373830207, 0.09248354475998312, 0.0678079441474343], [0.09442886038154845, 0.09014335848387942, 1.0, 0.9446508392338012, 0.07880220702708873, 0.07475186870276278, 0.06448359349869548, 0.05926640628716255, 0.08209971141086038, 0.07617870735569672, 0.07464252781290182, 0.08536242843161222, 0.08649519662430025, 0.07536201627970071, 0.057462215577349304, 0.08553220018539555, 0.08483764855099837, 0.08602585453067589, 0.13376540187566666, 0.10584032535417512], [0.13618606984214654, 0.09883468865213733, 0.9446508392338012, 1.0, 0.06964601390141144, 0.07689727501202478, 0.07960948299447222, 0.0723430713394843, 0.06355946025830547, 0.08978421384799586, 0.09027341047126823, 0.07553451834360102, 0.08313177934217528, 0.08234557494463574, 0.08756571017728842, 0.08053675341472213, 0.09190726016656134, 0.07619017108915518, 0.0880478900820118, 0.06717635382123782], [0.07777632066063997, 0.07338387626317351, 0.07880220702708873, 0.06964601390141144, 1.0, 0.9468680366384918, 0.07723320308933197, 0.06528001068368565, 0.06751203385076315, 0.06535854725116803, 0.07515828339399833, 0.06809488368008057, 0.08908496893542375, 0.09199657521319832, 0.060075324009649066, 0.06703740601951365, 0.0905597361302673, 0.09047088505789856, 0.08287436641815349, 0.08845749727311615], [0.07652223390390461, 0.06830696453357851, 0.07475186870276278, 0.07689727501202478, 0.9468680366384918, 1.0, 0.08461857060863202, 0.07094446730528942, 0.06165973724666077, 0.06438216872365733, 0.08892135376327673, 0.07833426399433477, 0.08183394338097735, 0.07946319904576055, 0.056372746890986945, 0.06413767212945687, 0.09343919612931822, 0.08406179077964065, 0.09492662268361918, 0.08625390502158352], [0.0746982047250911, 0.06081125857974079, 0.06448359349869548, 0.07960948299447222, 0.07723320308933197, 0.08461857060863202, 1.0, 1.0, 0.07914297828194983, 0.06828652646706236, 0.06794270725816219, 0.0659858957818429, 0.07424334576670163, 0.0756140060583333, 0.06652264262954462, 0.0641534829449055, 0.09817428909291574, 0.07223547927571132, 0.09048312327148171, 0.07740599424489172], [0.07797731074461046, 0.06650607161010264, 0.05926640628716255, 0.0723430713394843, 0.06528001068368565, 0.07094446730528942, 1.0, 1.0, 0.07770566094861923, 0.054708262402374815, 0.06767860953564485, 0.05656644900991317, 0.08120347373109034, 0.08628473432719191, 0.07459108734268488, 0.0735340629492877, 0.0969168902737117, 0.06271481294813133, 0.08787516316904305, 0.06849935146390591], [0.07890527712626273, 0.07686476112291937, 0.08209971141086038, 0.06355946025830547, 0.06751203385076315, 0.06165973724666077, 0.07914297828194983, 0.07770566094861923, 1.0, 0.8761120749403244, 0.0693540170492413, 0.06572391806482814, 0.06222790764393752, 0.06438736880449449, 0.06848464347960258, 0.08303016183936417, 0.08340054535963773, 0.06463813975841473, 0.07659019542710388, 0.07406290617378151], [0.08064544830964038, 0.06116585269876272, 0.07617870735569672, 0.08978421384799586, 0.06535854725116803, 0.06438216872365733, 0.06828652646706236, 0.054708262402374815, 0.8761120749403244, 1.0, 0.0650265825848215, 0.06631230524858542, 0.0669789791675268, 0.06448640946560043, 0.06701910937269707, 0.06768954683676048, 0.08693005829172841, 0.07897727879462854, 0.07172914415677659, 0.06880193763649052], [0.07558840003227547, 0.08025105233646877, 0.07464252781290182, 0.09027341047126823, 0.07515828339399833, 0.08892135376327673, 0.06794270725816219, 0.06767860953564485, 0.0693540170492413, 0.0650265825848215, 1.0, 0.8497539965601376, 0.09980429137081526, 0.08810304591540753, 0.07949744034675695, 0.07645019654521049, 0.08825749938027314, 0.08250231615954708, 0.07567141573596284, 0.0636744277284271], [0.0719987488969547, 0.06701021534287813, 0.08536242843161222, 0.07553451834360102, 0.06809488368008057, 0.07833426399433477, 0.0659858957818429, 0.05656644900991317, 0.06572391806482814, 0.06631230524858542, 0.8497539965601376, 1.0, 0.11243286078196539, 0.09852020332408869, 0.06887570240707566, 0.06096976646590429, 0.10451047516846834, 0.09315693559871553, 0.06473986433221084, 0.0621242557924118], [0.08273229749721715, 0.08963150920921825, 0.08649519662430025, 0.08313177934217528, 0.08908496893542375, 0.08183394338097735, 0.07424334576670163, 0.08120347373109034, 0.06222790764393752, 0.0669789791675268, 0.09980429137081526, 0.11243286078196539, 1.0, 0.9319518206835674, 0.07474451649512753, 0.08038695753770313, 0.07912908403713233, 0.06566082113337979, 0.07567464571067638, 0.07781569779988255], [0.08291618834488644, 0.07011523464791948, 0.07536201627970071, 0.08234557494463574, 0.09199657521319832, 0.07946319904576055, 0.0756140060583333, 0.08628473432719191, 0.06438736880449449, 0.06448640946560043, 0.08810304591540753, 0.09852020332408869, 0.9319518206835674, 1.0, 0.08298265087429597, 0.07202631253752124, 0.09524703260617001, 0.07487138133619678, 0.08735640067778504, 0.07061287917190671], [0.08222494163489229, 0.0781054425923353, 0.057462215577349304, 0.08756571017728842, 0.060075324009649066, 0.056372746890986945, 0.06652264262954462, 0.07459108734268488, 0.06848464347960258, 0.06701910937269707, 0.07949744034675695, 0.06887570240707566, 0.07474451649512753, 0.08298265087429597, 1.0, 0.8638808281092686, 0.09613833431353251, 0.07153116990554968, 0.0895274611950481, 0.06420477530025988], [0.08245122902358057, 0.10205281060764526, 0.08553220018539555, 0.08053675341472213, 0.06703740601951365, 0.06413767212945687, 0.0641534829449055, 0.0735340629492877, 0.08303016183936417, 0.06768954683676048, 0.07645019654521049, 0.06096976646590429, 0.08038695753770313, 0.07202631253752124, 0.8638808281092686, 1.0, 0.08139343193457511, 0.06837094301613654, 0.0771592812813022, 0.06180186327212242], [0.07905959853691354, 0.08814238022625612, 0.08483764855099837, 0.09190726016656134, 0.0905597361302673, 0.09343919612931822, 0.09817428909291574, 0.0969168902737117, 0.08340054535963773, 0.08693005829172841, 0.08825749938027314, 0.10451047516846834, 0.07912908403713233, 0.09524703260617001, 0.09613833431353251, 0.08139343193457511, 1.0, 0.9653529713511736, 0.09196486792551309, 0.08975040796900503], [0.07478299959164554, 0.07647140373830207, 0.08602585453067589, 0.07619017108915518, 0.09047088505789856, 0.08406179077964065, 0.07223547927571132, 0.06271481294813133, 0.06463813975841473, 0.07897727879462854, 0.08250231615954708, 0.09315693559871553, 0.06566082113337979, 0.07487138133619678, 0.07153116990554968, 0.06837094301613654, 0.9653529713511736, 1.0, 0.08278784235519163, 0.07040742422786259], [0.08475264489602323, 0.09248354475998312, 0.13376540187566666, 0.0880478900820118, 0.08287436641815349, 0.09492662268361918, 0.09048312327148171, 0.08787516316904305, 0.07659019542710388, 0.07172914415677659, 0.07567141573596284, 0.06473986433221084, 0.07567464571067638, 0.08735640067778504, 0.0895274611950481, 0.0771592812813022, 0.09196486792551309, 0.08278784235519163, 1.0, 0.9428393694815257], [0.07978391233610216, 0.0678079441474343, 0.10584032535417512, 0.06717635382123782, 0.08845749727311615, 0.08625390502158352, 0.07740599424489172, 0.06849935146390591, 