{"model": "LSING", "dataset": "dim20_pair_gau", "N": 2000, "seed": 120, "metrics": {"TP": 10, "FP": 0, "FN": 0, "TN": 180, "TPR": 1.0, "FDR": 0.0, "FPR": 0.0, "Hamming": 0}, "omega": [[1.0, 0.8639946659398385, 0.06321676046698704, 0.08526798911119124, 0.053770868334751566, 0.04724351633612643, 0.06468694571688344, 0.06392636016136449, 0.07089617990892683, 0.07322120414211572, 0.06600458588510785, 0.05402854818925395, 0.07341557625695601, 0.061396341893208764, 0.0672584042978145, 0.0700960296345384, 0.08310346673175945, 0.06398490962885825, 0.06959615485460165, 0.06317995113091739], [0.8639946659398385, 1.0, 0.07926912114490686, 0.09383812874355009, 0.07209760576506262, 0.047247331977336944, 0.0623289825742244, 0.06615771427003922, 0.07343380690081401, 0.07557579959468609, 0.05579442307427553, 0.06534794110320603, 0.07333678197689093, 0.06027394073803886, 0.08027243497773548, 0.055675881994489286, 0.07531192415722153, 0.0634814157905774, 0.07003049019594194, 0.05961457924537651], [0.06321676046698704, 0.07926912114490686, 1.0, 0.9809403049635769, 0.08401588838156329, 0.069165077632572, 0.07834189132672269, 0.07913695300527378, 0.07256646395814922, 0.07253262914643539, 0.08291705783434414, 0.07506508053039682, 0.08032869312690095, 0.09331060023284693, 0.12015610149131242, 0.09633983263360145, 0.09368605094901958, 0.06704818309220285, 0.09338272680880343, 0.10134294715073953], [0.08526798911119124, 0.09383812874355009, 0.9809403049635769, 1.0, 0.07187716063906215, 0.05749905272839745, 0.05937563760524789, 0.06493370233161976, 0.0781639322698935, 0.08506904725037417, 0.06915659878795641, 0.0669356780732167, 0.08608450088087172, 0.07200255150380866, 0.12349298285534435, 0.0902120965417039, 0.08295425066813682, 0.07661627081193803, 0.07380187770282105, 0.06513786814041168], [0.053770868334751566, 0.07209760576506262, 0.08401588838156329, 0.07187716063906215, 1.0, 0.72637861566165, 0.06744084608853206, 0.0631127165679318, 0.07452031073550765, 0.06838167879653852, 0.09684900159364895, 0.06970826831918994, 0.08725266394920825, 0.07888729276492036, 0.06994322996194104, 0.06742354840762206, 0.07915889938757412, 0.07080594837324004, 0.08520454118538669, 0.07300237196242089], [0.04724351633612643, 0.047247331977336944, 0.069165077632572, 0.05749905272839745, 0.72637861566165, 1.0, 0.07487206838227177, 0.06259431788117237, 0.07346025213035241, 0.058861742599731454, 0.06795092061883307, 0.054877768447503764, 0.0682633778056629, 0.06258209751675492, 0.04996411847060644, 0.061354419791277204, 0.06151531481076714, 0.052127454907499836, 0.06740719335766991, 0.07232269314711354], [0.06468694571688344, 0.0623289825742244, 0.07834189132672269, 0.05937563760524789, 0.06744084608853206, 0.07487206838227177, 1.0, 0.8398212640219014, 0.09245844573361554, 0.07478197219872251, 0.0643810837240885, 0.07407221137084799, 0.10193090072284229, 0.0906763479281094, 0.09914337501302603, 0.11080500580673561, 0.06991406479897216, 0.06888836307806126, 0.09141155173517057, 0.07115724195553262], [0.06392636016136449, 0.06615771427003922, 0.07913695300527378, 0.06493370233161976, 0.0631127165679318, 0.06259431788117237, 0.8398212640219014, 1.0, 0.054148101187401765, 0.0707062196292362, 0.07232662641577692, 0.0638051152614975, 0.07936124761051915, 0.07581960746642609, 0.10274796356908272, 0.10571348378509751, 0.06116396805442053, 0.06495829774861184, 0.07053914675146877, 0.06807471948462857], [0.07089617990892683, 0.07343380690081401, 0.07256646395814922, 0.0781639322698935, 0.07452031073550765, 0.07346025213035241, 0.09245844573361554, 0.054148101187401765, 1.0, 0.8811524700836971, 0.07383507120321657, 0.07243649690208606, 0.06522389409182505, 0.08856749717191377, 0.08134364079821771, 0.07228791248177194, 0.08508999782766265, 0.06348051344299382, 0.09034497689139401, 0.07995096076040986], [0.07322120414211572, 0.07557579959468609, 0.07253262914643539, 0.08506904725037417, 0.06838167879653852, 0.058861742599731454, 0.07478197219872251, 0.0707062196292362, 0.8811524700836971, 1.0, 0.05731922613433728, 0.06255154338304134, 0.07915128099583285, 0.07644839871202515, 0.06227990775635811, 0.06172239391318601, 0.07424881368363188, 0.07053358764582002, 0.0806654427997484, 0.06199144334724135], [0.06600458588510785, 0.05579442307427553, 0.08291705783434414, 0.06915659878795641, 0.09684900159364895, 0.06795092061883307, 0.0643810837240885, 0.07232662641577692, 0.07383507120321657, 0.05731922613433728, 1.0, 0.7531899662867474, 0.08318037252723891, 0.07123601689957805, 0.06120187309827024, 0.051854670398982526, 0.08349023868743592, 0.07133898764954284, 0.05332879858555212, 0.06986670121884471], [0.05402854818925395, 0.06534794110320603, 0.07506508053039682, 0.0669356780732167, 0.06970826831918994, 0.054877768447503764, 0.07407221137084799, 0.0638051152614975, 0.07243649690208606, 0.06255154338304134, 0.7531899662867474, 1.0, 0.06553025398712592, 0.057770786646513896, 0.07315614810401046, 0.06309556874117407, 0.07423300648756975, 0.07881107339813839, 0.0778533732356591, 0.0642615629526401], [0.07341557625695601, 0.07333678197689093, 0.08032869312690095, 0.08608450088087172, 0.08725266394920825, 0.0682633778056629, 0.10193090072284229, 0.07936124761051915, 0.06522389409182505, 0.07915128099583285, 0.08318037252723891, 0.06553025398712592, 1.0, 0.9613299716503014, 0.0661299187417954, 0.06987305632396898, 0.06993015881265909, 0.0709803560477939, 0.08983145088158585, 0.08076887116884486], [0.061396341893208764, 0.06027394073803886, 0.09331060023284693, 0.07200255150380866, 0.07888729276492036, 0.06258209751675492, 0.0906763479281094, 0.07581960746642609, 0.08856749717191377, 0.07644839871202515, 0.07123601689957805, 0.057770786646513896, 0.9613299716503014, 1.0, 0.08865390662105016, 0.06452956340762954, 0.07697693269575, 0.08656015407352957, 0.08142890619952493, 0.0792213901804061], [0.0672584042978145, 0.08027243497773548, 0.12015610149131242, 0.12349298285534435, 0.06994322996194104, 0.04996411847060644, 0.09914337501302603, 0.10274796356908272, 0.08134364079821771, 0.06227990775635811, 0.06120187309827024, 0.07315614810401046, 0.0661299187417954, 0.08865390662105016, 1.0, 0.8072863742369556, 0.07290144760786882, 0.0712260975214987, 0.08639839215582543, 0.07674292818597146], [0.0700960296345384, 0.055675881994489286, 0.09633983263360145, 0.0902120965417039, 0.06742354840762206, 0.061354419791277204, 0.11080500580673561, 0.10571348378509751, 0.07228791248177194, 0.06172239391318601, 0.051854670398982526, 0.06309556874117407, 0.06987305632396898, 0.06452956340762954, 0.8072863742369556, 1.0, 0.07936092212085508, 0.07006805363677787, 0.09397377414404984, 0.07630543462808868], [0.08310346673175945, 0.07531192415722153, 0.09368605094901958, 0.08295425066813682, 0.07915889938757412, 0.06151531481076714, 0.06991406479897216, 0.06116396805442053, 0.08508999782766265, 0.07424881368363188, 0.08349023868743592, 0.07423300648756975, 0.06993015881265909, 0.07697693269575, 0.07290144760786882, 0.07936092212085508, 1.0, 0.795068923113128, 0.08288654881800975, 0.067613162250294], [0.06398490962885825, 0.0634814157905774, 0.06704818309220285, 0.07661627081193803, 0.07080594837324004, 0.052127454907499836, 0.06888836307806126, 0.06495829774861184, 0.06348051344299382, 0.07053358764582002, 0.07133898764954284, 0.07881107339813839, 0.0709803560477939, 0.08656015407352957, 0.0712260975214987, 0.07006805363677787, 0.795068923113128, 1.0, 0.0665373754044902, 0.061430295943710425], [0.06959615485460165, 0.07003049019594194, 0.09338272680880343, 0.07380187770282105, 0.08520454118538669, 0.06740719335766991, 0.09141155173517057, 0.07053914675146877, 0.09034497689139401, 0.0806654427997484, 0.05332879858555212, 0.0778533732356591, 0.08983145088158585, 0.08142890619952493, 0.08639839215582543, 0.09397377414404984, 0.08288654881800975, 0.0665373754044902, 1.0, 1.0], [0.06317995113091739, 0.05961457924537651, 0.10134294715073953, 0.06513786814041168, 0.07300237196242089, 0.07232269314711354, 0.07115724195553262, 0.06807471948462857, 