{"model": "LSING", "dataset": "dim20_pair_gau", "N": 2000, "seed": 1234560, "metrics": {"TP": 10, "FP": 0, "FN": 0, "TN": 180, "TPR": 1.0, "FDR": 0.0, "FPR": 0.0, "Hamming": 0}, "omega": [[1.0, 0.9070060601874094, 0.05636704714314873, 0.07731942412762775, 0.0667177904457822, 0.07392894572999112, 0.056437425780753996, 0.07034842565830765, 0.06455509838452399, 0.05955679435691556, 0.0785314924476489, 0.0803903720878339, 0.07764053738031902, 0.07743732970418234, 0.06049905088984552, 0.056745975633984536, 0.07920944400602524, 0.06325418157764653, 0.06285775715669134, 0.07367549074951155], [0.9070060601874094, 1.0, 0.07016940704958603, 0.07981202146113724, 0.06914616575810344, 0.06407949543952848, 0.06465624437046422, 0.0662471562190706, 0.07768925536415149, 0.07628375317356033, 0.06923605896596687, 0.057134218504883906, 0.1029245888406074, 0.08067881578180224, 0.066366940405388, 0.059771726823632264, 0.10363747247097212, 0.1040056264897344, 0.060896970017060924, 0.10878042945031766], [0.05636704714314873, 0.07016940704958603, 1.0, 0.8849231754967157, 0.06139601310296639, 0.05101271352461076, 0.05887218742224381, 0.06827432719715401, 0.06677182643715095, 0.09325788605764182, 0.0706320044767428, 0.07259381116338016, 0.06418767755851672, 0.06144397272004367, 0.06453903579903938, 0.04547035687216471, 0.06543706633379254, 0.0533161487007044, 0.058537376366709054, 0.04339932963903202], [0.07731942412762775, 0.07981202146113724, 0.8849231754967157, 1.0, 0.07206301422300801, 0.08616061165671002, 0.06221014341527202, 0.07694669788108427, 0.07796042654725195, 0.11028031526105288, 0.09887529112472498, 0.0778505420365021, 0.0898102437991151, 0.09754934506817674, 0.09719117254048257, 0.06828655389436245, 0.07877825114408278, 0.07841064465982424, 0.0721337185492405, 0.058109462418288974], [0.0667177904457822, 0.06914616575810344, 0.06139601310296639, 0.07206301422300801, 1.0, 0.7258509088972066, 0.06345992396092552, 0.05247098985981204, 0.06764621386561777, 0.06666638828418144, 0.058501813371341374, 0.06487693224297018, 0.07491854511699415, 0.06879359129869747, 0.0851006163249766, 0.07101886592438274, 0.0593167791457777, 0.06660373963800392, 0.0615085282967342, 0.04264849620340834], [0.07392894572999112, 0.06407949543952848, 0.05101271352461076, 0.08616061165671002, 0.7258509088972066, 1.0, 0.0543813157160981, 0.0730556565172818, 0.06326909717274833, 0.058208622804965644, 0.07182722195039896, 0.06420450637763155, 0.08527256418639997, 0.08059803241525097, 0.08275770359648857, 0.0823625599027921, 0.06480365387522014, 0.06664783819280484, 0.06775355580235026, 0.06741719497242994], [0.056437425780753996, 0.06465624437046422, 0.05887218742224381, 0.06221014341527202, 0.06345992396092552, 0.0543813157160981, 1.0, 0.7889168896495689, 0.055685588531873456, 0.05948153353665198, 0.07087257036913441, 0.06665888328538022, 0.07169395079348952, 0.07022577792947071, 0.07446696131491254, 0.05796114035602682, 0.07022733242398131, 0.059453942832463705, 0.06689798908576187, 0.06422739583728775], [0.07034842565830765, 0.0662471562190706, 0.06827432719715401, 0.07694669788108427, 0.05247098985981204, 0.0730556565172818, 0.7889168896495689, 1.0, 0.07594732783526456, 0.0700396413722005, 0.07070564472074532, 0.06870982481312585, 0.09261360787124526, 0.07585022856985196, 0.07666186036264054, 0.06302849666610646, 0.05669009092697818, 0.06559249061085315, 0.08728006168334915, 0.06239163851626054], [0.06455509838452399, 0.07768925536415149, 0.06677182643715095, 0.07796042654725195, 0.06764621386561777, 0.06326909717274833, 0.055685588531873456, 0.07594732783526456, 1.0, 0.818112411174799, 0.07383589318510614, 0.08309915744131866, 0.10020898133307608, 0.09034976667729681, 0.07238726006534567, 0.062418760354695624, 0.07473072504846247, 0.07292289828062586, 0.060312741261324146, 0.058676560266908845], [0.05955679435691556, 0.07628375317356033, 0.09325788605764182, 0.11028031526105288, 0.06666638828418144, 0.058208622804965644, 0.05948153353665198, 0.0700396413722005, 0.818112411174799, 1.0, 0.07160591102138873, 0.07794001672661267, 0.14271587535889313, 0.1225179946270628, 0.08889945161964986, 0.06214525428307922, 0.0706876012561222, 0.06398244966886624, 0.0636829577355725, 0.05206650189192681], [0.0785314924476489, 0.06923605896596687, 0.0706320044767428, 0.09887529112472498, 0.058501813371341374, 0.07182722195039896, 0.07087257036913441, 0.07070564472074532, 0.07383589318510614, 0.07160591102138873, 1.0, 0.8860890086186713, 0.10027315615301402, 0.09317013263979299, 0.07139633432320859, 0.052665336287888255, 0.07783894626267297, 0.062126653843702286, 0.06039877970041127, 0.05169965849454847], [0.0803903720878339, 0.057134218504883906, 0.07259381116338016, 0.0778505420365021, 0.06487693224297018, 0.06420450637763155, 0.06665888328538022, 0.06870982481312585, 0.08309915744131866, 0.07794001672661267, 0.8860890086186713, 1.0, 0.07618049571835571, 0.0805854045074148, 0.0892742515744575, 0.07587953739955196, 0.08074358848424425, 0.07422793733003144, 0.08121432340695654, 0.05710996964921843], [0.07764053738031902, 0.1029245888406074, 0.06418767755851672, 0.0898102437991151, 0.07491854511699415, 0.08527256418639997, 0.07169395079348952, 0.09261360787124526, 0.10020898133307608, 0.14271587535889313, 0.10027315615301402, 0.07618049571835571, 1.0, 1.0, 0.08330451120096999, 0.06070205402723082, 0.08234775444394107, 0.0802892135148936, 0.08860760943565833, 0.0820949445472159], [0.07743732970418234, 0.08067881578180224, 0.06144397272004367, 0.09754934506817674, 0.06879359129869747, 0.08059803241525097, 0.07022577792947071, 0.07585022856985196, 0.09034976667729681, 0.1225179946270628, 0.09317013263979299, 0.0805854045074148, 1.0, 1.0, 0.08579247022494782, 0.0698087045348746, 0.07570100339033364, 0.06807170166977129, 0.08355094892890168, 0.07921289284404878], [0.06049905088984552, 0.066366940405388, 0.06453903579903938, 0.09719117254048257, 0.0851006163249766, 0.08275770359648857, 0.07446696131491254, 0.07666186036264054, 0.07238726006534567, 0.08889945161964986, 0.07139633432320859, 0.0892742515744575, 0.08330451120096999, 0.08579247022494782, 1.0, 0.8684459364682751, 0.08731034285880578, 0.06183123380493634, 0.0913785903033175, 0.07520304593318558], [0.056745975633984536, 0.059771726823632264, 0.04547035687216471, 0.06828655389436245, 0.07101886592438274, 0.0823625599027921, 0.05796114035602682, 0.06302849666610646, 0.062418760354695624, 0.06214525428307922, 0.052665336287888255, 0.07587953739955196, 0.06070205402723082, 0.0698087045348746, 0.8684459364682751, 1.0, 0.0858280631144407, 0.060718999276096454, 0.05827927363644776, 0.047850223459529925], [0.07920944400602524, 0.10363747247097212, 0.06543706633379254, 0.07877825114408278, 0.0593167791457777, 0.06480365387522014, 0.07022733242398131, 0.05669009092697818, 0.07473072504846247, 0.0706876012561222, 0.07783894626267297, 0.08074358848424425, 0.08234775444394107, 0.07570100339033364, 0.08731034285880578, 0.0858280631144407, 1.0, 0.8609601454291921, 0.06584561046245545, 0.0643352145066485], [0.06325418157764653, 0.1040056264897344, 0.0533161487007044, 0.07841064465982424, 0.06660373963800392, 0.06664783819280484, 0.059453942832463705, 0.06559249061085315, 0.07292289828062586, 0.06398244966886624, 0.062126653843702286, 0.07422793733003144, 0.0802892135148936, 0.06807170166977129, 0.06183123380493634, 0.060718999276096454, 0.8609601454291921, 1.0, 0.07804665379134036, 0.06670896381197197], [0.06285775715669134, 0.060896970017060924, 0.058537376366709054, 0.0721337185492405, 0.0615085282967342, 0.06775355580235026, 0.06689798908576187, 0.08728006168334915, 0.060312741261324146, 0.0636829577355725, 0.06039877970041127, 0.08121432340695654, 0.08860760943565833, 0.08355094892890168, 0.0913785903033175, 0.05827927363644776, 0.06584561046245545, 0.07804665379134036, 1.0, 0.696001769631516], [0.07367549074951155, 0.10878042945031766, 0.04339932963903202, 0.058109462418288974, 0.04264849620340834, 0.06741719497242994, 0.06422739583728775, 0.06239163851626054, 