{"model": "LSING", "dataset": "dim20_pair_gau", "N": 2000, "seed": 123450, "metrics": {"TP": 10, "FP": 0, "FN": 0, "TN": 180, "TPR": 1.0, "FDR": 0.0, "FPR": 0.0, "Hamming": 0}, "omega": [[1.0, 0.8765384097755273, 0.09417468649734018, 0.07465246793660461, 0.06562505910683632, 0.06867121291423002, 0.04890913074464462, 0.06197279804726154, 0.05789101024548282, 0.06253417647254769, 0.07368600135159493, 0.06395318733599327, 0.06451263897149712, 0.06403091670415167, 0.06979543424914572, 0.07573535482147216, 0.05923165258023028, 0.07652292471522854, 0.0746625517800708, 0.06152147003548371], [0.8765384097755273, 1.0, 0.12503144918073023, 0.11878154815753225, 0.08211405600158343, 0.07580165066250046, 0.06591724700375191, 0.05891196216378108, 0.07361366451265014, 0.07255973842621746, 0.07234680798758554, 0.074289542653454, 0.07849926495296845, 0.09976049041162385, 0.07578014880550948, 0.08470564410776639, 0.06246363610910041, 0.08538637180159722, 0.0594801913971821, 0.07674771375377669], [0.09417468649734018, 0.12503144918073023, 1.0, 0.8684760759603704, 0.07450895777911495, 0.06666468630323394, 0.0693627504882566, 0.06695055240597651, 0.05990200632617521, 0.05363414209936263, 0.05888703955681427, 0.06755119266363838, 0.07339815261009087, 0.06468138976486289, 0.0667357106911676, 0.06142344266610814, 0.06293175294456917, 0.05466479777779642, 0.0660175238459007, 0.0735428231852594], [0.07465246793660461, 0.11878154815753225, 0.8684760759603704, 1.0, 0.06873530272058001, 0.06796322161038769, 0.0596560986166878, 0.06917525615692799, 0.08299658467358059, 0.06878100890461089, 0.06686540753446912, 0.06813914589485925, 0.06527726734568766, 0.06338903818079471, 0.05382688623473579, 0.06117276762570203, 0.058888362867349144, 0.06255947916284516, 0.05919552449613175, 0.07392192295332976], [0.06562505910683632, 0.08211405600158343, 0.07450895777911495, 0.06873530272058001, 1.0, 0.9303392952077257, 0.08199944458810733, 0.062438522684788014, 0.06690973921306753, 0.0672217922816115, 0.07314763270573808, 0.06638914295347968, 0.06910685046557447, 0.07754728497261837, 0.08172736697778436, 0.06129797483162029, 0.059482881456346774, 0.07401333221867044, 0.06322753844656138, 0.07073324410238503], [0.06867121291423002, 0.07580165066250046, 0.06666468630323394, 0.06796322161038769, 0.9303392952077257, 1.0, 0.07419049759156862, 0.06705980542017073, 0.07022006334614617, 0.06919604128535259, 0.08793958855635055, 0.0726897300280203, 0.06741142749047602, 0.07071538794264721, 0.0677320316582793, 0.0756043920679755, 0.060813439947628056, 0.0793049454295901, 0.06425981684811297, 0.07538539270693748], [0.04890913074464462, 0.06591724700375191, 0.0693627504882566, 0.0596560986166878, 0.08199944458810733, 0.07419049759156862, 1.0, 0.6954686223307849, 0.06363984043276455, 0.059568539828190666, 0.07554200255276997, 0.05333408259910128, 0.06173638466423768, 0.07539541759870338, 0.07608061941631214, 0.06527455556747552, 0.04775940038848053, 0.06271190964340104, 0.060092760065984206, 0.051257190928398186], [0.06197279804726154, 0.05891196216378108, 0.06695055240597651, 0.06917525615692799, 0.062438522684788014, 0.06705980542017073, 0.6954686223307849, 1.0, 0.06192775894825997, 0.05416799628606771, 0.08618204600277934, 0.08833586188552409, 0.0633383769512206, 0.06000775791964588, 0.06739740629397642, 0.05974953085616386, 0.060815740615298874, 0.05632657794837062, 0.05568414714066382, 0.054641558397008204], [0.05789101024548282, 0.07361366451265014, 0.05990200632617521, 0.08299658467358059, 0.06690973921306753, 0.07022006334614617, 0.06363984043276455, 0.06192775894825997, 1.0, 0.8023374063704275, 0.07309877415710363, 0.07189612223906848, 0.06840252968075383, 0.06700114227296608, 0.07681969067707778, 0.07607349867146448, 0.06817786630240887, 0.07809346937284178, 0.06493448803042196, 0.05927344623299628], [0.06253417647254769, 0.07255973842621746, 0.05363414209936263, 0.06878100890461089, 0.0672217922816115, 0.06919604128535259, 0.059568539828190666, 0.05416799628606771, 0.8023374063704275, 1.0, 0.07220757648244662, 0.08743682673745305, 0.0721627452657565, 0.06247703986410777, 0.06275123042747702, 0.07290079262857019, 0.04831882099677372, 0.06452072776531753, 0.06299325973563129, 0.05616670403997615], [0.07368600135159493, 0.07234680798758554, 0.05888703955681427, 0.06686540753446912, 0.07314763270573808, 0.08793958855635055, 0.07554200255276997, 0.08618204600277934, 0.07309877415710363, 0.07220757648244662, 1.0, 1.0, 0.07645591214563388, 0.08059424703884989, 0.07973399590411033, 0.07731948319191462, 0.06250322062446705, 0.07506368086771342, 0.07098722043800593, 0.07596797823071327], [0.06395318733599327, 0.074289542653454, 0.06755119266363838, 0.06813914589485925, 0.06638914295347968, 0.0726897300280203, 0.05333408259910128, 0.08833586188552409, 0.07189612223906848, 0.08743682673745305, 1.0, 1.0, 0.08458702087595127, 0.09142889625687234, 0.06918930527791718, 0.058225914854681704, 0.06981084546468312, 0.06528482247148462, 0.06168236473910906, 0.06612018978327071], [0.06451263897149712, 0.07849926495296845, 0.07339815261009087, 0.06527726734568766, 0.06910685046557447, 0.06741142749047602, 0.06173638466423768, 0.0633383769512206, 0.06840252968075383, 0.0721627452657565, 0.07645591214563388, 0.08458702087595127, 1.0, 0.7842159267487767, 0.06877058376182739, 0.06450471462189322, 0.05215182486663636, 0.05888050832896925, 0.05364155760271161, 0.0680855060530613], [0.06403091670415167, 0.09976049041162385, 0.06468138976486289, 0.06338903818079471, 0.07754728497261837, 0.07071538794264721, 0.07539541759870338, 0.06000775791964588, 0.06700114227296608, 0.06247703986410777, 0.08059424703884989, 0.09142889625687234, 0.7842159267487767, 1.0, 0.06408298346636891, 0.07271377921900689, 0.06231955194821345, 0.07524358594331333, 0.0554293578921235, 0.06517639788381516], [0.06979543424914572, 0.07578014880550948, 0.0667357106911676, 0.05382688623473579, 0.08172736697778436, 0.0677320316582793, 0.07608061941631214, 0.06739740629397642, 0.07681969067707778, 0.06275123042747702, 0.07973399590411033, 0.06918930527791718, 0.06877058376182739, 0.06408298346636891, 1.0, 0.8521433274444515, 0.05301080853982025, 0.07133368888861971, 0.05852852168893866, 0.06402049156136817], [0.07573535482147216, 0.08470564410776639, 0.06142344266610814, 0.06117276762570203, 0.06129797483162029, 0.0756043920679755, 0.06527455556747552, 0.05974953085616386, 0.07607349867146448, 0.07290079262857019, 0.07731948319191462, 0.058225914854681704, 0.06450471462189322, 0.07271377921900689, 0.8521433274444515, 1.0, 0.07405148948234648, 0.07858644210677442, 0.05739059408371161, 0.0685930212406327], [0.05923165258023028, 0.06246363610910041, 0.06293175294456917, 0.058888362867349144, 0.059482881456346774, 0.060813439947628056, 0.04775940038848053, 0.060815740615298874, 0.06817786630240887, 0.04831882099677372, 0.06250322062446705, 0.06981084546468312, 0.05215182486663636, 0.06231955194821345, 0.05301080853982025, 0.07405148948234648, 1.0, 0.8056597504449178, 0.05182939474748542, 0.0734344854737798], [0.07652292471522854, 0.08538637180159722, 0.05466479777779642, 0.06255947916284516, 0.07401333221867044, 0.0793049454295901, 0.06271190964340104, 0.05632657794837062, 0.07809346937284178, 0.06452072776531753, 0.07506368086771342, 0.06528482247148462, 0.05888050832896925, 0.07524358594331333, 0.07133368888861971, 0.07858644210677442, 0.8056597504449178, 1.0, 0.06289305891014862, 0.06591063510515915], [0.0746625517800708, 0.0594801913971821, 0.0660175238459007, 0.05919552449613175, 0.06322753844656138, 0.06425981684811297, 0.060092760065984206, 0.05568414714066382, 0.06493448803042196, 0.06299325973563129, 0.07098722043800593, 0.06168236473910906, 0.05364155760271161, 0.0554293578921235, 0.05852852168893866, 0.05739059408371161, 0.05182939474748542, 0.06289305891014862, 1.0, 0.8451107246968504], [0.06152147003548371, 0.07674771375377669, 0.0735428231852594, 0.07392192295332976, 0.07073324410238503, 0.07538539270693748, 0.051257190928398186, 