{"model": "GLASSO", "dataset": "dim5_cop_gau", "N": 300, "seed": 1230, "metrics": {"TP": 4, "FP": 0, "FN": 0, "TN": 6, "TPR": 1.0, "FDR": 0.0, "FPR": 0.0, "Hamming": 0}, "omega": [[2.385386383982402, -1.8178838334886394, -0.0, -0.0, -0.0], [-1.8178784885115251, 4.01568087367163, -2.070830162566513, -0.0, -0.0], [-0.0, -2.070768763022978, 4.235726232652698, -2.0451673320049006, -0.0], [-0.0, -0.0, -2.0451518662250314, 4.315975199780794, -2.153284967615791], [-0.0, -0.0, -0.0, -2.153287317596762, 2.7105737155227683]], "meta_info": {"source": "pretrained"}}