{"model": "GLASSO", "dataset": "dim5_cop_gau", "N": 300, "seed": 120, "metrics": {"TP": 4, "FP": 0, "FN": 0, "TN": 6, "TPR": 1.0, "FDR": 0.0, "FPR": 0.0, "Hamming": 0}, "omega": [[3.0669542690007887, -2.5178587138909445, -0.0, -0.0, -0.0], [-2.5177866550379404, 5.355198744207722, -2.743210405087174, -0.0, -0.0], [-0.0, -2.7429502054503447, 4.8991388873683075, -2.0506479233359074, -0.0], [-0.0, -0.0, -2.0506637231582316, 4.015946617463336, -1.8384423370723164], [-0.0, -0.0, -0.0, -1.8384432374941382, 2.4052218313729035]], "meta_info": {"source": "pretrained"}}