{"model": "LSING", "dataset": "dim5_cop_gau", "N": 500, "seed": 120, "metrics": {"TP": 4, "FP": 3, "FN": 0, "TN": 3, "TPR": 1.0, "FDR": 0.42857142857142855, "FPR": 0.5, "Hamming": 3}, "omega": [[1.0, 1.0, 0.20310504312083144, 0.29017595275316627, 0.10627452999553157], [1.0, 1.0, 0.8160907420197916, 0.2932976455316068, 0.15533708330588342], [0.20310504312083144, 0.8160907420197916, 1.0, 0.857650315889676, 0.18943543513140804], [0.29017595275316627, 0.2932976455316068, 0.857650315889676, 1.0, 0.8743708483790166], [0.10627452999553157, 0.15533708330588342, 0.18943543513140804, 0.8743708483790166, 1.0]], "meta_info": {"source": "pretrained"}}