{"model": "LSING", "dataset": "dim5_cop_gau", "N": 500, "seed": 123450, "metrics": {"TP": 4, "FP": 1, "FN": 0, "TN": 5, "TPR": 1.0, "FDR": 0.2, "FPR": 0.16666666666666666, "Hamming": 1}, "omega": [[1.0, 1.0, 0.18136187193183534, 0.21470125868785161, 0.1895233615602346], [1.0, 1.0, 0.7290352741647346, 0.15359593756421233, 0.13894142088706218], [0.18136187193183534, 0.7290352741647346, 1.0, 0.7986659775000405, 0.13580059293203944], [0.21470125868785161, 0.15359593756421233, 0.7986659775000405, 1.0, 0.7768664819111444], [0.1895233615602346, 0.13894142088706218, 0.13580059293203944, 0.7768664819111444, 1.0]], "meta_info": {"source": "pretrained"}}