{"model": "LSING", "dataset": "dim5_cop_gau", "N": 500, "seed": 1230, "metrics": {"TP": 4, "FP": 4, "FN": 0, "TN": 2, "TPR": 1.0, "FDR": 0.5, "FPR": 0.6666666666666666, "Hamming": 4}, "omega": [[1.0, 0.7209400964762194, 0.2187201081560978, 0.10543516126413757, 0.1488068567025033], [0.7209400964762194, 1.0, 0.8172562138072661, 0.21839914241507546, 0.20563171198929678], [0.2187201081560978, 0.8172562138072661, 1.0, 0.9102917791943, 0.21331880580699517], [0.10543516126413757, 0.21839914241507546, 0.9102917791943, 1.0, 1.0], [0.1488068567025033, 0.20563171198929678, 0.21331880580699517, 1.0, 1.0]], "meta_info": {"source": "pretrained"}}