{"model": "LSING", "dataset": "dim5_cop_gau", "N": 500, "seed": 1234560, "metrics": {"TP": 4, "FP": 0, "FN": 0, "TN": 6, "TPR": 1.0, "FDR": 0.0, "FPR": 0.0, "Hamming": 0}, "omega": [[1.0, 0.9221785001614002, 0.1967329723449503, 0.17809586344050182, 0.10678836768410625], [0.9221785001614002, 1.0, 1.0, 0.18102649605908677, 0.13173605609586592], [0.1967329723449503, 1.0, 1.0, 0.5930439440977244, 0.11350896656995656], [0.17809586344050182, 0.18102649605908677, 0.5930439440977244, 1.0, 0.5184183724998526], [0.10678836768410625, 0.13173605609586592, 0.11350896656995656, 0.5184183724998526, 1.0]], "meta_info": {"source": "pretrained"}}