{"model": "GLASSO", "dataset": "dim6_butterfly", "N": 5000, "seed": 12340, "metrics": {"TP": 1, "FP": 0, "FN": 2, "TN": 12, "TPR": 0.3333333333333333, "FDR": 0.0, "FPR": 0.0, "Hamming": 2}, "omega": [[1.0, 0.0, 0.0, 0.0, 0.0, 0.0], [0.0, 1.0000000000000002, 0.0, 0.0, 0.0, 0.0], [0.0, 0.0, 1.0, 0.0, 0.0, 0.0], [0.0, 0.0, 0.0, 1.0000000000000002, 0.0, 0.0], [0.0, 0.0, 0.0, 0.0, 1.0044957872383058, 0.06720118556393191], [0.0, 0.0, 0.0, 0.0, 0.06720118556393191, 1.0044957872383058]], "meta_info": {"source": "pretrained"}}