{"model": "LSING", "dataset": "0.1_dim20_pair_gau", "N": 200, "seed": 120, "metrics": {"TP": 2, "FP": 35, "FN": 8, "TN": 145, "TPR": 0.2, "FDR": 0.9459459459459459, "FPR": 0.19444444444444445, "Hamming": 43}, "omega": [[1.0, 0.06895126273879507, 0.08272554828812294, 0.09504667415081255, 0.0416554334988693, 0.11539012653369989, 0.11211247661675525, 0.11391778654430093, 0.08261037666510586, 0.1549831327581292, 0.051115587830286933, 0.05878334227982273, 0.049360088094889135, 0.06692520266106944, 0.08044656821099845, 0.07072915667017789, 0.09219204207177327, 0.3743560258987441, 0.32405554057407254, 0.07440912477375251], [0.06895126273879507, 1.0, 0.06911901088715679, 0.10999198726215895, 0.08562185497801938, 0.1357161888539368, 0.07381165274825648, 0.09207542912879897, 0.07413021832025257, 0.22856578494043422, 0.07279933379983222, 0.1159284234679184, 0.12824499275730097, 0.08751235147897153, 0.08721548667936513, 0.07292601831566389, 0.08106371815533847, 0.33232002209721634, 0.6053035751377672, 0.0725657310212288], [0.08272554828812294, 0.06911901088715679, 1.0, 0.1262437104271546, 0.05586734147647603, 0.10717636651736535, 0.13535453385139112, 0.08777010777669468, 0.06885460155073425, 0.11963761841908324, 0.07028803473470974, 0.10573428983035732, 0.10862565127639644, 0.08570932940761944, 0.0797282108109491, 0.052579667098255865, 0.04687151006235077, 0.7023852841226479, 0.3411262161442628, 0.09443070494049266], [0.09504667415081255, 0.10999198726215895, 0.1262437104271546, 1.0, 0.07905991241108926, 0.10655187305520446, 0.11447382982250759, 0.0771920235804774, 0.11786667050154943, 0.17607034451710463, 0.10319997822973803, 0.10369702014062525, 0.1571398391412727, 0.08204213737614777, 0.1358194221076657, 0.09734263648095705, 0.06586782148460561, 0.5292259583591092, 0.6098331741197425, 0.07734561028178238], [0.0416554334988693, 0.08562185497801938, 0.05586734147647603, 0.07905991241108926, 1.0, 0.06530491758229204, 0.10328133109817145, 0.1001663221396686, 0.0890008036293632, 0.16709060612489196, 0.05519901510411448, 0.07248258202373736, 0.06255190812977715, 0.09829298897687919, 0.10236549372490218, 0.047693237634163776, 0.08254134347532623, 0.3320152602187023, 0.4122668335924235, 0.08964138864119975], [0.11539012653369989, 0.1357161888539368, 0.10717636651736535, 0.10655187305520446, 0.06530491758229204, 1.0, 0.14430758353248577, 0.14312987937597696, 0.09172058469430448, 0.12693073862527368, 0.10040261322291133, 0.11513427825504166, 0.13439535087834598, 0.11686342936605289, 0.10440991848612774, 0.09706705286621446, 0.09517794762916382, 0.5095150731857224, 0.23828420349131685, 0.11247299210791492], [0.11211247661675525, 0.07381165274825648, 0.13535453385139112, 0.11447382982250759, 0.10328133109817145, 0.14430758353248577, 1.0, 0.17490023415869527, 0.09234185690205639, 0.151310452227372, 0.07056412185448335, 0.12355364499246521, 0.10994650691883047, 0.08634111044259776, 0.12135359300954579, 0.10580420636229664, 0.11190920486344166, 0.5845295258412444, 0.45664689770469075, 0.09584219148851068], [0.11391778654430093, 0.09207542912879897, 0.08777010777669468, 0.0771920235804774, 0.1001663221396686, 0.14312987937597696, 0.17490023415869527, 1.0, 0.1803902292369483, 0.16595419232540082, 0.09331130725547099, 0.1518078621974924, 0.07879740962149472, 0.12127771980697631, 0.1482931203004136, 0.09674381883090442, 0.114670202673554, 0.5917993140365236, 0.4274961883196915, 0.12501584126939708], [0.08261037666510586, 0.07413021832025257, 0.06885460155073425, 0.11786667050154943, 0.0890008036293632, 0.09172058469430448, 0.09234185690205639, 0.1803902292369483, 1.0, 0.1471374201971026, 0.06971156416906028, 0.0626475122517202, 0.09269420736718668, 0.15756232402940837, 0.14617523091624066, 0.14810148510781698, 0.07279850934714985, 0.5824305105345502, 0.2846362347519243, 0.06736378498782848], [0.1549831327581292, 0.22856578494043422, 0.11963761841908324, 0.17607034451710463, 0.16709060612489196, 0.12693073862527368, 0.151310452227372, 0.16595419232540082, 0.1471374201971026, 1.0, 0.13048733621835237, 0.13114831465618226, 0.14676471163966537, 0.15925717201988504, 0.15628973714705358, 0.1096664373981536, 0.13238750237147925, 0.45429244929015333, 0.4995174007334237, 0.12858645750255004], [0.051115587830286933, 0.07279933379983222, 0.07028803473470974, 0.10319997822973803, 0.05519901510411448, 0.10040261322291133, 0.07056412185448335, 0.09331130725547099, 0.06971156416906028, 0.13048733621835237, 1.0, 0.12036977951261467, 0.07078261653768222, 0.08579992792399092, 0.07773072685208937, 0.07189215023525404, 0.054328867131818157, 0.6130932190274445, 0.6435446055754767, 0.07239608221498682], [0.05878334227982273, 0.1159284234679184, 0.10573428983035732, 0.10369702014062525, 0.07248258202373736, 0.11513427825504166, 0.12355364499246521, 0.1518078621974924, 0.0626475122517202, 0.13114831465618226, 0.12036977951261467, 1.0, 0.13106747707067534, 0.07127205581704839, 0.10546834789528772, 0.07151024019698672, 0.10340390660072364, 0.36127999435414804, 0.19981690495940324, 0.09567615260722796], [0.049360088094889135, 0.12824499275730097, 0.10862565127639644, 0.1571398391412727, 0.06255190812977715, 0.13439535087834598, 0.10994650691883047, 0.07879740962149472, 0.09269420736718668, 0.14676471163966537, 0.07078261653768222, 0.13106747707067534, 1.0, 0.1622900890470142, 0.0987006248833105, 0.09615577501072613, 0.08679843140103767, 0.36264484632508226, 0.24288860683184835, 0.06914548612391958], [0.06692520266106944, 0.08751235147897153, 0.08570932940761944, 0.08204213737614777, 0.09829298897687919, 0.11686342936605289, 0.08634111044259776, 0.12127771980697631, 0.15756232402940837, 0.15925717201988504, 0.08579992792399092, 0.07127205581704839, 0.1622900890470142, 1.0, 0.09934296774604483, 0.12174213989190624, 0.09342403643741652, 0.46231990950053575, 0.4212002495217821, 0.07846343120104901], [0.08044656821099845, 0.08721548667936513, 0.0797282108109491, 0.1358194221076657, 0.10236549372490218, 0.10440991848612774, 0.12135359300954579, 0.1482931203004136, 0.14617523091624066, 0.15628973714705358, 0.07773072685208937, 0.10546834789528772, 0.0987006248833105, 0.09934296774604483, 1.0, 0.09060441709711341, 0.1116288438398521, 0.4033527746342575, 0.39414119425881305, 0.08422099798065627], [0.07072915667017789, 0.07292601831566389, 0.052579667098255865, 0.09734263648095705, 0.047693237634163776, 0.09706705286621446, 0.10580420636229664, 0.09674381883090442, 0.14810148510781698, 0.1096664373981536, 0.07189215023525404, 0.07151024019698672, 0.09615577501072613, 0.12174213989190624, 0.09060441709711341, 1.0, 0.10027173430405806, 0.4310351956258969, 0.38056885692179615, 0.08345449548843004], [0.09219204207177327, 0.08106371815533847, 0.04687151006235077, 0.06586782148460561, 0.08254134347532623, 0.09517794762916382, 0.11190920486344166, 0.114670202673554, 0.07279850934714985, 0.13238750237147925, 0.054328867131818157, 0.10340390660072364, 0.08679843140103767, 0.09342403643741652, 0.1116288438398521, 0.10027173430405806, 1.0, 0.552124754719438, 0.5044302701005922, 0.07602269350764242], [0.3743560258987441, 0.33232002209721634, 0.7023852841226479, 0.5292259583591092, 0.3320152602187023, 0.5095150731857224, 0.5845295258412444, 0.5917993140365236, 0.5824305105345502, 0.45429244929015333, 0.6130932190274445, 0.36127999435414804, 0.36264484632508226, 0.46231990950053575, 0.4033527746342575, 0.4310351956258969, 0.552124754719438, 1.0, 1.0, 0.8142829937601181], [0.32405554057407254, 0.6053035751377672, 0.3411262161442628, 0.6098331741197425, 0.4122668335924235, 0.23828420349131685, 0.45664689770469075, 0.4274961883196915, 0.2846362347519243, 0.4995174007334237, 0.6435446055754767, 0.19981690495940324, 0.24288860683184835, 0.4212002495217821, 0.39414119425881305, 0.38056885692179615, 0.5044302701005922, 1.0, 1.0, 0.45417365743651844], [0.07440912477375251, 0.0725657310212288, 0.09443070494049266, 0.07734561028178238, 0.08964138864119975, 0.11247299210791492, 0.09584219148851068, 0.12501584126939708, 