{"model": "LSING", "dataset": "0.1_dim20_pair_gau", "N": 200, "seed": 1234560, "metrics": {"TP": 9, "FP": 161, "FN": 1, "TN": 19, "TPR": 0.9, "FDR": 0.9470588235294117, "FPR": 0.8944444444444445, "Hamming": 162}, "omega": [[1.0, 0.5318338505579859, 0.6521134340772804, 0.47767034468151615, 0.3374411521774189, 0.2608446778786773, 0.5911412724180525, 0.32444277325571375, 0.6548897296179871, 0.2943525571384692, 0.4579133858286939, 0.4209258299311049, 0.6044495723418517, 0.5240827068267551, 0.7125678828366907, 0.32377463750210006, 0.7556883848290078, 0.30063239239801093, 0.4256790871379141, 0.6556793229613032], [0.5318338505579859, 1.0, 0.3572462644086016, 0.3554585839689213, 0.46241077709958617, 0.3675245877619184, 0.4649234191618173, 0.29343478670360357, 0.4194866725363743, 0.21155670461274942, 0.2273932644055256, 0.4254897876022225, 0.49143140842369937, 0.23590862483276923, 0.37340193645667985, 0.3346304291072659, 0.6379970362419536, 0.28621927454378304, 0.34972917417041555, 0.3123030136227311], [0.6521134340772804, 0.3572462644086016, 1.0, 0.36972309769010747, 0.416105243437848, 0.3742234733719019, 0.8004860403050978, 0.4908257622063382, 0.4616381503458572, 0.35449645017444825, 0.32777804468623745, 0.3896581141872474, 0.671722978899568, 0.3233961238739738, 0.5044269127901183, 0.2417913442465367, 0.6701934957761004, 0.41324341919697105, 0.52184754784444, 0.4138839018507937], [0.47767034468151615, 0.3554585839689213, 0.36972309769010747, 1.0, 0.21236895872841685, 0.1980526358780923, 0.4659162209824324, 0.4188920607053346, 0.1756118799132619, 0.1318506633497106, 0.19745447815189068, 0.16946198553821612, 0.37675476647649925, 0.22935016521552282, 0.20887426848976212, 0.17507878112411004, 0.3251242991883037, 0.353742407329098, 0.25512954931025567, 0.4605270828514944], [0.3374411521774189, 0.46241077709958617, 0.416105243437848, 0.21236895872841685, 1.0, 0.26944553038755253, 0.45004044273473304, 0.471585649614585, 0.42013619996925017, 0.39314698818134225, 0.1840955347891009, 0.26887367697830067, 0.21608184663286922, 0.19240046678383624, 0.2288147838707934, 0.15843098643165962, 0.5739164000714989, 0.24582035389229923, 0.35466681792564375, 0.36399801498225537], [0.2608446778786773, 0.3675245877619184, 0.3742234733719019, 0.1980526358780923, 0.26944553038755253, 1.0, 0.5624189051945545, 0.26916722339051635, 0.3392654389495967, 0.30177033179667295, 0.3609938056568221, 0.29877558226039796, 0.31585476775082444, 0.4460331722947652, 0.3719309209333001, 0.23050152530861007, 0.38950844201349427, 0.1917164874091549, 0.36211728683579647, 0.38526298628870087], [0.5911412724180525, 0.4649234191618173, 0.8004860403050978, 0.4659162209824324, 0.45004044273473304, 0.5624189051945545, 1.0, 0.6521475381429684, 0.5027226127630059, 0.5194643034917144, 0.6974616492823816, 1.0, 0.3912887133021822, 0.4270422610648896, 0.38057547156499677, 0.66161354634972, 0.8028858972682033, 0.41872558672541843, 0.4368682966408252, 0.4535043306792705], [0.32444277325571375, 0.29343478670360357, 0.4908257622063382, 0.4188920607053346, 0.471585649614585, 0.26916722339051635, 0.6521475381429684, 1.0, 0.3583762270689218, 0.20311487421116955, 0.3699584267289162, 0.3694559410380985, 0.3530569204912411, 0.46749850193558273, 0.30565224477256936, 0.3256588199973742, 0.3343475936176133, 0.3368013042449333, 0.3968182347042289, 0.4802353634602351], [0.6548897296179871, 0.4194866725363743, 0.4616381503458572, 0.1756118799132619, 0.42013619996925017, 0.3392654389495967, 0.5027226127630059, 0.3583762270689218, 1.0, 0.1579603832818501, 0.3384480521354247, 0.4082445736574338, 0.35224692451879214, 0.20989992324266046, 0.22368753542538464, 0.21060786945090598, 0.35918837743206294, 0.17583901860558657, 0.37122974915470985, 0.6603586839570618], [0.2943525571384692, 0.21155670461274942, 0.35449645017444825, 0.1318506633497106, 0.39314698818134225, 0.30177033179667295, 0.5194643034917144, 0.20311487421116955, 0.1579603832818501, 1.0, 0.25314194385557764, 0.2613084028463053, 0.3724947670887612, 0.2514461088139895, 0.27207649305133935, 0.1047635091770208, 0.20256403984311838, 0.16826322884990105, 0.29299109817972174, 0.39343205740185416], [0.4579133858286939, 0.2273932644055256, 0.32777804468623745, 0.19745447815189068, 0.1840955347891009, 0.3609938056568221, 0.6974616492823816, 0.3699584267289162, 0.3384480521354247, 0.25314194385557764, 1.0, 0.2608092921641356, 0.22235640271975163, 0.1944032506227959, 0.3993643339046314, 0.20242671421998923, 0.47360337992041474, 0.210636602797588, 0.22588004601632045, 0.45699476096125907], [0.4209258299311049, 0.4254897876022225, 0.3896581141872474, 0.16946198553821612, 0.26887367697830067, 0.29877558226039796, 1.0, 0.3694559410380985, 0.4082445736574338, 0.2613084028463053, 0.2608092921641356, 1.0, 0.21932256899652852, 0.20617799666224462, 0.3981682564727295, 0.14625515753808, 0.38358713886614065, 0.16785491993747115, 0.24066774100576674, 0.3377532763949234], [0.6044495723418517, 0.49143140842369937, 0.671722978899568, 0.37675476647649925, 0.21608184663286922, 0.31585476775082444, 0.3912887133021822, 0.3530569204912411, 0.35224692451879214, 0.3724947670887612, 0.22235640271975163, 0.21932256899652852, 1.0, 0.34294548612794545, 0.2658713779199684, 0.16431570765887477, 0.3044089965597615, 0.3277461377328701, 0.2743950385493122, 0.3896103514066328], [0.5240827068267551, 0.23590862483276923, 0.3233961238739738, 0.22935016521552282, 0.19240046678383624, 0.4460331722947652, 0.4270422610648896, 0.46749850193558273, 0.20989992324266046, 0.2514461088139895, 0.1944032506227959, 0.20617799666224462, 0.34294548612794545, 1.0, 0.3088808525030163, 0.20850455551709796, 0.37109397371638475, 0.2329308357829915, 0.27091383613907016, 0.2781203523445556], [0.7125678828366907, 0.37340193645667985, 0.5044269127901183, 0.20887426848976212, 0.2288147838707934, 0.3719309209333001, 0.38057547156499677, 0.30565224477256936, 0.22368753542538464, 0.27207649305133935, 0.3993643339046314, 0.3981682564727295, 0.2658713779199684, 0.3088808525030163, 1.0, 0.2563112539657267, 0.2296055184918982, 0.22835306071661307, 0.3260861461375571, 0.631662029050805], [0.32377463750210006, 0.3346304291072659, 0.2417913442465367, 0.17507878112411004, 0.15843098643165962, 0.23050152530861007, 0.66161354634972, 0.3256588199973742, 0.21060786945090598, 0.1047635091770208, 0.20242671421998923, 0.14625515753808, 0.16431570765887477, 0.20850455551709796, 0.2563112539657267, 1.0, 0.39682843296725046, 0.16703595242304625, 0.19114325470161286, 0.33865984766004364], [0.7556883848290078, 0.6379970362419536, 0.6701934957761004, 0.3251242991883037, 0.5739164000714989, 0.38950844201349427, 0.8028858972682033, 0.3343475936176133, 0.35918837743206294, 0.20256403984311838, 0.47360337992041474, 0.38358713886614065, 0.3044089965597615, 0.37109397371638475, 0.2296055184918982, 0.39682843296725046, 1.0, 0.39459609971550325, 0.5842697792229243, 0.4535631034338473], [0.30063239239801093, 0.28621927454378304, 0.41324341919697105, 0.353742407329098, 0.24582035389229923, 0.1917164874091549, 0.41872558672541843, 0.3368013042449333, 0.17583901860558657, 0.16826322884990105, 0.210636602797588, 0.16785491993747115, 0.3277461377328701, 0.2329308357829915, 0.22835306071661307, 0.16703595242304625, 0.39459609971550325, 1.0, 0.2247183717015058, 0.34763962270406035], [0.4256790871379141, 0.34972917417041555, 0.52184754784444, 0.25512954931025567, 0.35466681792564375, 0.36211728683579647, 0.4368682966408252, 0.3968182347042289, 0.37122974915470985, 0.29299109817972174, 0.22588004601632045, 0.24066774100576674, 0.2743950385493122, 0.27091383613907016, 0.3260861461375571, 0.19114325470161286, 0.5842697792229243, 0.2247183717015058, 1.0, 0.3457656567810771], [0.6556793229613032, 0.3123030136227311, 0.4138839018507937, 0.4605270828514944, 0.36399801498225537, 0.38526298628870087, 0.4535043306792705, 0.4802353634602351, 0.6603586839570618, 0.39343205740185416, 0.45699476096125907, 0.3377532763949234, 0.3896103514066328, 0.2781203523445556, 0.631662029050805, 