{"model": "GLASSO", "dataset": "dim20_cop_gau", "N": 50000, "seed": 12340, "metrics": {"TP": 19, "FP": 28, "FN": 0, "TN": 143, "TPR": 1.0, "FDR": 0.5957446808510638, "FPR": 0.16374269005847952, "Hamming": 28}, "omega": [[2.5169145845101015, -1.799640884585585, -0.13311626768465076, -0.07561213153583987, -0.0, -0.0, -0.0, -0.0, -0.0, -0.0, -0.0, -0.0, -0.0, -0.0, -0.0, -0.0, -0.0, -0.0, -0.0, -0.0], [-1.7996430984972387, 3.836571889055135, -1.925747474401893, 0.09595853883599685, -0.0, -0.0, -0.0, -0.0, -0.0, -0.0, -0.0, -0.0, -0.0, -0.0, -0.0, -0.0, -0.0, -0.0, -0.0, -0.0], [-0.13310800798618774, -1.9257456291931037, 4.296635494556735, -2.202661516964172, 0.07537440297401574, -0.02428204098441575, -0.0, -0.0, -0.0, -0.0, -0.0, -0.0, -0.0, -0.0, -0.0, -0.0, -0.0, -0.0, -0.0, -0.0], [-0.07558716162208808, 0.0959602629379724, -2.2026734184962637, 4.37374066713656, -2.060913619190612, 0.04641618385747845, -0.11878358557606683, -0.0, -0.0, -0.0, -0.0, -0.0, -0.0, -0.0, -0.0, -0.0, -0.0, -0.0, -0.0, -0.0], [-0.0, -0.0, 0.07541519428589966, -2.0609477616666436, 4.279772864718349, -2.2124460285879928, 0.09137634785753837, -0.0, -0.0, -0.0, -0.0, -0.0, -0.0, -0.0, -0.0, -0.0, -0.0, -0.0, -0.0, -0.0], [-0.0, -0.0, -0.02418403026357815, 0.04649666335379938, -2.2124413977856396, 4.224692834944128, -1.839480672459732, -0.04237651043947111, -0.06325184406615592, -0.0, -0.0, -0.0, -0.0, -0.0, -0.0, -0.0, -0.0, -0.0, -0.0, -0.0], [-0.0, -0.0, -0.0, -0.11871069213209903, 0.0913852219690048, -1.8394883581939234, 4.078769112340281, -2.1411340208371996, 0.0984228896746816, -0.03109074486121589, -0.0, -0.0, -0.0, -0.0, -0.0, -0.0, -0.0, -0.0, -0.0, -0.0], [-0.0, -0.0, -0.0, -0.0, -0.0, -0.04235378530490537, -2.1411926556126386, 4.389747464351485, -2.046749672762636, -0.07635923089899796, -0.0, -0.0, -0.0, -0.0, -0.0, -0.0, -0.0, -0.0, -0.0, -0.0], [-0.0, -0.0, -0.0, -0.0, -0.0, -0.06329337684810613, 0.09847278590017884, -2.0467348651626414, 4.2361689239377025, -2.0477820558305675, -0.07023589058399789, 0.03789120491425433, -0.0, -0.0, -0.0, -0.0, -0.0, -0.0, -0.0, -0.0], [-0.0, -0.0, -0.0, -0.0, -0.0, -0.0, -0.031158155865104335, -0.076316087519314, -2.047802786397263, 4.294390242257996, -1.8797323879381012, -0.14221079469419096, -0.07096257768538825, -0.0, -0.0, -0.0, -0.0, -0.0, -0.0, -0.0], [-0.0, -0.0, -0.0, -0.0, -0.0, -0.0, -0.0, -0.0, -0.07030556293106112, -1.8797463551942664, 4.01850268912514, -2.021513372350136, 0.2547146496128664, -0.12724303135623863, -0.0, -0.0, -0.0, -0.0, -0.0, -0.0], [-0.0, -0.0, -0.0, -0.0, -0.0, -0.0, -0.0, -0.0, 0.037867020297465845, -0.1421992611507259, -2.021500797545312, 4.221364430833146, -1.8509131310859868, -0.30188763594762896, 0.09443233671657869, -0.0, -0.0, -0.0, -0.0, -0.0], [-0.0, -0.0, -0.0, -0.0, -0.0, -0.0, -0.0, -0.0, -0.0, -0.07099160812931489, 0.25470204142760566, -1.8509025347119277, 3.396071484228444, -1.2247284195196957, -0.2857716670051432, -0.0, -0.0, -0.0, -0.0, -0.0], [-0.0, -0.0, -0.0, -0.0, -0.0, -0.0, -0.0, -0.0, -0.0, -0.0, -0.12722605804534964, -0.30187891115402327, -1.2247230321468157, 3.6454633929656053, -1.7504539132151824, -0.17848407630342042, -0.0, -0.0, -0.0, -0.0], [-0.0, -0.0, -0.0, -0.0, -0.0, -0.0, -0.0, -0.0, -0.0, -0.0, -0.0, 0.09447364530753175, -0.2857564880290112, -1.750411485645048, 3.9776571066840796, -1.757261592856395, -0.17039985594836596, -0.0, -0.0, -0.0], [-0.0, -0.0, -0.0, -0.0, -0.0, -0.0, -0.0, -0.0, -0.0, -0.0, -0.0, -0.0, -0.0, -0.17848797383953532, -1.757233206309099, 3.8468890012032166, -1.5099421245945217, -0.3757317777777468, 0.06591282503595428, -0.0], [-0.0, -0.0, -0.0, -0.0, -0.0, -0.0, -0.0, -0.0, -0.0, -0.0, -0.0, -0.0, -0.0, -0.0, -0.17040694290705516, -1.509941343116475, 3.4456294030857575, -1.3794998321110439, -0.2260539662396611, -0.0], [-0.0, -0.0, -0.0, -0.0, -0.0, -0.0, -0.0, -0.0, -0.0, -0.0, -0.0, -0.0, -0.0, -0.0, -0.0, -0.3757431305051106, -1.379507001704922, 3.8497584890463727, -1.9516852301848358, -0.04200010434605308], [-0.0, -0.0, -0.0, -0.0, -0.0, -0.0, -0.0, -0.0, -0.0, -0.0, -0.0, -0.0, -0.0, -0.0, -0.0, 0.06589531123903893, -0.22605531370928106, -1.95168659405175, 4.309377818073175, -2.095022352881501], [-0.0, -0.0, -0.0, -0.0, -0.0, -0.0, -0.0, -0.0, -0.0, -0.0, -0.0, -0.0, -0.0, -0.0, -0.0, -0.0, -0.0, -0.04199864450134707, -2.0950226076338416, 2.6862976711350317]], "meta_info": {"source": "pretrained"}}