{"model": "GLASSO", "dataset": "dim6_butterfly", "N": 2000, "seed": 1230, "metrics": {"TP": 1, "FP": 0, "FN": 2, "TN": 12, "TPR": 0.3333333333333333, "FDR": 0.0, "FPR": 0.0, "Hamming": 2}, "omega": [[1.0090401091538783, -0.09550828617137037, 0.0, 0.0, 0.0, 0.0], [-0.09550828617137039, 1.0090401091538783, 0.0, 0.0, 0.0, 0.0], [0.0, 0.0, 1.0, 0.0, 0.0, 0.0], [0.0, 0.0, 0.0, 1.0, 0.0, 0.0], [0.0, 0.0, 0.0, 0.0, 1.0000000000000002, 0.0], [0.0, 0.0, 0.0, 0.0, 0.0, 1.0]], "meta_info": {"source": "pretrained"}}