{"model": "GLASSO", "dataset": "dim6_butterfly", "N": 2000, "seed": 123450, "metrics": {"TP": 0, "FP": 1, "FN": 3, "TN": 11, "TPR": 0.0, "FDR": 1.0, "FPR": 0.08333333333333333, "Hamming": 4}, "omega": [[1.0059644847955966, 0.0, -0.07746005341124924, 0.0, 0.0, 0.0], [0.0, 1.0, 0.0, 0.0, 0.0, 0.0], [-0.07746005341124924, 0.0, 1.0059644847955966, 0.0, 0.0, 0.0], [0.0, 0.0, 0.0, 1.0, 0.0, 0.0], [0.0, 0.0, 0.0, 0.0, 1.0, 0.0], [0.0, 0.0, 0.0, 0.0, 0.0, 1.0]], "meta_info": {"source": "pretrained"}}