{"model": "LSING", "dataset": "0.5_dim20_pair_gau", "N": 300, "seed": 1230, "metrics": {"TP": 10, "FP": 89, "FN": 0, "TN": 91, "TPR": 1.0, "FDR": 0.898989898989899, "FPR": 0.49444444444444446, "Hamming": 89}, "omega": [[1.0, 1.0, 0.4731426339430436, 0.33803782265278615, 0.2255662391757644, 0.32255641705617066, 0.20013541204298366, 0.3410076723478554, 0.3201974375935977, 0.25544025094498823, 0.3442710725463517, 0.22055579522511734, 0.18144291101264381, 0.42143197512857145, 0.22721964555403265, 0.2151942621293327, 0.19210788032007864, 0.44597638130145184, 0.3277766921489692, 0.21267292480038158], [1.0, 1.0, 0.27450873533210945, 0.351744867456813, 0.33123263781050183, 0.273301605516546, 0.18416856223501904, 0.21216746887330923, 0.18669746842444832, 0.13256614294270494, 0.14827962153317287, 0.16085542915410575, 0.27010608986376844, 0.21791627202422217, 0.1915940819275448, 0.19203097888404108, 0.16366877261023502, 0.3356940092483484, 0.2743354818204529, 0.12564527440137144], [0.4731426339430436, 0.27450873533210945, 1.0, 0.9329633480127476, 0.3667022052672695, 0.1864100557539662, 0.2667022506067557, 0.26206236627685286, 0.2990187968441904, 0.25667193775976693, 0.2925909045363516, 0.41285284888394586, 0.2320632798674999, 0.32352753217629987, 0.14636616486434653, 0.15680910104040519, 0.15121241186570625, 0.16058342057406136, 0.24597601858556217, 0.16234142514700195], [0.33803782265278615, 0.351744867456813, 0.9329633480127476, 1.0, 0.2556801081618783, 0.29643874204688736, 0.34223308531123064, 0.2555488673516254, 0.21764210415114735, 0.23453968293190508, 0.20116206803371262, 0.30582652069770216, 0.2950616344975455, 0.4010482489210336, 0.2371357822398885, 0.21842430663457235, 0.2106673099584101, 0.2281741607547755, 0.25853090770104775, 0.34047331249832813], [0.2255662391757644, 0.33123263781050183, 0.3667022052672695, 0.2556801081618783, 1.0, 0.9730862996314353, 0.1370698982989985, 0.24986383418805821, 0.20123614708673399, 0.14071734661538468, 0.21600085442261752, 0.1705562656222867, 0.10915212383755225, 0.27723620013393285, 0.16688543346589088, 0.13986940754439983, 0.16785099449896013, 0.18147741436164497, 0.21734832695028933, 0.12454781796921721], [0.32255641705617066, 0.273301605516546, 0.1864100557539662, 0.29643874204688736, 0.9730862996314353, 1.0, 0.17310371566157337, 0.2882618847261699, 0.22048889114578776, 0.15338967066757406, 0.45096644515305023, 0.16395782316965626, 0.16781341939976868, 0.3002930404342072, 0.18517088792396386, 0.21310516312467043, 0.1847655359149939, 0.13384475895942252, 0.3206877954717642, 0.17723731095134485], [0.20013541204298366, 0.18416856223501904, 0.2667022506067557, 0.34223308531123064, 0.1370698982989985, 0.17310371566157337, 1.0, 0.8390450960131629, 0.2138355709125433, 0.13156443783797753, 0.11357991288471121, 0.12790304762958365, 0.13545142599485033, 0.21823951989111268, 0.36267265843090013, 0.11180602532300983, 0.12240936410010414, 0.13835145288116565, 0.2040436360817072, 0.13546021618773813], [0.3410076723478554, 0.21216746887330923, 0.26206236627685286, 0.2555488673516254, 0.24986383418805821, 0.2882618847261699, 0.8390450960131629, 1.0, 0.33868031717690966, 0.14584831992266897, 0.1530582900303457, 0.20968657719976985, 0.12944185278903583, 0.19329371191199787, 0.14169217390594685, 0.17482112439205416, 0.3168246898892492, 0.2714554496475535, 0.135680690774276, 0.14387400066104972], [0.3201974375935977, 0.18669746842444832, 0.2990187968441904, 0.21764210415114735, 0.20123614708673399, 0.22048889114578776, 0.2138355709125433, 0.33868031717690966, 1.0, 0.7927253474478176, 0.2132396003687007, 0.2089280362607075, 0.1670161812092313, 0.27525541999552955, 0.1893990897191355, 0.3068320824924748, 0.20238742999016587, 0.1378561700013103, 0.279301119023859, 0.17164117151791614], [0.25544025094498823, 0.13256614294270494, 0.25667193775976693, 0.23453968293190508, 0.14071734661538468, 0.15338967066757406, 0.13156443783797753, 0.14584831992266897, 0.7927253474478176, 1.0, 0.12710221628476462, 0.09518291195570514, 0.14279794730010162, 0.21715402174844475, 0.27020121777325995, 0.19455000106547793, 0.15078631137436224, 0.10555481532547177, 0.15056821994456795, 0.07319090632726132], [0.3442710725463517, 0.14827962153317287, 0.2925909045363516, 0.20116206803371262, 0.21600085442261752, 0.45096644515305023, 0.11357991288471121, 0.1530582900303457, 0.2132396003687007, 0.12710221628476462, 1.0, 0.9227859028655916, 0.19236601501734463, 0.240497195072686, 0.12450768685649101, 0.0883966620163467, 0.13720869380114012, 0.35057179893026014, 0.18481917819460886, 0.1298529770813431], [0.22055579522511734, 0.16085542915410575, 0.41285284888394586, 0.30582652069770216, 0.1705562656222867, 0.16395782316965626, 0.12790304762958365, 0.20968657719976985, 0.2089280362607075, 0.09518291195570514, 0.9227859028655916, 1.0, 0.18312381012185894, 0.22702307621159576, 0.15407615582818693, 0.11495210676723569, 0.14093461343327365, 0.16580709046088948, 0.1976152393720844, 0.14693057345835545], [0.18144291101264381, 0.27010608986376844, 0.2320632798674999, 0.2950616344975455, 0.10915212383755225, 0.16781341939976868, 0.13545142599485033, 0.12944185278903583, 0.1670161812092313, 0.14279794730010162, 0.19236601501734463, 0.18312381012185894, 1.0, 0.8887917616339988, 0.15253504402237414, 0.15093283159146584, 0.11905586300764923, 0.17901487951258238, 0.22680835973980576, 0.16345173815721287], [0.42143197512857145, 0.21791627202422217, 0.32352753217629987, 0.4010482489210336, 0.27723620013393285, 0.3002930404342072, 0.21823951989111268, 0.19329371191199787, 0.27525541999552955, 0.21715402174844475, 0.240497195072686, 0.22702307621159576, 0.8887917616339988, 1.0, 0.28050461034565466, 0.1880391941722438, 0.34172377552783095, 0.21961559029970762, 0.31254922167971005, 0.2692129728284993], [0.22721964555403265, 0.1915940819275448, 0.14636616486434653, 0.2371357822398885, 0.16688543346589088, 0.18517088792396386, 0.36267265843090013, 0.14169217390594685, 0.1893990897191355, 0.27020121777325995, 0.12450768685649101, 0.15407615582818693, 0.15253504402237414, 0.28050461034565466, 1.0, 0.556505105452844, 0.276067801574459, 0.1835121484886309, 0.32732219780439004, 0.19985243130727795], [0.2151942621293327, 0.19203097888404108, 0.15680910104040519, 0.21842430663457235, 0.13986940754439983, 0.21310516312467043, 0.11180602532300983, 0.17482112439205416, 0.3068320824924748, 0.19455000106547793, 0.0883966620163467, 0.11495210676723569, 0.15093283159146584, 0.1880391941722438, 0.556505105452844, 1.0, 0.10884182322769081, 0.12604901402486327, 0.15095904348192746, 0.10038593254028527], [0.19210788032007864, 0.16366877261023502, 0.15121241186570625, 0.2106673099584101, 0.16785099449896013, 0.1847655359149939, 0.12240936410010414, 0.3168246898892492, 0.20238742999016587, 0.15078631137436224, 0.13720869380114012, 0.14093461343327365, 0.11905586300764923, 0.34172377552783095, 0.276067801574459, 0.10884182322769081, 1.0, 0.7222479725315257, 0.1984056964757164, 0.11759718972262663], [0.44597638130145184, 0.3356940092483484, 0.16058342057406136, 0.2281741607547755, 0.18147741436164497, 0.13384475895942252, 0.13835145288116565, 0.2714554496475535, 0.1378561700013103, 0.10555481532547177, 0.35057179893026014, 0.16580709046088948, 0.17901487951258238, 0.21961559029970762, 0.1835121484886309, 0.12604901402486327, 0.7222479725315257, 1.0, 0.15138276931768155, 0.0810315628566234], [0.3277766921489692, 0.2743354818204529, 0.24597601858556217, 0.25853090770104775, 0.21734832695028933, 0.3206877954717642, 0.2040436360817072, 0.135680690774276, 0.279301119023859, 0.15056821994456795, 0.18481917819460886, 0.1976152393720844, 0.22680835973980576, 0.31254922167971005, 0.32732219780439004, 0.15095904348192746, 0.1984056964757164, 0.15138276931768155, 1.0, 0.3337972375104451], [0.21267292480038158, 0.12564527440137144, 0.16234142514700195, 0.34047331249832813, 0.12454781796921721, 0.17723731095134485, 0.13546021618773813, 0.14387400066104972, 0.17164117151791614, 0.07319090632726132, 0.1298529770813431, 