{"model": "SING", "dataset": "dim6_butterfly", "N": 400, "seed": 123450, "metrics": {"TP": 0, "FP": 0, "FN": 3, "TN": 12, "TPR": 0.0, "FDR": 0.0, "FPR": 0.0, "Hamming": 3}, "omega": [[410.88136069700676, 0.0, 0.0, 0.0, 0.0, 0.0], [0.0, 536.7345126587547, 0.0, 0.0, 0.0, 0.0], [0.0, 0.0, 399.6299688199431, 0.0, 0.0, 0.0], [0.0, 0.0, 0.0, 502.5446841366027, 0.0, 0.0], [0.0, 0.0, 0.0, 0.0, 405.04624090931696, 0.0], [0.0, 0.0, 0.0, 0.0, 0.0, 535.0989641580453]], "meta_info": {"source": "pretrained", "p_order": 3}}