{"model": "SING", "dataset": "dim6_butterfly", "N": 400, "seed": 1234560, "metrics": {"TP": 0, "FP": 0, "FN": 3, "TN": 12, "TPR": 0.0, "FDR": 0.0, "FPR": 0.0, "Hamming": 3}, "omega": [[399.528905680017, 0.0, 0.0, 0.0, 0.0, 0.0], [0.0, 544.5311557273347, 0.0, 0.0, 0.0, 0.0], [0.0, 0.0, 406.56408971281917, 0.0, 0.0, 0.0], [0.0, 0.0, 0.0, 526.9927017473339, 0.0, 0.0], [0.0, 0.0, 0.0, 0.0, 395.27595526712315, 0.0], [0.0, 0.0, 0.0, 0.0, 0.0, 498.3404666283596]], "meta_info": {"source": "pretrained", "p_order": 3}}