{"model": "SING", "dataset": "dim6_butterfly", "N": 400, "seed": 1230, "metrics": {"TP": 0, "FP": 0, "FN": 3, "TN": 12, "TPR": 0.0, "FDR": 0.0, "FPR": 0.0, "Hamming": 3}, "omega": [[395.41299235917796, 0.0, 0.0, 0.0, 0.0, 0.0], [0.0, 568.344113072975, 0.0, 0.0, 0.0, 0.0], [0.0, 0.0, 431.79001439229404, 0.0, 0.0, 0.0], [0.0, 0.0, 0.0, 504.530385479561, 0.0, 0.0], [0.0, 0.0, 0.0, 0.0, 402.56994798805584, 0.0], [0.0, 0.0, 0.0, 0.0, 0.0, 619.5562839244045]], "meta_info": {"source": "pretrained", "p_order": 3}}