{"model": "LSING", "dataset": "dim6_butterfly", "N": 400, "seed": 12340, "metrics": {"TP": 3, "FP": 4, "FN": 0, "TN": 8, "TPR": 1.0, "FDR": 0.5714285714285714, "FPR": 0.3333333333333333, "Hamming": 4}, "omega": [[1.0, 0.7510938640654057, 0.0819866033964855, 0.10293001885029211, 0.07084521041888193, 0.19381894328230978], [0.7510938640654057, 1.0, 0.24515800080471034, 0.3372511808338432, 0.19558767323744425, 0.29527839388546906], [0.0819866033964855, 0.24515800080471034, 1.0, 1.0, 0.05236412895124546, 0.1267973102033585], [0.10293001885029211, 0.3372511808338432, 1.0, 1.0, 0.12677605494320754, 0.28677035503461806], [0.07084521041888193, 0.19558767323744425, 0.05236412895124546, 0.12677605494320754, 1.0, 0.6042265786471298], [0.19381894328230978, 0.29527839388546906, 0.1267973102033585, 0.28677035503461806, 0.6042265786471298, 1.0]], "meta_info": {"source": "pretrained"}}