{"model": "LSING", "dataset": "dim6_butterfly", "N": 400, "seed": 120, "metrics": {"TP": 2, "FP": 2, "FN": 1, "TN": 10, "TPR": 0.6666666666666666, "FDR": 0.5, "FPR": 0.16666666666666666, "Hamming": 3}, "omega": [[1.0, 1.0, 0.09578765265480467, 0.1793913537353961, 0.11094730723031607, 0.12239414415924274], [1.0, 1.0, 0.14908917603659527, 0.2256282301561718, 0.12507452595065918, 0.2567490932392608], [0.09578765265480467, 0.14908917603659527, 1.0, 0.15748480888484084, 0.03813937367921726, 0.10267453684354222], [0.1793913537353961, 0.2256282301561718, 0.15748480888484084, 1.0, 0.07332547325721311, 0.11343607059093237], [0.11094730723031607, 0.12507452595065918, 0.03813937367921726, 0.07332547325721311, 1.0, 0.33647337433378227], [0.12239414415924274, 0.2567490932392608, 0.10267453684354222, 0.11343607059093237, 0.33647337433378227, 1.0]], "meta_info": {"source": "pretrained"}}