{"model": "SING", "dataset": "dim6_butterfly", "N": 300, "seed": 1230, "metrics": {"TP": 0, "FP": 0, "FN": 3, "TN": 12, "TPR": 0.0, "FDR": 0.0, "FPR": 0.0, "Hamming": 3}, "omega": [[446.0178656586162, 0.0, 0.0, 0.0, 0.0, 0.0], [0.0, 518.8169067830277, 0.0, 0.0, 0.0, 0.0], [0.0, 0.0, 430.53348995160377, 0.0, 0.0, 0.0], [0.0, 0.0, 0.0, 552.2391016054684, 0.0, 0.0], [0.0, 0.0, 0.0, 0.0, 435.8796162516651, 0.0], [0.0, 0.0, 0.0, 0.0, 0.0, 546.9432357196307]], "meta_info": {"source": "pretrained", "p_order": 3}}