{"model": "SING", "dataset": "dim6_butterfly", "N": 300, "seed": 123450, "metrics": {"TP": 0, "FP": 0, "FN": 3, "TN": 12, "TPR": 0.0, "FDR": 0.0, "FPR": 0.0, "Hamming": 3}, "omega": [[405.66848634928533, 0.0, 0.0, 0.0, 0.0, 0.0], [0.0, 584.2046066493501, 0.0, 0.0, 0.0, 0.0], [0.0, 0.0, 402.90164977418567, 0.0, 0.0, 0.0], [0.0, 0.0, 0.0, 544.9712533419649, 0.0, 0.0], [0.0, 0.0, 0.0, 0.0, 402.82579887214615, 0.0], [0.0, 0.0, 0.0, 0.0, 0.0, 502.82979007565143]], "meta_info": {"source": "pretrained", "p_order": 3}}