{"model": "LSING", "dataset": "0.5_dim20_pair_gau", "N": 2000, "seed": 1234560, "metrics": {"TP": 10, "FP": 0, "FN": 0, "TN": 180, "TPR": 1.0, "FDR": 0.0, "FPR": 0.0, "Hamming": 0}, "omega": [[1.0, 0.5817014334704953, 0.08097807020068157, 0.0854415923119829, 0.0662648133655376, 0.08926585136577006, 0.06606693279647216, 0.09156380724357628, 0.08270373420055702, 0.07298455955504078, 0.11959801185421191, 0.05995692220364439, 0.09894918158884301, 0.10628270043364635, 0.0731387829580808, 0.07940309200183328, 0.07336932747199347, 0.07705862196266719, 0.0714748988944546, 0.06415836675017236], [0.5817014334704953, 1.0, 0.13145122485807875, 0.0814598517418169, 0.07652161035411546, 0.08888388092341568, 0.05822271568420463, 0.08590619823895636, 0.09086929341578097, 0.08361152894092798, 0.07441728060667012, 0.06490805500643507, 0.10350242991593768, 0.05491404594967705, 0.07421365499263868, 0.08207575679218551, 0.16482367866967698, 0.09804962141292331, 0.08945252650929371, 0.07296761943596536], [0.08097807020068157, 0.13145122485807875, 1.0, 1.0, 0.11077418176378222, 0.10602424069448671, 0.10570085159577888, 0.13148759461571488, 0.10557474527091706, 0.11032751745696609, 0.12255539020407517, 0.08288626877113218, 0.12694765305493336, 0.095898133127453, 0.083498944174601, 0.08888346169040465, 0.1219017283041327, 0.07225954523176381, 0.10995082365726291, 0.0845200198151259], [0.0854415923119829, 0.0814598517418169, 1.0, 1.0, 0.10741991396965962, 0.10118174488050244, 0.10025111229246259, 0.10513013831128472, 0.09635590452120339, 0.07415526773834907, 0.08743471403360663, 0.08045566187534747, 0.16720697693166733, 0.12508221625160804, 0.09134419125438947, 0.08579484270522346, 0.09252664054986477, 0.1161263639927164, 0.09506677336371079, 0.09231345538803856], [0.0662648133655376, 0.07652161035411546, 0.11077418176378222, 0.10741991396965962, 1.0, 0.8798470323292209, 0.15455950369767657, 0.0711370307297176, 0.08494926007340325, 0.11912197535804259, 0.08820356926083361, 0.08780100981949296, 0.10305133519606668, 0.0840843332023394, 0.09973917702883002, 0.1574848547157834, 0.08206464970525125, 0.06598531434008356, 0.1096218292579261, 0.08064692270341155], [0.08926585136577006, 0.08888388092341568, 0.10602424069448671, 0.10118174488050244, 0.8798470323292209, 1.0, 0.08872380637322785, 0.10065790288178494, 0.0886756696248438, 0.07240650710499545, 0.08949556000151876, 0.08155240907436374, 0.11957923953160679, 0.12056151800360454, 0.09285065591023105, 0.10238713553797035, 0.07600065899288762, 0.06468318695924893, 0.07133460075581191, 0.060117786050550515], [0.06606693279647216, 0.05822271568420463, 0.10570085159577888, 0.10025111229246259, 0.15455950369767657, 0.08872380637322785, 1.0, 0.8973761893122951, 0.08729904557309194, 0.06097656158292779, 0.1250822654209118, 0.08309557214581922, 0.1093292822519682, 0.09843522779589807, 0.07625449164177733, 0.0890635973165278, 0.11008762301176415, 0.08108674212557224, 0.09621000108193171, 0.0953645271401514], [0.09156380724357628, 0.08590619823895636, 0.13148759461571488, 0.10513013831128472, 0.0711370307297176, 0.10065790288178494, 0.8973761893122951, 1.0, 0.09575170694084657, 0.10772496550592191, 0.0932594650288658, 0.08322143779987841, 0.12824602286581724, 0.09062222284008772, 0.11648144917734475, 0.09457900351894873, 0.07249098773243469, 0.07123776310597958, 0.16312034012156806, 0.08640092424627184], [0.08270373420055702, 0.09086929341578097, 0.10557474527091706, 0.09635590452120339, 0.08494926007340325, 0.0886756696248438, 0.08729904557309194, 0.09575170694084657, 1.0, 0.8276024422258611, 0.09431001896092571, 0.08091970882497289, 0.0985641341832163, 0.0801873372211381, 0.06969663409098503, 0.11988881981953148, 0.09842673962135372, 0.07435111683881168, 0.09732294309689268, 0.09921363221948747], [0.07298455955504078, 0.08361152894092798, 0.11032751745696609, 0.07415526773834907, 0.11912197535804259, 0.07240650710499545, 0.06097656158292779, 0.10772496550592191, 0.8276024422258611, 1.0, 0.07268416098762934, 0.054455024620467835, 0.15027806845750036, 0.14135616889678615, 0.07075048754211324, 0.1000193126673749, 0.06822270398708605, 0.06285166403622969, 0.08976905519619753, 0.05443754881476721], [0.11959801185421191, 0.07441728060667012, 0.12255539020407517, 0.08743471403360663, 0.08820356926083361, 0.08949556000151876, 0.1250822654209118, 0.0932594650288658, 0.09431001896092571, 0.07268416098762934, 1.0, 0.6999789079214005, 0.11866357770263374, 0.0986338666073847, 0.07477209924191493, 0.09009215704265705, 0.07543574509837939, 0.08666620040364789, 0.08093937137076193, 0.07138254859055518], [0.05995692220364439, 0.06490805500643507, 0.08288626877113218, 0.08045566187534747, 0.08780100981949296, 0.08155240907436374, 0.08309557214581922, 0.08322143779987841, 0.08091970882497289, 0.054455024620467835, 0.6999789079214005, 1.0, 0.12958956632756893, 0.07276522564238609, 0.07278425675080048, 0.09547969717671306, 0.05896211332276135, 0.054140398009262215, 0.06888759977900934, 0.06981370620324491], [0.09894918158884301, 0.10350242991593768, 0.12694765305493336, 0.16720697693166733, 0.10305133519606668, 0.11957923953160679, 0.1093292822519682, 0.12824602286581724, 0.0985641341832163, 0.15027806845750036, 0.11866357770263374, 0.12958956632756893, 1.0, 0.8141524327915656, 0.11314301389903386, 0.12466341800073512, 0.10277039473365496, 0.13619261564423568, 0.13830966988992327, 0.0866119407830163], [0.10628270043364635, 0.05491404594967705, 0.095898133127453, 0.12508221625160804, 0.0840843332023394, 0.12056151800360454, 0.09843522779589807, 0.09062222284008772, 0.0801873372211381, 0.14135616889678615, 0.0986338666073847, 0.07276522564238609, 0.8141524327915656, 1.0, 0.07872660260565427, 0.11418207774116178, 0.06642190929106062, 0.07176451126933528, 0.10531359933505711, 0.061997106712543666], [0.0731387829580808, 0.07421365499263868, 0.083498944174601, 0.09134419125438947, 0.09973917702883002, 0.09285065591023105, 0.07625449164177733, 0.11648144917734475, 0.06969663409098503, 0.07075048754211324, 0.07477209924191493, 0.07278425675080048, 0.11314301389903386, 0.07872660260565427, 1.0, 0.8247634997894726, 0.06921688919416873, 0.0579783649473669, 0.06995556999603375, 0.09910160901836663], [0.07940309200183328, 0.08207575679218551, 0.08888346169040465, 0.08579484270522346, 0.1574848547157834, 0.10238713553797035, 0.0890635973165278, 0.09457900351894873, 0.11988881981953148, 0.1000193126673749, 0.09009215704265705, 0.09547969717671306, 0.12466341800073512, 0.11418207774116178, 0.8247634997894726, 1.0, 0.09046162295470705, 0.08090680576452222, 0.10844355676541256, 0.0847629782843097], [0.07336932747199347, 0.16482367866967698, 0.1219017283041327, 0.09252664054986477, 0.08206464970525125, 0.07600065899288762, 0.11008762301176415, 0.07249098773243469, 0.09842673962135372, 0.06822270398708605, 0.07543574509837939, 0.05896211332276135, 0.10277039473365496, 0.06642190929106062, 0.06921688919416873, 0.09046162295470705, 1.0, 0.6918969235832833, 0.07905167639998051, 0.10728800566695376], [0.07705862196266719, 0.09804962141292331, 0.07225954523176381, 0.1161263639927164, 0.06598531434008356, 0.06468318695924893, 0.08108674212557224, 0.07123776310597958, 0.07435111683881168, 0.06285166403622969, 0.08666620040364789, 0.054140398009262215, 0.13619261564423568, 0.07176451126933528, 0.0579783649473669, 0.08090680576452222, 0.6918969235832833, 1.0, 0.08880490208228171, 0.07574699973049011], [0.0714748988944546, 0.08945252650929371, 0.10995082365726291, 0.09506677336371079, 0.1096218292579261, 0.07133460075581191, 0.09621000108193171, 0.16312034012156806, 0.09732294309689268, 0.08976905519619753, 0.08093937137076193, 0.06888759977900934, 0.13830966988992327, 0.10531359933505711, 0.06995556999603375, 0.10844355676541256, 0.07905167639998051, 0.08880490208228171, 1.0, 0.7375146094940771], [0.06415836675017236, 0.07296761943596536, 0.0845200198151259, 0.09231345538803856, 0.08064692270341155, 0.060117786050550515, 0.0953645271401514, 0.08640092424627184, 0.09921363221948747, 