{"model": "LSING", "dataset": "0.5_dim20_pair_gau", "N": 2000, "seed": 12340, "metrics": {"TP": 10, "FP": 0, "FN": 0, "TN": 180, "TPR": 1.0, "FDR": 0.0, "FPR": 0.0, "Hamming": 0}, "omega": [[1.0, 0.7262763093066918, 0.08142756373845213, 0.10468951556130415, 0.08981157691577488, 0.1360892265903494, 0.08640072692746929, 0.10759817180773716, 0.10895507459610795, 0.08167431745048895, 0.08216944480764851, 0.09611943218617285, 0.0916400830255541, 0.1071612437455132, 0.08769752078294481, 0.11038421529475637, 0.09830393730168495, 0.11441302026408337, 0.12148391471629298, 0.12224679456042403], [0.7262763093066918, 1.0, 0.10348430948746766, 0.12227349086454307, 0.09663894545108304, 0.12351102800229369, 0.07006251155198184, 0.0767762674926217, 0.08055337928181389, 0.0672217114296105, 0.053994414586601765, 0.06305580362876599, 0.08220613351570577, 0.10332142775059809, 0.0796010445212656, 0.11508974670716612, 0.07705226691166686, 0.10029443430584685, 0.10233590971096532, 0.07743898187664251], [0.08142756373845213, 0.10348430948746766, 1.0, 0.718542405937173, 0.08449988875332846, 0.0648548805517835, 0.08801338359262241, 0.08817197528315271, 0.0696239345861846, 0.07953970675686403, 0.058093605769221485, 0.08011259331635405, 0.09781155972661904, 0.0971017151880484, 0.10821949219370904, 0.09420212187575021, 0.12348576573729987, 0.11457743260836942, 0.13504795967617175, 0.10544267097850525], [0.10468951556130415, 0.12227349086454307, 0.718542405937173, 1.0, 0.0839068508056596, 0.06839638019554306, 0.06639717031730216, 0.06051848143271807, 0.07971923928135423, 0.0640023636054969, 0.11867012233078, 0.07684991047153718, 0.09668826287742992, 0.07346952053650252, 0.07857137545886837, 0.10385280443008968, 0.07886465335942737, 0.10326944986782698, 0.10194215733176404, 0.09471204108092365], [0.08981157691577488, 0.09663894545108304, 0.08449988875332846, 0.0839068508056596, 1.0, 0.7521274284269625, 0.08499896333939332, 0.1072647214980137, 0.07700215521112436, 0.08847869066144065, 0.05794772970844295, 0.08286969287227511, 0.10822115799673329, 0.08666716367147236, 0.09246362707025517, 0.11551070720243012, 0.10313811457750503, 0.08503427836350738, 0.08365325764439423, 0.09015200669874923], [0.1360892265903494, 0.12351102800229369, 0.0648548805517835, 0.06839638019554306, 0.7521274284269625, 1.0, 0.060170391370039454, 0.09780812189545014, 0.07212445460643303, 0.07774100886438973, 0.11280326064766807, 0.07830087560401051, 0.07539235696739256, 0.09576571460632101, 0.07395773360400781, 0.08266979409515801, 0.07465742398675237, 0.10563500845841663, 0.09128728284446923, 0.07302314085277141], [0.08640072692746929, 0.07006251155198184, 0.08801338359262241, 0.06639717031730216, 0.08499896333939332, 0.060170391370039454, 1.0, 0.9119398000997744, 0.07768013704199349, 0.07985776408096054, 0.07093185069460606, 0.07386347812332272, 0.060339023748653596, 0.07228440066724827, 0.08727455649563715, 0.10282762096482152, 0.08258131098408303, 0.09972528976764317, 0.15640244391168792, 0.08064963614033537], [0.10759817180773716, 0.0767762674926217, 0.08817197528315271, 0.06051848143271807, 0.1072647214980137, 0.09780812189545014, 0.9119398000997744, 1.0, 0.07420546506999366, 0.09543916168680083, 0.0957192097314571, 0.10727008103817866, 0.06314035158197209, 0.09790102059164302, 0.12374852805782045, 0.09713706883947897, 0.10486337711289007, 0.08930875306580183, 0.13344933921215338, 0.09068209901996704], [0.10895507459610795, 0.08055337928181389, 0.0696239345861846, 0.07971923928135423, 0.07700215521112436, 0.07212445460643303, 0.07768013704199349, 0.07420546506999366, 1.0, 0.7766776374683425, 0.05744435300500243, 0.060167042864539985, 0.07452812145896147, 0.06736505498695072, 0.07298397033962875, 0.09342602183254556, 0.07622985271597353, 0.10762366583663001, 0.10814839378926829, 0.07824008345045458], [0.08167431745048895, 0.0672217114296105, 0.07953970675686403, 0.0640023636054969, 0.08847869066144065, 0.07774100886438973, 0.07985776408096054, 0.09543916168680083, 0.7766776374683425, 1.0, 0.06426210816691559, 0.062255732921463136, 0.079366487384415, 0.10920241254630692, 0.06911339010132525, 0.09132000259575566, 0.0965220833334138, 0.10161222210784245, 0.0907062459211968, 0.06059820821398297], [0.08216944480764851, 0.053994414586601765, 0.058093605769221485, 0.11867012233078, 0.05794772970844295, 0.11280326064766807, 0.07093185069460606, 0.0957192097314571, 0.05744435300500243, 0.06426210816691559, 1.0, 0.5956273684580535, 0.06713417951620444, 0.0718751273494341, 0.0813158607817435, 0.09040754088266895, 0.09872751962605668, 0.08943799040999613, 0.08848814469715507, 0.08456515684718435], [0.09611943218617285, 0.06305580362876599, 0.08011259331635405, 0.07684991047153718, 0.08286969287227511, 0.07830087560401051, 0.07386347812332272, 0.10727008103817866, 0.060167042864539985, 0.062255732921463136, 0.5956273684580535, 1.0, 0.07586316601460537, 0.0915283631693945, 0.08117196678514309, 0.11291799102030774, 0.0663748654562282, 0.1026736959369664, 0.11052209067260395, 0.08620009181713133], [0.0916400830255541, 0.08220613351570577, 0.09781155972661904, 0.09668826287742992, 0.10822115799673329, 0.07539235696739256, 0.060339023748653596, 0.06314035158197209, 0.07452812145896147, 0.079366487384415, 0.06713417951620444, 0.07586316601460537, 1.0, 0.7642492983830799, 0.08885582605192323, 0.07237597637785087, 0.08534238673939676, 0.10312168348274701, 0.07200312620529299, 0.08928674756643078], [0.1071612437455132, 0.10332142775059809, 0.0971017151880484, 0.07346952053650252, 0.08666716367147236, 0.09576571460632101, 0.07228440066724827, 0.09790102059164302, 0.06736505498695072, 0.10920241254630692, 0.0718751273494341, 0.0915283631693945, 0.7642492983830799, 1.0, 0.1220889392031146, 0.1028327583979166, 0.07509344672124578, 0.10960782071826336, 0.1030584964355678, 0.09252755045065525], [0.08769752078294481, 0.0796010445212656, 0.10821949219370904, 0.07857137545886837, 0.09246362707025517, 0.07395773360400781, 0.08727455649563715, 0.12374852805782045, 0.07298397033962875, 0.06911339010132525, 0.0813158607817435, 0.08117196678514309, 0.08885582605192323, 0.1220889392031146, 1.0, 0.9012783903533684, 0.07954601749469792, 0.11212454972619992, 0.10092584366404818, 0.09928376746896247], [0.11038421529475637, 0.11508974670716612, 0.09420212187575021, 0.10385280443008968, 0.11551070720243012, 0.08266979409515801, 0.10282762096482152, 0.09713706883947897, 0.09342602183254556, 0.09132000259575566, 0.09040754088266895, 0.11291799102030774, 0.07237597637785087, 0.1028327583979166, 0.9012783903533684, 1.0, 0.10724982101067215, 0.1316818787476947, 0.12992257830384749, 0.09734027025215719], [0.09830393730168495, 0.07705226691166686, 0.12348576573729987, 0.07886465335942737, 0.10313811457750503, 0.07465742398675237, 0.08258131098408303, 0.10486337711289007, 0.07622985271597353, 0.0965220833334138, 0.09872751962605668, 0.0663748654562282, 0.08534238673939676, 0.07509344672124578, 0.07954601749469792, 0.10724982101067215, 1.0, 1.0, 0.09656394085926079, 0.0836379370849857], [0.11441302026408337, 0.10029443430584685, 0.11457743260836942, 0.10326944986782698, 0.08503427836350738, 0.10563500845841663, 0.09972528976764317, 0.08930875306580183, 0.10762366583663001, 0.10161222210784245, 0.08943799040999613, 0.1026736959369664, 0.10312168348274701, 0.10960782071826336, 0.11212454972619992, 0.1316818787476947, 1.0, 1.0, 0.07895345756007079, 0.09461971696606378], [0.12148391471629298, 0.10233590971096532, 0.13504795967617175, 0.10194215733176404, 0.08365325764439423, 0.09128728284446923, 0.15640244391168792, 0.13344933921215338, 0.10814839378926829, 0.0907062459211968, 0.08848814469715507, 0.11052209067260395, 0.07200312620529299, 0.1030584964355678, 0.10092584366404818, 0.12992257830384749, 0.09656394085926079, 0.07895345756007079, 1.0, 0.8940495584608019], [0.12224679456042403, 0.07743898187664251, 0.10544267097850525, 0.09471204108092365, 0.09015200669874923, 0.07302314085277141, 0.08064963614033537, 0.09068209901996704, 0.07824008345045458, 