{"model": "LSING", "dataset": "0.7_dim20_pair_gau", "N": 200, "seed": 1230, "metrics": {"TP": 10, "FP": 22, "FN": 0, "TN": 158, "TPR": 1.0, "FDR": 0.6875, "FPR": 0.12222222222222222, "Hamming": 22}, "omega": [[1.0, 0.6393901765822657, 0.07352558261293343, 0.09564389777588891, 0.10571640183692878, 0.08294765323543025, 0.09362001603013924, 0.12936775455836702, 0.18681650518215187, 0.10387160818647588, 0.07396334556387504, 0.1204093382633869, 0.091950504110582, 0.0443983130776077, 0.09581794311324153, 0.0719254828527117, 0.16057066699619885, 0.12342119293425602, 0.09473060518040904, 0.06206303881517692], [0.6393901765822657, 1.0, 0.1062726399045163, 0.28316729341920954, 0.23607817091157104, 0.12513618685908248, 0.19288134215626646, 0.21689584363796263, 0.24227837678135425, 0.18543557237473104, 0.21693268168662738, 0.17890556257666315, 0.13990781514532202, 0.1299961043345107, 0.11829572080199417, 0.1558585795356417, 0.24521209569958138, 0.1576333090856223, 0.1914549300431256, 0.18799591664025248], [0.07352558261293343, 0.1062726399045163, 1.0, 0.42309587889623507, 0.08333295989569114, 0.06874973584910876, 0.08597253323128894, 0.0849194039861803, 0.1683996944801367, 0.06904355748583163, 0.06640822244251024, 0.12193926999049132, 0.06388972928855627, 0.02767525624715103, 0.1033821016258478, 0.07569853481642104, 0.20470361438541837, 0.11430907780439917, 0.08504690909496922, 0.06941560935941922], [0.09564389777588891, 0.28316729341920954, 0.42309587889623507, 1.0, 0.08615304938812342, 0.20466041214946595, 0.1281525038848133, 0.15172735947998647, 0.14660707048222826, 0.09504933285824146, 0.10109503002838177, 0.10750155704599948, 0.10471415369553062, 0.0881451520404478, 0.14023278148140333, 0.11061863744593964, 0.2086249755339854, 0.0879752829057395, 0.2427668980065168, 0.1534538507849436], [0.10571640183692878, 0.23607817091157104, 0.08333295989569114, 0.08615304938812342, 1.0, 0.4195155963432727, 0.13083973776190136, 0.2151730669127331, 0.22919035206160362, 0.13174065562375384, 0.08928617860818024, 0.11224935414364716, 0.07752485815110638, 0.16354393431050823, 0.14717873242428786, 0.07513494992562958, 0.20635379078368282, 0.1197007659830537, 0.12184591957844185, 0.07073486556579625], [0.08294765323543025, 0.12513618685908248, 0.06874973584910876, 0.20466041214946595, 0.4195155963432727, 1.0, 0.1418758432176968, 0.14420900961810515, 0.26891386250271493, 0.10850227184344031, 0.13231886937177192, 0.13125803831273683, 0.08694126646911293, 0.07506121443821721, 0.11229260362171091, 0.08467353984136196, 0.2001040751811932, 0.09963896336705229, 0.11884589703180676, 0.061969774788702504], [0.09362001603013924, 0.19288134215626646, 0.08597253323128894, 0.1281525038848133, 0.13083973776190136, 0.1418758432176968, 1.0, 0.5813038464235519, 0.13978272073398712, 0.08580810368826021, 0.10752981592724106, 0.10637304018935545, 0.0896479829929263, 0.09655002036863879, 0.18262174043739218, 0.1146774312955545, 0.2377791676736885, 0.15408113963824355, 0.11444201170667079, 0.07416039645968589], [0.12936775455836702, 0.21689584363796263, 0.0849194039861803, 0.15172735947998647, 0.2151730669127331, 0.14420900961810515, 0.5813038464235519, 1.0, 0.32889238769664675, 0.12112638172917443, 0.12515050796769792, 0.1484133658612457, 0.11450047044504358, 0.12317834688546636, 0.19149526670758032, 0.12152714870782189, 0.35782549755337695, 0.1920508447353834, 0.1258341364132325, 0.13908202303873052], [0.18681650518215187, 0.24227837678135425, 0.1683996944801367, 0.14660707048222826, 0.22919035206160362, 0.26891386250271493, 0.13978272073398712, 0.32889238769664675, 1.0, 0.8728583801145416, 0.12565259442769416, 0.1946909714785714, 0.17264882544665067, 0.14738782600917194, 0.11177275952694136, 0.22187099947052122, 0.3607250941694553, 0.15994824273059446, 0.12350967875860991, 0.14232886807015727], [0.10387160818647588, 0.18543557237473104, 0.06904355748583163, 0.09504933285824146, 0.13174065562375384, 0.10850227184344031, 0.08580810368826021, 0.12112638172917443, 0.8728583801145416, 1.0, 0.07330267408491274, 0.09872145947478823, 0.07812355877815984, 0.05404611055751155, 0.07041961760690922, 0.09790833095359071, 0.18407727798707443, 0.12624444089927642, 0.10563588778142342, 0.0525757862269733], [0.07396334556387504, 0.21693268168662738, 0.06640822244251024, 0.10109503002838177, 0.08928617860818024, 0.13231886937177192, 0.10752981592724106, 0.12515050796769792, 0.12565259442769416, 0.07330267408491274, 1.0, 0.5559831761501003, 0.11184156833702606, 0.08865400896988938, 0.1174439482337033, 0.05928650384987034, 0.15273892646529427, 0.1093512719746816, 0.10812753661792743, 0.08198425700641544], [0.1204093382633869, 0.17890556257666315, 0.12193926999049132, 0.10750155704599948, 0.11224935414364716, 0.13125803831273683, 0.10637304018935545, 0.1484133658612457, 0.1946909714785714, 0.09872145947478823, 0.5559831761501003, 1.0, 0.1516818828738157, 0.07565645964226826, 0.12008796232776903, 0.12433703390420017, 0.19587894320725063, 0.13783820573532407, 0.09979499731200485, 0.10412354631704063], [0.091950504110582, 0.13990781514532202, 0.06388972928855627, 0.10471415369553062, 0.07752485815110638, 0.08694126646911293, 0.0896479829929263, 0.11450047044504358, 0.17264882544665067, 0.07812355877815984, 0.11184156833702606, 0.1516818828738157, 1.0, 0.32623806132455824, 0.10571377787508633, 0.06227733173185995, 0.17045932365666597, 0.10785886398174396, 0.09836428211740633, 0.07832491275542838], [0.0443983130776077, 0.1299961043345107, 0.02767525624715103, 0.0881451520404478, 0.16354393431050823, 0.07506121443821721, 0.09655002036863879, 0.12317834688546636, 0.14738782600917194, 0.05404611055751155, 0.08865400896988938, 0.07565645964226826, 0.32623806132455824, 1.0, 0.09177686505538708, 0.051348060936471034, 0.14958609323547603, 0.08730088151944106, 0.11016089378144152, 0.11141247768795573], [0.09581794311324153, 0.11829572080199417, 0.1033821016258478, 0.14023278148140333, 0.14717873242428786, 0.11229260362171091, 0.18262174043739218, 0.19149526670758032, 0.11177275952694136, 0.07041961760690922, 0.1174439482337033, 0.12008796232776903, 0.10571377787508633, 0.09177686505538708, 1.0, 0.2953675713777551, 0.25945970098885784, 0.10218479215641439, 0.1632347927319583, 0.09766666730735968], [0.0719254828527117, 0.1558585795356417, 0.07569853481642104, 0.11061863744593964, 0.07513494992562958, 0.08467353984136196, 0.1146774312955545, 0.12152714870782189, 0.22187099947052122, 0.09790833095359071, 0.05928650384987034, 0.12433703390420017, 0.06227733173185995, 0.051348060936471034, 0.2953675713777551, 1.0, 0.11959074585456682, 0.057362046501916564, 0.08981035277989968, 0.06994523662056434], [0.16057066699619885, 0.24521209569958138, 0.20470361438541837, 0.2086249755339854, 0.20635379078368282, 0.2001040751811932, 0.2377791676736885, 0.35782549755337695, 0.3607250941694553, 0.18407727798707443, 0.15273892646529427, 0.19587894320725063, 0.17045932365666597, 0.14958609323547603, 0.25945970098885784, 0.11959074585456682, 1.0, 1.0, 0.2195927850940481, 0.12727442690891658], [0.12342119293425602, 0.1576333090856223, 0.11430907780439917, 0.0879752829057395, 0.1197007659830537, 0.09963896336705229, 0.15408113963824355, 0.1920508447353834, 0.15994824273059446, 0.12624444089927642, 0.1093512719746816, 0.13783820573532407, 0.10785886398174396, 0.08730088151944106, 0.10218479215641439, 0.057362046501916564, 1.0, 1.0, 0.15317973855708059, 0.1048582826284202], [0.09473060518040904, 0.1914549300431256, 0.08504690909496922, 0.2427668980065168, 0.12184591957844185, 0.11884589703180676, 0.11444201170667079, 0.1258341364132325, 0.12350967875860991, 0.10563588778142342, 0.10812753661792743, 0.09979499731200485, 0.09836428211740633, 0.11016089378144152, 0.1632347927319583, 0.08981035277989968, 0.2195927850940481, 0.15317973855708059, 1.0, 0.40799816396098765], [0.06206303881517692, 0.18799591664025248, 0.06941560935941922, 0.1534538507849436, 0.07073486556579625, 0.061969774788702504, 0.07416039645968589, 0.13908202303873052, 0.14232886807015727,