{"model": "LSING", "dataset": "0.7_dim20_pair_gau", "N": 200, "seed": 12340, "metrics": {"TP": 10, "FP": 25, "FN": 0, "TN": 155, "TPR": 1.0, "FDR": 0.7142857142857143, "FPR": 0.1388888888888889, "Hamming": 25}, "omega": [[1.0, 0.7963018057494925, 0.08940155635878759, 0.05291973640812068, 0.08147885336232082, 0.09679788228292477, 0.12529546098727118, 0.12159549014587463, 0.08977055628593181, 0.12893692429920303, 0.10079329744911023, 0.09412084899983117, 0.14990552520655145, 0.11689713298812916, 0.16097278296823564, 0.2355033552981384, 0.12367759690451662, 0.14455413574585144, 0.12521264659892595, 0.24353073200832187], [0.7963018057494925, 1.0, 0.11166771660053192, 0.08095179590529791, 0.12227706990945134, 0.19404452409292, 0.21242027057768056, 0.134725403995213, 0.11885039802819294, 0.1411876700415574, 0.1525317508783831, 0.11317504177580531, 0.26397340573036243, 0.14039703155434255, 0.14922094156769608, 0.28735303820221386, 0.16568853946026088, 0.1509380696115854, 0.17438691618346333, 0.3441504934072038], [0.08940155635878759, 0.11166771660053192, 1.0, 0.22021166025403013, 0.07677583811508312, 0.12223376689507202, 0.14271912989672772, 0.14862279548138954, 0.15468358457122863, 0.13745023453443567, 0.0783641114806858, 0.11364858952235565, 0.12028402689570505, 0.150448714723507, 0.08984841080871676, 0.09403090492045471, 0.13229791730375975, 0.11175379128124432, 0.11845147228286419, 0.26984926348347693], [0.05291973640812068, 0.08095179590529791, 0.22021166025403013, 1.0, 0.037925703650332196, 0.04680653085178565, 0.07289052307767867, 0.06533775033028372, 0.05963226830992412, 0.0672197443794522, 0.03644096909826393, 0.05622035475950329, 0.11405576134502875, 0.08645852413418373, 0.035840246807057385, 0.09025074958583364, 0.07919448535968397, 0.07349774929113727, 0.03573518245070042, 0.21933748904034484], [0.08147885336232082, 0.12227706990945134, 0.07677583811508312, 0.037925703650332196, 1.0, 0.2856204918080498, 0.12410578567151233, 0.08367383177596394, 0.08731084435373866, 0.07726141617384351, 0.0577891506090078, 0.07504980304871883, 0.10919638351263818, 0.10599644635907804, 0.07176645165745117, 0.07177248255034502, 0.08327327495875814, 0.07499703111593413, 0.03763504701211996, 0.2535827873062574], [0.09679788228292477, 0.19404452409292, 0.12223376689507202, 0.04680653085178565, 0.2856204918080498, 1.0, 0.14873220504284917, 0.08600142503472942, 0.06629772684788447, 0.09223024229870806, 0.09581472732677161, 0.11312625773044757, 0.09456399327037146, 0.1331241653670054, 0.07431916245743976, 0.09495740928822452, 0.102996864446678, 0.11629441397612875, 0.09655472112477353, 0.32750368126072515], [0.12529546098727118, 0.21242027057768056, 0.14271912989672772, 0.07289052307767867, 0.12410578567151233, 0.14873220504284917, 1.0, 0.7192785112586023, 0.15271357373646804, 0.1172578831351552, 0.09200739085507578, 0.11200426171495807, 0.1736980317727914, 0.09072756410460538, 0.15804321865778564, 0.10133034961842396, 0.20052438386917087, 0.14984943558840505, 0.08163640453787671, 0.2766588645272207], [0.12159549014587463, 0.134725403995213, 0.14862279548138954, 0.06533775033028372, 0.08367383177596394, 0.08600142503472942, 0.7192785112586023, 1.0, 0.14627519243278625, 0.1420599546919706, 0.07534142240812977, 0.07906184922361201, 0.12361378330013748, 0.14147901539570412, 0.08347992491544827, 0.14814975501485544, 0.14111290733492987, 0.18032593770414782, 0.10745986404214254, 0.2535041311329358], [0.08977055628593181, 0.11885039802819294, 0.15468358457122863, 0.05963226830992412, 0.08731084435373866, 0.06629772684788447, 0.15271357373646804, 0.14627519243278625, 1.0, 0.5346617770106354, 0.06637461679808379, 0.16991031629968006, 0.10105716081580757, 0.0875468869291802, 0.07284807632975014, 0.13901718177409997, 0.11824641266753885, 0.09112660093314937, 0.06411524529595539, 0.22845362566801927], [0.12893692429920303, 0.1411876700415574, 0.13745023453443567, 0.0672197443794522, 0.07726141617384351, 0.09223024229870806, 0.1172578831351552, 0.1420599546919706, 0.5346617770106354, 1.0, 0.1145340116143574, 0.14376088680307852, 0.12647521286913563, 0.14355802663541486, 0.09473949364212256, 0.10096908108306016, 0.09369857726543368, 0.11456074934426468, 0.07655087979313521, 0.3252010224810063], [0.10079329744911023, 0.1525317508783831, 0.0783641114806858, 0.03644096909826393, 0.0577891506090078, 0.09581472732677161, 0.09200739085507578, 0.07534142240812977, 0.06637461679808379, 0.1145340116143574, 1.0, 0.5808628710144212, 0.1463019560821104, 0.08358943260041467, 0.08977063774695632, 0.09367150628588071, 0.07808031052824053, 0.10545457317822306, 0.0654597354374015, 0.39423443084685506], [0.09412084899983117, 0.11317504177580531, 0.11364858952235565, 0.05622035475950329, 0.07504980304871883, 0.11312625773044757, 0.11200426171495807, 0.07906184922361201, 0.16991031629968006, 0.14376088680307852, 0.5808628710144212, 1.0, 0.1353772810327291, 0.10508860582285477, 0.07144321431221028, 0.1158233915213381, 0.1639181655285352, 0.15354801788961117, 0.0812274424240514, 0.23157757449681043], [0.14990552520655145, 0.26397340573036243, 0.12028402689570505, 0.11405576134502875, 0.10919638351263818, 0.09456399327037146, 0.1736980317727914, 0.12361378330013748, 0.10105716081580757, 0.12647521286913563, 0.1463019560821104, 0.1353772810327291, 1.0, 0.49426292961600116, 0.13451402559632766, 0.16606272327078278, 0.20620426120841862, 0.14281305445798345, 0.07313393047029035, 0.30176413031447463], [0.11689713298812916, 0.14039703155434255, 0.150448714723507, 0.08645852413418373, 0.10599644635907804, 0.1331241653670054, 0.09072756410460538, 0.14147901539570412, 0.0875468869291802, 0.14355802663541486, 0.08358943260041467, 0.10508860582285477, 0.49426292961600116, 1.0, 0.10157957962290093, 0.1141914754118562, 0.12087144604619364, 0.2226124443919276, 0.09276535791730287, 0.2651938436911939], [0.16097278296823564, 0.14922094156769608, 0.08984841080871676, 0.035840246807057385, 0.07176645165745117, 0.07431916245743976, 0.15804321865778564, 0.08347992491544827, 0.07284807632975014, 0.09473949364212256, 0.08977063774695632, 0.07144321431221028, 0.13451402559632766, 0.10157957962290093, 1.0, 0.42163704933891344, 0.14410474489584105, 0.09668985200472101, 0.08510878438512426, 0.2262140769656497], [0.2355033552981384, 0.28735303820221386, 0.09403090492045471, 0.09025074958583364, 0.07177248255034502, 0.09495740928822452, 0.10133034961842396, 0.14814975501485544, 0.13901718177409997, 0.10096908108306016, 0.09367150628588071, 0.1158233915213381, 0.16606272327078278, 0.1141914754118562, 0.42163704933891344, 1.0, 0.09930263660750913, 0.09648639198769506, 0.06771733331085997, 0.215192415161046], [0.12367759690451662, 0.16568853946026088, 0.13229791730375975, 0.07919448535968397, 0.08327327495875814, 0.102996864446678, 0.20052438386917087, 0.14111290733492987, 0.11824641266753885, 0.09369857726543368, 0.07808031052824053, 0.1639181655285352, 0.20620426120841862, 0.12087144604619364, 0.14410474489584105, 0.09930263660750913, 1.0, 0.6170140888026772, 0.10757133790001862, 0.2569675984035476], [0.14455413574585144, 0.1509380696115854, 0.11175379128124432, 0.07349774929113727, 0.07499703111593413, 0.11629441397612875, 0.14984943558840505, 0.18032593770414782, 0.09112660093314937, 0.11456074934426468, 0.10545457317822306, 0.15354801788961117, 0.14281305445798345, 0.2226124443919276, 0.09668985200472101, 0.09648639198769506, 0.6170140888026772, 1.0, 0.0767241510950339, 0.32359741778031414], [0.12521264659892595, 0.17438691618346333, 0.11845147228286419, 0.03573518245070042, 0.03763504701211996, 0.09655472112477353, 0.08163640453787671, 0.10745986404214254, 0.06411524529595539, 0.07655087979313521, 0.0654597354374015, 0.0812274424240514, 0.07313393047029035, 0.09276535791730287, 0.08510878438512426, 0.06771733331085997, 0.10757133790001862, 0.0767241510950339, 1.0, 1.0], [0.24353073200832187, 0.3441504934072038, 0.26984926348347693, 0.21933748904034484, 0.2535827873062574, 0.32750368126072515, 0.2766588645272207, 