{"model": "SING", "dataset": "dim6_butterfly", "N": 1000, "seed": 1230, "metrics": {"TP": 0, "FP": 0, "FN": 3, "TN": 12, "TPR": 0.0, "FDR": 0.0, "FPR": 0.0, "Hamming": 3}, "omega": [[440.5490035404283, 0.0, 0.0, 0.0, 0.0, 0.0], [0.0, 600.3928383331022, 0.0, 0.0, 0.0, 0.0], [0.0, 0.0, 439.98319411897637, 0.0, 0.0, 0.0], [0.0, 0.0, 0.0, 602.245495625773, 0.0, 0.0], [0.0, 0.0, 0.0, 0.0, 454.66176563333346, 0.0], [0.0, 0.0, 0.0, 0.0, 0.0, 602.6602368170473]], "meta_info": {"source": "pretrained", "p_order": 2}}