{"model": "NPN", "dataset": "dim5_cop_gau", "N": 1000, "seed": 120, "metrics": {"TP": 4, "FP": 0, "FN": 0, "TN": 6, "TPR": 1.0, "FDR": 0.0, "FPR": 0.0, "Hamming": 0}, "omega": [[2.6749533881172267, -2.1167207774097836, -0.0, -0.0, -0.0], [-2.116699378603433, 4.323343656048003, -2.089299621619355, -0.0, -0.0], [-0.0, -2.0893952746494713, 4.234309360029442, -2.0252241484920304, -0.0], [-0.0, -0.0, -2.0251978425814947, 4.441366395884731, -2.301648471076513], [-0.0, -0.0, -0.0, -2.301652161123242, 2.855331332192745]], "meta_info": {"source": "pretrained"}}