{"model": "NPN", "dataset": "dim5_cop_gau", "N": 1000, "seed": 12340, "metrics": {"TP": 4, "FP": 0, "FN": 0, "TN": 6, "TPR": 1.0, "FDR": 0.0, "FPR": 0.0, "Hamming": 0}, "omega": [[2.8345527200080043, -2.280381635355289, -0.0, -0.0, -0.0], [-2.280379841091012, 4.761127021441609, -2.3744117492965295, -0.0, -0.0], [-0.0, -2.37452032907534, 4.768518561801677, -2.2880295424328385, -0.0], [-0.0, -0.0, -2.2880405532650374, 4.592400254440462, -2.194127693212834], [-0.0, -0.0, -0.0, -2.194125671362586, 2.7503769315657927]], "meta_info": {"source": "pretrained"}}