{"model": "NPN", "dataset": "dim5_cop_gau", "N": 1000, "seed": 1230, "metrics": {"TP": 4, "FP": 0, "FN": 0, "TN": 6, "TPR": 1.0, "FDR": 0.0, "FPR": 0.0, "Hamming": 0}, "omega": [[2.8807777169271094, -2.3276930461655123, -0.0, -0.0, -0.0], [-2.3276811398015083, 4.681414558296011, -2.245717468854815, -0.0, -0.0], [-0.0, -2.2456213533490996, 4.491590375517613, -2.133049608184821, -0.0], [-0.0, -0.0, -2.1330721514939786, 4.273820153709065, -2.022053630109778], [-0.0, -0.0, -0.0, -2.022049918269142, 2.582954844215335]], "meta_info": {"source": "pretrained"}}