{"model": "NPN", "dataset": "dim5_cop_gau", "N": 1000, "seed": 1234560, "metrics": {"TP": 4, "FP": 0, "FN": 0, "TN": 6, "TPR": 1.0, "FDR": 0.0, "FPR": 0.0, "Hamming": 0}, "omega": [[2.860385829276205, -2.306794456944536, -0.0, -0.0, -0.0], [-2.3068195501562947, 4.465256964225269, -2.0447397490055006, -0.0, -0.0], [-0.0, -2.044635759752657, 4.360645643758824, -2.199467089191462, -0.0], [-0.0, -0.0, -2.1995761770868576, 4.5057424470804275, -2.193913079556062], [-0.0, -0.0, -0.0, -2.1938995275271598, 2.750167682784366]], "meta_info": {"source": "pretrained"}}