{"model": "LSING", "dataset": "0.7_dim20_pair_gau", "N": 10000, "seed": 1230, "metrics": {"TP": 10, "FP": 0, "FN": 0, "TN": 180, "TPR": 1.0, "FDR": 0.0, "FPR": 0.0, "Hamming": 0}, "omega": [[1.0, 0.7351026536460277, 0.049323392429125076, 0.05326455546365385, 0.0494803656259478, 0.06184514810213923, 0.06312823767996342, 0.04922510193668732, 0.052066730147821, 0.044932706213941735, 0.05290869415900221, 0.0549467694739467, 0.04958729933778517, 0.054698775965453875, 0.07140665991931183, 0.056639217913014725, 0.051691068868377876, 0.05834413213193629, 0.06837286116899385, 0.0559974954521198], [0.7351026536460277, 1.0, 0.04792651309118523, 0.06158007456788606, 0.056520470320731375, 0.052817677766567026, 0.058423418254270346, 0.05856763042220925, 0.06423491726860889, 0.05978763860766201, 0.06942608500621957, 0.05764961757673392, 0.062498048221012244, 0.058793156263345, 0.05603395217530079, 0.055810905903454715, 0.05483469764513554, 0.05796365280637077, 0.06025290143573594, 0.06745561388073862], [0.049323392429125076, 0.04792651309118523, 1.0, 0.9131438597503353, 0.04756950867635, 0.05216715139764098, 0.05738239368892395, 0.06518114860547351, 0.0635503105392721, 0.05979832244204079, 0.06411815280919263, 0.0657515618934984, 0.0605621081679573, 0.06236145504574844, 0.06899688697783511, 0.06647864267802263, 0.057301503293097945, 0.05808743530910849, 0.06506717725414013, 0.05680827803031586], [0.05326455546365385, 0.06158007456788606, 0.9131438597503353, 1.0, 0.06382734296566311, 0.06813092418485663, 0.06711169579128518, 0.06073406590627239, 0.06009547883330961, 0.04950428210381186, 0.06361745225901565, 0.05886964143912634, 0.05823548571444099, 0.05451829781043319, 0.06595500676512203, 0.056559688798115924, 0.05424275730613322, 0.07485065624714549, 0.08032889749099986, 0.06832058380087193], [0.0494803656259478, 0.056520470320731375, 0.04756950867635, 0.06382734296566311, 1.0, 0.9298920151493584, 0.06432204708641986, 0.051032106999502724, 0.06798345121346829, 0.06255116691822929, 0.06336965993791514, 0.06964877332127672, 0.06509278030942935, 0.05542195841764914, 0.0705169988192129, 0.054646806910478615, 0.06496882013470881, 0.06506245588247897, 0.06168914948839875, 0.06115914351234935], [0.06184514810213923, 0.052817677766567026, 0.05216715139764098, 0.06813092418485663, 0.9298920151493584, 1.0, 0.07925568555570675, 0.05713446027536649, 0.07277544487496805, 0.06636919934942791, 0.0634441071115406, 0.07099280700203194, 0.06580983569104054, 0.06937729575717215, 0.061814690421201746, 0.061013674576414316, 0.0701995590808464, 0.07633108191577219, 0.06667599444576479, 0.06655293830789802], [0.06312823767996342, 0.058423418254270346, 0.05738239368892395, 0.06711169579128518, 0.06432204708641986, 0.07925568555570675, 1.0, 0.9175131691518796, 0.060806819970414476, 0.06801042338815455, 0.07132945099148283, 0.06712266964904767, 0.06727512788724811, 0.06301268034490104, 0.06292217214659318, 0.06444073458376784, 0.062063799605233755, 0.07569768652266039, 0.06009907669096174, 0.06111369867709622], [0.04922510193668732, 0.05856763042220925, 0.06518114860547351, 0.06073406590627239, 0.051032106999502724, 0.05713446027536649, 0.9175131691518796, 1.0, 0.060032219768955355, 0.05585473078827624, 0.06277192696970818, 0.07311973921097335, 0.06213343918402992, 0.06587181969763573, 0.06643862467671538, 0.052228798350033454, 0.05022703344016645, 0.0669200504295795, 0.07355051015897043, 0.07227590441832597], [0.052066730147821, 0.06423491726860889, 0.0635503105392721, 0.06009547883330961, 0.06798345121346829, 0.07277544487496805, 0.060806819970414476, 0.060032219768955355, 1.0, 0.941315487541327, 0.0687942938865997, 0.06535395289853027, 0.06559873002156938, 0.06758535100772413, 0.06992602261199972, 0.06796895004428213, 0.061293283246556245, 0.06995667886750624, 0.07968226814799115, 0.07036392134189587], [0.044932706213941735, 0.05978763860766201, 0.05979832244204079, 0.04950428210381186, 0.06255116691822929, 0.06636919934942791, 0.06801042338815455, 0.05585473078827624, 0.941315487541327, 1.0, 0.07117741341782995, 0.06734678456561395, 0.054462119497159026, 0.0579278806428883, 0.0580580697883007, 0.05077688642182631, 0.05453325361086951, 0.06303777389965128, 0.06634660887937682, 0.06292929992849225], [0.05290869415900221, 0.06942608500621957, 0.06411815280919263, 0.06361745225901565, 0.06336965993791514, 0.0634441071115406, 0.07132945099148283, 0.06277192696970818, 0.0687942938865997, 0.07117741341782995, 1.0, 0.9715973986313404, 0.06684712130627786, 0.06599361384185981, 0.06686210584777022, 0.07351434868481972, 0.061638076631807426, 0.0738102274055062, 0.06316785591930933, 0.06511150641385406], [0.0549467694739467, 0.05764961757673392, 0.0657515618934984, 0.05886964143912634, 0.06964877332127672, 0.07099280700203194, 0.06712266964904767, 0.07311973921097335, 0.06535395289853027, 0.06734678456561395, 0.9715973986313404, 1.0, 0.054141695914610426, 0.06649118684257448, 0.07210816638960289, 0.05862174199227148, 0.07178565777407941, 0.06611606641754965, 0.06792318383176596, 0.06680892966844108], [0.04958729933778517, 0.062498048221012244, 0.0605621081679573, 0.05823548571444099, 0.06509278030942935, 0.06580983569104054, 0.06727512788724811, 0.06213343918402992, 0.06559873002156938, 0.054462119497159026, 0.06684712130627786, 0.054141695914610426, 1.0, 1.0, 0.07026884070285364, 0.056738544389881726, 0.053367542505931634, 0.0635791456569547, 0.06851925765719215, 0.07774701788028128], [0.054698775965453875, 0.058793156263345, 0.06236145504574844, 0.05451829781043319, 0.05542195841764914, 0.06937729575717215, 0.06301268034490104, 0.06587181969763573, 0.06758535100772413, 0.0579278806428883, 0.06599361384185981, 0.06649118684257448, 1.0, 1.0, 0.0618280550122625, 0.050856371118729406, 0.05854408888448541, 0.06945514482670398, 0.06916286396366964, 0.06126223245473493], [0.07140665991931183, 0.05603395217530079, 0.06899688697783511, 0.06595500676512203, 0.0705169988192129, 0.061814690421201746, 0.06292217214659318, 0.06643862467671538, 0.06992602261199972, 0.0580580697883007, 0.06686210584777022, 0.07210816638960289, 0.07026884070285364, 0.0618280550122625, 1.0, 0.9628821489196394, 0.05880538166345708, 0.07045842193417065, 0.07223521492143659, 0.0669621456253918], [0.056639217913014725, 0.055810905903454715, 0.06647864267802263, 0.056559688798115924, 0.054646806910478615, 0.061013674576414316, 0.06444073458376784, 0.052228798350033454, 0.06796895004428213, 0.05077688642182631, 0.07351434868481972, 0.05862174199227148, 0.056738544389881726, 0.050856371118729406, 0.9628821489196394, 1.0, 0.0552397871531451, 0.061172805965263664, 0.05790327960532573, 0.0535229519280232], [0.051691068868377876, 0.05483469764513554, 0.057301503293097945, 0.05424275730613322, 0.06496882013470881, 0.0701995590808464, 0.062063799605233755, 0.05022703344016645, 0.061293283246556245, 0.05453325361086951, 0.061638076631807426, 0.07178565777407941, 0.053367542505931634, 0.05854408888448541, 0.05880538166345708, 0.0552397871531451, 1.0, 0.9130504669951299, 0.0594667891349193, 0.05709809500100019], [0.05834413213193629, 0.05796365280637077, 0.05808743530910849, 0.07485065624714549, 0.06506245588247897, 0.07633108191577219, 0.07569768652266039, 0.0669200504295795, 0.06995667886750624, 0.06303777389965128, 0.0738102274055062, 0.06611606641754965, 0.0635791456569547, 0.06945514482670398, 0.07045842193417065, 0.061172805965263664, 0.9130504669951299, 1.0, 0.06863084088805056, 0.06787007036019546], [0.06837286116899385, 0.06025290143573594, 0.06506717725414013, 0.08032889749099986, 0.06168914948839875, 0.06667599444576479, 0.06009907669096174, 0.07355051015897043, 0.07968226814799115, 0.06634660887937682, 0.06316785591930933, 0.06792318383176596, 0.06851925765719215, 0.06916286396366964, 0.07223521492143659, 0.05790327960532573, 0.0594667891349193, 0.06863084088805056, 1.0, 0.9831819881578489], [0.0559974954521198, 0.06745561388073862, 0.05680827803031586, 0.06832058380087193, 0.06115914351234935, 0.06655293830789802, 