{"model": "LSING", "dataset": "0.1_dim20_pair_gau", "N": 500, "seed": 1234560, "metrics": {"TP": 10, "FP": 171, "FN": 0, "TN": 9, "TPR": 1.0, "FDR": 0.9447513812154696, "FPR": 0.95, "Hamming": 171}, "omega": [[1.0, 0.47435633515375375, 0.4130672669624383, 0.2514931743574225, 0.2706752740370478, 0.1483169917112432, 0.20715577723305703, 0.2993828929581058, 0.2378249378383268, 0.23625647300617, 0.4277758609371723, 0.22864713170376086, 0.3607551635950074, 0.279100622390584, 0.1659203997026273, 0.3634262142673782, 0.34433087275042523, 0.23669840260910915, 0.17749027614779614, 0.19887062286556909], [0.47435633515375375, 1.0, 0.9525053862776272, 0.5110557451048516, 0.6628878533502193, 0.508670105772243, 0.504604066566226, 0.37683598417712566, 0.5378517157902658, 0.655030906052751, 0.6140132211301123, 0.7195273844918967, 0.7476878099077622, 0.6613108094333108, 0.4040951854123004, 0.612625877721758, 0.5238457461882446, 0.5265108395334899, 0.5567678638425867, 0.5460244681367722], [0.4130672669624383, 0.9525053862776272, 1.0, 0.881538129828904, 0.5295525320174646, 0.7608446969515029, 0.6243617187629253, 0.46939245403451807, 0.6129487274935783, 0.6463715408142953, 0.775812624783655, 0.6295496901122513, 1.0, 0.6254966262715858, 0.3568835347216774, 0.421975012048077, 0.5524065733667851, 0.4621896786272184, 0.7400361735841041, 0.4748424410391393], [0.2514931743574225, 0.5110557451048516, 0.881538129828904, 1.0, 0.2230031212925145, 0.1831462012132934, 0.2610517157368967, 0.267992795703573, 0.2529985035300999, 0.25516830483155906, 0.6982816346745525, 0.3113158928412274, 0.30247106993862016, 0.3139243548875166, 0.21688977623932418, 0.3767655569627211, 0.4124041290614561, 0.3381719237910428, 0.1963163504813627, 0.35268186458868694], [0.2706752740370478, 0.6628878533502193, 0.5295525320174646, 0.2230031212925145, 1.0, 0.27688726522260526, 0.4338091056244106, 0.2818360628965659, 0.27328446323748773, 0.26806020756315035, 0.31559644252173324, 0.35405143608274986, 0.2720957062948334, 0.4821193995120996, 0.3371787246169832, 0.4117398303822883, 0.3181576795750538, 0.2407266364704231, 0.25128577531710594, 0.4846432781870299], [0.1483169917112432, 0.508670105772243, 0.7608446969515029, 0.1831462012132934, 0.27688726522260526, 1.0, 0.15631341251174788, 0.20141422809851725, 0.2180123421408379, 0.22642083252612552, 0.3251853309125104, 0.2082269953777012, 0.3763316327265799, 0.3137618325992412, 0.17862535710607058, 0.31150473944398993, 0.21896077130108024, 0.2551442487043314, 0.18497346621174834, 0.2982396932236705], [0.20715577723305703, 0.504604066566226, 0.6243617187629253, 0.2610517157368967, 0.4338091056244106, 0.15631341251174788, 1.0, 0.2524469737845585, 0.23571183454721378, 0.24830964678720616, 0.6193651957605713, 0.26890882314170084, 0.33437825384804637, 0.6767964977053951, 0.2509022048381235, 0.25016994059484143, 0.29755549453687086, 0.4462766505331841, 0.21818972772680137, 0.2328647258455402], [0.2993828929581058, 0.37683598417712566, 0.46939245403451807, 0.267992795703573, 0.2818360628965659, 0.20141422809851725, 0.2524469737845585, 1.0, 0.23338201263460356, 0.2524016700796214, 0.27124220744253613, 0.32391835486510157, 0.3493991038258715, 0.5130218231635822, 0.2501828025508301, 0.22692871300920137, 0.41383346061866544, 0.33240811306566587, 0.3655776299097582, 0.33303070378381666], [0.2378249378383268, 0.5378517157902658, 0.6129487274935783, 0.2529985035300999, 0.27328446323748773, 0.2180123421408379, 0.23571183454721378, 0.23338201263460356, 1.0, 0.2567520265586049, 0.3115906370297314, 0.2979296386964488, 0.3571421881229176, 0.33743272156320264, 0.20630087744157016, 0.3500015343619696, 0.3806347508703168, 0.27431435367603774, 0.2522661992599839, 0.39646833904115986], [0.23625647300617, 0.655030906052751, 0.6463715408142953, 0.25516830483155906, 0.26806020756315035, 0.22642083252612552, 0.24830964678720616, 0.2524016700796214, 0.2567520265586049, 1.0, 0.41539960389445085, 0.28362081272618495, 0.249973268746034, 0.6438453138984375, 0.24072940499310738, 0.24706038261383764, 0.29270888537008544, 0.2950736173530735, 0.2217824963188655, 0.36222552932819496], [0.4277758609371723, 0.6140132211301123, 0.775812624783655, 0.6982816346745525, 0.31559644252173324, 0.3251853309125104, 0.6193651957605713, 0.27124220744253613, 0.3115906370297314, 0.41539960389445085, 1.0, 0.5128506817637211, 0.44602370762692645, 0.4123096657332409, 0.25471865672079896, 0.3444190985636771, 0.567466642970781, 0.4147358655909588, 0.3765280844278004, 0.5513189909181783], [0.22864713170376086, 0.7195273844918967, 0.6295496901122513, 0.3113158928412274, 0.35405143608274986, 0.2082269953777012, 0.26890882314170084, 0.32391835486510157, 0.2979296386964488, 0.28362081272618495, 0.5128506817637211, 1.0, 0.530935032178906, 0.47606260570419745, 0.2059562797566155, 0.2704488022103351, 0.37568437880755257, 0.2749588924414928, 0.23828891555565518, 0.36391260701174066], [0.3607551635950074, 0.7476878099077622, 1.0, 0.30247106993862016, 0.2720957062948334, 0.3763316327265799, 0.33437825384804637, 0.3493991038258715, 0.3571421881229176, 0.249973268746034, 0.44602370762692645, 0.530935032178906, 1.0, 0.7016851830800702, 0.2543146858987599, 0.4558528971155596, 0.33149510098236523, 0.4026837325076064, 0.3029914521361788, 0.4825595145652312], [0.279100622390584, 0.6613108094333108, 0.6254966262715858, 0.3139243548875166, 0.4821193995120996, 0.3137618325992412, 0.6767964977053951, 0.5130218231635822, 0.33743272156320264, 0.6438453138984375, 0.4123096657332409, 0.47606260570419745, 0.7016851830800702, 1.0, 0.5439641935953864, 0.47191694645423626, 0.3498999729418602, 0.369652014710662, 0.44627047972961076, 0.547398709428134], [0.1659203997026273, 0.4040951854123004, 0.3568835347216774, 0.21688977623932418, 0.3371787246169832, 0.17862535710607058, 0.2509022048381235, 0.2501828025508301, 0.20630087744157016, 0.24072940499310738, 0.25471865672079896, 0.2059562797566155, 0.2543146858987599, 0.5439641935953864, 1.0, 0.41136223057270926, 0.27381629310956734, 0.22615363339582856, 0.23646763456888165, 0.3247154625794466], [0.3634262142673782, 0.612625877721758, 0.421975012048077, 0.3767655569627211, 0.4117398303822883, 0.31150473944398993, 0.25016994059484143, 0.22692871300920137, 0.3500015343619696, 0.24706038261383764, 0.3444190985636771, 0.2704488022103351, 0.4558528971155596, 0.47191694645423626, 0.41136223057270926, 1.0, 0.3543341456112178, 0.2922219856191591, 0.27270234631963935, 0.3786152369882102], [0.34433087275042523, 0.5238457461882446, 0.5524065733667851, 0.4124041290614561, 0.3181576795750538, 0.21896077130108024, 0.29755549453687086, 0.41383346061866544, 0.3806347508703168, 0.29270888537008544, 0.567466642970781, 0.37568437880755257, 0.33149510098236523, 0.3498999729418602, 0.27381629310956734, 0.3543341456112178, 1.0, 0.37281908458096974, 0.26174954356066976, 0.5274707363816703], [0.23669840260910915, 0.5265108395334899, 0.4621896786272184, 0.3381719237910428, 0.2407266364704231, 0.2551442487043314, 0.4462766505331841, 0.33240811306566587, 0.27431435367603774, 0.2950736173530735, 0.4147358655909588, 0.2749588924414928, 0.4026837325076064, 0.369652014710662, 0.22615363339582856, 0.2922219856191591, 0.37281908458096974, 1.0, 0.2799621866499301, 0.3808071464443096], [0.17749027614779614, 0.5567678638425867, 0.7400361735841041, 0.1963163504813627, 0.25128577531710594, 0.18497346621174834, 0.21818972772680137, 0.3655776299097582, 0.2522661992599839, 0.2217824963188655, 0.3765280844278004, 0.23828891555565518, 0.3029914521361788, 0.44627047972961076, 0.23646763456888165, 0.27270234631963935, 0.26174954356066976, 0.2799621866499301, 1.0, 0.44186929584259954], [0.19887062286556909, 0.5460244681367722, 0.4748424410391393, 0.35268186458868694, 0.4846432781870299, 0.2982396932236705, 0.2328647258455402, 0.33303070378381666, 0.39646833904115986, 0.36222552932819496, 0.5513189909181783, 0.36391260701174066, 0.4825595145652312, 0.547398709428134, 0.3247154625794466, 0.3786152369882102, 0.5274707363816703, 0.3808071464443096, 