{"model": "SING", "dataset": "dim5_cop_gau", "N": 5000, "seed": 123450, "metrics": {"TP": 4, "FP": 0, "FN": 0, "TN": 6, "TPR": 1.0, "FDR": 0.0, "FPR": 0.0, "Hamming": 0}, "omega": [[483.01333690496796, 6.795159650923934, 0.0, 0.0, 0.0], [6.795159650923934, 441.29471927388107, 7.217707053955658, 0.0, 0.0], [0.0, 7.217707053955658, 542.7190331651012, 8.522614120282526, 0.0], [0.0, 0.0, 8.522614120282526, 628.8717407211818, 6.830242761709573], [0.0, 0.0, 0.0, 6.830242761709573, 584.1528334003144]], "meta_info": {"source": "pretrained", "p_order": 2}}