{"model": "SING", "dataset": "dim5_cop_gau", "N": 5000, "seed": 12340, "metrics": {"TP": 4, "FP": 0, "FN": 0, "TN": 6, "TPR": 1.0, "FDR": 0.0, "FPR": 0.0, "Hamming": 0}, "omega": [[661.0178159526349, 7.772722740435747, 0.0, 0.0, 0.0], [7.772722740435747, 430.2603043683024, 7.4646509091987445, 0.0, 0.0], [0.0, 7.4646509091987445, 594.260077673716, 7.769119238853887, 0.0], [0.0, 0.0, 7.769119238853887, 557.8100845495673, 7.414445964554], [0.0, 0.0, 0.0, 7.414445964554, 571.461724797926]], "meta_info": {"source": "pretrained", "p_order": 2}}