{"model": "SING", "dataset": "dim5_cop_gau", "N": 5000, "seed": 1234560, "metrics": {"TP": 4, "FP": 0, "FN": 0, "TN": 6, "TPR": 1.0, "FDR": 0.0, "FPR": 0.0, "Hamming": 0}, "omega": [[628.1864246384744, 6.491878703328813, 0.0, 0.0, 0.0], [6.491878703328813, 462.91469550420726, 7.22926019130559, 0.0, 0.0], [0.0, 7.22926019130559, 553.3538076881387, 6.969486293106155, 0.0], [0.0, 0.0, 6.969486293106155, 587.0465101870805, 6.454446958086199], [0.0, 0.0, 0.0, 6.454446958086199, 539.9956906359452]], "meta_info": {"source": "pretrained", "p_order": 2}}