{"model": "LSING", "dataset": "dim20_butterfly", "N": 20000, "seed": 1230, "metrics": {"TP": 10, "FP": 0, "FN": 0, "TN": 180, "TPR": 1.0, "FDR": 0.0, "FPR": 0.0, "Hamming": 0}, "omega": [[1.0, 0.6861059399363011, 0.015449022388466509, 0.023363026955282234, 0.01648027138020803, 0.021977036474882118, 0.01412350740589205, 0.022547375725539935, 0.015865454639430673, 0.02052256446190064, 0.014508151864329938, 0.021985635809653157, 0.0156909265431238, 0.0243992597753203, 0.018467769102682326, 0.018467829676612788, 0.01621287912179258, 0.027365119499016904, 0.013544325443064012, 0.023800021351445145], [0.6861059399363011, 1.0, 0.02195380420919503, 0.02446460336196823, 0.02185260464158386, 0.022272261913506494, 0.019579705814832097, 0.026340866796243822, 0.018431058596628632, 0.02388086212919555, 0.018016380826293227, 0.02612266651858937, 0.019334610171213556, 0.03331980457863543, 0.02106686557587815, 0.027111529443328303, 0.020463472970218322, 0.031710786835497114, 0.01929266921443214, 0.029866154891373658], [0.015449022388466509, 0.02195380420919503, 1.0, 0.6755872855648789, 0.015741459262934944, 0.020920330748025, 0.014523362951778708, 0.02537521558532271, 0.01570201427659179, 0.022533547562557175, 0.015277865880396282, 0.023890553417230908, 0.016192674470951293, 0.024688328847422746, 0.015135542563226278, 0.020123963120877757, 0.016131023730706927, 0.024630785776837878, 0.015668509321304633, 0.025658343003853164], [0.023363026955282234, 0.02446460336196823, 0.6755872855648789, 1.0, 0.019206641253047208, 0.02637343285560881, 0.020816494051084048, 0.0264917780905729, 0.018096969032387146, 0.02710438063785638, 0.020809008843962588, 0.027264041620105324, 0.02226903797422535, 0.031109364505093315, 0.018825022246100467, 0.024966377250051637, 0.022363415402918165, 0.029510946118108634, 0.019555689873919646, 0.029879777535663777], [0.01648027138020803, 0.02185260464158386, 0.015741459262934944, 0.019206641253047208, 1.0, 0.5920994573402232, 0.014407174040571354, 0.027826909184608308, 0.015009779185135172, 0.02041680508350616, 0.015488466833970998, 0.02047061366311027, 0.015329217970784665, 0.027494081937810572, 0.015761282622517515, 0.02274297435539051, 0.015107391369882423, 0.025619218734838266, 0.0144680389422357, 0.024475227055861786], [0.021977036474882118, 0.022272261913506494, 0.020920330748025, 0.02637343285560881, 0.5920994573402232, 1.0, 0.017324657909052216, 0.027319976236500943, 0.01887396760443029, 0.02332421475017695, 0.01768334697912552, 0.02454725649008453, 0.019410244295137494, 0.027033069978219214, 0.01897454899344754, 0.024212625546339534, 0.02225084416153996, 0.025031370914083414, 0.01889553354619099, 0.027817341207788532], [0.01412350740589205, 0.019579705814832097, 0.014523362951778708, 0.020816494051084048, 0.014407174040571354, 0.017324657909052216, 1.0, 1.0, 0.012364034836257785, 0.02025684663999155, 0.011694932496173923, 0.020305322009521624, 0.013735469725670923, 0.025911071503548665, 0.014023780001126588, 0.01650022562274749, 0.014361181120512921, 0.024396644820375776, 0.012826171740272018, 0.021912445194816988], [0.022547375725539935, 0.026340866796243822, 0.02537521558532271, 0.0264917780905729, 0.027826909184608308, 0.027319976236500943, 1.0, 1.0, 0.022380126776823214, 0.023670936683113226, 0.023195596284774127, 0.029852298604780326, 0.026390321624595932, 0.03382835084848003, 0.024295111555308398, 0.029129142144338514, 0.026724260835688587, 0.032319549428260194, 0.022498555841780357, 0.03151362301855048], [0.015865454639430673, 0.018431058596628632, 0.01570201427659179, 0.018096969032387146, 0.015009779185135172, 0.01887396760443029, 0.012364034836257785, 0.022380126776823214, 1.0, 0.6133397752843038, 0.012266168998176721, 0.020928364906391276, 0.014024135332129392, 0.027707420616706734, 0.01353342970732204, 0.020449862224378827, 0.01434906092603374, 0.01981551471773658, 0.011316991732986791, 0.02509371068278679], [0.02052256446190064, 0.02388086212919555, 0.022533547562557175, 0.02710438063785638, 0.02041680508350616, 0.02332421475017695, 0.02025684663999155, 0.023670936683113226, 0.6133397752843038, 1.0, 0.018768164418103958, 0.024052746065269994, 0.01899161623919406, 0.03135219565722215, 0.02067891064397275, 0.024441300787254712, 0.022111043315902794, 0.02562456492504026, 0.018063609021862166, 0.029005061856172402], [0.014508151864329938, 0.018016380826293227, 0.015277865880396282, 0.020809008843962588, 0.015488466833970998, 0.01768334697912552, 0.011694932496173923, 0.023195596284774127, 0.012266168998176721, 0.018768164418103958, 1.0, 0.7254237859261223, 0.01285175286828053, 0.023158848460852553, 0.015599742225908233, 0.019214230301192316, 0.014308677043768417, 0.02555274046867149, 0.011250622716230316, 0.023839864395045627], [0.021985635809653157, 0.02612266651858937, 0.023890553417230908, 0.027264041620105324, 0.02047061366311027, 0.02454725649008453, 0.020305322009521624, 0.029852298604780326, 0.020928364906391276, 0.024052746065269994, 0.7254237859261223, 1.0, 0.021957663093068697, 0.03427301325523312, 0.021223709329521917, 0.025675759631377172, 0.02234280674559424, 0.033311208488896384, 0.022006750151128712, 0.03360434845362911], [0.0156909265431238, 0.019334610171213556, 0.016192674470951293, 0.02226903797422535, 0.015329217970784665, 0.019410244295137494, 0.013735469725670923, 0.026390321624595932, 0.014024135332129392, 0.01899161623919406, 0.01285175286828053, 0.021957663093068697, 1.0, 0.8474804288767539, 0.0148474540316232, 0.020605149444345168, 0.016603880057058394, 0.024925004714706978, 0.014568220110640967, 0.023677935676274985], [0.0243992597753203, 0.03331980457863543, 0.024688328847422746, 0.031109364505093315, 0.027494081937810572, 0.027033069978219214, 0.025911071503548665, 0.03382835084848003, 0.027707420616706734, 0.03135219565722215, 0.023158848460852553, 0.03427301325523312, 0.8474804288767539, 1.0, 0.031619466767776674, 0.035238853759686925, 0.02881755309107058, 0.0347171618652546, 0.026385191769859873, 0.03421213104673149], [0.018467769102682326, 0.02106686557587815, 0.015135542563226278, 0.018825022246100467, 0.015761282622517515, 0.01897454899344754, 0.014023780001126588, 0.024295111555308398, 0.01353342970732204, 0.02067891064397275, 0.015599742225908233, 0.021223709329521917, 0.0148474540316232, 0.031619466767776674, 1.0, 0.7881041402069463, 0.015817766730996614, 0.026623307349669924, 0.014366129253457588, 0.02581937825714948], [0.018467829676612788, 0.027111529443328303, 0.020123963120877757, 0.024966377250051637, 0.02274297435539051, 0.024212625546339534, 0.01650022562274749, 0.029129142144338514, 0.020449862224378827, 0.024441300787254712, 0.019214230301192316, 0.025675759631377172, 0.020605149444345168, 0.035238853759686925, 0.7881041402069463, 1.0, 0.021950324994064078, 0.027122556062027167, 0.02119580908531855, 0.029031018867052984], [0.01621287912179258, 0.020463472970218322, 0.016131023730706927, 0.022363415402918165, 0.015107391369882423, 0.02225084416153996, 0.014361181120512921, 0.026724260835688587, 0.01434906092603374, 0.022111043315902794, 0.014308677043768417, 0.02234280674559424, 0.016603880057058394, 0.02881755309107058, 0.015817766730996614, 0.021950324994064078, 1.0, 0.7931143051831179, 0.015158129608386209, 0.02619748722116138], [0.027365119499016904, 0.031710786835497114, 0.024630785776837878, 0.029510946118108634, 0.025619218734838266, 0.025031370914083414, 0.024396644820375776, 0.032319549428260194, 0.01981551471773658, 0.02562456492504026, 0.02555274046867149, 0.033311208488896384, 0.024925004714706978, 0.0347171618652546, 0.026623307349669924, 0.027122556062027167, 0.7931143051831179, 1.0, 0.02327810176393492, 0.02831037838808003], [0.013544325443064012, 0.01929266921443214, 0.015668509321304633, 0.019555689873919646, 0.0144680389422357, 0.01889553354619099, 0.012826171740272018, 0.022498555841780357, 0.011316991732986791, 0.018063609021862166, 0.011250622716230316, 0.022006750151128712, 0.014568220110640967, 0.026385191769859873, 0.014366129253457588, 0.02119580908531855, 