{"model": "LSING", "dataset": "dim20_butterfly", "N": 20000, "seed": 1234560, "metrics": {"TP": 10, "FP": 0, "FN": 0, "TN": 180, "TPR": 1.0, "FDR": 0.0, "FPR": 0.0, "Hamming": 0}, "omega": [[1.0, 0.5834799671768707, 0.007092584927561429, 0.00984438480370275, 0.0035080713796804192, 0.008302204512716155, 0.002743937286664478, 0.011493808232721739, 0.0069912475602505915, 0.010561838856488209, 0.008187622135492695, 0.011743171065238436, 0.007226764838153042, 0.015738717421752094, 0.007069581787458122, 0.012003087548233857, 0.0070672297452309876, 0.017552058616861845, 0.006175136059694095, 0.013260725243319504], [0.5834799671768707, 1.0, 0.019036144141284128, 0.020071482411066127, 0.012811123279373874, 0.017534589003273787, 0.014366346342840857, 0.02007908884639245, 0.017293052053095472, 0.018691491367910325, 0.018362868373105308, 0.022949803536869234, 0.01771729107547814, 0.02596966261367228, 0.018747698054561293, 0.025795991890212516, 0.015853923720852082, 0.027376653398543525, 0.014634450905169624, 0.02237102368141958], [0.007092584927561429, 0.019036144141284128, 1.0, 0.40488021632670235, 0.007702994796994507, 0.01445307785022777, 0.00791873667604487, 0.013986241835035221, 0.011701377451426456, 0.013781963525692628, 0.013151083806096872, 0.014390104714909499, 0.012374105696325877, 0.019974935275586008, 0.012358165049453735, 0.01846724556897209, 0.010839411870993559, 0.02335648600246868, 0.00996921076053613, 0.01907606638737589], [0.00984438480370275, 0.020071482411066127, 0.40488021632670235, 1.0, 0.01038700564083312, 0.016577008986900676, 0.009733464983183683, 0.017672213117808477, 0.01384467722410816, 0.015117272928901358, 0.014868554908502588, 0.018619245352865924, 0.01537491724997367, 0.01905731729624066, 0.013019386153570463, 0.020693151324795923, 0.013444582943782722, 0.02694872734803082, 0.011886194809788725, 0.02007499197162159], [0.0035080713796804192, 0.012811123279373874, 0.007702994796994507, 0.01038700564083312, 1.0, 0.3784055080536313, 0.00286691744145402, 0.009659937302090627, 0.007295618377471169, 0.008919421417571259, 0.00871519951188045, 0.010382321849756213, 0.006673116241541473, 0.014893023349824204, 0.0077862266915599615, 0.012827398070631102, 0.007514601725645673, 0.0218222950350901, 0.006471449311851414, 0.014099568808227788], [0.008302204512716155, 0.017534589003273787, 0.01445307785022777, 0.016577008986900676, 0.3784055080536313, 1.0, 0.00974949137952291, 0.017268535663695975, 0.013993442800723675, 0.014466481029111005, 0.015112262852149226, 0.017985195091489454, 0.014292238907810239, 0.022265223561681334, 0.013254566899631668, 0.021248750572567695, 0.012645475104953686, 0.020659884510660014, 0.012170641907443266, 0.01780640407038483], [0.002743937286664478, 0.014366346342840857, 0.00791873667604487, 0.009733464983183683, 0.00286691744145402, 0.00974949137952291, 1.0, 0.3839142384492022, 0.007636799391678717, 0.009155990867298966, 0.008596350651021415, 0.01249210750763475, 0.007372100734517122, 0.017238051827624112, 0.007900374949671628, 0.015385940334019887, 0.0068541227224854, 0.02021317514880712, 0.0065610335309177195, 0.012808322594343306], [0.011493808232721739, 0.02007908884639245, 0.013986241835035221, 0.017672213117808477, 0.009659937302090627, 0.017268535663695975, 0.3839142384492022, 1.0, 0.013929584714988699, 0.016719388914106438, 0.016001185597996046, 0.018941576604870156, 0.015541784519195648, 0.022786016881912605, 0.01746803189834973, 0.019682097861165884, 0.01332672139552326, 0.026426973474604442, 0.013758200776621026, 0.022301531199146588], [0.0069912475602505915, 0.017293052053095472, 0.011701377451426456, 0.01384467722410816, 0.007295618377471169, 0.013993442800723675, 0.007636799391678717, 0.013929584714988699, 1.0, 0.3637025439211237, 0.012687928850393956, 0.013957552968086453, 0.01067523168367986, 0.01929080812124982, 0.01172893426624594, 0.01695826265693808, 0.010934429442893726, 0.02287519990886666, 0.010888628881826248, 0.01874682583724411], [0.010561838856488209, 0.018691491367910325, 0.013781963525692628, 0.015117272928901358, 0.008919421417571259, 0.014466481029111005, 0.009155990867298966, 0.016719388914106438, 0.3637025439211237, 1.0, 0.014381679382120234, 0.019971799749828975, 0.012345742319233613, 0.019798355038885707, 0.015066128843038044, 0.018795291595205064, 0.012379194161221935, 0.02457304373417956, 0.013117578246344946, 0.018735022253988192], [0.008187622135492695, 0.018362868373105308, 0.013151083806096872, 0.014868554908502588, 0.00871519951188045, 0.015112262852149226, 0.008596350651021415, 0.016001185597996046, 0.012687928850393956, 0.014381679382120234, 1.0, 0.4932804155054849, 0.012732530112650305, 0.020069375878914133, 0.012615969727998139, 0.017886087807186903, 0.012445138087822187, 0.025652000828007997, 0.011234668767229117, 0.01676940492693407], [0.011743171065238436, 0.022949803536869234, 0.014390104714909499, 0.018619245352865924, 0.010382321849756213, 0.017985195091489454, 0.01249210750763475, 0.018941576604870156, 0.013957552968086453, 0.019971799749828975, 0.4932804155054849, 1.0, 0.015678025898704234, 0.02173066337341176, 0.015660509530766375, 0.02253520904155496, 0.013712633390438525, 0.02533470511895494, 0.014859296353513423, 0.022033049816653872], [0.007226764838153042, 0.01771729107547814, 0.012374105696325877, 0.01537491724997367, 0.006673116241541473, 0.014292238907810239, 0.007372100734517122, 0.015541784519195648, 0.01067523168367986, 0.012345742319233613, 0.012732530112650305, 0.015678025898704234, 1.0, 0.6381762312797413, 0.010878546256552461, 0.01627817468051555, 0.01134133792100967, 0.023048410251196867, 0.009335506282393522, 0.020557973557006694], [0.015738717421752094, 0.02596966261367228, 0.019974935275586008, 0.01905731729624066, 0.014893023349824204, 0.022265223561681334, 0.017238051827624112, 0.022786016881912605, 0.01929080812124982, 0.019798355038885707, 0.020069375878914133, 0.02173066337341176, 0.6381762312797413, 1.0, 0.020284075832305258, 0.024365203738155344, 0.020014792264542725, 0.03556359471112121, 0.018903666984321423, 0.02794088330033434], [0.007069581787458122, 0.018747698054561293, 0.012358165049453735, 0.013019386153570463, 0.0077862266915599615, 0.013254566899631668, 0.007900374949671628, 0.01746803189834973, 0.01172893426624594, 0.015066128843038044, 0.012615969727998139, 0.015660509530766375, 0.010878546256552461, 0.020284075832305258, 1.0, 0.6204466093911053, 0.011178272277813414, 0.020857284956714496, 0.009456427753631612, 0.015979743058402773], [0.012003087548233857, 0.025795991890212516, 0.01846724556897209, 0.020693151324795923, 0.012827398070631102, 0.021248750572567695, 0.015385940334019887, 0.019682097861165884, 0.01695826265693808, 0.018795291595205064, 0.017886087807186903, 0.02253520904155496, 0.01627817468051555, 0.024365203738155344, 0.6204466093911053, 1.0, 0.017053345088063932, 0.028492629193863587, 0.016155533842932772, 0.025338697741473477], [0.0070672297452309876, 0.015853923720852082, 0.010839411870993559, 0.013444582943782722, 0.007514601725645673, 0.012645475104953686, 0.0068541227224854, 0.01332672139552326, 0.010934429442893726, 0.012379194161221935, 0.012445138087822187, 0.013712633390438525, 0.01134133792100967, 0.020014792264542725, 0.011178272277813414, 0.017053345088063932, 1.0, 1.0, 0.009314654240290536, 0.017948834929988677], [0.017552058616861845, 0.027376653398543525, 0.02335648600246868, 0.02694872734803082, 0.0218222950350901, 0.020659884510660014, 0.02021317514880712, 0.026426973474604442, 0.02287519990886666, 0.02457304373417956, 0.025652000828007997, 0.02533470511895494, 0.023048410251196867, 0.03556359471112121, 0.020857284956714496, 0.028492629193863587, 1.0, 1.0, 0.021332888108836576, 0.027101773633541534], [0.006175136059694095, 0.014634450905169624, 0.00996921076053613, 0.011886194809788725, 0.006471449311851414, 0.012170641907443266, 0.0065610335309177195, 0.013758200776621026, 0.010888628881826248, 0.013117578246344946, 0.011234668767229117, 0.014859296353513423, 0.009335506282393522, 