{"model": "LSING", "dataset": "dim20_butterfly", "N": 20000, "seed": 123450, "metrics": {"TP": 10, "FP": 0, "FN": 0, "TN": 180, "TPR": 1.0, "FDR": 0.0, "FPR": 0.0, "Hamming": 0}, "omega": [[1.0, 0.6703914861332086, 0.00825352228678028, 0.021503452724799844, 0.014872782119680584, 0.018746674359695476, 0.01826359408025469, 0.02403989361514947, 0.010754868659164273, 0.02063602626553164, 0.012616870416402137, 0.020259234700590847, 0.016478841114738907, 0.023751049391413252, 0.012570745337106757, 0.017735554857562716, 0.017258907512391404, 0.021403865080987194, 0.016553785009556624, 0.01398908169845053], [0.6703914861332086, 1.0, 0.01317407766369469, 0.02344092458872609, 0.0170820043937161, 0.022898345633678926, 0.01872785099598051, 0.026372743156136608, 0.01594770030709472, 0.023401180501043322, 0.017103036022275586, 0.01922371618828784, 0.018633001364787224, 0.023876940609481173, 0.016336539292764955, 0.018900682465490273, 0.019757605277227187, 0.023757078483224406, 0.01900358414440123, 0.018794405917738736], [0.00825352228678028, 0.01317407766369469, 1.0, 0.7689900856049426, 0.008550519050896885, 0.013237789543905363, 0.010505131874600341, 0.01611161179516772, 0.006109999167532353, 0.015261019436242142, 0.007388263029580563, 0.013441749171384533, 0.008599976766377151, 0.014137052055324699, 0.006537665757160416, 0.012883487628543196, 0.010413425125111236, 0.01612530979910819, 0.010332693601644004, 0.009666133842012233], [0.021503452724799844, 0.02344092458872609, 0.7689900856049426, 1.0, 0.021281924312552134, 0.02539299233923117, 0.025121986440536953, 0.026413885483987938, 0.01791272658060775, 0.02695789169221921, 0.021333345203088338, 0.02253700443541997, 0.021025383741866792, 0.031312276437868956, 0.02068009516433818, 0.026321806595779273, 0.021950715032693812, 0.025957200965319557, 0.025016647668320152, 0.021404721432897657], [0.014872782119680584, 0.0170820043937161, 0.008550519050896885, 0.021281924312552134, 1.0, 0.6917909023958282, 0.01626617337102924, 0.025252145847553142, 0.010689446882843855, 0.020868181864602642, 0.014078639729969762, 0.018046486877214656, 0.012985509791926439, 0.019373578240570774, 0.012668164024031432, 0.01920831870016659, 0.014920224951423975, 0.020503166776262242, 0.014540766996764154, 0.016234134578733187], [0.018746674359695476, 0.022898345633678926, 0.013237789543905363, 0.02539299233923117, 0.6917909023958282, 1.0, 0.020588992891668934, 0.029099479947498945, 0.01758010873569095, 0.025795651815242182, 0.01842364438051282, 0.02342369647291428, 0.01897088647588117, 0.025653692066080553, 0.01907417655483895, 0.02757205605155874, 0.02090940514812638, 0.024224049519759348, 0.021166723454809095, 0.019987817940160354], [0.01826359408025469, 0.01872785099598051, 0.010505131874600341, 0.025121986440536953, 0.01626617337102924, 0.020588992891668934, 1.0, 1.0, 0.01361570665006618, 0.025291294232513497, 0.016784882569463935, 0.020654649345848968, 0.016452091582357588, 0.022372873126959025, 0.013849347996304244, 0.017662728912879837, 0.017939883231110433, 0.023141094727039038, 0.016808122462867944, 0.016627158457919965], [0.02403989361514947, 0.026372743156136608, 0.01611161179516772, 0.026413885483987938, 0.025252145847553142, 0.029099479947498945, 1.0, 1.0, 0.0212537540783128, 0.029672662018524514, 0.019831700775316125, 0.024274138151339764, 0.021588247474299074, 0.030702158926246188, 0.02146528469899382, 0.025809643575965054, 0.025969020493491403, 0.028035803835656924, 0.023022102055344915, 0.023002175729087346], [0.010754868659164273, 0.01594770030709472, 0.006109999167532353, 0.01791272658060775, 0.010689446882843855, 0.01758010873569095, 0.01361570665006618, 0.0212537540783128, 1.0, 0.7004025194648135, 0.011213869305581747, 0.015022497937006132, 0.011455261806489161, 0.017173295250986393, 0.009401624636028913, 0.016248861491833834, 0.013589514916306323, 0.017786417481525596, 0.012112788457321135, 0.012541765546143325], [0.02063602626553164, 0.023401180501043322, 0.015261019436242142, 0.02695789169221921, 0.020868181864602642, 0.025795651815242182, 0.025291294232513497, 0.029672662018524514, 0.7004025194648135, 1.0, 0.023151058358119682, 0.025083402873476015, 0.018815574656194267, 0.027668310006294813, 0.019573673521559996, 0.023025425449480493, 0.021931901495967986, 0.028101800958793687, 0.02239482755659361, 0.02306954395118458], [0.012616870416402137, 0.017103036022275586, 0.007388263029580563, 0.021333345203088338, 0.014078639729969762, 0.01842364438051282, 0.016784882569463935, 0.019831700775316125, 0.011213869305581747, 0.023151058358119682, 1.0, 0.5054554502113967, 0.014574366876477314, 0.020987575571043905, 0.011566424239648977, 0.018285416079511865, 0.014869460129400595, 0.018907117739519065, 0.014249386005975138, 0.015518620736814393], [0.020259234700590847, 0.01922371618828784, 0.013441749171384533, 0.02253700443541997, 0.018046486877214656, 0.02342369647291428, 0.020654649345848968, 0.024274138151339764, 0.015022497937006132, 0.025083402873476015, 0.5054554502113967, 1.0, 0.015581292594008122, 0.026914754017621317, 0.014971983703205731, 0.021353365119718633, 0.01887446967389655, 0.0219637605947484, 0.018066623313858998, 0.0192941523028031], [0.016478841114738907, 0.018633001364787224, 0.008599976766377151, 0.021025383741866792, 0.012985509791926439, 0.01897088647588117, 0.016452091582357588, 0.021588247474299074, 0.011455261806489161, 0.018815574656194267, 0.014574366876477314, 0.015581292594008122, 1.0, 0.7170966273279127, 0.01248782052325464, 0.016776919432600353, 0.015293673468250918, 0.019306092094603905, 0.014259677203360334, 0.014864622910986136], [0.023751049391413252, 0.023876940609481173, 0.014137052055324699, 0.031312276437868956, 0.019373578240570774, 0.025653692066080553, 0.022372873126959025, 0.030702158926246188, 0.017173295250986393, 0.027668310006294813, 0.020987575571043905, 0.026914754017621317, 0.7170966273279127, 1.0, 0.01846495517103506, 0.02231392523069615, 0.02495414520970106, 0.029552390902338924, 0.02493539063491005, 0.021546098581989054], [0.012570745337106757, 0.016336539292764955, 0.006537665757160416, 0.02068009516433818, 0.012668164024031432, 0.01907417655483895, 0.013849347996304244, 0.02146528469899382, 0.009401624636028913, 0.019573673521559996, 0.011566424239648977, 0.014971983703205731, 0.01248782052325464, 0.01846495517103506, 1.0, 0.5306791637716669, 0.013023092409951049, 0.018707932624904625, 0.012879872934372498, 0.014413968887984498], [0.017735554857562716, 0.018900682465490273, 0.012883487628543196, 0.026321806595779273, 0.01920831870016659, 0.02757205605155874, 0.017662728912879837, 0.025809643575965054, 0.016248861491833834, 0.023025425449480493, 0.018285416079511865, 0.021353365119718633, 0.016776919432600353, 0.02231392523069615, 0.5306791637716669, 1.0, 0.01756833506680174, 0.022838624680937315, 0.018325466675665317, 0.019211564414292805], [0.017258907512391404, 0.019757605277227187, 0.010413425125111236, 0.021950715032693812, 0.014920224951423975, 0.02090940514812638, 0.017939883231110433, 0.025969020493491403, 0.013589514916306323, 0.021931901495967986, 0.014869460129400595, 0.01887446967389655, 0.015293673468250918, 0.02495414520970106, 0.013023092409951049, 0.01756833506680174, 1.0, 0.7083684602959615, 0.015716626144780595, 0.017962082399569704], [0.021403865080987194, 0.023757078483224406, 0.01612530979910819, 0.025957200965319557, 0.020503166776262242, 0.024224049519759348, 0.023141094727039038, 0.028035803835656924, 0.017786417481525596, 0.028101800958793687, 0.018907117739519065, 0.0219637605947484, 0.019306092094603905, 0.029552390902338924, 0.018707932624904625, 0.022838624680937315, 0.7083684602959615, 1.0, 0.023399611926396398, 0.023554400107947883], [0.016553785009556624, 0.01900358414440123, 0.010332693601644004, 0.025016647668320152, 0.014540766996764154, 0.021166723454809095, 0.016808122462867944, 0.023022102055344915, 0.012112788457321135, 0.02239482755659361, 0.014249386005975138, 0.018066623313858998, 0.014259677203360334, 0.02493539063491005, 