{"model": "LSING", "dataset": "dim20_butterfly", "N": 20000, "seed": 12340, "metrics": {"TP": 10, "FP": 0, "FN": 0, "TN": 180, "TPR": 1.0, "FDR": 0.0, "FPR": 0.0, "Hamming": 0}, "omega": [[1.0, 0.7240287477040799, 0.015621060126626722, 0.026255076720446215, 0.02215517966249922, 0.022003885303811855, 0.01504094111866263, 0.02463126532501357, 0.010956413391991196, 0.020950966995863688, 0.016165321253841645, 0.02037369495073366, 0.01558979238961341, 0.017956292262661308, 0.01761669571273832, 0.021489454205431923, 0.01817638187034139, 0.025471238006883185, 0.016448271672051734, 0.02787018778027847], [0.7240287477040799, 1.0, 0.020124520474394652, 0.02853042761293723, 0.026508551436706183, 0.031077629902399134, 0.02144877747904848, 0.028950908400934106, 0.01580210519324417, 0.027576367042727604, 0.022306064397833312, 0.02734873241983539, 0.020249719731728937, 0.02480293347958115, 0.022398923810898086, 0.028854674292720376, 0.021215856406405737, 0.030271879829019112, 0.021331758877883435, 0.032144968777702725], [0.015621060126626722, 0.020124520474394652, 1.0, 0.9676572738718247, 0.01810733590823468, 0.020311316239510647, 0.015954314762169394, 0.02285789738320619, 0.010921102436263186, 0.021834285666649456, 0.015862926342535763, 0.018383242200601706, 0.013942579314011641, 0.01815842769759773, 0.01579741398581729, 0.02137165286396666, 0.017821861179399327, 0.023459623351981637, 0.014934109952296607, 0.02532243896843959], [0.026255076720446215, 0.02853042761293723, 0.9676572738718247, 1.0, 0.02864545070950974, 0.029379477505366593, 0.023338393092616847, 0.03221038718411082, 0.019294192597174235, 0.027484535177628965, 0.021317630361778573, 0.023778661963416062, 0.02051789525569873, 0.024047734041776368, 0.02477778217620323, 0.029597008443450756, 0.025801298331872835, 0.029463387480293736, 0.025035455129190032, 0.03043836836876054], [0.02215517966249922, 0.026508551436706183, 0.01810733590823468, 0.02864545070950974, 1.0, 0.7727241964280707, 0.019897664296931322, 0.02982365631965449, 0.015206359027509879, 0.02572763216193094, 0.01712756355393834, 0.021275497674013648, 0.01629903294615555, 0.024336407376036078, 0.019058365909860805, 0.022566910723875396, 0.019886091766127798, 0.029704749585680205, 0.019063055909355125, 0.025015348152191308], [0.022003885303811855, 0.031077629902399134, 0.020311316239510647, 0.029379477505366593, 0.7727241964280707, 1.0, 0.02170618253943596, 0.029794829143275473, 0.014878117983173433, 0.028132539995581265, 0.018429354623514457, 0.023039709487000553, 0.01889541419666111, 0.026305792708567734, 0.023980342141991316, 0.026534171417918185, 0.020405579001783084, 0.027682662960753904, 0.021336587923837122, 0.02728239383724446], [0.01504094111866263, 0.02144877747904848, 0.015954314762169394, 0.023338393092616847, 0.019897664296931322, 0.02170618253943596, 1.0, 0.9546939821285079, 0.0097004575919122, 0.02156324761093702, 0.014598563466039504, 0.017362274514208607, 0.012688447894745554, 0.019258413500471055, 0.01568428009577185, 0.02173717003609487, 0.017716409203589727, 0.02242826798241367, 0.015187843971413234, 0.026997124725374116], [0.02463126532501357, 0.028950908400934106, 0.02285789738320619, 0.03221038718411082, 0.02982365631965449, 0.029794829143275473, 0.9546939821285079, 1.0, 0.0177653167824511, 0.0305951666050596, 0.023603749570416232, 0.024387210335302067, 0.022639990107021578, 0.023150448449419596, 0.025603117399715162, 0.026988209109348224, 0.02593967425445307, 0.02920519592159362, 0.023699898318062247, 0.03338360537492152], [0.010956413391991196, 0.01580210519324417, 0.010921102436263186, 0.019294192597174235, 0.015206359027509879, 0.014878117983173433, 0.0097004575919122, 0.0177653167824511, 1.0, 0.7420375211469801, 0.009583251090126388, 0.012581649476773435, 0.00808524681053621, 0.011969784122071994, 0.009625668581546502, 0.015422627139207766, 0.011078205339997347, 0.016876386056981964, 0.011050400074565838, 0.01904200110793937], [0.020950966995863688, 0.027576367042727604, 0.021834285666649456, 0.027484535177628965, 0.02572763216193094, 0.028132539995581265, 0.02156324761093702, 0.0305951666050596, 0.7420375211469801, 1.0, 0.02027916268528515, 0.02560259235169485, 0.01962845209839382, 0.0255171179698851, 0.022018786359897524, 0.025134851873280715, 0.020540505605824974, 0.023431970822911864, 0.020887447996302082, 0.03062238857327836], [0.016165321253841645, 0.022306064397833312, 0.015862926342535763, 0.021317630361778573, 0.01712756355393834, 0.018429354623514457, 0.014598563466039504, 0.023603749570416232, 0.009583251090126388, 0.02027916268528515, 1.0, 0.5934803269080827, 0.01412819882124164, 0.01707780210097031, 0.015456575681220493, 0.018068146281049868, 0.01540875658381227, 0.021926560977213103, 0.015328269084477654, 0.023978092703131285], [0.02037369495073366, 0.02734873241983539, 0.018383242200601706, 0.023778661963416062, 0.021275497674013648, 0.023039709487000553, 0.017362274514208607, 0.024387210335302067, 0.012581649476773435, 0.02560259235169485, 0.5934803269080827, 1.0, 0.015976050032261786, 0.019947904628052848, 0.016019053505189233, 0.022392017120937642, 0.020528496071863436, 0.022987347489441125, 0.016651112539604405, 0.02684312298717097], [0.01558979238961341, 0.020249719731728937, 0.013942579314011641, 0.02051789525569873, 0.01629903294615555, 0.01889541419666111, 0.012688447894745554, 0.022639990107021578, 0.00808524681053621, 0.01962845209839382, 0.01412819882124164, 0.015976050032261786, 1.0, 0.5250983132554254, 0.013897328012800915, 0.016745368322710927, 0.0148744622423817, 0.019720652785568078, 0.013100344308668004, 0.024259800829808654], [0.017956292262661308, 0.02480293347958115, 0.01815842769759773, 0.024047734041776368, 0.024336407376036078, 0.026305792708567734, 0.019258413500471055, 0.023150448449419596, 0.011969784122071994, 0.0255171179698851, 0.01707780210097031, 0.019947904628052848, 0.5250983132554254, 1.0, 0.01810136066849432, 0.021744644722788947, 0.01998125430394425, 0.02236945079324255, 0.020034159065868234, 0.02930818264125877], [0.01761669571273832, 0.022398923810898086, 0.01579741398581729, 0.02477778217620323, 0.019058365909860805, 0.023980342141991316, 0.01568428009577185, 0.025603117399715162, 0.009625668581546502, 0.022018786359897524, 0.015456575681220493, 0.016019053505189233, 0.013897328012800915, 0.01810136066849432, 1.0, 0.6858171872727878, 0.016711443134061067, 0.023961905333081745, 0.01580887377624835, 0.025099912558137632], [0.021489454205431923, 0.028854674292720376, 0.02137165286396666, 0.029597008443450756, 0.022566910723875396, 0.026534171417918185, 0.02173717003609487, 0.026988209109348224, 0.015422627139207766, 0.025134851873280715, 0.018068146281049868, 0.022392017120937642, 0.016745368322710927, 0.021744644722788947, 0.6858171872727878, 1.0, 0.021474444166986212, 0.024936566253634333, 0.01954863030411563, 0.027943446474302757], [0.01817638187034139, 0.021215856406405737, 0.017821861179399327, 0.025801298331872835, 0.019886091766127798, 0.020405579001783084, 0.017716409203589727, 0.02593967425445307, 0.011078205339997347, 0.020540505605824974, 0.01540875658381227, 0.020528496071863436, 0.0148744622423817, 0.01998125430394425, 0.016711443134061067, 0.021474444166986212, 1.0, 0.7480268996037663, 0.017629117017488795, 0.023401580313368073], [0.025471238006883185, 0.030271879829019112, 0.023459623351981637, 0.029463387480293736, 0.029704749585680205, 0.027682662960753904, 0.02242826798241367, 0.02920519592159362, 0.016876386056981964, 0.023431970822911864, 0.021926560977213103, 0.022987347489441125, 0.019720652785568078, 0.02236945079324255, 0.023961905333081745, 0.024936566253634333, 0.7480268996037663, 1.0, 0.024977389005643058, 0.029706832598276126], [0.016448271672051734, 0.021331758877883435, 0.014934109952296607, 0.025035455129190032, 0.019063055909355125, 0.021336587923837122, 0.015187843971413234, 0.023699898318062247, 0.011050400074565838, 0.020887447996302082, 0.015328269084477654, 0.016651112539604405, 0.013100344308668004, 0.020034159065868234, 