{
  "model": "SING",
  "dataset": "dim5_cop_gau",
  "N": 1000,
  "seed": 12340,
  "execution_time_sec": 0.3,
  "metrics": {
    "TP": 4,
    "FP": 0,
    "FN": 0,
    "TN": 6,
    "TPR": 1.0,
    "FDR": 0.0,
    "FPR": 0.0,
    "F1": 1.0,
    "Hamming": 0
  },
  "meta_info": {
    "p_order": 1,
    "delta": 1.0
  },
  "omega": [
    [
      3.486138772055684,
      1.5599112745171586,
      0.0,
      0.0,
      0.0
    ],
    [
      1.5599112745171586,
      7.224405473381905,
      1.6082116915965807,
      0.0,
      0.0
    ],
    [
      0.0,
      1.6082116915965807,
      7.314319540092598,
      1.5099399344586204,
      0.0
    ],
    [
      0.0,
      0.0,
      1.5099399344586204,
      6.950722680122654,
      1.4330631765209805
    ],
    [
      0.0,
      0.0,
      0.0,
      1.4330631765209805,
      3.2912994534772135
    ]
  ]
}