{
  "model": "SING",
  "dataset": "dim5_cop_gau",
  "N": 1000,
  "seed": 1230,
  "execution_time_sec": 0.31,
  "metrics": {
    "TP": 4,
    "FP": 0,
    "FN": 0,
    "TN": 6,
    "TPR": 1.0,
    "FDR": 0.0,
    "FPR": 0.0,
    "F1": 1.0,
    "Hamming": 0
  },
  "meta_info": {
    "p_order": 1,
    "delta": 1.0
  },
  "omega": [
    [
      3.503183960435888,
      1.5710585440660176,
      0.0,
      0.0,
      0.0
    ],
    [
      1.5710585440660176,
      7.11935799278678,
      1.5411281191732833,
      0.0,
      0.0
    ],
    [
      0.0,
      1.5411281191732833,
      6.795191555105428,
      1.31891530076912,
      0.0
    ],
    [
      0.0,
      0.0,
      1.31891530076912,
      6.24485073737918,
      1.2844668129650871
    ],
    [
      0.0,
      0.0,
      0.0,
      1.2844668129650871,
      3.06078378772611
    ]
  ]
}