{"model": "GLASSO", "dataset": "dim5_cop_gau", "N": 200, "seed": 120, "metrics": {"TP": 4, "FP": 0, "FN": 0, "TN": 6, "TPR": 1.0, "FDR": 0.0, "FPR": 0.0, "Hamming": 0}, "omega": [[2.718824237271262, -2.161734982569645, -0.0, -0.0, -0.0], [-2.161754449710473, 4.758875264558708, -2.490512311745857, -0.0, -0.0], [-0.0, -2.490346007305682, 4.585814613267943, -1.9835432668988595, -0.0], [-0.0, -0.0, -1.983569709898532, 4.108559889883707, -2.0014590875771585], [-0.0, -0.0, -0.0, -2.001459415172143, 2.56296836603114]], "meta_info": {"source": "pretrained"}}