{"model": "GLASSO", "dataset": "dim5_cop_gau", "N": 200, "seed": 1234560, "metrics": {"TP": 4, "FP": 0, "FN": 0, "TN": 6, "TPR": 1.0, "FDR": 0.0, "FPR": 0.0, "Hamming": 0}, "omega": [[3.106149942472376, -2.5577303006387107, -0.0, -0.0, -0.0], [-2.5577374932782564, 4.324517973269924, -1.6440482513239605, -0.0, -0.0], [-0.0, -1.6440072250566555, 3.6217602771339847, -1.8365304736863326, -0.0], [-0.0, -0.0, -1.836503061797993, 4.217345832088618, -2.259302811504807], [-0.0, -0.0, -0.0, -2.259303668206891, 2.813968278536576]], "meta_info": {"source": "pretrained"}}