{"model": "GLASSO", "dataset": "dim5_cop_gau", "N": 200, "seed": 123450, "metrics": {"TP": 4, "FP": 0, "FN": 0, "TN": 6, "TPR": 1.0, "FDR": 0.0, "FPR": 0.0, "Hamming": 0}, "omega": [[2.114964033781609, -1.5356052824437632, -0.0, -0.0, -0.0], [-1.5356136389241573, 3.538213087749693, -1.8571688304847407, -0.0, -0.0], [-0.0, -1.857114240229946, 3.9657837173206327, -1.9803395091510054, -0.0], [-0.0, -0.0, -1.9803421276449682, 3.9477752645208275, -1.8385127776296049], [-0.0, -0.0, -0.0, -1.8385137483200038, 2.405289803024024]], "meta_info": {"source": "pretrained"}}