{"model": "SING", "dataset": "dim5_cop_gau", "N": 500, "seed": 120, "metrics": {"TP": 3, "FP": 0, "FN": 1, "TN": 6, "TPR": 0.75, "FDR": 0.0, "FPR": 0.0, "Hamming": 1}, "omega": [[641.1525410033585, 10.55311800038538, 0.0, 0.0, 0.0], [10.55311800038538, 457.20208648657683, 7.892001003088138, 0.0, 0.0], [0.0, 7.892001003088138, 678.3196005335902, 5.657072369409131, 0.0], [0.0, 0.0, 5.657072369409131, 361.12658830957116, 0.0], [0.0, 0.0, 0.0, 0.0, 403.2272598836717]], "meta_info": {"source": "pretrained", "p_order": 3}}