{"model": "SING", "dataset": "dim5_cop_gau", "N": 500, "seed": 1230, "metrics": {"TP": 4, "FP": 0, "FN": 0, "TN": 6, "TPR": 1.0, "FDR": 0.0, "FPR": 0.0, "Hamming": 0}, "omega": [[491.8821292446472, 7.809065217626401, 0.0, 0.0, 0.0], [7.809065217626401, 423.4616218313939, 9.076372742142816, 0.0, 0.0], [0.0, 9.076372742142816, 624.4572337482479, 9.54493229229229, 0.0], [0.0, 0.0, 9.54493229229229, 575.6379558803453, 9.036580692620582], [0.0, 0.0, 0.0, 9.036580692620582, 616.1529390410401]], "meta_info": {"source": "pretrained", "p_order": 3}}