{"model": "SING", "dataset": "dim5_cop_gau", "N": 500, "seed": 123450, "metrics": {"TP": 4, "FP": 0, "FN": 0, "TN": 6, "TPR": 1.0, "FDR": 0.0, "FPR": 0.0, "Hamming": 0}, "omega": [[507.35386150319033, 8.952225914259074, 0.0, 0.0, 0.0], [8.952225914259074, 419.62553134003775, 10.188622126708088, 0.0, 0.0], [0.0, 10.188622126708088, 662.7824614160419, 10.64026741901366, 0.0], [0.0, 0.0, 10.64026741901366, 790.8640641263842, 10.003281259503396], [0.0, 0.0, 0.0, 10.003281259503396, 546.5948610702201]], "meta_info": {"source": "pretrained", "p_order": 3}}