{"model": "SING", "dataset": "dim5_cop_gau", "N": 500, "seed": 1234560, "metrics": {"TP": 4, "FP": 0, "FN": 0, "TN": 6, "TPR": 1.0, "FDR": 0.0, "FPR": 0.0, "Hamming": 0}, "omega": [[760.9021642061647, 9.944226409172197, 0.0, 0.0, 0.0], [9.944226409172197, 535.1805145917693, 11.890066676487592, 0.0, 0.0], [0.0, 11.890066676487592, 587.5845979235182, 8.924642818098189, 0.0], [0.0, 0.0, 8.924642818098189, 626.451906064064, 7.946882350080258], [0.0, 0.0, 0.0, 7.946882350080258, 499.59870331068635]], "meta_info": {"source": "pretrained", "p_order": 3}}