{
  "model": "SING",
  "dataset": "dim5_cop_gau",
  "N": 2000,
  "seed": 1234560,
  "execution_time_sec": 0.4,
  "metrics": {
    "TP": 4,
    "FP": 0,
    "FN": 0,
    "TN": 6,
    "TPR": 1.0,
    "FDR": 0.0,
    "FPR": 0.0,
    "F1": 1.0,
    "Hamming": 0
  },
  "meta_info": {
    "p_order": 1,
    "delta": 1.0
  },
  "omega": [
    [
      3.1588843627678913,
      1.3474987298706345,
      0.0,
      0.0,
      0.0
    ],
    [
      1.3474987298706345,
      6.525149261444848,
      1.450480114970067,
      0.0,
      0.0
    ],
    [
      0.0,
      1.450480114970067,
      6.721952140337143,
      1.3820585344850411,
      0.0
    ],
    [
      0.0,
      0.0,
      1.3820585344850411,
      6.643382103011844,
      1.4200395224859859
    ],
    [
      0.0,
      0.0,
      0.0,
      1.4200395224859859,
      3.2711994450801987
    ]
  ]
}