{
  "model": "SING",
  "dataset": "dim5_cop_gau",
  "N": 2000,
  "seed": 123450,
  "execution_time_sec": 0.42,
  "metrics": {
    "TP": 4,
    "FP": 1,
    "FN": 0,
    "TN": 5,
    "TPR": 1.0,
    "FDR": 0.2,
    "FPR": 0.16666666666666666,
    "F1": 0.888888888888889,
    "Hamming": 1
  },
  "meta_info": {
    "p_order": 1,
    "delta": 1.0
  },
  "omega": [
    [
      4.011229101628441,
      1.1029354669607918,
      0.20358434022455632,
      0.0,
      0.0
    ],
    [
      1.1029354669607918,
      5.879549588393147,
      1.038707803575111,
      0.0,
      0.0
    ],
    [
      0.20358434022455632,
      1.038707803575111,
      7.254734600182936,
      1.3268417272327562,
      0.0
    ],
    [
      0.0,
      0.0,
      1.3268417272327562,
      6.82541774072888,
      1.5850192491543549
    ],
    [
      0.0,
      0.0,
      0.0,
      1.5850192491543549,
      3.524512733295586
    ]
  ]
}