{
  "model": "SING",
  "dataset": "dim5_cop_gau",
  "N": 2000,
  "seed": 1230,
  "execution_time_sec": 0.41,
  "metrics": {
    "TP": 4,
    "FP": 0,
    "FN": 0,
    "TN": 6,
    "TPR": 1.0,
    "FDR": 0.0,
    "FPR": 0.0,
    "F1": 1.0,
    "Hamming": 0
  },
  "meta_info": {
    "p_order": 1,
    "delta": 1.0
  },
  "omega": [
    [
      3.2555173021992196,
      1.409888055781227,
      0.0,
      0.0,
      0.0
    ],
    [
      1.409888055781227,
      6.65974569838226,
      1.4586477140610046,
      0.0,
      0.0
    ],
    [
      0.0,
      1.4586477140610046,
      6.960365539593087,
      1.4973568883829027,
      0.0
    ],
    [
      0.0,
      0.0,
      1.4973568883829027,
      6.695895239835055,
      1.3163457712189042
    ],
    [
      0.0,
      0.0,
      0.0,
      1.3163457712189042,
      3.1104608113321293
    ]
  ]
}