{
  "model": "SING",
  "dataset": "dim5_cop_gau",
  "N": 2000,
  "seed": 12340,
  "execution_time_sec": 0.4,
  "metrics": {
    "TP": 4,
    "FP": 0,
    "FN": 0,
    "TN": 6,
    "TPR": 1.0,
    "FDR": 0.0,
    "FPR": 0.0,
    "F1": 1.0,
    "Hamming": 0
  },
  "meta_info": {
    "p_order": 1,
    "delta": 1.0
  },
  "omega": [
    [
      3.658818188919165,
      1.673199911289293,
      0.0,
      0.0,
      0.0
    ],
    [
      1.673199911289293,
      7.361499639641018,
      1.5684600444859338,
      0.0,
      0.0
    ],
    [
      0.0,
      1.5684600444859338,
      6.95713771086597,
      1.3711321008433073,
      0.0
    ],
    [
      0.0,
      0.0,
      1.3711321008433073,
      6.565509843678119,
      1.3918123308674846
    ],
    [
      0.0,
      0.0,
      0.0,
      1.3918123308674846,
      3.2275665688929847
    ]
  ]
}