{"model": "LSING", "dataset": "dim6_butterfly", "N": 500, "seed": 1230, "metrics": {"TP": 3, "FP": 3, "FN": 0, "TN": 9, "TPR": 1.0, "FDR": 0.5, "FPR": 0.25, "Hamming": 3}, "omega": [[1.0, 1.0, 0.1230645213693916, 0.23446364884066195, 0.1789434718460632, 0.29801918849208514], [1.0, 1.0, 0.14223756088820738, 0.1454900579339616, 0.1990239023342624, 0.21963030287536828], [0.1230645213693916, 0.14223756088820738, 1.0, 0.36529533504519857, 0.07830927329664772, 0.09988101932149368], [0.23446364884066195, 0.1454900579339616, 0.36529533504519857, 1.0, 0.08372236768059077, 0.18627673588192611], [0.1789434718460632, 0.1990239023342624, 0.07830927329664772, 0.08372236768059077, 1.0, 0.5379608277091078], [0.29801918849208514, 0.21963030287536828, 0.09988101932149368, 0.18627673588192611, 0.5379608277091078, 1.0]], "meta_info": {"source": "pretrained"}}