{"model": "LSING", "dataset": "dim6_butterfly", "N": 500, "seed": 1234560, "metrics": {"TP": 3, "FP": 4, "FN": 0, "TN": 8, "TPR": 1.0, "FDR": 0.5714285714285714, "FPR": 0.3333333333333333, "Hamming": 4}, "omega": [[1.0, 0.3486848738580297, 0.07096604871010025, 0.14620154873415486, 0.0702176990997269, 0.23292802171733956], [0.3486848738580297, 1.0, 0.08117501098796094, 0.14593495354332367, 0.06884114370476094, 0.36250756788509886], [0.07096604871010025, 0.08117501098796094, 1.0, 0.5473559959317643, 0.09824641167908718, 0.23284752907171366], [0.14620154873415486, 0.14593495354332367, 0.5473559959317643, 1.0, 0.13072361458798876, 0.26198395531134094], [0.0702176990997269, 0.06884114370476094, 0.09824641167908718, 0.13072361458798876, 1.0, 1.0], [0.23292802171733956, 0.36250756788509886, 0.23284752907171366, 0.26198395531134094, 1.0, 1.0]], "meta_info": {"source": "pretrained"}}