{"model": "LSING", "dataset": "dim6_butterfly", "N": 500, "seed": 123450, "metrics": {"TP": 3, "FP": 5, "FN": 0, "TN": 7, "TPR": 1.0, "FDR": 0.625, "FPR": 0.4166666666666667, "Hamming": 5}, "omega": [[1.0, 0.6584977774595125, 0.040539520072608005, 0.20468073559489813, 0.08160359387228511, 0.2275377671435885], [0.6584977774595125, 1.0, 0.14415880479266277, 0.4081646250608278, 0.18040554980588167, 0.3379236052138702], [0.040539520072608005, 0.14415880479266277, 1.0, 0.6698593559805044, 0.05922563420665527, 0.1830158954634809], [0.20468073559489813, 0.4081646250608278, 0.6698593559805044, 1.0, 0.18557477063121922, 0.34381766565846095], [0.08160359387228511, 0.18040554980588167, 0.05922563420665527, 0.18557477063121922, 1.0, 1.0], [0.2275377671435885, 0.3379236052138702, 0.1830158954634809, 0.34381766565846095, 1.0, 1.0]], "meta_info": {"source": "pretrained"}}