{"model": "LSING", "dataset": "dim6_butterfly", "N": 500, "seed": 12340, "metrics": {"TP": 3, "FP": 3, "FN": 0, "TN": 9, "TPR": 1.0, "FDR": 0.5, "FPR": 0.25, "Hamming": 3}, "omega": [[1.0, 1.0, 0.136275547032347, 0.22553564405471463, 0.13190572147975588, 0.1665420252923677], [1.0, 1.0, 0.14567408001227028, 0.22033456428346776, 0.1769782452711198, 0.29013746391362855], [0.136275547032347, 0.14567408001227028, 1.0, 0.8022853593580643, 0.10832777346800293, 0.15860921540698045], [0.22553564405471463, 0.22033456428346776, 0.8022853593580643, 1.0, 0.1438272365152431, 0.14393528461693433], [0.13190572147975588, 0.1769782452711198, 0.10832777346800293, 0.1438272365152431, 1.0, 0.6291931743397284], [0.1665420252923677, 0.29013746391362855, 0.15860921540698045, 0.14393528461693433, 0.6291931743397284, 1.0]], "meta_info": {"source": "pretrained"}}