{"model": "LSING", "dataset": "0.7_dim20_pair_gau", "N": 500, "seed": 1234560, "metrics": {"TP": 10, "FP": 0, "FN": 0, "TN": 180, "TPR": 1.0, "FDR": 0.0, "FPR": 0.0, "Hamming": 0}, "omega": [[1.0, 0.5178029488740388, 0.06461106798504204, 0.11462317516373342, 0.05710389731942238, 0.09164478029539419, 0.08105255675417822, 0.08030605298349724, 0.055708696581328494, 0.11262757544333594, 0.1169355121087221, 0.13070575631586645, 0.0815662983875954, 0.09214570523938662, 0.04876527164263437, 0.11347740171456494, 0.061637820640109524, 0.10377595680517084, 0.12143246254866023, 0.0892967720072031], [0.5178029488740388, 1.0, 0.06418369718948055, 0.0674332505893316, 0.03345133047775228, 0.06263267044451953, 0.06163152891546493, 0.04560198109909478, 0.032222715027593975, 0.0672440352492304, 0.104778569762735, 0.08759762625812609, 0.09312758286094815, 0.07989949527065024, 0.0610253378031281, 0.10210940132590049, 0.07403487362738469, 0.1358282510403777, 0.09859794228987126, 0.07092725980781105], [0.06461106798504204, 0.06418369718948055, 1.0, 0.5168494286457495, 0.058007656772616274, 0.0684508830598231, 0.0792095090402264, 0.08766784305696293, 0.07920637181642765, 0.08474766360188744, 0.07897119521183457, 0.06413472539953517, 0.06740241969881915, 0.09785099507498192, 0.041926171273218855, 0.09787121785858788, 0.05587676481580502, 0.10886601531354523, 0.08795358525909443, 0.053052540640452304], [0.11462317516373342, 0.0674332505893316, 0.5168494286457495, 1.0, 0.06717758052739499, 0.10866506165970778, 0.08402633104904664, 0.12016163783273404, 0.05982294027191216, 0.08598892585050756, 0.16864742444378736, 0.09970016318286147, 0.09328536549339699, 0.1315578775548491, 0.10608305880489459, 0.13541914208357872, 0.11510112739412648, 0.1567887184844777, 0.07964051809395194, 0.0965157442504982], [0.05710389731942238, 0.03345133047775228, 0.058007656772616274, 0.06717758052739499, 1.0, 0.360547082072608, 0.051919271454107234, 0.06078771505661942, 0.040155541741852534, 0.04422731701096212, 0.07484935681930577, 0.07172138775876524, 0.04162813501233673, 0.0970187424401401, 0.04066484749343219, 0.08742712483951927, 0.05042702842207854, 0.11434783230418955, 0.05127997751956706, 0.09421346686617126], [0.09164478029539419, 0.06263267044451953, 0.0684508830598231, 0.10866506165970778, 0.360547082072608, 1.0, 0.06262511173642248, 0.07905881719584956, 0.051382580143153465, 0.09957841759111155, 0.11217591743884317, 0.06955248053936453, 0.06699483976068664, 0.10298662899379675, 0.04228086760999651, 0.0760880318301258, 0.07538423116080839, 0.11703619985959059, 0.062338756199119674, 0.07017469755262105], [0.08105255675417822, 0.06163152891546493, 0.0792095090402264, 0.08402633104904664, 0.051919271454107234, 0.06262511173642248, 1.0, 0.5454562333696904, 0.05488292427889522, 0.08839307590318182, 0.13685678820708388, 0.07510698062731622, 0.07833649553206348, 0.09168587951088726, 0.06792381794360017, 0.09812193660678242, 0.06395542996396515, 0.1390537490316791, 0.06956939476845486, 0.08339296026214671], [0.08030605298349724, 0.04560198109909478, 0.08766784305696293, 0.12016163783273404, 0.06078771505661942, 0.07905881719584956, 0.5454562333696904, 1.0, 0.08914980768573355, 0.09404912039558633, 0.09372676525118662, 0.06470834927812812, 0.06643242868564796, 0.06902185491168941, 0.07228969030685786, 0.08611869087160998, 0.06899633095413805, 0.14330911452231176, 0.18361011316327622, 0.07336869660758961], [0.055708696581328494, 0.032222715027593975, 0.07920637181642765, 0.05982294027191216, 0.040155541741852534, 0.051382580143153465, 0.05488292427889522, 0.08914980768573355, 1.0, 0.4382248124380733, 0.09007614535995184, 0.08173031803403974, 0.05723064461630167, 0.08541412857246716, 0.05059446604433668, 0.1135819336084085, 0.06096389774420737, 0.11902991926136432, 0.05105417515276826, 0.06914751663411056], [0.11262757544333594, 0.0672440352492304, 0.08474766360188744, 0.08598892585050756, 0.04422731701096212, 0.09957841759111155, 0.08839307590318182, 0.09404912039558633, 0.4382248124380733, 1.0, 0.11455878360927005, 0.10956213201617426, 0.06970029575540272, 0.15122439207599983, 0.04487743933475905, 0.08596777874488289, 0.04723730255675418, 0.11700959608659679, 0.057289452805050683, 0.09011989084315583], [0.1169355121087221, 0.104778569762735, 0.07897119521183457, 0.16864742444378736, 0.07484935681930577, 0.11217591743884317, 0.13685678820708388, 0.09372676525118662, 0.09007614535995184, 0.11455878360927005, 1.0, 0.8700261569885563, 0.12572129943850058, 0.13113104810676277, 0.08538604905170205, 0.12508019429352496, 0.10596044936079073, 0.14358585250340727, 0.11023091787007827, 0.1433448376966554], [0.13070575631586645, 0.08759762625812609, 0.06413472539953517, 0.09970016318286147, 0.07172138775876524, 0.06955248053936453, 0.07510698062731622, 0.06470834927812812, 0.08173031803403974, 0.10956213201617426, 0.8700261569885563, 1.0, 0.0731942876968351, 0.1060525964913865, 0.06629839335440918, 0.10652474363396101, 0.09874458986547768, 0.1077937542599439, 0.07562997987845989, 0.08381945280781501], [0.0815662983875954, 0.09312758286094815, 0.06740241969881915, 0.09328536549339699, 0.04162813501233673, 0.06699483976068664, 0.07833649553206348, 0.06643242868564796, 0.05723064461630167, 0.06970029575540272, 0.12572129943850058, 0.0731942876968351, 1.0, 0.5120573056154826, 0.040758062921439006, 0.08015511782070738, 0.07665068766333144, 0.09523166947921635, 0.08918482538065481, 0.06061328023029428], [0.09214570523938662, 0.07989949527065024, 0.09785099507498192, 0.1315578775548491, 0.0970187424401401, 0.10298662899379675, 0.09168587951088726, 0.06902185491168941, 0.08541412857246716, 0.15122439207599983, 0.13113104810676277, 0.1060525964913865, 0.5120573056154826, 1.0, 0.05099930613075324, 0.09626098267328717, 0.07138594813071104, 0.12890800182058612, 0.08910205104809939, 0.12433491431367875], [0.04876527164263437, 0.0610253378031281, 0.041926171273218855, 0.10608305880489459, 0.04066484749343219, 0.04228086760999651, 0.06792381794360017, 0.07228969030685786, 0.05059446604433668, 0.04487743933475905, 0.08538604905170205, 0.06629839335440918, 0.040758062921439006, 0.05099930613075324, 1.0, 0.6420429546090969, 0.04998864206925027, 0.09628293604110887, 0.05205429301678343, 0.0900120964669222], [0.11347740171456494, 0.10210940132590049, 0.09787121785858788, 0.13541914208357872, 0.08742712483951927, 0.0760880318301258, 0.09812193660678242, 0.08611869087160998, 0.1135819336084085, 0.08596777874488289, 0.12508019429352496, 0.10652474363396101, 0.08015511782070738, 0.09626098267328717, 0.6420429546090969, 1.0, 0.10504143427502607, 0.11601326909466154, 0.08481924096818176, 0.12991542355625393], [0.061637820640109524, 0.07403487362738469, 0.05587676481580502, 0.11510112739412648, 0.05042702842207854, 0.07538423116080839, 0.06395542996396515, 0.06899633095413805, 0.06096389774420737, 0.04723730255675418, 0.10596044936079073, 0.09874458986547768, 0.07665068766333144, 0.07138594813071104, 0.04998864206925027, 0.10504143427502607, 1.0, 1.0, 0.06690137381549717, 0.07857711872574821], [0.10377595680517084, 0.1358282510403777, 0.10886601531354523, 0.1567887184844777, 0.11434783230418955, 0.11703619985959059, 0.1390537490316791, 0.14330911452231176, 0.11902991926136432, 0.11700959608659679, 0.14358585250340727, 0.1077937542599439, 0.09523166947921635, 0.12890800182058612, 0.09628293604110887, 0.11601326909466154, 1.0, 1.0, 0.11716790566898154, 0.13079024683509838], [0.12143246254866023, 0.09859794228987126, 0.08795358525909443, 0.07964051809395194, 0.05127997751956706, 0.062338756199119674, 0.06956939476845486, 0.18361011316327622, 0.05105417515276826, 0.057289452805050683, 0.11023091787007827, 0.07562997987845989, 0.08918482538065481, 0.08910205104809939, 0.05205429301678343, 0.08481924096818176, 0.06690137381549717, 0.11716790566898154, 1.0, 0.655789229792927], [0.0892967720072031, 0.07092725980781105, 0.053052540640452304, 0.0965157442504982, 0.09421346686617126, 0.07017469755262105, 0.08339296026214671, 