{"model": "LSING", "dataset": "0.7_dim20_pair_gau", "N": 500, "seed": 12340, "metrics": {"TP": 10, "FP": 0, "FN": 0, "TN": 180, "TPR": 1.0, "FDR": 0.0, "FPR": 0.0, "Hamming": 0}, "omega": [[1.0, 0.5087104412532468, 0.08699698757323605, 0.05476228295058299, 0.0652891293208464, 0.13973060171190274, 0.1072344931324082, 0.059138942645456945, 0.07550822515775157, 0.10222996119858974, 0.0686756803137629, 0.06123685940611928, 0.1151894428903828, 0.07631926607648132, 0.06100181720475156, 0.05352447083126543, 0.07517535965426783, 0.07836585314761939, 0.06198982711780288, 0.0603480021624374], [0.5087104412532468, 1.0, 0.05535172136945775, 0.031791701042223924, 0.06277549524972768, 0.1270795694783724, 0.0636755352918807, 0.04983989282077229, 0.05363482341974489, 0.059325558616233426, 0.05334865999780856, 0.05508034816531206, 0.1062933575143894, 0.06846707640719567, 0.03754955417856383, 0.060821308266569556, 0.05515888355709673, 0.04608825931040483, 0.03485630345667713, 0.04936330962494118], [0.08699698757323605, 0.05535172136945775, 1.0, 0.5079427598630993, 0.07184621315638515, 0.13035465101289728, 0.13808670616633043, 0.06930209830549987, 0.09694874362709395, 0.1086905571418443, 0.07669706016474485, 0.09327921868655292, 0.1352882390476252, 0.08077002188219067, 0.11889458681654409, 0.07779585672482581, 0.06560359718722003, 0.08126759598837247, 0.10530733762383257, 0.12108826837427247], [0.05476228295058299, 0.031791701042223924, 0.5079427598630993, 1.0, 0.05219171369135476, 0.1092609050412829, 0.04592594558295574, 0.0423434307504399, 0.060959187821062334, 0.07969823866895694, 0.06716326321793889, 0.06393832299918144, 0.09438955455723208, 0.04431858145234581, 0.042989345121463886, 0.03214891007998762, 0.04029070039123681, 0.03334553598476304, 0.046459335058556615, 0.054870397770852536], [0.0652891293208464, 0.06277549524972768, 0.07184621315638515, 0.05219171369135476, 1.0, 1.0, 0.06181157709685528, 0.06930982072072653, 0.08512862433853909, 0.07674408552423799, 0.08012340556497302, 0.08104914872155154, 0.0751387194728938, 0.06769690547473718, 0.054771191725373675, 0.04311465711992987, 0.05953888076945388, 0.06252762868275014, 0.06953618980786212, 0.07729720301129882], [0.13973060171190274, 0.1270795694783724, 0.13035465101289728, 0.1092609050412829, 1.0, 1.0, 0.12700883908371952, 0.14476216008482168, 0.11620670492558766, 0.13815520483535182, 0.1184840258396767, 0.10632973383650555, 0.12010004495678347, 0.11541849689653172, 0.09672462640751793, 0.10969213868603729, 0.09822624138731155, 0.1421202521447125, 0.09479575279247691, 0.09578172635659914], [0.1072344931324082, 0.0636755352918807, 0.13808670616633043, 0.04592594558295574, 0.06181157709685528, 0.12700883908371952, 1.0, 0.5167028308271404, 0.07543201213027477, 0.07514017170590852, 0.05951140717954998, 0.11546214042629988, 0.09515520966941456, 0.08995089800772162, 0.07692797729924138, 0.05311234684077886, 0.0610867778715944, 0.060334090132711134, 0.05012973617296921, 0.07002212389380531], [0.059138942645456945, 0.04983989282077229, 0.06930209830549987, 0.0423434307504399, 0.06930982072072653, 0.14476216008482168, 0.5167028308271404, 1.0, 0.07478306740617084, 0.07368780776866109, 0.054403097989674444, 0.08509331956699688, 0.054403039578083005, 0.06716696329012756, 0.06216743863963029, 0.049147891704103795, 0.04253873292770176, 0.09445084040180729, 0.04982025544798871, 0.06142768000438288], [0.07550822515775157, 0.05363482341974489, 0.09694874362709395, 0.060959187821062334, 0.08512862433853909, 0.11620670492558766, 0.07543201213027477, 0.07478306740617084, 1.0, 0.6004959426100072, 0.06099958547912007, 0.08135391019278242, 0.10227276279576407, 0.12626138421775196, 0.06770622313066794, 0.10587876815190558, 0.07538379436863918, 0.0763928948945852, 0.05656991625791981, 0.05743244800159846], [0.10222996119858974, 0.059325558616233426, 0.1086905571418443, 0.07969823866895694, 0.07674408552423799, 0.13815520483535182, 0.07514017170590852, 0.07368780776866109, 0.6004959426100072, 1.0, 0.07266951446673843, 0.08187083062088701, 0.07524359043564574, 0.09491090822370753, 0.07419074063480911, 0.08223277905432842, 0.06701691398268761, 0.060415332599630035, 0.05927847585224526, 0.06907995298068309], [0.0686756803137629, 0.05334865999780856, 0.07669706016474485, 0.06716326321793889, 0.08012340556497302, 0.1184840258396767, 0.05951140717954998, 0.054403097989674444, 0.06099958547912007, 0.07266951446673843, 1.0, 0.45860160233066277, 0.08561278190642543, 0.06708023416199911, 0.034917220703968445, 0.029055282140071803, 0.04842766066813192, 0.041864542310939806, 0.04788024938929674, 0.07529640257107684], [0.06123685940611928, 0.05508034816531206, 0.09327921868655292, 0.06393832299918144, 0.08104914872155154, 0.10632973383650555, 0.11546214042629988, 0.08509331956699688, 0.08135391019278242, 0.08187083062088701, 0.45860160233066277, 1.0, 0.10011426112962378, 0.0774516835429168, 0.05179170104222393, 0.0516037728248329, 0.03481417661409355, 0.05150823764574699, 0.06188255423012717, 0.11276023773920554], [0.1151894428903828, 0.1062933575143894, 0.1352882390476252, 0.09438955455723208, 0.0751387194728938, 0.12010004495678347, 0.09515520966941456, 0.054403039578083005, 0.10227276279576407, 0.07524359043564574, 0.08561278190642543, 0.10011426112962378, 1.0, 0.5806046123403954, 0.051740536516509936, 0.0817878901894308, 0.04738827272492894, 0.04029741571005936, 0.04698273111653958, 0.05584195273575724], [0.07631926607648132, 0.06846707640719567, 0.08077002188219067, 0.04431858145234581, 0.06769690547473718, 0.11541849689653172, 0.08995089800772162, 0.06716696329012756, 0.12626138421775196, 0.09491090822370753, 0.06708023416199911, 0.0774516835429168, 0.5806046123403954, 1.0, 0.06340060401613933, 0.05169846808551779, 0.06634855042571979, 0.05812603328091061, 0.051807335206801204, 0.05889681249959716], [0.06100181720475156, 0.03754955417856383, 0.11889458681654409, 0.042989345121463886, 0.054771191725373675, 0.09672462640751793, 0.07692797729924138, 0.06216743863963029, 0.06770622313066794, 0.07419074063480911, 0.034917220703968445, 0.05179170104222393, 0.051740536516509936, 0.06340060401613933, 1.0, 0.39452178228670504, 0.03527963542304494, 0.04701358653616846, 0.04469149817272428, 0.08033081102681938], [0.05352447083126543, 0.060821308266569556, 0.07779585672482581, 0.03214891007998762, 0.04311465711992987, 0.10969213868603729, 0.05311234684077886, 0.049147891704103795, 0.10587876815190558, 0.08223277905432842, 0.029055282140071803, 0.0516037728248329, 0.0817878901894308, 0.05169846808551779, 0.39452178228670504, 1.0, 0.03544883064022327, 0.04373426915416793, 0.03995656191789828, 0.05174237849583304], [0.07517535965426783, 0.05515888355709673, 0.06560359718722003, 0.04029070039123681, 0.05953888076945388, 0.09822624138731155, 0.0610867778715944, 0.04253873292770176, 0.07538379436863918, 0.06701691398268761, 0.04842766066813192, 0.03481417661409355, 0.04738827272492894, 0.06634855042571979, 0.03527963542304494, 0.03544883064022327, 1.0, 0.3740401162753224, 0.053087227842267756, 0.06514172263437083], [0.07836585314761939, 0.04608825931040483, 0.08126759598837247, 0.03334553598476304, 0.06252762868275014, 0.1421202521447125, 0.060334090132711134, 0.09445084040180729, 0.0763928948945852, 0.060415332599630035, 0.041864542310939806, 0.05150823764574699, 0.04029741571005936, 0.05812603328091061, 0.04701358653616846, 0.04373426915416793, 0.3740401162753224, 1.0, 0.05925792705721597, 0.09922964376180317], [0.06198982711780288, 0.03485630345667713, 0.10530733762383257, 0.046459335058556615, 0.06953618980786212, 0.09479575279247691, 0.05012973617296921, 0.04982025544798871, 0.05656991625791981, 0.05927847585224526, 0.04788024938929674, 0.06188255423012717, 0.04698273111653958, 0.051807335206801204, 0.04469149817272428, 0.03995656191789828, 0.053087227842267756, 0.05925792705721597, 1.0, 0.4305975707223379], [0.0603480021624374, 0.04936330962494118, 0.12108826837427247, 0.054870397770852536, 0.07729720301129882, 0.09578172635659914, 