{"model": "LSING", "dataset": "0.7_dim20_pair_gau", "N": 500, "seed": 123450, "metrics": {"TP": 10, "FP": 0, "FN": 0, "TN": 180, "TPR": 1.0, "FDR": 0.0, "FPR": 0.0, "Hamming": 0}, "omega": [[1.0, 0.6054279402088112, 0.1333587738763498, 0.10143955062707595, 0.10535532260052902, 0.10873742038639614, 0.05892800086478694, 0.07361173503712666, 0.08351884845789738, 0.0764908709945092, 0.11685766006957374, 0.11211401397631761, 0.07212427110915813, 0.0914590881944916, 0.09892761658141797, 0.0791180197658356, 0.060975230099111724, 0.07224673397793134, 0.07013674900276094, 0.07952278902291306], [0.6054279402088112, 1.0, 0.06744812719227776, 0.05382163353008923, 0.08414633558132954, 0.06870102363811871, 0.0557856013678028, 0.046491144930390416, 0.06723915444093816, 0.08275331056520265, 0.05998605184912167, 0.07893899282755387, 0.03745347482833234, 0.05614507631969621, 0.1043432621823978, 0.05694737108356032, 0.08457696972725615, 0.04730911984383792, 0.04255181649184673, 0.05611899179014691], [0.1333587738763498, 0.06744812719227776, 1.0, 0.5445096080330722, 0.10124608890198064, 0.10992785321352266, 0.0616488615372375, 0.045998071326226395, 0.08520843674017496, 0.06748416583835766, 0.07734357329905674, 0.07060177009670235, 0.04304954647885384, 0.07190246475170901, 0.09967684834853388, 0.15582547406194444, 0.07010784648302877, 0.0423301375260037, 0.04716052851737537, 0.09456795953859849], [0.10143955062707595, 0.05382163353008923, 0.5445096080330722, 1.0, 0.12741918856361448, 0.09358830051655276, 0.09005798040059934, 0.08129200145180746, 0.08706707588013367, 0.12100752949405606, 0.1105990027117368, 0.12998852790266255, 0.09965599785686904, 0.10965387999338196, 0.09154095487265689, 0.09711817256547788, 0.08631510080067294, 0.06501966979111713, 0.0643242390135019, 0.07104160938437207], [0.10535532260052902, 0.08414633558132954, 0.10124608890198064, 0.12741918856361448, 1.0, 0.8857463166078873, 0.07357606978023701, 0.09597857997121406, 0.11550627673378745, 0.11306342627754629, 0.08513465064336802, 0.09785961367695963, 0.07625056100627631, 0.14090328696349158, 0.19309072998869395, 0.09720410040018887, 0.1221142858036481, 0.07366981243105918, 0.10312943762070574, 0.12922909821783887], [0.10873742038639614, 0.06870102363811871, 0.10992785321352266, 0.09358830051655276, 0.8857463166078873, 1.0, 0.11520642544635559, 0.06993877585768464, 0.06009054591221597, 0.07335467854371117, 0.08413755214973072, 0.10775075921882975, 0.06448194323261348, 0.10274239995735104, 0.11833273186924005, 0.08107808458830758, 0.08671687196219341, 0.0666641724268758, 0.05743281656620828, 0.06789545622782243], [0.05892800086478694, 0.0557856013678028, 0.0616488615372375, 0.09005798040059934, 0.07357606978023701, 0.11520642544635559, 1.0, 0.4310669611046894, 0.06101541995442438, 0.04918530388292427, 0.07218559259623179, 0.09986012094154943, 0.0426711879177654, 0.04979032835195254, 0.10159065683955518, 0.06359738863373082, 0.0526284936313334, 0.056332596763852584, 0.057377240879850425, 0.07413837193667994], [0.07361173503712666, 0.046491144930390416, 0.045998071326226395, 0.08129200145180746, 0.09597857997121406, 0.06993877585768464, 0.4310669611046894, 1.0, 0.06835058250822229, 0.06662077581734104, 0.1137660810377893, 0.09655167087884815, 0.033831438247015594, 0.126081062740489, 0.09522795787846623, 0.12997176931724144, 0.07066241289401258, 0.059250163254539606, 0.07800494878611437, 0.04912587130587185], [0.08351884845789738, 0.06723915444093816, 0.08520843674017496, 0.08706707588013367, 0.11550627673378745, 0.06009054591221597, 0.06101541995442438, 0.06835058250822229, 1.0, 0.5531645058941724, 0.10261238803771382, 0.08042332467913832, 0.09296269132110684, 0.09825944321469081, 0.08635956047119642, 0.08791018647530585, 0.08234104936384322, 0.06335045318377805, 0.08032486853889102, 0.09361206344390152], [0.0764908709945092, 0.08275331056520265, 0.06748416583835766, 0.12100752949405606, 0.11306342627754629, 0.07335467854371117, 0.04918530388292427, 0.06662077581734104, 0.5531645058941724, 1.0, 0.0748080608242381, 0.11610486353389446, 0.03984905640949517, 0.06729846401919849, 0.1273623719073008, 0.09454659728410233, 0.06689569129608536, 0.05275974542272295, 0.08793284241352588, 0.057752086287940034], [0.11685766006957374, 0.05998605184912167, 0.07734357329905674, 0.1105990027117368, 0.08513465064336802, 0.08413755214973072, 0.07218559259623179, 0.1137660810377893, 0.10261238803771382, 0.0748080608242381, 1.0, 0.8463502954993266, 0.07692041791897009, 0.09944067968570224, 0.10527134956804933, 0.08925887481970134, 0.10567908836739276, 0.0708111008623832, 0.07140404948571745, 0.08084439566898059], [0.11211401397631761, 0.07893899282755387, 0.07060177009670235, 0.12998852790266255, 0.09785961367695963, 0.10775075921882975, 0.09986012094154943, 0.09655167087884815, 0.08042332467913832, 0.11610486353389446, 0.8463502954993266, 1.0, 0.1094330510370485, 0.11053409668843675, 0.11817144531030908, 0.08972266812212895, 0.0994573723789133, 0.060288758465655436, 0.07920963629468036, 0.09496213552470793], [0.07212427110915813, 0.03745347482833234, 0.04304954647885384, 0.09965599785686904, 0.07625056100627631, 0.06448194323261348, 0.0426711879177654, 0.033831438247015594, 0.09296269132110684, 0.03984905640949517, 0.07692041791897009, 0.1094330510370485, 1.0, 0.3810410153880626, 0.10148746963862673, 0.05068935946938181, 0.05332494354179731, 0.03891342546399713, 0.04374176830583994, 0.05859552195134843], [0.0914590881944916, 0.05614507631969621, 0.07190246475170901, 0.10965387999338196, 0.14090328696349158, 0.10274239995735104, 0.04979032835195254, 0.126081062740489, 0.09825944321469081, 0.06729846401919849, 0.09944067968570224, 0.11053409668843675, 0.3810410153880626, 1.0, 0.11292169433014929, 0.0822090914276027, 0.05751596814246943, 0.09779376539505595, 0.042383490448476085, 0.06473824635842748], [0.09892761658141797, 0.1043432621823978, 0.09967684834853388, 0.09154095487265689, 0.19309072998869395, 0.11833273186924005, 0.10159065683955518, 0.09522795787846623, 0.08635956047119642, 0.1273623719073008, 0.10527134956804933, 0.11817144531030908, 0.10148746963862673, 0.11292169433014929, 1.0, 1.0, 0.11614492380119402, 0.1244884040955927, 0.09242276396278773, 0.13436269001731962], [0.0791180197658356, 0.05694737108356032, 0.15582547406194444, 0.09711817256547788, 0.09720410040018887, 0.08107808458830758, 0.06359738863373082, 0.12997176931724144, 0.08791018647530585, 0.09454659728410233, 0.08925887481970134, 0.08972266812212895, 0.05068935946938181, 0.0822090914276027, 1.0, 1.0, 0.07367953812126163, 0.08333366059797655, 0.10562739592861346, 0.09091029613751461], [0.060975230099111724, 0.08457696972725615, 0.07010784648302877, 0.08631510080067294, 0.1221142858036481, 0.08671687196219341, 0.0526284936313334, 0.07066241289401258, 0.08234104936384322, 0.06689569129608536, 0.10567908836739276, 0.0994573723789133, 0.05332494354179731, 0.05751596814246943, 0.11614492380119402, 0.07367953812126163, 1.0, 0.47393045873207784, 0.05727773046424242, 0.09361801351046846], [0.07224673397793134, 0.04730911984383792, 0.0423301375260037, 0.06501966979111713, 0.07366981243105918, 0.0666641724268758, 0.056332596763852584, 0.059250163254539606, 0.06335045318377805, 0.05275974542272295, 0.0708111008623832, 0.060288758465655436, 0.03891342546399713, 0.09779376539505595, 0.1244884040955927, 0.08333366059797655, 0.47393045873207784, 1.0, 0.05202569961361511, 0.09240188052501788], [0.07013674900276094, 0.04255181649184673, 0.04716052851737537, 0.0643242390135019, 0.10312943762070574, 0.05743281656620828, 0.057377240879850425, 0.07800494878611437, 0.08032486853889102, 0.08793284241352588, 0.07140404948571745, 0.07920963629468036, 0.04374176830583994, 0.042383490448476085, 0.09242276396278773, 0.10562739592861346, 0.05727773046424242, 0.05202569961361511, 1.0, 0.5252707871121444], [0.07952278902291306, 0.05611899179014691, 0.09456795953859849, 0.07104160938437207, 0.12922909821783887, 0.06789545622782243, 0.07413837193667994, 0.04912587130587185, 