{"model": "LSING", "dataset": "0.7_dim20_pair_gau", "N": 500, "seed": 120, "metrics": {"TP": 10, "FP": 0, "FN": 0, "TN": 180, "TPR": 1.0, "FDR": 0.0, "FPR": 0.0, "Hamming": 0}, "omega": [[1.0, 0.31381005427868386, 0.06011308601739218, 0.058501084595506035, 0.08264770613825845, 0.10818770860836342, 0.0495691412799556, 0.03807946825430474, 0.05472195665257129, 0.0391436557741023, 0.06017152542183405, 0.06658087068108477, 0.039963558815940846, 0.06737472973192345, 0.0580087044144772, 0.06022334953549361, 0.049310410939484864, 0.0421998671560416, 0.04683295295163571, 0.0548680932573448], [0.31381005427868386, 1.0, 0.07199386395358676, 0.06811264683641334, 0.06947809488426036, 0.09275868195222017, 0.04091693371133749, 0.0407600621248647, 0.04918090547305454, 0.046516125120628714, 0.05952900787169059, 0.07181237084945508, 0.06660592702403667, 0.08377975148983781, 0.07114502551837269, 0.05495674930319432, 0.0460851463590718, 0.04870774679984937, 0.08114553898386398, 0.09628239091653085], [0.06011308601739218, 0.07199386395358676, 1.0, 0.5857497330544347, 0.08128909822675123, 0.1487756375222623, 0.06968583359710256, 0.09430089948926387, 0.09748597989462987, 0.03957909149491241, 0.052969153597775695, 0.062375526614310825, 0.06087916642162837, 0.07443743901668178, 0.060511792937652326, 0.06495206716390264, 0.055105496717953555, 0.05761135214224522, 0.07882317611676068, 0.08836408482223955], [0.058501084595506035, 0.06811264683641334, 0.5857497330544347, 1.0, 0.11897124765692346, 0.11313815554632818, 0.05677003581295442, 0.0659758112858823, 0.07887930388588424, 0.05873816658271441, 0.07014176278262975, 0.06840574695730815, 0.0649217613275631, 0.1005808730744821, 0.11725710317219397, 0.10380180984247045, 0.06515907930969544, 0.08691060137661079, 0.07980628823080604, 0.07256296850009625], [0.08264770613825845, 0.06947809488426036, 0.08128909822675123, 0.11897124765692346, 1.0, 1.0, 0.11115264291421487, 0.0998223891052791, 0.07312557110771602, 0.07814636683175856, 0.13147129671413602, 0.12182712815093732, 0.09254429264226845, 0.08773420507900917, 0.10527331438079779, 0.09611053458149946, 0.07312526635836537, 0.08406993605139626, 0.10405360713521399, 0.11180284795255115], [0.10818770860836342, 0.09275868195222017, 0.1487756375222623, 0.11313815554632818, 1.0, 1.0, 0.13607690675425055, 0.12534391335865955, 0.10025098561886328, 0.13526188248936394, 0.13045722466758386, 0.08962506330610291, 0.1039008608143414, 0.15409941913881817, 0.14498995561006092, 0.12274620387856432, 0.13417701754030228, 0.11479827763397242, 0.10350393779271919, 0.12211029976097543], [0.0495691412799556, 0.04091693371133749, 0.06968583359710256, 0.05677003581295442, 0.11115264291421487, 0.13607690675425055, 1.0, 0.43671557145498163, 0.057385622068348414, 0.03668557073963827, 0.06678258130311299, 0.0556075211009937, 0.07337620143343392, 0.07010426188845056, 0.09327911208110269, 0.08167718537543246, 0.05277436487410819, 0.06493597305337859, 0.041903590394811854, 0.05017578574342697], [0.03807946825430474, 0.0407600621248647, 0.09430089948926387, 0.0659758112858823, 0.0998223891052791, 0.12534391335865955, 0.43671557145498163, 1.0, 0.054391582341282524, 0.039199500163494314, 0.07534019764645496, 0.07177989831956154, 0.07596993244792101, 0.08042366581774894, 0.11123730005395104, 0.0575271279695743, 0.05825231621399148, 0.08398438696234113, 0.06338566665094854, 0.07885897115786736], [0.05472195665257129, 0.04918090547305454, 0.09748597989462987, 0.07887930388588424, 0.07312557110771602, 0.10025098561886328, 0.057385622068348414, 0.054391582341282524, 1.0, 0.3322352223174758, 0.0784764958569846, 0.06472015662451651, 0.06825447978572285, 0.09090051738412196, 0.07125872861603538, 0.06936442337646939, 0.060012186108912124, 0.08081254085499526, 0.04823302349888051, 0.06471850837650417], [0.0391436557741023, 0.046516125120628714, 0.03957909149491241, 0.05873816658271441, 0.07814636683175856, 0.13526188248936394, 0.03668557073963827, 0.039199500163494314, 0.3322352223174758, 1.0, 0.04036173056660962, 0.05085377314482123, 0.05028559399573018, 0.08355879148656971, 0.0682803110096456, 0.0637159090280672, 0.04379050360439693, 0.035932417096729945, 0.04756639172725331, 0.0568809887335503], [0.06017152542183405, 0.05952900787169059, 0.052969153597775695, 0.07014176278262975, 0.13147129671413602, 0.13045722466758386, 0.06678258130311299, 0.07534019764645496, 0.0784764958569846, 0.04036173056660962, 1.0, 0.5591348424600462, 0.05455143452506286, 0.05412675329734338, 0.08568743411096051, 0.05906478913218029, 0.054997067270639244, 0.07332884449928016, 0.04470788184097626, 0.05194485014924393], [0.06658087068108477, 0.07181237084945508, 0.062375526614310825, 0.06840574695730815, 0.12182712815093732, 0.08962506330610291, 0.0556075211009937, 0.07177989831956154, 0.06472015662451651, 0.05085377314482123, 0.5591348424600462, 1.0, 0.05273710740776397, 0.0628695160205693, 0.11079507901451968, 0.07115909230242386, 0.05658627567097036, 0.06389140005657337, 0.05791944072815412, 0.07295686261048948], [0.039963558815940846, 0.06660592702403667, 0.06087916642162837, 0.0649217613275631, 0.09254429264226845, 0.1039008608143414, 0.07337620143343392, 0.07596993244792101, 0.06825447978572285, 0.05028559399573018, 0.05455143452506286, 0.05273710740776397, 1.0, 0.6758403158594714, 0.08692842549716809, 0.05513717764282651, 0.06888237122526306, 0.052147181419339925, 0.06349949796632583, 0.07931945300137676], [0.06737472973192345, 0.08377975148983781, 0.07443743901668178, 0.1005808730744821, 0.08773420507900917, 0.15409941913881817, 0.07010426188845056, 0.08042366581774894, 0.09090051738412196, 0.08355879148656971, 0.05412675329734338, 0.0628695160205693, 0.6758403158594714, 1.0, 0.08646764819544679, 0.09040227449454867, 0.0758543172339058, 0.061134459040765594, 0.07598295862443338, 0.07635397980947843], [0.0580087044144772, 0.07114502551837269, 0.060511792937652326, 0.11725710317219397, 0.10527331438079779, 0.14498995561006092, 0.09327911208110269, 0.11123730005395104, 0.07125872861603538, 0.0682803110096456, 0.08568743411096051, 0.11079507901451968, 0.08692842549716809, 0.08646764819544679, 1.0, 0.6273540400755208, 0.06268487136217726, 0.06282572316723592, 0.1025545580869804, 0.11504548138772329], [0.06022334953549361, 0.05495674930319432, 0.06495206716390264, 0.10380180984247045, 0.09611053458149946, 0.12274620387856432, 0.08167718537543246, 0.0575271279695743, 0.06936442337646939, 0.0637159090280672, 0.05906478913218029, 0.07115909230242386, 0.05513717764282651, 0.09040227449454867, 0.6273540400755208, 1.0, 0.07133519654608682, 0.0542305650487043, 0.06400116928609387, 0.05585566140152948], [0.049310410939484864, 0.0460851463590718, 0.055105496717953555, 0.06515907930969544, 0.07312526635836537, 0.13417701754030228, 0.05277436487410819, 0.05825231621399148, 0.060012186108912124, 0.04379050360439693, 0.054997067270639244, 0.05658627567097036, 0.06888237122526306, 0.0758543172339058, 0.06268487136217726, 0.07133519654608682, 1.0, 0.43583704597326806, 0.06616847605523402, 0.05458347594611889], [0.0421998671560416, 0.04870774679984937, 0.05761135214224522, 0.08691060137661079, 0.08406993605139626, 0.11479827763397242, 0.06493597305337859, 0.08398438696234113, 0.08081254085499526, 0.035932417096729945, 0.07332884449928016, 0.06389140005657337, 0.052147181419339925, 0.061134459040765594, 0.06282572316723592, 0.0542305650487043, 0.43583704597326806, 1.0, 0.0819529240744792, 0.07305566272161447], [0.04683295295163571, 0.08114553898386398, 0.07882317611676068, 0.07980628823080604, 0.10405360713521399, 0.10350393779271919, 0.041903590394811854, 0.06338566665094854, 0.04823302349888051, 0.04756639172725331, 0.04470788184097626, 0.05791944072815412, 0.06349949796632583, 0.07598295862443338, 0.1025545580869804, 0.06400116928609387, 0.06616847605523402, 0.0819529240744792, 1.0, 0.4416435319789697], [0.0548680932573448, 0.09628239091653085, 0.08836408482223955, 0.07256296850009625, 0.11180284795255115, 0.12211029976097543, 0.05017578574342697, 