{"model": "LSING", "dataset": "dim20_pair_gau", "N": 20000, "seed": 123450, "metrics": {"TP": 10, "FP": 0, "FN": 0, "TN": 180, "TPR": 1.0, "FDR": 0.0, "FPR": 0.0, "Hamming": 0}, "omega": [[1.0, 0.9556578421665097, 0.043861762278341106, 0.037702546133037015, 0.04297453487708591, 0.04085882264425001, 0.04754962703457342, 0.04068647314543536, 0.043855855557463505, 0.045848478114652674, 0.04266260478998568, 0.04222872778061605, 0.04697531944132022, 0.04557291486465382, 0.049550458453359585, 0.04115971942254114, 0.05059213720737396, 0.04532966475455028, 0.04311455293864404, 0.04802936554811549], [0.9556578421665097, 1.0, 0.04274535211095924, 0.04301039604165933, 0.042287309277621775, 0.041257893082410464, 0.04281843509842144, 0.0463532557353112, 0.042852511438578725, 0.03747243020148868, 0.04057140769437706, 0.046640371273818905, 0.044426319041466315, 0.04588536559485027, 0.04579170971980313, 0.045577798596700185, 0.05561022677709561, 0.046249088857947644, 0.04766474072412945, 0.04444184684754697], [0.043861762278341106, 0.04274535211095924, 1.0, 0.9027505764400675, 0.04548639662387471, 0.04356550471281473, 0.05177537765487392, 0.05228559624539745, 0.043557142818742164, 0.047976324824763175, 0.0434390998879962, 0.04097705852898691, 0.04386163752360559, 0.054775427969290455, 0.05092323960222841, 0.053296828190359836, 0.046478067026308065, 0.04662556205501483, 0.050625747796518655, 0.04849008644977538], [0.037702546133037015, 0.04301039604165933, 0.9027505764400675, 1.0, 0.04153623586791663, 0.040327274320746065, 0.04806362319848839, 0.05118008797850328, 0.04674958489608323, 0.052522282593016334, 0.044529346492245485, 0.046164892718645614, 0.043884936718010706, 0.052701185873936796, 0.049674990293748895, 0.04595116456915476, 0.05148704617354404, 0.046156873484246595, 0.048144168182530964, 0.040460231264273935], [0.04297453487708591, 0.042287309277621775, 0.04548639662387471, 0.04153623586791663, 1.0, 0.937478302656399, 0.04645608191511706, 0.05144930038076609, 0.046517587663123305, 0.04279370704644554, 0.040963899399484596, 0.052885940983651236, 0.05266898584500168, 0.038381015613464346, 0.04382497792872487, 0.04764209857133139, 0.0521224120611521, 0.04150974128888582, 0.055377913498805706, 0.04757854684566268], [0.04085882264425001, 0.041257893082410464, 0.04356550471281473, 0.040327274320746065, 0.937478302656399, 1.0, 0.046960568441392715, 0.05006883434018944, 0.04736547740117535, 0.03907393834585041, 0.04199345199320674, 0.04719648463644434, 0.050078027932498784, 0.04142917135389614, 0.04576771688906854, 0.05566560623588974, 0.05245489174828665, 0.04350570061940094, 0.052080828812709645, 0.04037656741184344], [0.04754962703457342, 0.04281843509842144, 0.05177537765487392, 0.04806362319848839, 0.04645608191511706, 0.046960568441392715, 1.0, 0.9574283879873073, 0.049425176421160705, 0.050091832459832834, 0.04444142268144621, 0.040278744728630037, 0.05711246674670842, 0.05471434971417792, 0.048332502921456494, 0.04399328537410878, 0.05258878019383972, 0.048447453598158115, 0.05450699736337021, 0.04349029923145228], [0.04068647314543536, 0.0463532557353112, 0.05228559624539745, 0.05118008797850328, 0.05144930038076609, 0.05006883434018944, 0.9574283879873073, 1.0, 0.04502439657032665, 0.05292315947974707, 0.048843568180785064, 0.04164379108389682, 0.05604539790892167, 0.055022761717736575, 0.05656007107520138, 0.04990894035416878, 0.05173093336449695, 0.047278358674269286, 0.05158688156649045, 0.04327970159412466], [0.043855855557463505, 0.042852511438578725, 0.043557142818742164, 0.04674958489608323, 0.046517587663123305, 0.04736547740117535, 0.049425176421160705, 0.04502439657032665, 1.0, 0.9156606356080116, 0.0399519322332809, 0.042927246178739165, 0.050428713494036416, 0.04298475977520887, 0.05049570512361245, 0.046538145580139995, 0.05088056017550988, 0.043360536009153634, 0.056422286955107245, 0.04896684083004389], [0.045848478114652674, 0.03747243020148868, 0.047976324824763175, 0.052522282593016334, 0.04279370704644554, 0.03907393834585041, 0.050091832459832834, 0.05292315947974707, 0.9156606356080116, 1.0, 0.04798821311935969, 0.04654225416942968, 0.05162090800475354, 0.04585367123844312, 0.04598807866369594, 0.043552224155369856, 0.05491325700108938, 0.051099701017125694, 0.06068202076536252, 0.04910391135305087], [0.04266260478998568, 0.04057140769437706, 0.0434390998879962, 0.044529346492245485, 0.040963899399484596, 0.04199345199320674, 0.04444142268144621, 0.048843568180785064, 0.0399519322332809, 0.04798821311935969, 1.0, 0.9546027431297467, 0.05346908952916139, 0.04035149337340105, 0.049875368023142984, 0.04974056470952946, 0.04572718158040443, 0.04388625080122481, 0.04779482498194749, 0.044173163405362745], [0.04222872778061605, 0.046640371273818905, 0.04097705852898691, 0.046164892718645614, 0.052885940983651236, 0.04719648463644434, 0.040278744728630037, 0.04164379108389682, 0.042927246178739165, 0.04654225416942968, 0.9546027431297467, 1.0, 0.05062677078534989, 0.04400694352255315, 0.057865734176362184, 0.0526967130008194, 0.055669812965571365, 0.052889791746487516, 0.05640446532528955, 0.04736202585349272], [0.04697531944132022, 0.044426319041466315, 0.04386163752360559, 0.043884936718010706, 0.05266898584500168, 0.050078027932498784, 0.05711246674670842, 0.05604539790892167, 0.050428713494036416, 0.05162090800475354, 0.05346908952916139, 0.05062677078534989, 1.0, 0.9541647242631579, 0.051319267688238725, 0.04802581752343739, 0.04877298694161909, 0.049351890499328734, 0.06509507481877495, 0.05079305055043253], [0.04557291486465382, 0.04588536559485027, 0.054775427969290455, 0.052701185873936796, 0.038381015613464346, 0.04142917135389614, 0.05471434971417792, 0.055022761717736575, 0.04298475977520887, 0.04585367123844312, 0.04035149337340105, 0.04400694352255315, 0.9541647242631579, 1.0, 0.05002698494831122, 0.04898508995275528, 0.056446374599440824, 0.04392040698441283, 0.05989566505305676, 0.05030259144661839], [0.049550458453359585, 0.04579170971980313, 0.05092323960222841, 0.049674990293748895, 0.04382497792872487, 0.04576771688906854, 0.048332502921456494, 0.05656007107520138, 0.05049570512361245, 0.04598807866369594, 0.049875368023142984, 0.057865734176362184, 0.051319267688238725, 0.05002698494831122, 1.0, 0.9603795460891765, 0.053950982141136715, 0.051818126944244335, 0.048569565196678405, 0.04360343680599772], [0.04115971942254114, 0.045577798596700185, 0.053296828190359836, 0.04595116456915476, 0.04764209857133139, 0.05566560623588974, 0.04399328537410878, 0.04990894035416878, 0.046538145580139995, 0.043552224155369856, 0.04974056470952946, 0.0526967130008194, 0.04802581752343739, 0.04898508995275528, 0.9603795460891765, 1.0, 0.05660031695287909, 0.0501175818372435, 0.04695528050400328, 0.04729327102365472], [0.05059213720737396, 0.05561022677709561, 0.046478067026308065, 0.05148704617354404, 0.0521224120611521, 0.05245489174828665, 0.05258878019383972, 0.05173093336449695, 0.05088056017550988, 0.05491325700108938, 0.04572718158040443, 0.055669812965571365, 0.04877298694161909, 0.056446374599440824, 0.053950982141136715, 0.05660031695287909, 1.0, 0.9816487713594745, 0.05408348165063436, 0.04857227320613735], [0.04532966475455028, 0.046249088857947644, 0.04662556205501483, 0.046156873484246595, 0.04150974128888582, 0.04350570061940094, 0.048447453598158115, 0.047278358674269286, 0.043360536009153634, 0.051099701017125694, 0.04388625080122481, 0.052889791746487516, 0.049351890499328734, 0.04392040698441283, 0.051818126944244335, 0.0501175818372435, 0.9816487713594745, 1.0, 0.04704042976948465, 0.052198096600698934], [0.04311455293864404, 0.04766474072412945, 0.050625747796518655, 0.048144168182530964, 0.055377913498805706, 0.052080828812709645, 0.05450699736337021, 0.05158688156649045, 0.056422286955107245, 0.06068202076536252, 0.04779482498194749, 0.05640446532528955, 0.06509507481877495, 0.05989566505305676, 0.048569565196678405, 0.04695528050400328, 0.05408348165063436, 0.04704042976948465, 1.0, 1.0], [0.04802936554811549, 