{"model": "LSING", "dataset": "dim20_pair_gau", "N": 20000, "seed": 12340, "metrics": {"TP": 10, "FP": 0, "FN": 0, "TN": 180, "TPR": 1.0, "FDR": 0.0, "FPR": 0.0, "Hamming": 0}, "omega": [[1.0, 0.9476616283962785, 0.04431438971292976, 0.04838982497906257, 0.05267826468793788, 0.04379581492751805, 0.048004365439918484, 0.05038213966925643, 0.04556964300194435, 0.04293113688646859, 0.043433414696493755, 0.04861472554006898, 0.05022859281111214, 0.04276215087497585, 0.04814901691359496, 0.054944523695660885, 0.04593072856317845, 0.04670500004943159, 0.04439872249329545, 0.04976223999644092], [0.9476616283962785, 1.0, 0.04289439515250748, 0.04444833648783967, 0.04247823643042541, 0.04802402468329342, 0.04984154416485917, 0.047394307713819736, 0.04012810642010052, 0.045363959626595916, 0.04175010163712148, 0.04675765093119113, 0.05079360666352478, 0.03903718356818419, 0.04910987619649412, 0.05484989047748912, 0.043902253880405646, 0.038930823495484004, 0.04446291781915003, 0.048730253791218446], [0.04431438971292976, 0.04289439515250748, 1.0, 0.9178128133186777, 0.046532383905980704, 0.0430982314168007, 0.050406556373934576, 0.04477149546896427, 0.04168964490348273, 0.04173542499225134, 0.04719075903354312, 0.04627644727790258, 0.050602853006981106, 0.04507270603794179, 0.04225042223249651, 0.047507001208234124, 0.04941371774838924, 0.04069684736136833, 0.05086836700448071, 0.04816655789527046], [0.04838982497906257, 0.04444833648783967, 0.9178128133186777, 1.0, 0.045800811251175445, 0.04109821440497362, 0.0380619270077453, 0.04110021927640364, 0.04373463019548298, 0.0450732943526729, 0.050093503916822, 0.046945398923927004, 0.04704045940978058, 0.04094486474729785, 0.044226725887983195, 0.05218322249177043, 0.050520963869087915, 0.04664631154666063, 0.0377274388597038, 0.044167444140469414], [0.05267826468793788, 0.04247823643042541, 0.046532383905980704, 0.045800811251175445, 1.0, 1.0, 0.04151652918551158, 0.04596373827827269, 0.04290668074169673, 0.040340981039201244, 0.039290247642770774, 0.039426721870352316, 0.04638102597303707, 0.04569937626017673, 0.04840584916046765, 0.04864643866208264, 0.04592844925442973, 0.043048017604164705, 0.047594724193321246, 0.04480127931306085], [0.04379581492751805, 0.04802402468329342, 0.0430982314168007, 0.04109821440497362, 1.0, 1.0, 0.049177647424177996, 0.04888609146147213, 0.04319249324075674, 0.05062957695714103, 0.049924455458514226, 0.042322201559703204, 0.05520371577480695, 0.04633854899211629, 0.05616361699209652, 0.04608940427684169, 0.05375551004402461, 0.04467360186971286, 0.046602104131628526, 0.04845323150304304], [0.048004365439918484, 0.04984154416485917, 0.050406556373934576, 0.0380619270077453, 0.04151652918551158, 0.049177647424177996, 1.0, 0.9666061252463822, 0.04597824565940734, 0.05377827190810437, 0.0437935783455375, 0.038334561585495974, 0.048714970754907584, 0.04576996581122331, 0.0471695106830593, 0.04627599864683668, 0.057198725538070684, 0.050554379488479864, 0.04768225326461432, 0.05329235352028078], [0.05038213966925643, 0.047394307713819736, 0.04477149546896427, 0.04110021927640364, 0.04596373827827269, 0.04888609146147213, 0.9666061252463822, 1.0, 0.046220554091772996, 0.048583679612973836, 0.040996196029255506, 0.037995427723083425, 0.04745295184648527, 0.04831830036912772, 0.04917602052031265, 0.04886105686199259, 0.04560491723575216, 0.04692645453225048, 0.048179758823301125, 0.04538606251244335], [0.04556964300194435, 0.04012810642010052, 0.04168964490348273, 0.04373463019548298, 0.04290668074169673, 0.04319249324075674, 0.04597824565940734, 0.046220554091772996, 1.0, 0.9126893873859643, 0.04566720464707374, 0.04390312977915335, 0.04667891700079438, 0.038008196453420566, 0.041571912937097465, 0.0485543197498846, 0.047457737244521535, 0.0358086355741652, 0.03805821799559975, 0.04551367257896459], [0.04293113688646859, 0.045363959626595916, 0.04173542499225134, 0.0450732943526729, 0.040340981039201244, 0.05062957695714103, 0.05377827190810437, 0.048583679612973836, 0.9126893873859643, 1.0, 0.04569349639954014, 0.044327758261358666, 0.0432721770200769, 0.041660232453601884, 0.04221572481005914, 0.04748842821077333, 0.05037639620561057, 0.0428938561378935, 0.04649125774826934, 0.04894743559721925], [0.043433414696493755, 0.04175010163712148, 0.04719075903354312, 0.050093503916822, 0.039290247642770774, 0.049924455458514226, 0.0437935783455375, 0.040996196029255506, 0.04566720464707374, 0.04569349639954014, 1.0, 0.9050826816865762, 0.043534770807305063, 0.04371148707716407, 0.051953314682200664, 0.05012201581789657, 0.05081393638849271, 0.04437449477239963, 0.05218781726268711, 0.05293370502817022], [0.04861472554006898, 0.04675765093119113, 0.04627644727790258, 0.046945398923927004, 0.039426721870352316, 0.042322201559703204, 0.038334561585495974, 0.037995427723083425, 0.04390312977915335, 0.044327758261358666, 0.9050826816865762, 1.0, 0.045040925539101384, 0.04082688956700141, 0.04210090648059637, 0.04859583044850959, 0.04270803577973749, 0.04040142626947933, 0.04580619646730348, 0.047116992911616015], [0.05022859281111214, 0.05079360666352478, 0.050602853006981106, 0.04704045940978058, 0.04638102597303707, 0.05520371577480695, 0.048714970754907584, 0.04745295184648527, 0.04667891700079438, 0.0432721770200769, 0.043534770807305063, 0.045040925539101384, 1.0, 0.9421430127246363, 0.050820503164094664, 0.04943879343129972, 0.04899455171916213, 0.0476156652397416, 0.04258088749098005, 0.05517573960167188], [0.04276215087497585, 0.03903718356818419, 0.04507270603794179, 0.04094486474729785, 0.04569937626017673, 0.04633854899211629, 0.04576996581122331, 0.04831830036912772, 0.038008196453420566, 0.041660232453601884, 0.04371148707716407, 0.04082688956700141, 0.9421430127246363, 1.0, 0.04700670361958042, 0.046183459040305776, 0.04829702901192258, 0.04278778200587268, 0.05366132545691874, 0.048337188887338164], [0.04814901691359496, 0.04910987619649412, 0.04225042223249651, 0.044226725887983195, 0.04840584916046765, 0.05616361699209652, 0.0471695106830593, 0.04917602052031265, 0.041571912937097465, 0.04221572481005914, 0.051953314682200664, 0.04210090648059637, 0.050820503164094664, 0.04700670361958042, 1.0, 0.9300199167214533, 0.05184339514104356, 0.0482413494596339, 0.04737705924617255, 0.05094879521556956], [0.054944523695660885, 0.05484989047748912, 0.047507001208234124, 0.05218322249177043, 0.04864643866208264, 0.04608940427684169, 0.04627599864683668, 0.04886105686199259, 0.0485543197498846, 0.04748842821077333, 0.05012201581789657, 0.04859583044850959, 0.04943879343129972, 0.046183459040305776, 0.9300199167214533, 1.0, 0.049182968550153756, 0.043576966777558186, 0.04449949850606184, 0.04757045374565725], [0.04593072856317845, 0.043902253880405646, 0.04941371774838924, 0.050520963869087915, 0.04592844925442973, 0.05375551004402461, 0.057198725538070684, 0.04560491723575216, 0.047457737244521535, 0.05037639620561057, 0.05081393638849271, 0.04270803577973749, 0.04899455171916213, 0.04829702901192258, 0.05184339514104356, 0.049182968550153756, 1.0, 0.8978400869322769, 0.04465536411304856, 0.05231647742170326], [0.04670500004943159, 0.038930823495484004, 0.04069684736136833, 0.04664631154666063, 0.043048017604164705, 0.04467360186971286, 0.050554379488479864, 0.04692645453225048, 0.0358086355741652, 0.0428938561378935, 0.04437449477239963, 0.04040142626947933, 0.0476156652397416, 0.04278778200587268, 0.0482413494596339, 0.043576966777558186, 0.8978400869322769, 1.0, 0.0413504075108242, 0.05240401306634528], [0.04439872249329545, 0.04446291781915003, 0.05086836700448071, 0.0377274388597038, 0.047594724193321246, 0.046602104131628526, 0.04768225326461432, 0.048179758823301125, 0.03805821799559975, 0.04649125774826934, 0.05218781726268711, 0.04580619646730348, 0.04258088749098005, 0.05366132545691874, 0.04737705924617255, 0.04449949850606184, 0.04465536411304856, 0.0413504075108242, 1.0, 0.9602595831276751], [0.04976223999644092, 0.048730253791218446, 0.04816655789527046, 