{"model": "LSING", "dataset": "dim20_pair_gau", "N": 20000, "seed": 1234560, "metrics": {"TP": 10, "FP": 0, "FN": 0, "TN": 180, "TPR": 1.0, "FDR": 0.0, "FPR": 0.0, "Hamming": 0}, "omega": [[1.0, 0.9285305618787953, 0.034684015327001924, 0.04397731458393884, 0.03969670351973678, 0.05102468217666235, 0.047147829930162644, 0.04721427195744781, 0.044580483612886995, 0.041745232299957004, 0.04782214381931387, 0.05628577753755509, 0.04595750506041648, 0.05173476788257012, 0.04855351426096813, 0.04236979543285904, 0.05191281091126694, 0.04570942094911736, 0.052219230341801696, 0.05280167661933058], [0.9285305618787953, 1.0, 0.042906466909124426, 0.03978553574295701, 0.04501517848999132, 0.047936847512639866, 0.042660189897129004, 0.041097456185682744, 0.04186345428438545, 0.040862105898899784, 0.04076181525272038, 0.0516137696282617, 0.04144509901746564, 0.045003948898973765, 0.04428439190630576, 0.04329263931907798, 0.043380788411648954, 0.04419158204551203, 0.052066991479698406, 0.04434368293541523], [0.034684015327001924, 0.042906466909124426, 1.0, 0.9559798416827558, 0.04206186672106226, 0.041294642015848954, 0.0473908040222948, 0.048214499739454644, 0.04612915425545032, 0.0489339877460226, 0.050527975525966176, 0.050573905125307836, 0.038137223933107416, 0.04407608753591719, 0.048806715121785436, 0.04211634218387083, 0.045354267045368275, 0.03770601874311283, 0.0420078926694199, 0.04389087836575442], [0.04397731458393884, 0.03978553574295701, 0.9559798416827558, 1.0, 0.0486562160554736, 0.046529579866708894, 0.06838870734289934, 0.05758538648530398, 0.05166007107950849, 0.05000292063591374, 0.049164636882475465, 0.05543929453373796, 0.042633125472268746, 0.04999658401023616, 0.0525919201756654, 0.05027352786758459, 0.044039736908955365, 0.04638245102377257, 0.04594686774030665, 0.051048421808017864], [0.03969670351973678, 0.04501517848999132, 0.04206186672106226, 0.0486562160554736, 1.0, 0.9043992106213342, 0.04964022537361795, 0.045407455328505215, 0.04139165329839437, 0.04603282273837854, 0.04658112594414713, 0.046461266801783405, 0.03679376674713295, 0.04117267963872767, 0.04499771322856456, 0.04126361341411765, 0.049907708039732976, 0.0485307421176011, 0.05102403774553264, 0.04399227615471021], [0.05102468217666235, 0.047936847512639866, 0.041294642015848954, 0.046529579866708894, 0.9043992106213342, 1.0, 0.04100397833753002, 0.04861784800573232, 0.03809763264203114, 0.04257351306888832, 0.052481853694332864, 0.04605359260225638, 0.04292501407451048, 0.04517541805711236, 0.051319979701799134, 0.041280915464527224, 0.055070372013972, 0.041339398851489795, 0.05583701790898002, 0.04532066744946933], [0.047147829930162644, 0.042660189897129004, 0.0473908040222948, 0.06838870734289934, 0.04964022537361795, 0.04100397833753002, 1.0, 0.9661197888371148, 0.04996187895414865, 0.05531400736311193, 0.048647454820767516, 0.04982510643915854, 0.042138034105866376, 0.046784111654480785, 0.0466972951714522, 0.04957230098647566, 0.03883733189332533, 0.04739321348803306, 0.05075797013576249, 0.04745055776305093], [0.04721427195744781, 0.041097456185682744, 0.048214499739454644, 0.05758538648530398, 0.045407455328505215, 0.04861784800573232, 0.9661197888371148, 1.0, 0.04293469231957086, 0.05061142010303145, 0.042109966858673714, 0.04609037060652094, 0.03722299489645543, 0.04729595991284357, 0.04228549273601269, 0.0469818022609888, 0.04534212380917204, 0.045680290306431275, 0.0499597774019789, 0.04757591560236482], [0.044580483612886995, 0.04186345428438545, 0.04612915425545032, 0.05166007107950849, 0.04139165329839437, 0.03809763264203114, 0.04996187895414865, 0.04293469231957086, 1.0, 0.923706407649728, 0.04836488270720786, 0.04629762840729415, 0.03855389829480898, 0.04595202150675657, 0.04662059608890137, 0.047092031953338526, 0.049865490229091466, 0.03795293682106236, 0.04958679816301255, 0.04486545004889465], [0.041745232299957004, 0.040862105898899784, 0.0489339877460226, 0.05000292063591374, 0.04603282273837854, 0.04257351306888832, 0.05531400736311193, 0.05061142010303145, 0.923706407649728, 1.0, 0.048323018240005615, 0.053653750862427206, 0.03667551784129961, 0.0467781906279913, 0.04310600331445569, 0.04469763210629518, 0.04300654218406466, 0.03628876325596517, 0.04613847242672021, 0.04135227233079385], [0.04782214381931387, 0.04076181525272038, 0.050527975525966176, 0.049164636882475465, 0.04658112594414713, 0.052481853694332864, 0.048647454820767516, 0.042109966858673714, 0.04836488270720786, 0.048323018240005615, 1.0, 1.0, 0.04756870571361591, 0.04848856300647912, 0.043362101591475, 0.04585627216506569, 0.0457425746592477, 0.04623833233042126, 0.05014303981805007, 0.04499135809442112], [0.05628577753755509, 0.0516137696282617, 0.050573905125307836, 0.05543929453373796, 0.046461266801783405, 0.04605359260225638, 0.04982510643915854, 0.04609037060652094, 0.04629762840729415, 0.053653750862427206, 1.0, 1.0, 0.04262961222892972, 0.05028058800601876, 0.05145144196967336, 0.050236674146868755, 0.051919722981974184, 0.04843503147542975, 0.0488113237297862, 0.04396294023631178], [0.04595750506041648, 0.04144509901746564, 0.038137223933107416, 0.042633125472268746, 0.03679376674713295, 0.04292501407451048, 0.042138034105866376, 0.03722299489645543, 0.03855389829480898, 0.03667551784129961, 0.04756870571361591, 0.04262961222892972, 1.0, 0.9289553008838513, 0.04474729705056626, 0.042499691211485835, 0.045283196219028675, 0.03701681731705371, 0.040777480145194674, 0.04309445234916717], [0.05173476788257012, 0.045003948898973765, 0.04407608753591719, 0.04999658401023616, 0.04117267963872767, 0.04517541805711236, 0.046784111654480785, 0.04729595991284357, 0.04595202150675657, 0.0467781906279913, 0.04848856300647912, 0.05028058800601876, 0.9289553008838513, 1.0, 0.050493445459010494, 0.04428748786786888, 0.04613105221449554, 0.04287778719997037, 0.05461572332807576, 0.0577687178874752], [0.04855351426096813, 0.04428439190630576, 0.048806715121785436, 0.0525919201756654, 0.04499771322856456, 0.051319979701799134, 0.0466972951714522, 0.04228549273601269, 0.04662059608890137, 0.04310600331445569, 0.043362101591475, 0.05145144196967336, 0.04474729705056626, 0.050493445459010494, 1.0, 0.9178631167168895, 0.04554468045961515, 0.03941769680973814, 0.04803993293716512, 0.048326432210664086], [0.04236979543285904, 0.04329263931907798, 0.04211634218387083, 0.05027352786758459, 0.04126361341411765, 0.041280915464527224, 0.04957230098647566, 0.0469818022609888, 0.047092031953338526, 0.04469763210629518, 0.04585627216506569, 0.050236674146868755, 0.042499691211485835, 0.04428748786786888, 0.9178631167168895, 1.0, 0.046069725254140756, 0.045006333125894936, 0.04507827721530588, 0.04388890300767012], [0.05191281091126694, 0.043380788411648954, 0.045354267045368275, 0.044039736908955365, 0.049907708039732976, 0.055070372013972, 0.03883733189332533, 0.04534212380917204, 0.049865490229091466, 0.04300654218406466, 0.0457425746592477, 0.051919722981974184, 0.045283196219028675, 0.04613105221449554, 0.04554468045961515, 0.046069725254140756, 1.0, 0.9819319683175984, 0.045134310754422834, 0.04087601585229238], [0.04570942094911736, 0.04419158204551203, 0.03770601874311283, 0.04638245102377257, 0.0485307421176011, 0.041339398851489795, 0.04739321348803306, 0.045680290306431275, 0.03795293682106236, 0.03628876325596517, 0.04623833233042126, 0.04843503147542975, 0.03701681731705371, 0.04287778719997037, 0.03941769680973814, 0.045006333125894936, 0.9819319683175984, 1.0, 0.045563532173394095, 0.04390252187337226], [0.052219230341801696, 0.052066991479698406, 0.0420078926694199, 0.04594686774030665, 0.05102403774553264, 0.05583701790898002, 0.05075797013576249, 0.0499597774019789, 0.04958679816301255, 0.04613847242672021, 0.05014303981805007, 0.0488113237297862, 0.040777480145194674, 0.05461572332807576, 0.04803993293716512, 0.04507827721530588, 0.045134310754422834, 0.045563532173394095, 1.0, 0.9854351968940022], [0.05280167661933058, 0.04434368293541523, 0.04389087836575442, 