{"model": "LSING", "dataset": "dim20_pair_gau", "N": 20000, "seed": 1230, "metrics": {"TP": 10, "FP": 0, "FN": 0, "TN": 180, "TPR": 1.0, "FDR": 0.0, "FPR": 0.0, "Hamming": 0}, "omega": [[1.0, 0.961098196914638, 0.04300589875881613, 0.051314799245364855, 0.04347601529891913, 0.052077108029706956, 0.04394822000644345, 0.05085782824836063, 0.044016909458995904, 0.04147331490701698, 0.04784308903201334, 0.04867589824596356, 0.04029758761191166, 0.05052154761650691, 0.04360249474285793, 0.04975138678507934, 0.05406191032369545, 0.05328239221749981, 0.04365762706661713, 0.047445356136063335], [0.961098196914638, 1.0, 0.04584176115240662, 0.053606886379017296, 0.049513076988041554, 0.04756669999850015, 0.04348335832369674, 0.04733601041660563, 0.04169339397770231, 0.047792939415069596, 0.04964287263671862, 0.048842249424075695, 0.04486824506902195, 0.05301950487470673, 0.05118375708001312, 0.055630201334416596, 0.057517813966437834, 0.054243794241934276, 0.047674093625806956, 0.04561164611054274], [0.04300589875881613, 0.04584176115240662, 1.0, 0.9869946715477617, 0.045831421111796646, 0.04668131701186286, 0.03972238400433248, 0.042995360485096175, 0.04324848904707637, 0.053246493545234266, 0.04726011233460437, 0.04836856468799291, 0.035419185011136264, 0.04372101126356499, 0.04532548989650861, 0.04295082691295489, 0.046855627753323505, 0.05457431603394869, 0.04598005562568901, 0.039079846657080156], [0.051314799245364855, 0.053606886379017296, 0.9869946715477617, 1.0, 0.0511048283833473, 0.04718400257996025, 0.04777377128129872, 0.04991714326386152, 0.046588542236446866, 0.05192406030920495, 0.053518166982648004, 0.05209199399231377, 0.05339526245445544, 0.050837704227813627, 0.05149317376558025, 0.054652384600510154, 0.052308210877237554, 0.0606770852792657, 0.043966365055773796, 0.05130047270331419], [0.04347601529891913, 0.049513076988041554, 0.045831421111796646, 0.0511048283833473, 1.0, 1.0, 0.04428713982656659, 0.051527190903242516, 0.05259974794424873, 0.04799042999086595, 0.04205305603688496, 0.03713712522048226, 0.05054096270169446, 0.04880702776827901, 0.05052085548056356, 0.0464273098404206, 0.052586291611952087, 0.05759635963641655, 0.05214010919996773, 0.05705763260101677], [0.052077108029706956, 0.04756669999850015, 0.04668131701186286, 0.04718400257996025, 1.0, 1.0, 0.053191707289446735, 0.05094758416870334, 0.05567244178626014, 0.04618838854463675, 0.05093421687331203, 0.04532287758730495, 0.05277522288524515, 0.05511665662375173, 0.046822368269327376, 0.05433621622961216, 0.049834842924384296, 0.056914447817707464, 0.05583037981678906, 0.05294921947762471], [0.04394822000644345, 0.04348335832369674, 0.03972238400433248, 0.04777377128129872, 0.04428713982656659, 0.053191707289446735, 1.0, 0.9215149288750353, 0.04562865047951985, 0.046696018180892564, 0.044396798015163774, 0.047248828166809545, 0.043908880813760494, 0.04492461550974777, 0.05297507545894527, 0.05019979847958027, 0.053424335523959275, 0.054640310860158595, 0.04239027575609871, 0.04395029305439027], [0.05085782824836063, 0.04733601041660563, 0.042995360485096175, 0.04991714326386152, 0.051527190903242516, 0.05094758416870334, 0.9215149288750353, 1.0, 0.04684410671376166, 0.04494552910285151, 0.045390268444992825, 0.053178123281587726, 0.04207288102782537, 0.05040846066708358, 0.05080312262977038, 0.04474416962152716, 0.04671808253399919, 0.0563153537604915, 0.0417638087302883, 0.044531473894218083], [0.044016909458995904, 0.04169339397770231, 0.04324848904707637, 0.046588542236446866, 0.05259974794424873, 0.05567244178626014, 0.04562865047951985, 0.04684410671376166, 1.0, 0.9737725903092259, 0.045132101738124035, 0.04366937321835473, 0.04678614032850627, 0.050726403056321805, 0.04843367586491592, 0.0482551971883207, 0.04865163148940613, 0.053408609590547426, 0.04655977491631606, 0.04862970321156991], [0.04147331490701698, 0.047792939415069596, 0.053246493545234266, 0.05192406030920495, 0.04799042999086595, 0.04618838854463675, 0.046696018180892564, 0.04494552910285151, 0.9737725903092259, 1.0, 0.04592634285259031, 0.0482375930801888, 0.0419409988916686, 0.04661239068754339, 0.05022419795152489, 0.04644260066895544, 0.04646569314632743, 0.05349138199361708, 0.04784775926968933, 0.052524016176466876], [0.04784308903201334, 0.04964287263671862, 0.04726011233460437, 0.053518166982648004, 0.04205305603688496, 0.05093421687331203, 0.044396798015163774, 0.045390268444992825, 0.045132101738124035, 0.04592634285259031, 1.0, 0.9516692894363068, 0.039504119270586016, 0.053867221890504684, 0.05102306226530208, 0.044721616405412, 0.047223674401082, 0.05863197140153416, 0.04176519468211661, 0.04880172587255764], [0.04867589824596356, 0.048842249424075695, 0.04836856468799291, 0.05209199399231377, 0.03713712522048226, 0.04532287758730495, 0.047248828166809545, 0.053178123281587726, 0.04366937321835473, 0.0482375930801888, 0.9516692894363068, 1.0, 0.03974949322209414, 0.051404219177385545, 0.051536687613164225, 0.04699142415343173, 0.049163917923805055, 0.0483207569096536, 0.0415057226606168, 0.04385620288469359], [0.04029758761191166, 0.04486824506902195, 0.035419185011136264, 0.05339526245445544, 0.05054096270169446, 0.05277522288524515, 0.043908880813760494, 0.04207288102782537, 0.04678614032850627, 0.0419409988916686, 0.039504119270586016, 0.03974949322209414, 1.0, 0.8877209546562524, 0.04511677899069861, 0.04320061071118944, 0.046133914757988684, 0.046527896344323416, 0.04275950340280909, 0.045399103257920174], [0.05052154761650691, 0.05301950487470673, 0.04372101126356499, 0.050837704227813627, 0.04880702776827901, 0.05511665662375173, 0.04492461550974777, 0.05040846066708358, 0.050726403056321805, 0.04661239068754339, 0.053867221890504684, 0.051404219177385545, 0.8877209546562524, 1.0, 0.05045704625838835, 0.04736125825906334, 0.0512893111712569, 0.05529785176593043, 0.051869559643491124, 0.049603543523685324], [0.04360249474285793, 0.05118375708001312, 0.04532548989650861, 0.05149317376558025, 0.05052085548056356, 0.046822368269327376, 0.05297507545894527, 0.05080312262977038, 0.04843367586491592, 0.05022419795152489, 0.05102306226530208, 0.051536687613164225, 0.04511677899069861, 0.05045704625838835, 1.0, 0.9619445111791916, 0.04711014898689844, 0.0635255169959827, 0.046448401507335, 0.04261521321792036], [0.04975138678507934, 0.055630201334416596, 0.04295082691295489, 0.054652384600510154, 0.0464273098404206, 0.05433621622961216, 0.05019979847958027, 0.04474416962152716, 0.0482551971883207, 0.04644260066895544, 0.044721616405412, 0.04699142415343173, 0.04320061071118944, 0.04736125825906334, 0.9619445111791916, 1.0, 0.04508113398961619, 0.049952914260564696, 0.04615929195595037, 0.04829102362309701], [0.05406191032369545, 0.057517813966437834, 0.046855627753323505, 0.052308210877237554, 0.052586291611952087, 0.049834842924384296, 0.053424335523959275, 0.04671808253399919, 0.04865163148940613, 0.04646569314632743, 0.047223674401082, 0.049163917923805055, 0.046133914757988684, 0.0512893111712569, 0.04711014898689844, 0.04508113398961619, 1.0, 0.9833858881786782, 0.04318356266373047, 0.044529743554359714], [0.05328239221749981, 0.054243794241934276, 0.05457431603394869, 0.0606770852792657, 0.05759635963641655, 0.056914447817707464, 0.054640310860158595, 0.0563153537604915, 0.053408609590547426, 0.05349138199361708, 0.05863197140153416, 0.0483207569096536, 0.046527896344323416, 0.05529785176593043, 0.0635255169959827, 0.049952914260564696, 0.9833858881786782, 1.0, 0.0542401941270639, 0.053352254269296094], [0.04365762706661713, 0.047674093625806956, 0.04598005562568901, 0.043966365055773796, 0.05214010919996773, 0.05583037981678906, 0.04239027575609871, 0.0417638087302883, 0.04655977491631606, 0.04784775926968933, 0.04176519468211661, 0.0415057226606168, 0.04275950340280909, 0.051869559643491124, 0.046448401507335, 0.04615929195595037, 0.04318356266373047, 0.0542401941270639, 1.0, 0.9710881780116662], [0.047445356136063335, 0.04561164611054274, 0.039079846657080156, 