{"model": "LSING", "dataset": "0.1_dim20_pair_gau", "N": 2000, "seed": 1234560, "metrics": {"TP": 9, "FP": 139, "FN": 1, "TN": 41, "TPR": 0.9, "FDR": 0.9391891891891891, "FPR": 0.7722222222222223, "Hamming": 140}, "omega": [[1.0, 0.18699264634164262, 0.3533272013420886, 0.19128664597938172, 0.1636329038683556, 0.2630836361808852, 0.19923506456262072, 0.21765942511430628, 0.19057533844151922, 0.2725981705291381, 0.19146895921863938, 0.182039867311367, 0.22512015284515338, 0.32642930524705255, 0.17731567892604336, 0.2560593322712402, 0.2551858501552643, 0.2390154217182904, 0.2191047950755326, 0.1647212845329474], [0.18699264634164262, 1.0, 0.28009252535928203, 0.24277010315412323, 0.19788300138146045, 0.21831005817950325, 0.2856012755644676, 0.1893529271931707, 0.16666143421795243, 0.2038682804039814, 0.20418406025048766, 0.19530374098463968, 0.20743883134291924, 0.22921537426280045, 0.19034807157475997, 0.21397880476019984, 0.4041558896239069, 0.18080578488250318, 0.18499439924329392, 0.15030207365075748], [0.3533272013420886, 0.28009252535928203, 1.0, 0.5201128122209198, 0.2738115346543355, 0.4760468994091187, 0.5003147772216029, 0.4074660714082616, 0.2948148187835384, 0.44704746235166987, 0.5754626181801024, 0.40656756283473766, 0.3211393230959691, 0.40788814516053484, 0.2572823466611322, 0.5638165267863933, 0.45718125857185543, 0.2209733667420484, 0.393384126310936, 0.3362652435408789], [0.19128664597938172, 0.24277010315412323, 0.5201128122209198, 1.0, 0.314456734119197, 0.21290830685071976, 0.28476207068737425, 0.20142384172463013, 0.21929413452212063, 0.27816761087300335, 0.24140624346433473, 0.21537570407375584, 0.25632765192798657, 0.4568284129359542, 0.22237529484613514, 0.2286785234581172, 0.24992172476047683, 0.20085274501309255, 0.2569530862094804, 0.1782917812674764], [0.1636329038683556, 0.19788300138146045, 0.2738115346543355, 0.314456734119197, 1.0, 0.2700272209528051, 0.23088114937660387, 0.18525482322892656, 0.22329556351326407, 0.22024041660568672, 0.2441650833809502, 0.1793042600936834, 0.19738032598656802, 0.24729440886535978, 0.1755621114691422, 0.1797448902396753, 0.1634911891046757, 0.16401041564348012, 0.2274223362833378, 0.17064595174685926], [0.2630836361808852, 0.21831005817950325, 0.4760468994091187, 0.21290830685071976, 0.2700272209528051, 1.0, 0.2534818812990497, 0.2807941747994429, 0.25827970778371867, 0.2758152883566455, 0.4674180745008581, 0.25867406835702333, 0.20533447833097293, 0.30101591281650086, 0.19538575256852916, 0.46601831613972616, 0.25045044490383467, 0.2072380008749782, 0.32910899262735444, 0.24457386452024726], [0.19923506456262072, 0.2856012755644676, 0.5003147772216029, 0.28476207068737425, 0.23088114937660387, 0.2534818812990497, 1.0, 0.36921613500444583, 0.24566945938433882, 0.31953492742546635, 0.5503308458522802, 0.23151015550931575, 0.3508367045812407, 0.29139673732697, 0.19228022375955953, 0.29673549561299906, 0.29603972092813113, 0.19136966802118158, 0.35612354569649424, 0.20567136029849145], [0.21765942511430628, 0.1893529271931707, 0.4074660714082616, 0.20142384172463013, 0.18525482322892656, 0.2807941747994429, 0.36921613500444583, 1.0, 0.24274879737492747, 0.27350527974441086, 0.4140400322431636, 0.20495455398967477, 0.31696462015571203, 0.2260182697683244, 0.2440928943879105, 0.24895557033800647, 0.21882252483321726, 0.24150023171601476, 0.5700103674548207, 0.19391585354570307], [0.19057533844151922, 0.16666143421795243, 0.2948148187835384, 0.21929413452212063, 0.22329556351326407, 0.25827970778371867, 0.24566945938433882, 0.24274879737492747, 1.0, 0.44917727263655227, 0.4199390228599418, 0.20832546507774433, 0.18870923417222646, 0.28618321315777245, 0.22568005618960615, 0.25417222771002695, 0.29311504058609944, 0.17503716683518597, 0.24904934709849597, 0.21008335635454106], [0.2725981705291381, 0.2038682804039814, 0.44704746235166987, 0.27816761087300335, 0.22024041660568672, 0.2758152883566455, 0.31953492742546635, 0.27350527974441086, 0.44917727263655227, 1.0, 0.28036069618889425, 0.26517910656282856, 0.23735737778245253, 0.5015935626217426, 0.2032192061071888, 0.2969120437590626, 0.26423101505463226, 0.2290974248425323, 0.2551567035360042, 0.20119829811942347], [0.19146895921863938, 0.20418406025048766, 0.5754626181801024, 0.24140624346433473, 0.2441650833809502, 0.4674180745008581, 0.5503308458522802, 0.4140400322431636, 0.4199390228599418, 0.28036069618889425, 1.0, 0.34032245137527706, 0.2593258215422295, 0.30782607014620744, 0.20693365721877555, 0.22954986716316653, 0.30419670115727665, 0.22065406204236634, 0.2878765682894245, 0.1760221283076008], [0.182039867311367, 0.19530374098463968, 0.40656756283473766, 0.21537570407375584, 0.1793042600936834, 0.25867406835702333, 0.23151015550931575, 0.20495455398967477, 0.20832546507774433, 0.26517910656282856, 0.34032245137527706, 1.0, 0.26637636602551623, 0.4263958019092673, 0.20118947032046994, 0.3165301624192813, 0.1860899471093431, 0.1754659378084932, 0.25268425402341627, 0.18674470816925925], [0.22512015284515338, 0.20743883134291924, 0.3211393230959691, 0.25632765192798657, 0.19738032598656802, 0.20533447833097293, 0.3508367045812407, 0.31696462015571203, 0.18870923417222646, 0.23735737778245253, 0.2593258215422295, 0.26637636602551623, 1.0, 1.0, 0.24062239444811498, 0.24114782472850876, 0.2297535488456764, 0.2234567354664742, 0.259943015500299, 0.153373521046021], [0.32642930524705255, 0.22921537426280045, 0.40788814516053484, 0.4568284129359542, 0.24729440886535978, 0.30101591281650086, 0.29139673732697, 0.2260182697683244, 0.28618321315777245, 0.5015935626217426, 0.30782607014620744, 0.4263958019092673, 1.0, 1.0, 0.2443880342608209, 0.30911044831338597, 0.2966419460097142, 0.19815202600884196, 0.331763191402692, 0.23281135114264617], [0.17731567892604336, 0.19034807157475997, 0.2572823466611322, 0.22237529484613514, 0.1755621114691422, 0.19538575256852916, 0.19228022375955953, 0.2440928943879105, 0.22568005618960615, 0.2032192061071888, 0.20693365721877555, 0.20118947032046994, 0.24062239444811498, 0.2443880342608209, 1.0, 0.6752819874707605, 0.2421605463779345, 0.15611170532302648, 0.21954320064752023, 0.1596919926897365], [0.2560593322712402, 0.21397880476019984, 0.5638165267863933, 0.2286785234581172, 0.1797448902396753, 0.46601831613972616, 0.29673549561299906, 0.24895557033800647, 0.25417222771002695, 0.2969120437590626, 0.22954986716316653, 0.3165301624192813, 0.24114782472850876, 0.30911044831338597, 0.6752819874707605, 1.0, 0.2639802491667012, 0.1878647263493553, 0.4813385813227336, 0.23181035158828162], [0.2551858501552643, 0.4041558896239069, 0.45718125857185543, 0.24992172476047683, 0.1634911891046757, 0.25045044490383467, 0.29603972092813113, 0.21882252483321726, 0.29311504058609944, 0.26423101505463226, 0.30419670115727665, 0.1860899471093431, 0.2297535488456764, 0.2966419460097142, 0.2421605463779345, 0.2639802491667012, 1.0, 0.49957150318193977, 0.23990337139830112, 0.22896485119808818], [0.2390154217182904, 0.18080578488250318, 0.2209733667420484, 0.20085274501309255, 0.16401041564348012, 0.2072380008749782, 0.19136966802118158, 0.24150023171601476, 0.17503716683518597, 0.2290974248425323, 0.22065406204236634, 0.1754659378084932, 0.2234567354664742, 0.19815202600884196, 0.15611170532302648, 0.1878647263493553, 0.49957150318193977, 1.0, 0.2558943221445721, 0.14643635933988805], [0.2191047950755326, 0.18499439924329392, 0.393384126310936, 0.2569530862094804, 0.2274223362833378, 0.32910899262735444, 0.35612354569649424, 0.5700103674548207, 0.24904934709849597, 0.2551567035360042, 0.2878765682894245, 0.25268425402341627, 0.259943015500299, 0.331763191402692, 0.21954320064752023, 0.4813385813227336, 0.23990337139830112, 0.2558943221445721, 1.0, 0.5421759257039908], [0.1647212845329474, 0.15030207365075748, 0.3362652435408789, 0.1782917812674764, 0.17064595174685926, 0.24457386452024726, 0.20567136029849145, 0.19391585354570307, 0.21008335635454106, 0.20119829811942347, 0.1760221283076008, 0.18674470816925925, 