{"model": "LSING", "dataset": "0.1_dim20_pair_gau", "N": 2000, "seed": 120, "metrics": {"TP": 10, "FP": 159, "FN": 0, "TN": 21, "TPR": 1.0, "FDR": 0.9408284023668639, "FPR": 0.8833333333333333, "Hamming": 159}, "omega": [[1.0, 0.542563861228685, 0.3353355055335954, 0.4723643479710922, 0.3774583887033228, 0.3503752674011149, 0.42005482962577095, 0.33324076745078013, 0.41593708225836684, 0.39287282341482604, 0.4379297951013534, 0.29642734311973523, 0.34601349698159767, 0.26374332813322887, 0.2722272955500722, 0.4653038992839062, 0.5108039560787534, 0.23570915731800907, 0.24149188108684227, 0.42262205602235575], [0.542563861228685, 1.0, 0.5279688331878685, 0.23790162811640558, 0.20540782685192643, 0.23508083647135156, 0.20248531755805635, 0.3244503866772962, 0.31455102317425826, 0.22100787287854184, 0.24084447584747243, 0.2270005567957511, 0.22349355455509826, 0.2121707550766076, 0.22242113645254216, 0.24555394124028793, 0.26793389920064276, 0.17183277188212775, 0.2239837140743946, 0.4950215643452517], [0.3353355055335954, 0.5279688331878685, 1.0, 1.0, 0.3624617226792532, 0.5512041640693517, 0.39562461715040403, 0.37121383281598375, 0.40842406992358526, 0.3691811603865859, 0.253115956795583, 0.41546819693534953, 0.2727619322714636, 0.3750489936719515, 0.5350444195287802, 0.5322043716168967, 0.43902957938278553, 0.21757955715500618, 0.4301364815443228, 0.511246436444809], [0.4723643479710922, 0.23790162811640558, 1.0, 1.0, 0.25988029820744973, 0.21726276769425576, 0.26520426449476175, 0.17900281896468684, 0.31515248073297514, 0.1667850263982093, 0.18721739598286646, 0.2775521657679263, 0.23753395118556092, 0.19652472954079894, 0.16377514776145166, 0.24151703199931943, 0.28648608052635954, 0.1694473883014939, 0.1793853789209356, 0.28132325577244316], [0.3774583887033228, 0.20540782685192643, 0.3624617226792532, 0.25988029820744973, 1.0, 0.5257080265136324, 0.2856643312751132, 0.30596379760725256, 0.41016481098213986, 0.2898508410207958, 0.2731442566965148, 0.3782034439040694, 0.2305222447248587, 0.2706064144082556, 0.2350056892879062, 0.28900238125860184, 0.3347670987310368, 0.18566054113254452, 0.38281077787704604, 0.3159889602326325], [0.3503752674011149, 0.23508083647135156, 0.5512041640693517, 0.21726276769425576, 0.5257080265136324, 1.0, 0.3291230582776243, 0.29379434622765216, 0.46058221173164854, 0.23250365410738782, 0.32458414930039975, 0.31455062850035964, 0.28580531897684536, 0.2968349648685485, 0.22438962344774438, 0.39089829536269116, 0.23927079643079333, 0.3287209555976841, 0.3959949485815025, 0.40213699110652024], [0.42005482962577095, 0.20248531755805635, 0.39562461715040403, 0.26520426449476175, 0.2856643312751132, 0.3291230582776243, 1.0, 0.653626318525924, 0.3074228051592485, 0.3546493310952183, 0.25544423360936486, 0.26766046021166384, 0.2327953499470335, 0.28927014840171456, 0.198467912846531, 0.4610172060250459, 0.24794569052896462, 0.21392115291426317, 0.3107981454604519, 0.4394052834714722], [0.33324076745078013, 0.3244503866772962, 0.37121383281598375, 0.17900281896468684, 0.30596379760725256, 0.29379434622765216, 0.653626318525924, 1.0, 0.3379880706122021, 0.34924462216709123, 0.4169245308899675, 0.273427110567689, 0.2717712243973451, 0.29591047308949125, 0.31150858394086167, 0.38970221701569546, 0.2532024031108044, 0.2115922904553414, 0.2747286432341219, 0.5844820359591718], [0.41593708225836684, 0.31455102317425826, 0.40842406992358526, 0.31515248073297514, 0.41016481098213986, 0.46058221173164854, 0.3074228051592485, 0.3379880706122021, 1.0, 0.6274197424897949, 0.3844649707690506, 0.3171020679409982, 0.22410131416477747, 0.27939407065869726, 0.41062218710501575, 0.5616730547395637, 0.28218741973637873, 0.24734148298437328, 0.38533162372483093, 0.44238544061737795], [0.39287282341482604, 0.22100787287854184, 0.3691811603865859, 0.1667850263982093, 0.2898508410207958, 0.23250365410738782, 0.3546493310952183, 0.34924462216709123, 0.6274197424897949, 1.0, 0.21456932840430618, 0.261581291784985, 0.2017858408268963, 0.3669255990557771, 0.2113778552142113, 0.21985713746993507, 0.20475258542595587, 0.15121816799047508, 0.36375301928715326, 0.4500499949978266], [0.4379297951013534, 0.24084447584747243, 0.253115956795583, 0.18721739598286646, 0.2731442566965148, 0.32458414930039975, 0.25544423360936486, 0.4169245308899675, 0.3844649707690506, 0.21456932840430618, 1.0, 0.2934039564505107, 0.19603522568943102, 0.23543869111468615, 0.20604767599584944, 0.21188025599007398, 0.209955966105813, 0.17774261247486786, 0.2188637241698983, 0.31745957883609854], [0.29642734311973523, 0.2270005567957511, 0.41546819693534953, 0.2775521657679263, 0.3782034439040694, 0.31455062850035964, 0.26766046021166384, 0.273427110567689, 0.3171020679409982, 0.261581291784985, 0.2934039564505107, 1.0, 0.26082272855177163, 0.297867444518844, 0.39810427686715194, 0.2131923175376097, 0.46798475356905517, 0.23839516782667267, 0.2787535531154297, 0.42488897377631296], [0.34601349698159767, 0.22349355455509826, 0.2727619322714636, 0.23753395118556092, 0.2305222447248587, 0.28580531897684536, 0.2327953499470335, 0.2717712243973451, 0.22410131416477747, 0.2017858408268963, 0.19603522568943102, 0.26082272855177163, 1.0, 0.5806572512073138, 0.19117225124716317, 0.3608456858412572, 0.23299611801299566, 0.18667121186708535, 0.19786031237955284, 0.48522067197992796], [0.26374332813322887, 0.2121707550766076, 0.3750489936719515, 0.19652472954079894, 0.2706064144082556, 0.2968349648685485, 0.28927014840171456, 0.29591047308949125, 0.27939407065869726, 0.3669255990557771, 0.23543869111468615, 0.297867444518844, 0.5806572512073138, 1.0, 0.18700066272113292, 0.2896765097403354, 0.20906737692011718, 0.2357206155924861, 0.2287402093182304, 0.2829552323433783], [0.2722272955500722, 0.22242113645254216, 0.5350444195287802, 0.16377514776145166, 0.2350056892879062, 0.22438962344774438, 0.198467912846531, 0.31150858394086167, 0.41062218710501575, 0.2113778552142113, 0.20604767599584944, 0.39810427686715194, 0.19117225124716317, 0.18700066272113292, 1.0, 0.5548697679258912, 0.16460867993828524, 0.13085722483291226, 0.2312804514784217, 0.2964136632131512], [0.4653038992839062, 0.24555394124028793, 0.5322043716168967, 0.24151703199931943, 0.28900238125860184, 0.39089829536269116, 0.4610172060250459, 0.38970221701569546, 0.5616730547395637, 0.21985713746993507, 0.21188025599007398, 0.2131923175376097, 0.3608456858412572, 0.2896765097403354, 0.5548697679258912, 1.0, 0.4196425227158382, 0.19412168112034628, 0.30451241617349195, 0.3548181624039297], [0.5108039560787534, 0.26793389920064276, 0.43902957938278553, 0.28648608052635954, 0.3347670987310368, 0.23927079643079333, 0.24794569052896462, 0.2532024031108044, 0.28218741973637873, 0.20475258542595587, 0.209955966105813, 0.46798475356905517, 0.23299611801299566, 0.20906737692011718, 0.16460867993828524, 0.4196425227158382, 1.0, 0.42193986855424, 0.24929236879683714, 0.32837382717240166], [0.23570915731800907, 0.17183277188212775, 0.21757955715500618, 0.1694473883014939, 0.18566054113254452, 0.3287209555976841, 0.21392115291426317, 0.2115922904553414, 0.24734148298437328, 0.15121816799047508, 0.17774261247486786, 0.23839516782667267, 0.18667121186708535, 0.2357206155924861, 0.13085722483291226, 0.19412168112034628, 0.42193986855424, 1.0, 0.14310091946541598, 0.31470280393397704], [0.24149188108684227, 0.2239837140743946, 0.4301364815443228, 0.1793853789209356, 0.38281077787704604, 0.3959949485815025, 0.3107981454604519, 0.2747286432341219, 0.38533162372483093, 0.36375301928715326, 0.2188637241698983, 0.2787535531154297, 0.19786031237955284, 0.2287402093182304, 0.2312804514784217, 0.30451241617349195, 0.24929236879683714, 0.14310091946541598, 1.0, 0.7608624251071265], [0.42262205602235575, 0.4950215643452517, 0.511246436444809, 0.28132325577244316, 0.3159889602326325, 0.40213699110652024, 0.4394052834714722, 0.5844820359591718, 0.44238544061737795, 0.4500499949978266, 0.31745957883609854, 0.42488897377631296, 0.48522067197992796, 