{"model": "LSING", "dataset": "0.1_dim20_pair_gau", "N": 2000, "seed": 1230, "metrics": {"TP": 10, "FP": 156, "FN": 0, "TN": 24, "TPR": 1.0, "FDR": 0.9397590361445783, "FPR": 0.8666666666666667, "Hamming": 156}, "omega": [[1.0, 0.9497548054703764, 0.5205449013900886, 0.897177647243228, 0.6194997109177595, 0.501281396189046, 0.26493366015102887, 0.6256687601148663, 0.2829442304682314, 0.33037750688549233, 0.405644987114447, 0.30548150728270373, 0.4363976900768269, 0.3581885661851506, 0.4547908453423743, 0.5591738625270904, 0.5851190286388399, 0.46184918598845814, 0.46981798718623424, 0.4388236608420018], [0.9497548054703764, 1.0, 0.25495546138472663, 0.18956343762242986, 0.36771408099223046, 0.24810851755589694, 0.31397077279637764, 0.3602656530453835, 0.17522359111705782, 0.242033909736291, 0.2188401455627291, 0.18963123899409803, 0.21694467027000006, 0.19305744636007155, 0.21247345035863627, 0.42741130089922313, 0.33644768754662174, 0.18851360563869804, 0.2654089492374724, 0.18927524501660267], [0.5205449013900886, 0.25495546138472663, 1.0, 0.32535694805816706, 0.31725681716558407, 0.2805716517946832, 0.20018540967719683, 0.40231235250627323, 0.2799553451017666, 0.2693426616738033, 0.18951344295463401, 0.28692611627298487, 0.26232235115963254, 0.24836797566161223, 0.2616445966278614, 0.2591457668827587, 0.2927578888461553, 0.4383523646041843, 0.2648955669741375, 0.2983298880887189], [0.897177647243228, 0.18956343762242986, 0.32535694805816706, 1.0, 0.2799683113523047, 0.3166853634722327, 0.17189445900767877, 0.2603073075630493, 0.22494446858210948, 0.2643975186505259, 0.2819952074048092, 0.2409530736332283, 0.22263813617076458, 0.2235290878041703, 0.21549252726471152, 0.23235752829612735, 0.34608362913570156, 0.23595914780673805, 0.2163359359794777, 0.2954525292888756], [0.6194997109177595, 0.36771408099223046, 0.31725681716558407, 0.2799683113523047, 1.0, 1.0, 0.24701096752858587, 0.45298731764800426, 0.3354016032366003, 0.2541692624852734, 0.3014968685138976, 0.2478646875998037, 0.37552038025592677, 0.37563435156670694, 0.19047589459843514, 0.3344484752445907, 0.5120708717461716, 0.5209334966263651, 0.27475123432260523, 0.35321063977315464], [0.501281396189046, 0.24810851755589694, 0.2805716517946832, 0.3166853634722327, 1.0, 1.0, 0.2587777102994143, 0.36810514198765854, 0.258270954763799, 0.32727961675153827, 0.23923670912386366, 0.2222675507832904, 0.3075639599710901, 0.30089615494561517, 0.30375122384312886, 0.2528036942451927, 0.6010679090805111, 0.3626141485372192, 0.32943876015353385, 0.33334055782084726], [0.26493366015102887, 0.31397077279637764, 0.20018540967719683, 0.17189445900767877, 0.24701096752858587, 0.2587777102994143, 1.0, 0.47587525063180874, 0.3026369528865718, 0.1597540206304464, 0.21558503526287767, 0.2661288808597295, 0.24659888453539186, 0.2439327754478533, 0.1998025865589339, 0.2410513887743961, 0.40092244189956927, 0.1785203461275785, 0.1985668629541711, 0.2507733657438694], [0.6256687601148663, 0.3602656530453835, 0.40231235250627323, 0.2603073075630493, 0.45298731764800426, 0.36810514198765854, 0.47587525063180874, 1.0, 0.3882811882246775, 0.21224087042867168, 0.2507201417721848, 0.3245016728774843, 0.3778611142104334, 0.3391605760080626, 0.24781537942177162, 0.2693533863251127, 0.5649311159359044, 0.29326035732324585, 0.4063945288615147, 0.28963330266638787], [0.2829442304682314, 0.17522359111705782, 0.2799553451017666, 0.22494446858210948, 0.3354016032366003, 0.258270954763799, 0.3026369528865718, 0.3882811882246775, 1.0, 0.3728002696419712, 0.19204073400494262, 0.21214161661782688, 0.19779740599895665, 0.19080294392589095, 0.16920410562348318, 0.25770562343834086, 0.29574900880685107, 0.2530033787064773, 0.24850677268384938, 0.2115825337502185], [0.33037750688549233, 0.242033909736291, 0.2693426616738033, 0.2643975186505259, 0.2541692624852734, 0.32727961675153827, 0.1597540206304464, 0.21224087042867168, 0.3728002696419712, 1.0, 0.16860827453852056, 0.1834968505250638, 0.3132893126208817, 0.20849006548439866, 0.1490782782141829, 0.20832457241634814, 0.301178176148566, 0.19643234912370003, 0.2209511296062973, 0.2062913858760083], [0.405644987114447, 0.2188401455627291, 0.18951344295463401, 0.2819952074048092, 0.3014968685138976, 0.23923670912386366, 0.21558503526287767, 0.2507201417721848, 0.19204073400494262, 0.16860827453852056, 1.0, 0.32489968983551876, 0.2746217399371669, 0.21368743045088143, 0.15770072974702487, 0.21384235297756948, 0.31185591498914256, 0.2496680611842268, 0.2102201037490579, 0.21943836535186972], [0.30548150728270373, 0.18963123899409803, 0.28692611627298487, 0.2409530736332283, 0.2478646875998037, 0.2222675507832904, 0.2661288808597295, 0.3245016728774843, 0.21214161661782688, 0.1834968505250638, 0.32489968983551876, 1.0, 0.32819411218184213, 0.20808575103353136, 0.17597774215253936, 0.24786112205603067, 0.3179761743780389, 0.19695246318971837, 0.25687928590270015, 0.2534034060988199], [0.4363976900768269, 0.21694467027000006, 0.26232235115963254, 0.22263813617076458, 0.37552038025592677, 0.3075639599710901, 0.24659888453539186, 0.3778611142104334, 0.19779740599895665, 0.3132893126208817, 0.2746217399371669, 0.32819411218184213, 1.0, 0.29984299558802835, 0.29091062895183434, 0.264016930126494, 0.43298003581291006, 0.25432139702292084, 0.2663797788583905, 0.24629606549459795], [0.3581885661851506, 0.19305744636007155, 0.24836797566161223, 0.2235290878041703, 0.37563435156670694, 0.30089615494561517, 0.2439327754478533, 0.3391605760080626, 0.19080294392589095, 0.20849006548439866, 0.21368743045088143, 0.20808575103353136, 0.29984299558802835, 1.0, 0.2277518824810222, 0.2608329485721657, 0.33664205521473595, 0.22490217941166202, 0.3602621155216008, 0.26256817053504117], [0.4547908453423743, 0.21247345035863627, 0.2616445966278614, 0.21549252726471152, 0.19047589459843514, 0.30375122384312886, 0.1998025865589339, 0.24781537942177162, 0.16920410562348318, 0.1490782782141829, 0.15770072974702487, 0.17597774215253936, 0.29091062895183434, 0.2277518824810222, 1.0, 0.29578146996568055, 0.3328974076633441, 0.2131815015049817, 0.22848780651277603, 0.22296851987707295], [0.5591738625270904, 0.42741130089922313, 0.2591457668827587, 0.23235752829612735, 0.3344484752445907, 0.2528036942451927, 0.2410513887743961, 0.2693533863251127, 0.25770562343834086, 0.20832457241634814, 0.21384235297756948, 0.24786112205603067, 0.264016930126494, 0.2608329485721657, 0.29578146996568055, 1.0, 0.2563014226365544, 0.21577150829870856, 0.3261914113910115, 0.29763181205894085], [0.5851190286388399, 0.33644768754662174, 0.2927578888461553, 0.34608362913570156, 0.5120708717461716, 0.6010679090805111, 0.40092244189956927, 0.5649311159359044, 0.29574900880685107, 0.301178176148566, 0.31185591498914256, 0.3179761743780389, 0.43298003581291006, 0.33664205521473595, 0.3328974076633441, 0.2563014226365544, 1.0, 0.7852910517656433, 0.3087970637067544, 0.322917653787577], [0.46184918598845814, 0.18851360563869804, 0.4383523646041843, 0.23595914780673805, 0.5209334966263651, 0.3626141485372192, 0.1785203461275785, 0.29326035732324585, 0.2530033787064773, 0.19643234912370003, 0.2496680611842268, 0.19695246318971837, 0.25432139702292084, 0.22490217941166202, 0.2131815015049817, 0.21577150829870856, 0.7852910517656433, 1.0, 0.3933958171646314, 0.23102688697402765], [0.46981798718623424, 0.2654089492374724, 0.2648955669741375, 0.2163359359794777, 0.27475123432260523, 0.32943876015353385, 0.1985668629541711, 0.4063945288615147, 0.24850677268384938, 0.2209511296062973, 0.2102201037490579, 0.25687928590270015, 0.2663797788583905, 0.3602621155216008, 0.22848780651277603, 0.3261914113910115, 0.3087970637067544, 0.3933958171646314, 1.0, 0.31410505860016724], [0.4388236608420018, 0.18927524501660267, 0.2983298880887189, 0.2954525292888756, 0.35321063977315464, 0.33334055782084726, 0.2507733657438694, 0.28963330266638787, 0.2115825337502185, 0.2062913858760083, 0.21943836535186972, 0.2534034060988199, 0.24629606549459795, 0.26256817053504117, 