{"model": "LSING", "dataset": "0.1_dim20_pair_gau", "N": 2000, "seed": 123450, "metrics": {"TP": 10, "FP": 156, "FN": 0, "TN": 24, "TPR": 1.0, "FDR": 0.9397590361445783, "FPR": 0.8666666666666667, "Hamming": 156}, "omega": [[1.0, 0.6258226071078319, 0.3114023368235396, 0.2132330302302488, 0.42691866767443737, 0.21272283311759044, 0.21311342438639022, 0.183934156433364, 0.2625122427082058, 0.3686124382573852, 0.27950593069702373, 0.3321268888299661, 0.340876178684008, 0.2427891862951078, 0.1852584383161256, 0.1974960169978942, 0.20904414368693652, 0.2695546907796894, 0.18362666345333742, 0.18508747860915215], [0.6258226071078319, 1.0, 0.5605104738138386, 0.3335892208593061, 0.39824472378627107, 0.31927943905635986, 0.3892110604496523, 0.3490003114646972, 0.194037516048815, 0.4501967626782634, 0.23473598750342434, 0.5320262270510225, 0.5698992467689714, 0.2887236413547032, 0.2957733220550245, 0.21754616117269243, 0.3345090251190152, 0.2717881588074836, 0.18865854329842932, 0.22433431675590376], [0.3114023368235396, 0.5605104738138386, 1.0, 0.8039247072639277, 0.5067729941758505, 0.34079708875184495, 0.42901185787665963, 0.42244420587435433, 0.38748126771114716, 0.7410086918758247, 0.3310323216876333, 0.4578405008807246, 0.8297313131880414, 0.5293657334782575, 0.3482156848181273, 0.3752860515697135, 0.21424817035741292, 0.29794290552536495, 0.21647069051541634, 0.45796369739138204], [0.2132330302302488, 0.3335892208593061, 0.8039247072639277, 1.0, 0.39437564840847283, 0.41810738385892976, 0.2900211178106277, 0.3016753670233044, 0.2490525842453969, 0.5390946378418293, 0.42907278196597715, 0.326645626043162, 0.45719570505834967, 0.5122508714768158, 0.29300065312030704, 0.21315086991157814, 0.21848860861690855, 0.27337548268088036, 0.24130094284168477, 0.23131304881143652], [0.42691866767443737, 0.39824472378627107, 0.5067729941758505, 0.39437564840847283, 1.0, 0.7103063363456439, 0.3401941498452965, 0.34220945188954954, 0.3255926373567815, 0.540861612301431, 0.4804638268019446, 0.419624550499812, 0.5366812261121732, 0.4206929424139704, 0.7272663160339012, 0.4804351161233367, 0.3916089883447249, 0.3207642237450297, 0.29198862001910764, 0.4772996286283248], [0.21272283311759044, 0.31927943905635986, 0.34079708875184495, 0.41810738385892976, 0.7103063363456439, 1.0, 0.29715433647320777, 0.23485174620428415, 0.22269531659216937, 0.3286754519682218, 0.3618786702843392, 0.28975461705523936, 0.3271870985964274, 0.324952956402622, 0.260895570629647, 0.2443589891801045, 0.26228123825888594, 0.23089471414569712, 0.23373291641343916, 0.2313271916418891], [0.21311342438639022, 0.3892110604496523, 0.42901185787665963, 0.2900211178106277, 0.3401941498452965, 0.29715433647320777, 1.0, 0.33546842197610016, 0.25952753390717953, 0.6105498304531105, 0.31736612660497676, 0.38788198612589797, 0.3682221767436996, 0.2883089193394369, 0.5314141282801914, 0.3328010768248516, 0.22361890204385443, 0.2567696380015773, 0.29854325035834856, 0.4498410228610867], [0.183934156433364, 0.3490003114646972, 0.42244420587435433, 0.3016753670233044, 0.34220945188954954, 0.23485174620428415, 0.33546842197610016, 1.0, 0.17502411462510536, 0.40257473086266926, 0.27301392451791123, 0.4578194405207657, 0.5218322360744122, 0.29888977901600255, 0.2164759079741118, 0.18665989022349658, 0.1657985924351656, 0.2221733728695548, 0.17428955213275935, 0.19050164722205792], [0.2625122427082058, 0.194037516048815, 0.38748126771114716, 0.2490525842453969, 0.3255926373567815, 0.22269531659216937, 0.25952753390717953, 0.17502411462510536, 1.0, 0.6150432934756617, 0.21328533671924907, 0.2694882048207794, 0.5771048796546253, 0.3096088060854093, 0.22079742935223842, 0.26855814151307356, 0.19145310064483687, 0.16291597581748932, 0.16755884721832948, 0.18293242634750984], [0.3686124382573852, 0.4501967626782634, 0.7410086918758247, 0.5390946378418293, 0.540861612301431, 0.3286754519682218, 0.6105498304531105, 0.40257473086266926, 0.6150432934756617, 1.0, 0.5221058155729182, 0.5680152751948588, 0.6446240859114956, 0.4514266466636726, 0.3717360032730467, 0.41216428804288024, 0.3662804027620171, 0.5271024775718158, 0.26855223523258404, 0.3553240106335326], [0.27950593069702373, 0.23473598750342434, 0.3310323216876333, 0.42907278196597715, 0.4804638268019446, 0.3618786702843392, 0.31736612660497676, 0.27301392451791123, 0.21328533671924907, 0.5221058155729182, 1.0, 0.6581768452348744, 0.5045497412287044, 0.25411633309030135, 0.3177551350492285, 0.27460744045956315, 0.20903036725105525, 0.29332801934188146, 0.21551890000963178, 0.2649973285439017], [0.3321268888299661, 0.5320262270510225, 0.4578405008807246, 0.326645626043162, 0.419624550499812, 0.28975461705523936, 0.38788198612589797, 0.4578194405207657, 0.2694882048207794, 0.5680152751948588, 0.6581768452348744, 1.0, 0.4007433882047797, 0.4717337140397651, 0.27563717041855684, 0.29055253649685636, 0.32876467637422735, 0.2774801424401398, 0.252903449813001, 0.3146062888081466], [0.340876178684008, 0.5698992467689714, 0.8297313131880414, 0.45719570505834967, 0.5366812261121732, 0.3271870985964274, 0.3682221767436996, 0.5218322360744122, 0.5771048796546253, 0.6446240859114956, 0.5045497412287044, 0.4007433882047797, 1.0, 1.0, 0.47912801081807815, 0.4763102900068724, 0.3797754036451746, 0.40718365947042323, 0.3647908109765717, 0.36597100453021975], [0.2427891862951078, 0.2887236413547032, 0.5293657334782575, 0.5122508714768158, 0.4206929424139704, 0.324952956402622, 0.2883089193394369, 0.29888977901600255, 0.3096088060854093, 0.4514266466636726, 0.25411633309030135, 0.4717337140397651, 1.0, 1.0, 0.26985593306832945, 0.2754193854853699, 0.26404275343937517, 0.5037126615353058, 0.34774220044151427, 0.28689377160299034], [0.1852584383161256, 0.2957733220550245, 0.3482156848181273, 0.29300065312030704, 0.7272663160339012, 0.260895570629647, 0.5314141282801914, 0.2164759079741118, 0.22079742935223842, 0.3717360032730467, 0.3177551350492285, 0.27563717041855684, 0.47912801081807815, 0.26985593306832945, 1.0, 0.4105425230797803, 0.185184067546041, 0.19698159901977436, 0.19126590965835435, 0.23066776934822744], [0.1974960169978942, 0.21754616117269243, 0.3752860515697135, 0.21315086991157814, 0.4804351161233367, 0.2443589891801045, 0.3328010768248516, 0.18665989022349658, 0.26855814151307356, 0.41216428804288024, 0.27460744045956315, 0.29055253649685636, 0.4763102900068724, 0.2754193854853699, 0.4105425230797803, 1.0, 0.1470117327748972, 0.21893855580626062, 0.17533287533034866, 0.19406758238733673], [0.20904414368693652, 0.3345090251190152, 0.21424817035741292, 0.21848860861690855, 0.3916089883447249, 0.26228123825888594, 0.22361890204385443, 0.1657985924351656, 0.19145310064483687, 0.3662804027620171, 0.20903036725105525, 0.32876467637422735, 0.3797754036451746, 0.26404275343937517, 0.185184067546041, 0.1470117327748972, 1.0, 0.40711493117673686, 0.16185335095388334, 0.2466255133261223], [0.2695546907796894, 0.2717881588074836, 0.29794290552536495, 0.27337548268088036, 0.3207642237450297, 0.23089471414569712, 0.2567696380015773, 0.2221733728695548, 0.16291597581748932, 0.5271024775718158, 0.29332801934188146, 0.2774801424401398, 0.40718365947042323, 0.5037126615353058, 0.19698159901977436, 0.21893855580626062, 0.40711493117673686, 1.0, 0.18659163091486144, 0.24405258805590044], [0.18362666345333742, 0.18865854329842932, 0.21647069051541634, 0.24130094284168477, 0.29198862001910764, 0.23373291641343916, 0.29854325035834856, 0.17428955213275935, 0.16755884721832948, 0.26855223523258404, 0.21551890000963178, 0.252903449813001, 0.3647908109765717, 0.34774220044151427, 0.19126590965835435, 0.17533287533034866, 0.16185335095388334, 0.18659163091486144, 1.0, 0.20163364494068015], [0.18508747860915215, 0.22433431675590376, 0.45796369739138204, 0.23131304881143652, 0.4772996286283248, 0.2313271916418891, 0.4498410228610867, 0.19050164722205792, 0.18293242634750984, 0.3553240106335326, 0.2649973285439017, 0.3146062888081466, 0.36597100453021975, 0.28689377160299034, 0.23066776934822744,