{"model": "LSING", "dataset": "dim6_butterfly", "N": 20000, "seed": 123450, "metrics": {"TP": 3, "FP": 0, "FN": 0, "TN": 12, "TPR": 1.0, "FDR": 0.0, "FPR": 0.0, "Hamming": 0}, "omega": [[1.0, 1.0, 0.006096016086519929, 0.020844191537764845, 0.00476006380331118, 0.014203862408361531], [1.0, 1.0, 0.02395119363294254, 0.03666929250056971, 0.021031362039894873, 0.03130405564702086], [0.006096016086519929, 0.02395119363294254, 1.0, 0.9565187600352498, 0.006996743905224499, 0.01581239674998228], [0.020844191537764845, 0.03666929250056971, 0.9565187600352498, 1.0, 0.015720077954968666, 0.027673813293155217], [0.00476006380331118, 0.021031362039894873, 0.006996743905224499, 0.015720077954968666, 1.0, 0.6793062094753164], [0.014203862408361531, 0.03130405564702086, 0.01581239674998228, 0.027673813293155217, 0.6793062094753164, 1.0]], "meta_info": {"source": "pretrained"}}