{"model": "LSING", "dataset": "dim6_butterfly", "N": 20000, "seed": 1230, "metrics": {"TP": 3, "FP": 0, "FN": 0, "TN": 12, "TPR": 1.0, "FDR": 0.0, "FPR": 0.0, "Hamming": 0}, "omega": [[1.0, 0.9753173176976576, 0.014069663997896826, 0.021518677618105133, 0.009345086775429145, 0.018615220065453613], [0.9753173176976576, 1.0, 0.023811887886317988, 0.03410444861159268, 0.022550581963165357, 0.031211187653907096], [0.014069663997896826, 0.023811887886317988, 1.0, 1.0, 0.010861700831774256, 0.02249333181804081], [0.021518677618105133, 0.03410444861159268, 1.0, 1.0, 0.019535965415130946, 0.034890212543020147], [0.009345086775429145, 0.022550581963165357, 0.010861700831774256, 0.019535965415130946, 1.0, 0.7946554916825951], [0.018615220065453613, 0.031211187653907096, 0.02249333181804081, 0.034890212543020147, 0.7946554916825951, 1.0]], "meta_info": {"source": "pretrained"}}