{"model": "LSING", "dataset": "dim6_butterfly", "N": 20000, "seed": 12340, "metrics": {"TP": 3, "FP": 0, "FN": 0, "TN": 12, "TPR": 1.0, "FDR": 0.0, "FPR": 0.0, "Hamming": 0}, "omega": [[1.0, 1.0, 0.005918370929939505, 0.020802473182519966, 0.00769965539211887, 0.01735605200780806], [1.0, 1.0, 0.02298396701108221, 0.040608487392637845, 0.02396616308521967, 0.033359589657933196], [0.005918370929939505, 0.02298396701108221, 1.0, 0.9006269702469473, 0.006609622856926206, 0.020248828747835745], [0.020802473182519966, 0.040608487392637845, 0.9006269702469473, 1.0, 0.028410064552403587, 0.03435877022713179], [0.00769965539211887, 0.02396616308521967, 0.006609622856926206, 0.028410064552403587, 1.0, 0.8384562722395491], [0.01735605200780806, 0.033359589657933196, 0.020248828747835745, 0.03435877022713179, 0.8384562722395491, 1.0]], "meta_info": {"source": "pretrained"}}