{"model": "LSING", "dataset": "dim6_butterfly", "N": 1000, "seed": 1230, "metrics": {"TP": 3, "FP": 0, "FN": 0, "TN": 12, "TPR": 1.0, "FDR": 0.0, "FPR": 0.0, "Hamming": 0}, "omega": [[1.0, 1.0, 0.03387104067919316, 0.12228165598233666, 0.022210519303247935, 0.044299913928919264], [1.0, 1.0, 0.13655826983492758, 0.1618835879863354, 0.13418826936304198, 0.13409883224631367], [0.03387104067919316, 0.13655826983492758, 1.0, 0.7430424310570399, 0.04885398446999148, 0.0538874451860027], [0.12228165598233666, 0.1618835879863354, 0.7430424310570399, 1.0, 0.0817669288351664, 0.13337565153843706], [0.022210519303247935, 0.13418826936304198, 0.04885398446999148, 0.0817669288351664, 1.0, 0.39006296149733727], [0.044299913928919264, 0.13409883224631367, 0.0538874451860027, 0.13337565153843706, 0.39006296149733727, 1.0]], "meta_info": {"source": "pretrained"}}