{"model": "LSING", "dataset": "dim6_butterfly", "N": 1000, "seed": 1234560, "metrics": {"TP": 3, "FP": 0, "FN": 0, "TN": 12, "TPR": 1.0, "FDR": 0.0, "FPR": 0.0, "Hamming": 0}, "omega": [[1.0, 0.36359472329851505, 0.012589806136342405, 0.049522423740170775, 0.0260094170693794, 0.0855435658755442], [0.36359472329851505, 1.0, 0.04566606999458349, 0.08723983699608656, 0.06078532823763539, 0.11361192719668875], [0.012589806136342405, 0.04566606999458349, 1.0, 0.3371472023646295, 0.02216928074258793, 0.09410423076894021], [0.049522423740170775, 0.08723983699608656, 0.3371472023646295, 1.0, 0.052464780734655804, 0.12042737535042995], [0.0260094170693794, 0.06078532823763539, 0.02216928074258793, 0.052464780734655804, 1.0, 1.0], [0.0855435658755442, 0.11361192719668875, 0.09410423076894021, 0.12042737535042995, 1.0, 1.0]], "meta_info": {"source": "pretrained"}}