{"model": "SING", "dataset": "dim5_cop_gau", "N": 20000, "seed": 123450, "metrics": {"TP": 4, "FP": 5, "FN": 0, "TN": 1, "TPR": 1.0, "FDR": 0.5555555555555556, "FPR": 0.8333333333333334, "Hamming": 5}, "omega": [[573.4827745826083, 10.494757919454264, 1.22547378052726, 0.7797173760588335, 0.0], [10.494757919454264, 508.49548045871416, 8.728942161036391, 0.4709569605647628, 0.48353668669809613], [1.22547378052726, 8.728942161036391, 553.8243183695165, 9.26361194857555, 0.7861953418150008], [0.7797173760588335, 0.4709569605647628, 9.26361194857555, 535.3249700778006, 10.71830589723446], [0.0, 0.48353668669809613, 0.7861953418150008, 10.71830589723446, 525.6445776273478]], "meta_info": {"source": "pretrained", "p_order": 3}}