{"model": "SING", "dataset": "dim5_cop_gau", "N": 20000, "seed": 1234560, "metrics": {"TP": 4, "FP": 5, "FN": 0, "TN": 1, "TPR": 1.0, "FDR": 0.5555555555555556, "FPR": 0.8333333333333334, "Hamming": 5}, "omega": [[657.117779777875, 14.082676211160608, 0.8062445997186938, 0.47213421796631055, 0.0], [14.082676211160608, 606.8611546679473, 8.971837386355018, 0.45223052315291434, 0.6029781620420296], [0.8062445997186938, 8.971837386355018, 603.2950199876173, 8.878777342957479, 1.0660144750000624], [0.47213421796631055, 0.45223052315291434, 8.878777342957479, 468.1465315124559, 11.641707954787714], [0.0, 0.6029781620420296, 1.0660144750000624, 11.641707954787714, 506.18165313111916]], "meta_info": {"source": "pretrained", "p_order": 3}}