{"model": "SING", "dataset": "dim5_cop_gau", "N": 20000, "seed": 1230, "metrics": {"TP": 4, "FP": 5, "FN": 0, "TN": 1, "TPR": 1.0, "FDR": 0.5555555555555556, "FPR": 0.8333333333333334, "Hamming": 5}, "omega": [[683.4320417288573, 11.190430905688077, 1.1421045556297715, 0.7712069289039734, 0.0], [11.190430905688077, 550.5899538046011, 8.918879956660584, 0.3503190708975479, 0.5235092916827624], [1.1421045556297715, 8.918879956660584, 640.1873872254359, 8.010974379694519, 0.8443304867475537], [0.7712069289039734, 0.3503190708975479, 8.010974379694519, 438.8086325736039, 14.471177146431435], [0.0, 0.5235092916827624, 0.8443304867475537, 14.471177146431435, 664.9329332324452]], "meta_info": {"source": "pretrained", "p_order": 3}}