{"model": "SING", "dataset": "dim5_cop_gau", "N": 20000, "seed": 120, "metrics": {"TP": 4, "FP": 5, "FN": 0, "TN": 1, "TPR": 1.0, "FDR": 0.5555555555555556, "FPR": 0.8333333333333334, "Hamming": 5}, "omega": [[516.2916331524408, 10.406499047203337, 0.6705084849520172, 0.520611351325198, 0.0], [10.406499047203337, 518.7712148269067, 9.203669070712161, 0.4746097523138071, 0.5803393577608216], [0.6705084849520172, 9.203669070712161, 678.8996827045083, 9.014782120684384, 0.9277939997265293], [0.520611351325198, 0.4746097523138071, 9.014782120684384, 324.7669241589645, 8.38376532746472], [0.0, 0.5803393577608216, 0.9277939997265293, 8.38376532746472, 566.8745245152351]], "meta_info": {"source": "pretrained", "p_order": 3}}