{
  "model": "SING",
  "dataset": "dim5_cop_gau",
  "N": 200,
  "seed": 12340,
  "execution_time_sec": 0.22,
  "metrics": {
    "TP": 2,
    "FP": 0,
    "FN": 2,
    "TN": 6,
    "TPR": 0.5,
    "FDR": 0.0,
    "FPR": 0.0,
    "F1": 0.6666666666666666,
    "Hamming": 2
  },
  "meta_info": {
    "p_order": 1,
    "delta": 1.0
  },
  "omega": [
    [
      3.12452985235749,
      1.3727755506394614,
      0.0,
      0.0,
      0.0
    ],
    [
      1.3727755506394614,
      3.1980901425062824,
      0.0,
      0.0,
      0.0
    ],
    [
      0.0,
      0.0,
      1.0,
      0.0,
      0.0
    ],
    [
      0.0,
      0.0,
      0.0,
      3.4575430160825813,
      1.6286631975939374
    ],
    [
      0.0,
      0.0,
      0.0,
      1.6286631975939374,
      3.5910743843257182
    ]
  ]
}