{
  "model": "SING",
  "dataset": "dim5_cop_gau",
  "N": 200,
  "seed": 1230,
  "execution_time_sec": 0.23,
  "metrics": {
    "TP": 2,
    "FP": 0,
    "FN": 2,
    "TN": 6,
    "TPR": 0.5,
    "FDR": 0.0,
    "FPR": 0.0,
    "F1": 0.6666666666666666,
    "Hamming": 2
  },
  "meta_info": {
    "p_order": 1,
    "delta": 1.0
  },
  "omega": [
    [
      2.554132201861865,
      0.9522658086235107,
      0.0,
      0.0,
      0.0
    ],
    [
      0.9522658086235107,
      2.5343932740879147,
      0.0,
      0.0,
      0.0
    ],
    [
      0.0,
      0.0,
      4.329680468687115,
      2.327174275438946,
      0.0
    ],
    [
      0.0,
      0.0,
      2.327174275438946,
      4.636352477262705,
      0.0
    ],
    [
      0.0,
      0.0,
      0.0,
      0.0,
      1.0
    ]
  ]
}