{
  "model": "SING",
  "dataset": "dim5_cop_gau",
  "N": 200,
  "seed": 120,
  "execution_time_sec": 0.23,
  "metrics": {
    "TP": 1,
    "FP": 0,
    "FN": 3,
    "TN": 6,
    "TPR": 0.25,
    "FDR": 0.0,
    "FPR": 0.0,
    "F1": 0.4,
    "Hamming": 3
  },
  "meta_info": {
    "p_order": 1,
    "delta": 1.0
  },
  "omega": [
    [
      3.3204728645162835,
      1.522515621002577,
      0.0,
      0.0,
      0.0
    ],
    [
      1.522515621002577,
      3.4288711864079784,
      0.0,
      0.0,
      0.0
    ],
    [
      0.0,
      0.0,
      1.0,
      0.0,
      0.0
    ],
    [
      0.0,
      0.0,
      0.0,
      1.0,
      0.0
    ],
    [
      0.0,
      0.0,
      0.0,
      0.0,
      1.0
    ]
  ]
}