{
  "model": "SING",
  "dataset": "dim5_cop_gau",
  "N": 200,
  "seed": 123450,
  "execution_time_sec": 0.22,
  "metrics": {
    "TP": 2,
    "FP": 0,
    "FN": 2,
    "TN": 6,
    "TPR": 0.5,
    "FDR": 0.0,
    "FPR": 0.0,
    "F1": 0.6666666666666666,
    "Hamming": 2
  },
  "meta_info": {
    "p_order": 1,
    "delta": 1.0
  },
  "omega": [
    [
      2.720883232684624,
      1.0725916308291028,
      0.0,
      0.0,
      0.0
    ],
    [
      1.0725916308291028,
      2.7270752820621724,
      0.0,
      0.0,
      0.0
    ],
    [
      0.0,
      0.0,
      1.0,
      0.0,
      0.0
    ],
    [
      0.0,
      0.0,
      0.0,
      2.8831248668411313,
      1.191813436542505
    ],
    [
      0.0,
      0.0,
      0.0,
      1.191813436542505,
      2.915645419224132
    ]
  ]
}