{"model": "GLASSO", "dataset": "dim5_cop_gau", "N": 50000, "seed": 1234560, "metrics": {"TP": 4, "FP": 0, "FN": 0, "TN": 6, "TPR": 1.0, "FDR": 0.0, "FPR": 0.0, "Hamming": 0}, "omega": [[2.6712876450534555, -2.11294696729931, -0.0, -0.0, -0.0], [-2.112934449052009, 4.347737651340002, -2.1182917395756733, -0.0, -0.0], [-0.0, -2.1182097706855587, 4.2210227502998245, -1.9824631000354176, -0.0], [-0.0, -0.0, -1.9824305103159234, 4.197802687644373, -2.094400345557002], [-0.0, -0.0, -0.0, -2.0944043973414765, 2.653256326466798]], "meta_info": {"source": "pretrained"}}