{"model": "GLASSO", "dataset": "dim5_cop_gau", "N": 50000, "seed": 120, "metrics": {"TP": 4, "FP": 1, "FN": 0, "TN": 5, "TPR": 1.0, "FDR": 0.2, "FPR": 0.16666666666666666, "Hamming": 1}, "omega": [[2.666289089310986, -2.1077973190701758, -0.0, -0.0, -0.0], [-2.1077970382040947, 4.430160331688314, -2.2080151957359404, -0.0, -0.0], [-0.0, -2.2079412624426085, 4.267055368945262, -1.7566559953052119, -0.2288741940452673], [-0.0, -0.0, -1.7564970302199954, 3.755526417068414, -1.7993963284619807], [-0.0, -0.0, -0.22889667523416007, -1.7994065903272607, 2.543705868164218]], "meta_info": {"source": "pretrained"}}