{"model": "GLASSO", "dataset": "dim5_cop_gau", "N": 50000, "seed": 123450, "metrics": {"TP": 4, "FP": 5, "FN": 0, "TN": 1, "TPR": 1.0, "FDR": 0.5555555555555556, "FPR": 0.8333333333333334, "Hamming": 5}, "omega": [[2.4245043000662214, -1.788096771344662, -0.048640721946502215, -0.05044083216204842, -0.0], [-1.7879722953565214, 3.97398898360323, -2.0804714368819806, 0.11228143839630847, -0.06091613025806382], [-0.04865743715556651, -2.0804722691006057, 4.268520266374086, -1.9974472026697454, -0.053371775888579186], [-0.05048312333657181, 0.1122398719598437, -1.9974869239254778, 4.08034357291607, -1.9862719313451107], [-0.0, -0.060979985828636264, -0.05328958254646126, -1.9862817806249191, 2.6263181938044924]], "meta_info": {"source": "pretrained"}}