{"model": "LSING", "dataset": "dim5_cop_gau", "N": 10000, "seed": 12340, "metrics": {"TP": 4, "FP": 0, "FN": 0, "TN": 6, "TPR": 1.0, "FDR": 0.0, "FPR": 0.0, "Hamming": 0}, "omega": [[1.0, 1.0, 0.09191171712511687, 0.09954563858208812, 0.0804717753436727], [1.0, 1.0, 0.6770200128506132, 0.0864413501721028, 0.07749578244094656], [0.09191171712511687, 0.6770200128506132, 1.0, 0.6514095325970115, 0.08011032012846553], [0.09954563858208812, 0.0864413501721028, 0.6514095325970115, 1.0, 0.7055478157510351], [0.0804717753436727, 0.07749578244094656, 0.08011032012846553, 0.7055478157510351, 1.0]], "meta_info": {"source": "pretrained"}}