{"model": "LSING", "dataset": "dim5_cop_gau", "N": 10000, "seed": 1230, "metrics": {"TP": 4, "FP": 0, "FN": 0, "TN": 6, "TPR": 1.0, "FDR": 0.0, "FPR": 0.0, "Hamming": 0}, "omega": [[1.0, 0.8758761344961635, 0.08667197803220862, 0.10977737334062766, 0.07291120565298126], [0.8758761344961635, 1.0, 1.0, 0.1174375196354329, 0.09845476811542572], [0.08667197803220862, 1.0, 1.0, 0.812678588937385, 0.0946529574796214], [0.10977737334062766, 0.1174375196354329, 0.812678588937385, 1.0, 0.8713615051770813], [0.07291120565298126, 0.09845476811542572, 0.0946529574796214, 0.8713615051770813, 1.0]], "meta_info": {"source": "pretrained"}}