{"model": "LSING", "dataset": "dim20_cop_gau", "N": 1000, "seed": 1234560, "metrics": {"TP": 19, "FP": 4, "FN": 0, "TN": 167, "TPR": 1.0, "FDR": 0.17391304347826086, "FPR": 0.023391812865497075, "Hamming": 4}, "omega": [[1.0, 0.6547737273529383, 0.07029404313882652, 0.122060540691442, 0.08576048615916132, 0.07484579187931104, 0.11207767232129605, 0.07259961838839755, 0.06908307754809909, 0.08278581986995212, 0.054533625210697115, 0.07981213686486646, 0.06978481400699786, 0.08182181120611014, 0.08356827448959324, 0.09084015125931148, 0.0839726534660406, 0.08289843970852569, 0.06792949788698617, 0.04571737998771934], [0.6547737273529383, 1.0, 0.41032420975483375, 0.15923497048864918, 0.1805093057854908, 0.14674256785564532, 0.14812300990247862, 0.1326277734639487, 0.08358053366650477, 0.09270040698149191, 0.11785212714221487, 0.10173918929912404, 0.12424447847908254, 0.11444469799909833, 0.11578934773111652, 0.11370873011648822, 0.12953754907457085, 0.10134248921146069, 0.11641325599597, 0.07519854457568087], [0.07029404313882652, 0.41032420975483375, 1.0, 0.6476887035436308, 0.06718408545412072, 0.08102833955433437, 0.08606282960688355, 0.08219710119958654, 0.0641466048887604, 0.07945035012487438, 0.08804714333128284, 0.07478723817906259, 0.10714426735387911, 0.06668230146376967, 0.08952539606916311, 0.09037224903761018, 0.12850465256820368, 0.09710806596195988, 0.06710071686937542, 0.07371473985632507], [0.122060540691442, 0.15923497048864918, 0.6476887035436308, 1.0, 0.5381720864823925, 0.1090566100894641, 0.17155870801983378, 0.14149031997154912, 0.1425558445110136, 0.14495095850150003, 0.10530686284564234, 0.16622312632331884, 0.15227371684396845, 0.08460408800780038, 0.10072596427061536, 0.10257632340229504, 0.08854860084812331, 0.1141872089208543, 0.129931847939905, 0.08254228029005004], [0.08576048615916132, 0.1805093057854908, 0.06718408545412072, 0.5381720864823925, 1.0, 0.6108055731168683, 0.13126391781688887, 0.10916145251766171, 0.08126461558157536, 0.0996984381569072, 0.10971539886145822, 0.07337694602166567, 0.09767236286829843, 0.08163340314998334, 0.10295361859993693, 0.1345264081756818, 0.10924275021718022, 0.1201853927545104, 0.115002504071144, 0.07387965920585446], [0.07484579187931104, 0.14674256785564532, 0.08102833955433437, 0.1090566100894641, 0.6108055731168683, 1.0, 0.7474978606519258, 0.13776755605314497, 0.11515384096355631, 0.13661078892876322, 0.14692304395772254, 0.10234306677207781, 0.10595561786962535, 0.09338886813882498, 0.13963277069545332, 0.17579113379235278, 0.15983731218384614, 0.16885485826892416, 0.11835494271158745, 0.10742392185851501], [0.11207767232129605, 0.14812300990247862, 0.08606282960688355, 0.17155870801983378, 0.13126391781688887, 0.7474978606519258, 1.0, 0.918876563927887, 0.24115464647609205, 0.19014725972121435, 0.21561394761600003, 0.08858552712714376, 0.2120085750720931, 0.18634223606892325, 0.1769691699898193, 0.1167943684223508, 0.17154758860251534, 0.1022111946553605, 0.12229978202542095, 0.12975032866803074], [0.07259961838839755, 0.1326277734639487, 0.08219710119958654, 0.14149031997154912, 0.10916145251766171, 0.13776755605314497, 0.918876563927887, 1.0, 0.6656687781659709, 0.1283096223156614, 0.09736540049653028, 0.08906101937501673, 0.14226179426317812, 0.14078606831436186, 0.08889493901613912, 0.11031206880383258, 0.14084252698193453, 0.1581626460275445, 0.1262165871168561, 0.08957488288525868], [0.06908307754809909, 0.08358053366650477, 0.0641466048887604, 0.1425558445110136, 0.08126461558157536, 0.11515384096355631, 0.24115464647609205, 0.6656687781659709, 1.0, 0.7401610542895235, 0.1151187363680889, 0.06557191675943923, 0.07505715256866731, 0.09354664563883626, 0.12601486125965333, 0.078595704291684, 0.10545152345135339, 0.07887208247043873, 0.07048557297716086, 0.07622860713743267], [0.08278581986995212, 0.09270040698149191, 0.07945035012487438, 0.14495095850150003, 0.0996984381569072, 0.13661078892876322, 0.19014725972121435, 0.1283096223156614, 0.7401610542895235, 1.0, 0.6975879503410377, 0.17138518638307038, 0.09794329338255735, 0.10796812036009665, 0.0846684090847695, 0.10204953810914084, 0.12928728877666135, 0.12976761051433555, 0.07458395915793974, 0.08944219361886699], [0.054533625210697115, 0.11785212714221487, 0.08804714333128284, 0.10530686284564234, 0.10971539886145822, 0.14692304395772254, 0.21561394761600003, 0.09736540049653028, 0.1151187363680889, 0.6975879503410377, 1.0, 0.7010064873106971, 0.13704808184410414, 0.08050781521175852, 0.09122682532614743, 0.10036476866017496, 0.12282130124289586, 0.08507627688464928, 0.10533738522118631, 0.06197889225505616], [0.07981213686486646, 0.10173918929912404, 0.07478723817906259, 0.16622312632331884, 0.07337694602166567, 0.10234306677207781, 0.08858552712714376, 0.08906101937501673, 0.06557191675943923, 0.17138518638307038, 0.7010064873106971, 1.0, 0.6894633885109884, 0.15804451670700564, 0.06842739317214923, 0.11502137771728732, 0.1394991715531831, 0.18241360065927095, 0.07763916588266662, 0.06442309704347443], [0.06978481400699786, 0.12424447847908254, 0.10714426735387911, 0.15227371684396845, 0.09767236286829843, 0.10595561786962535, 0.2120085750720931, 0.14226179426317812, 0.07505715256866731, 0.09794329338255735, 0.13704808184410414, 0.6894633885109884, 1.0, 0.8021472236198122, 0.13868264005350425, 0.11612747769826609, 0.08414126447757407, 0.1151982993148708, 0.10678969780344603, 0.0671347164775763], [0.08182181120611014, 0.11444469799909833, 0.06668230146376967, 0.08460408800780038, 0.08163340314998334, 0.09338886813882498, 0.18634223606892325, 0.14078606831436186, 0.09354664563883626, 0.10796812036009665, 0.08050781521175852, 0.15804451670700564, 0.8021472236198122, 1.0, 0.8006336228801785, 0.1184366885877595, 0.09815414118009673, 0.13700036262127582, 0.10536329060448027, 0.07394345290253727], [0.08356827448959324, 0.11578934773111652, 0.08952539606916311, 0.10072596427061536, 0.10295361859993693, 0.13963277069545332, 0.1769691699898193, 0.08889493901613912, 0.12601486125965333, 0.0846684090847695, 0.09122682532614743, 0.06842739317214923, 0.13868264005350425, 0.8006336228801785, 1.0, 1.0, 0.11836009674310335, 0.08241784365583074, 0.10867490266993977, 0.10604236323363968], [0.09084015125931148, 0.11370873011648822, 0.09037224903761018, 0.10257632340229504, 0.1345264081756818, 0.17579113379235278, 0.1167943684223508, 0.11031206880383258, 0.078595704291684, 0.10204953810914084, 0.10036476866017496, 0.11502137771728732, 0.11612747769826609, 0.1184366885877595, 1.0, 1.0, 0.8929870368148376, 0.2620018307861754, 0.1042002374161732, 0.08061863268473826], [0.0839726534660406, 0.12953754907457085, 0.12850465256820368, 0.08854860084812331, 0.10924275021718022, 0.15983731218384614, 0.17154758860251534, 0.14084252698193453, 0.10545152345135339, 0.12928728877666135, 0.12282130124289586, 0.1394991715531831, 0.08414126447757407, 0.09815414118009673, 0.11836009674310335, 0.8929870368148376, 1.0, 0.7673441737684121, 0.09557461022385527, 0.10188172879291438], [0.08289843970852569, 0.10134248921146069, 0.09710806596195988, 0.1141872089208543, 0.1201853927545104, 0.16885485826892416, 0.1022111946553605, 0.1581626460275445, 0.07887208247043873, 0.12976761051433555, 0.08507627688464928, 0.18241360065927095, 0.1151982993148708, 0.13700036262127582, 0.08241784365583074, 0.2620018307861754, 0.7673441737684121, 1.0, 0.8340561031862146, 0.1124081968079066], [0.06792949788698617, 0.11641325599597, 0.06710071686937542, 0.129931847939905, 0.115002504071144, 0.11835494271158745, 0.12229978202542095, 0.1262165871168561, 0.07048557297716086, 0.07458395915793974, 0.10533738522118631, 0.07763916588266662, 0.10678969780344603, 0.10536329060448027, 0.10867490266993977, 0.1042002374161732, 0.09557461022385527, 0.8340561031862146, 1.0, 0.7515424849522371], [0.04571737998771934, 0.07519854457568087, 0.07371473985632507, 0.08254228029005004, 0.07387965920585446, 0.10742392185851501, 0.12975032866803074, 0.08957488288525868, 0.07622860713743267, 