{"model": "LSING", "dataset": "dim20_cop_gau", "N": 1000, "seed": 1230, "metrics": {"TP": 19, "FP": 0, "FN": 0, "TN": 171, "TPR": 1.0, "FDR": 0.0, "FPR": 0.0, "Hamming": 0}, "omega": [[1.0, 0.8609225696947316, 0.07266590601264643, 0.06805180502452765, 0.08728678611391728, 0.13067237861345568, 0.07720608714815301, 0.0788435972292993, 0.0886819700168844, 0.10005823082595935, 0.10957127928026497, 0.16058126227824807, 0.12880838950553225, 0.12859380797907471, 0.13320272830106775, 0.04982646086184979, 0.07367982201700157, 0.07767740293026798, 0.13686622560218342, 0.10796662516400587], [0.8609225696947316, 1.0, 0.767451146665199, 0.12382263640673104, 0.11632894849704922, 0.09346097153843286, 0.10504242001550843, 0.06608805515102745, 0.11170781511876778, 0.1412528003338263, 0.08343290106650428, 0.12528653869029654, 0.10566091318207804, 0.10990586570137703, 0.12065053950499963, 0.08150805300219532, 0.11381688024974168, 0.07639107196595779, 0.15023312442742195, 0.13339362232397442], [0.07266590601264643, 0.767451146665199, 1.0, 0.49361822382741344, 0.12548313352653034, 0.09099487390078333, 0.07230644962001236, 0.07404533465688372, 0.08945696160575738, 0.09741187444184737, 0.11378322325816434, 0.08540632914559816, 0.12597621226755107, 0.06029913235563044, 0.09227108973585066, 0.07211880825093832, 0.10143879165727165, 0.081146236875091, 0.11160557498486441, 0.06308316476865183], [0.06805180502452765, 0.12382263640673104, 0.49361822382741344, 1.0, 0.38961519315853577, 0.0870779938258111, 0.0812492086827243, 0.08132965811653783, 0.09701881654000412, 0.1167620958775269, 0.05810351993181883, 0.0964366435186829, 0.08353932318390674, 0.06813959373535265, 0.08203512683047429, 0.05128219336670561, 0.08306398493010109, 0.08461040336569361, 0.09758780556359434, 0.07737906383379613], [0.08728678611391728, 0.11632894849704922, 0.12548313352653034, 0.38961519315853577, 1.0, 0.4275858972475419, 0.1437358270290568, 0.057701579649599995, 0.05582486774113081, 0.1323328479920709, 0.05880915162521172, 0.0676541906332003, 0.08490507715821974, 0.0686706588264902, 0.08282495648517867, 0.041286248919758295, 0.07204795553299026, 0.06879928256027161, 0.1433156763933176, 0.05747357312387482], [0.13067237861345568, 0.09346097153843286, 0.09099487390078333, 0.0870779938258111, 0.4275858972475419, 1.0, 0.5668114516051714, 0.05076057414874512, 0.10219457594382166, 0.08829690504370236, 0.049504926667844375, 0.11073104802753524, 0.0811213010182568, 0.0828067339948903, 0.07141276390743233, 0.04190820279904109, 0.06195582199791564, 0.07914757472143412, 0.10937372737318062, 0.08709093335435746], [0.07720608714815301, 0.10504242001550843, 0.07230644962001236, 0.0812492086827243, 0.1437358270290568, 0.5668114516051714, 1.0, 0.5132180777756276, 0.11981987829498687, 0.14657139909443898, 0.09733765983915439, 0.13699971964759375, 0.13395877959651448, 0.0843112528395876, 0.15656475147449941, 0.07283250742742463, 0.0643302592957379, 0.07387458940273453, 0.17865930768879096, 0.0946011758156352], [0.0788435972292993, 0.06608805515102745, 0.07404533465688372, 0.08132965811653783, 0.057701579649599995, 0.05076057414874512, 0.5132180777756276, 1.0, 0.4854677529818444, 0.1072204948095135, 0.09592335532506453, 0.07512063323247378, 0.092009743508341, 0.07122533753253486, 0.09519537810790034, 0.05397599237705551, 0.07269404944388913, 0.060381487262025024, 0.13124686732678847, 0.07039297197352559], [0.0886819700168844, 0.11170781511876778, 0.08945696160575738, 0.09701881654000412, 0.05582486774113081, 0.10219457594382166, 0.11981987829498687, 0.4854677529818444, 1.0, 0.6088162370703889, 0.09907651193336967, 0.08883677275931127, 0.11523295326431622, 0.08837433762374787, 0.10145472203222594, 0.1010045554353191, 0.11831182938461621, 0.09033612480847486, 0.12431034722863352, 0.07796435427067762], [0.10005823082595935, 0.1412528003338263, 0.09741187444184737, 0.1167620958775269, 0.1323328479920709, 0.08829690504370236, 0.14657139909443898, 0.1072204948095135, 0.6088162370703889, 1.0, 0.9123262070300155, 0.0726323634534534, 0.15000102781086994, 0.10414479505478995, 0.15017653934720776, 0.07341418457508052, 0.08842221197216295, 0.11817579355321514, 0.1581299957711339, 0.08734887781917008], [0.10957127928026497, 0.08343290106650428, 0.11378322325816434, 0.05810351993181883, 0.05880915162521172, 0.049504926667844375, 0.09733765983915439, 0.09592335532506453, 0.09907651193336967, 0.9123262070300155, 1.0, 0.6834734503552647, 0.17930406828903028, 0.08345437967827328, 0.0848495670488884, 0.048910675828507104, 0.06415908405323556, 0.07944448514692619, 0.13130744366986127, 0.10430407799844472], [0.16058126227824807, 0.12528653869029654, 0.08540632914559816, 0.0964366435186829, 0.0676541906332003, 0.11073104802753524, 0.13699971964759375, 0.07512063323247378, 0.08883677275931127, 0.0726323634534534, 0.6834734503552647, 1.0, 0.6451321101764428, 0.18099877028879238, 0.13674237855353472, 0.06807040895609702, 0.08749114154639569, 0.1449460223136769, 0.11531298311272065, 0.11431417218309359], [0.12880838950553225, 0.10566091318207804, 0.12597621226755107, 0.08353932318390674, 0.08490507715821974, 0.0811213010182568, 0.13395877959651448, 0.092009743508341, 0.11523295326431622, 0.15000102781086994, 0.17930406828903028, 0.6451321101764428, 1.0, 0.6929754716889011, 0.08001281531739465, 0.07589430711510328, 0.089645573916274, 0.08687200339729637, 0.1812566384653488, 0.12624754185367923], [0.12859380797907471, 0.10990586570137703, 0.06029913235563044, 0.06813959373535265, 0.0686706588264902, 0.0828067339948903, 0.0843112528395876, 0.07122533753253486, 0.08837433762374787, 0.10414479505478995, 0.08345437967827328, 0.18099877028879238, 0.6929754716889011, 1.0, 0.7109315911277924, 0.07121610665353437, 0.07840183274351877, 0.07760727321692984, 0.14276506590417617, 0.1301321884065819], [0.13320272830106775, 0.12065053950499963, 0.09227108973585066, 0.08203512683047429, 0.08282495648517867, 0.07141276390743233, 0.15656475147449941, 0.09519537810790034, 0.10145472203222594, 0.15017653934720776, 0.0848495670488884, 0.13674237855353472, 0.08001281531739465, 0.7109315911277924, 1.0, 0.5527601118835244, 0.13593474252630308, 0.15419629240184504, 0.15659410511489733, 0.10956853637068968], [0.04982646086184979, 0.08150805300219532, 0.07211880825093832, 0.05128219336670561, 0.041286248919758295, 0.04190820279904109, 0.07283250742742463, 0.05397599237705551, 0.1010045554353191, 0.07341418457508052, 0.048910675828507104, 0.06807040895609702, 0.07589430711510328, 0.07121610665353437, 0.5527601118835244, 1.0, 0.5411586099980115, 0.07428039437865962, 0.10238058405068337, 0.06871575905649792], [0.07367982201700157, 0.11381688024974168, 0.10143879165727165, 0.08306398493010109, 0.07204795553299026, 0.06195582199791564, 0.0643302592957379, 0.07269404944388913, 0.11831182938461621, 0.08842221197216295, 0.06415908405323556, 0.08749114154639569, 0.089645573916274, 0.07840183274351877, 0.13593474252630308, 0.5411586099980115, 1.0, 0.42640284671153783, 0.13891672215828188, 0.09421341301230199], [0.07767740293026798, 0.07639107196595779, 0.081146236875091, 0.08461040336569361, 0.06879928256027161, 0.07914757472143412, 0.07387458940273453, 0.060381487262025024, 0.09033612480847486, 0.11817579355321514, 0.07944448514692619, 0.1449460223136769, 0.08687200339729637, 0.07760727321692984, 0.15419629240184504, 0.07428039437865962, 0.42640284671153783, 1.0, 0.7517672798725947, 0.12678262421503544], [0.13686622560218342, 0.15023312442742195, 0.11160557498486441, 0.09758780556359434, 0.1433156763933176, 0.10937372737318062, 0.17865930768879096, 0.13124686732678847, 0.12431034722863352, 0.1581299957711339, 0.13130744366986127, 0.11531298311272065, 0.1812566384653488, 0.14276506590417617, 0.15659410511489733, 0.10238058405068337, 0.13891672215828188, 0.7517672798725947, 1.0, 1.0], [0.10796662516400587, 0.13339362232397442, 0.06308316476865183, 0.07737906383379613, 0.05747357312387482, 0.08709093335435746, 0.0946011758156352, 0.07039297197352559, 0.07796435427067762, 