{"model": "LSING", "dataset": "dim20_cop_gau", "N": 1000, "seed": 120, "metrics": {"TP": 19, "FP": 10, "FN": 0, "TN": 161, "TPR": 1.0, "FDR": 0.3448275862068966, "FPR": 0.05847953216374269, "Hamming": 10}, "omega": [[1.0, 0.6404862699160445, 0.0868911070380061, 0.06749493936850573, 0.0545664570058113, 0.07886200817008811, 0.07000120713552424, 0.07710946594538064, 0.07071943247308236, 0.07002758615929804, 0.08815534129050366, 0.08536534254365108, 0.11195233668687851, 0.12355837298701355, 0.05565690501819229, 0.10524929040189222, 0.07837844009941816, 0.05281758896602347, 0.07667072563731207, 0.05882069625736563], [0.6404862699160445, 1.0, 0.7284459591679643, 0.12257644199240154, 0.1317857323618148, 0.07612907431922022, 0.11665360515354845, 0.07900003708017193, 0.07825262464012611, 0.06613457916846767, 0.08645034355997258, 0.08296881313948072, 0.11874689927211893, 0.11016204441121964, 0.11548865847456503, 0.10362521946995924, 0.0866864962133566, 0.07410276810249934, 0.1408648361421789, 0.0994355321965509], [0.0868911070380061, 0.7284459591679643, 1.0, 0.8230342028047225, 0.291458622993983, 0.10607830966923674, 0.11452373496392261, 0.12076482861788125, 0.09854835186755503, 0.08193835820636983, 0.15381716687457728, 0.11610630384575514, 0.10282710260137705, 0.1509635972855149, 0.10727469668013372, 0.11673950529637478, 0.09086482937572418, 0.09593182472067398, 0.10244784958008735, 0.07957576933913661], [0.06749493936850573, 0.12257644199240154, 0.8230342028047225, 1.0, 0.9971651802570007, 0.10659517884687161, 0.1146620785141515, 0.12816605800150865, 0.1601357905668584, 0.09849420331355994, 0.3033123690521848, 0.1376365436732701, 0.14542599163070746, 0.11453143180618058, 0.1771469622542796, 0.11629473269391238, 0.12300143286445411, 0.15919323018910617, 0.08499441564490945, 0.09483605489164605], [0.0545664570058113, 0.1317857323618148, 0.291458622993983, 0.9971651802570007, 1.0, 0.8027067984194645, 0.07545983811392382, 0.12968810094576091, 0.20022478162620644, 0.07531290454941231, 0.18692878604118282, 0.1611809236318973, 0.11050398381788817, 0.15056381484056744, 0.24672291124278933, 0.08934787142220323, 0.08925380416851504, 0.07358005270797578, 0.1176176456418483, 0.08263849004397383], [0.07886200817008811, 0.07612907431922022, 0.10607830966923674, 0.10659517884687161, 0.8027067984194645, 1.0, 0.6329408879808006, 0.08426350658795566, 0.18131774405316592, 0.07325070229033666, 0.1320719466305356, 0.09584357661805555, 0.10526752938062309, 0.09642887495239799, 0.12457531700163775, 0.11191414343314215, 0.09567769698029364, 0.07743692175569472, 0.07075193852161625, 0.06310587681479699], [0.07000120713552424, 0.11665360515354845, 0.11452373496392261, 0.1146620785141515, 0.07545983811392382, 0.6329408879808006, 1.0, 0.7743626337964926, 0.21171100092916956, 0.09004640299326305, 0.16583127114347943, 0.0845983006184269, 0.09118932486209289, 0.10846107272125427, 0.08882656006703663, 0.08287281744619383, 0.08003022981316195, 0.06340818678771222, 0.0722059853622638, 0.08552780850500055], [0.07710946594538064, 0.07900003708017193, 0.12076482861788125, 0.12816605800150865, 0.12968810094576091, 0.08426350658795566, 0.7743626337964926, 1.0, 0.8722654117509501, 0.08488055651112933, 0.12208372567493356, 0.11303201926978045, 0.09147724427740624, 0.08412946988616388, 0.15469698191759704, 0.18910506057736265, 0.15018403403580863, 0.13094822796023597, 0.11175727671308365, 0.10699371964737568], [0.07071943247308236, 0.07825262464012611, 0.09854835186755503, 0.1601357905668584, 0.20022478162620644, 0.18131774405316592, 0.21171100092916956, 0.8722654117509501, 1.0, 0.6505017055525798, 0.225813943606201, 0.15029896903589118, 0.08637072945359255, 0.11324507124670846, 0.19396667710505083, 0.19259369915855076, 0.10704719155589755, 0.13295479981173017, 0.06766976764265108, 0.10206392432180501], [0.07002758615929804, 0.06613457916846767, 0.08193835820636983, 0.09849420331355994, 0.07531290454941231, 0.07325070229033666, 0.09004640299326305, 0.08488055651112933, 0.6505017055525798, 1.0, 0.756643075196694, 0.10646529674828545, 0.13385129416566502, 0.146805719115803, 0.14440441259459166, 0.10486176200646494, 0.07460709227306055, 0.07622544893397212, 0.05600692526342485, 0.06240994694558173], [0.08815534129050366, 0.08645034355997258, 0.15381716687457728, 0.3033123690521848, 0.18692878604118282, 0.1320719466305356, 0.16583127114347943, 0.12208372567493356, 0.225813943606201, 0.756643075196694, 1.0, 0.975543001225811, 0.23678209606904166, 0.2565896743359469, 0.2005088644616866, 0.15043958273168273, 0.15838575531362922, 0.13837449999282755, 0.11139522063649604, 0.10055595560339589], [0.08536534254365108, 0.08296881313948072, 0.11610630384575514, 0.1376365436732701, 0.1611809236318973, 0.09584357661805555, 0.0845983006184269, 0.11303201926978045, 0.15029896903589118, 0.10646529674828545, 0.975543001225811, 1.0, 1.0, 0.21190915655600445, 0.17081663936176633, 0.17516242874584845, 0.0918088885231996, 0.1196079678523029, 0.1517235209003607, 0.10386129092588647], [0.11195233668687851, 0.11874689927211893, 0.10282710260137705, 0.14542599163070746, 0.11050398381788817, 0.10526752938062309, 0.09118932486209289, 0.09147724427740624, 0.08637072945359255, 0.13385129416566502, 0.23678209606904166, 1.0, 1.0, 0.8659894708551202, 0.1515397744388782, 0.1277456514025372, 0.12300711330320185, 0.09130739949717122, 0.06963270601080414, 0.12989535407098335], [0.12355837298701355, 0.11016204441121964, 0.1509635972855149, 0.11453143180618058, 0.15056381484056744, 0.09642887495239799, 0.10846107272125427, 0.08412946988616388, 0.11324507124670846, 0.146805719115803, 0.2565896743359469, 0.21190915655600445, 0.8659894708551202, 1.0, 0.8207899050991191, 0.16652577329074617, 0.10213979996194546, 0.08387185403836904, 0.1609122818461162, 0.14203695526317855], [0.05565690501819229, 0.11548865847456503, 0.10727469668013372, 0.1771469622542796, 0.24672291124278933, 0.12457531700163775, 0.08882656006703663, 0.15469698191759704, 0.19396667710505083, 0.14440441259459166, 0.2005088644616866, 0.17081663936176633, 0.1515397744388782, 0.8207899050991191, 1.0, 0.7085315250479268, 0.0758789523200414, 0.13173055192347302, 0.12247112550772093, 0.10095408026693393], [0.10524929040189222, 0.10362521946995924, 0.11673950529637478, 0.11629473269391238, 0.08934787142220323, 0.11191414343314215, 0.08287281744619383, 0.18910506057736265, 0.19259369915855076, 0.10486176200646494, 0.15043958273168273, 0.17516242874584845, 0.1277456514025372, 0.16652577329074617, 0.7085315250479268, 1.0, 0.5821179517562604, 0.1492040213311132, 0.10556259078890637, 0.0773221525337531], [0.07837844009941816, 0.0866864962133566, 0.09086482937572418, 0.12300143286445411, 0.08925380416851504, 0.09567769698029364, 0.08003022981316195, 0.15018403403580863, 0.10704719155589755, 0.07460709227306055, 0.15838575531362922, 0.0918088885231996, 0.12300711330320185, 0.10213979996194546, 0.0758789523200414, 0.5821179517562604, 1.0, 0.6129954905639082, 0.08485938089104465, 0.0789444032893631], [0.05281758896602347, 0.07410276810249934, 0.09593182472067398, 0.15919323018910617, 0.07358005270797578, 0.07743692175569472, 0.06340818678771222, 0.13094822796023597, 0.13295479981173017, 0.07622544893397212, 0.13837449999282755, 0.1196079678523029, 0.09130739949717122, 0.08387185403836904, 0.13173055192347302, 0.1492040213311132, 0.6129954905639082, 1.0, 0.6013457666487942, 0.13090441178261708], [0.07667072563731207, 0.1408648361421789, 0.10244784958008735, 0.08499441564490945, 0.1176176456418483, 0.07075193852161625, 0.0722059853622638, 0.11175727671308365, 0.06766976764265108, 0.05600692526342485, 0.11139522063649604, 0.1517235209003607, 0.06963270601080414, 0.1609122818461162, 0.12247112550772093, 0.10556259078890637, 0.08485938089104465, 0.6013457666487942, 1.0, 0.9010140209061799], [0.05882069625736563, 0.0994355321965509, 0.07957576933913661, 0.09483605489164605, 0.08263849004397383, 0.06310587681479699, 0.08552780850500055, 0.10699371964737568, 0.10206392432180501, 