{
  "model": "SING",
  "dataset": "dim5_cop_gau",
  "N": 10000,
  "seed": 12340,
  "execution_time_sec": 1.5,
  "metrics": {
    "TP": 4,
    "FP": 3,
    "FN": 0,
    "TN": 3,
    "TPR": 1.0,
    "FDR": 0.42857142857142855,
    "FPR": 0.5,
    "F1": 0.7272727272727273,
    "Hamming": 3
  },
  "meta_info": {
    "p_order": 1,
    "delta": 1.0
  },
  "omega": [
    [
      3.928899784412363,
      1.170158410661278,
      0.1518167488122212,
      0.0,
      0.0
    ],
    [
      1.170158410661278,
      6.136378882976829,
      0.6632603149483309,
      0.13578673429023544,
      0.0
    ],
    [
      0.1518167488122212,
      0.6632603149483309,
      6.6275387800997105,
      0.7181255853850242,
      0.1497731717611843
    ],
    [
      0.0,
      0.13578673429023544,
      0.7181255853850242,
      6.316013183088306,
      1.1203084667782237
    ],
    [
      0.0,
      0.0,
      0.1497731717611843,
      1.1203084667782237,
      3.823334682082289
    ]
  ]
}