{
  "model": "SING",
  "dataset": "dim5_cop_gau",
  "N": 10000,
  "seed": 1230,
  "execution_time_sec": 1.42,
  "metrics": {
    "TP": 4,
    "FP": 2,
    "FN": 0,
    "TN": 4,
    "TPR": 1.0,
    "FDR": 0.3333333333333333,
    "FPR": 0.3333333333333333,
    "F1": 0.8,
    "Hamming": 2
  },
  "meta_info": {
    "p_order": 1,
    "delta": 1.0
  },
  "omega": [
    [
      4.015749119809151,
      1.2295332931183491,
      0.14541274470904078,
      0.0,
      0.0
    ],
    [
      1.2295332931183491,
      6.195140739722759,
      1.0943115164043993,
      0.0,
      0.0
    ],
    [
      0.14541274470904078,
      1.0943115164043993,
      7.9575343205640445,
      1.3771611970000992,
      0.053483735502026425
    ],
    [
      0.0,
      0.0,
      1.3771611970000992,
      7.3323785966005675,
      1.350642508430608
    ],
    [
      0.0,
      0.0,
      0.053483735502026425,
      1.350642508430608,
      3.45518307050611
    ]
  ]
}