{"model": "LSING", "dataset": "dim20_pair_gau", "N": 100, "seed": 120, "metrics": {"TP": 5, "FP": 16, "FN": 5, "TN": 164, "TPR": 0.5, "FDR": 0.7619047619047619, "FPR": 0.08888888888888889, "Hamming": 21}, "omega": [[1.0, 0.5136156213173626, 0.11853107481444872, 0.06945158004993571, 0.11921318802806777, 0.20119930779760972, 0.1030491639014879, 0.13101733407891006, 0.20923857178596392, 0.1805201499033658, 0.16698510318628798, 0.11133581160696966, 0.08388702466664542, 0.11711476869984248, 0.08936921607839803, 0.37464361590764256, 0.10920163519384483, 0.08236063143529526, 0.140838420527655, 0.08150615457362369], [0.5136156213173626, 1.0, 0.044852437444554034, 0.047147358970298196, 0.0618908743333408, 0.04331894783810423, 0.05025954636168446, 0.0752138500556938, 0.141946863309843, 0.0497370405047451, 0.04071719736454537, 0.0461813404095103, 0.036977501660976, 0.03360812638535043, 0.031166400781270354, 0.14563330532301272, 0.03693673710745715, 0.02115618371950752, 0.025550356242862948, 0.03205680052472472], [0.11853107481444872, 0.044852437444554034, 1.0, 0.19751571990730454, 0.02981736658422807, 0.053197896727857415, 0.027731627025737195, 0.05793023515244474, 0.1530344620810204, 0.03852241044385364, 0.0450609360870011, 0.026862793630710417, 0.05140847714550511, 0.04647768589286167, 0.03749076316700046, 0.3775205395354388, 0.027273085203606304, 0.014964672966708373, 0.021923437995746104, 0.026637916001429607], [0.06945158004993571, 0.047147358970298196, 0.19751571990730454, 1.0, 0.07011058305750997, 0.041663925760027413, 0.03895871937381178, 0.06052305004661215, 0.1446718955128334, 0.0384066741507156, 0.036379697169348066, 0.029180029940205295, 0.024626070167195646, 0.03081168069892727, 0.03102611446704886, 0.25711529138290745, 0.03566322775380649, 0.019892802071825776, 0.02923836493589291, 0.025869599148404917], [0.11921318802806777, 0.0618908743333408, 0.02981736658422807, 0.07011058305750997, 1.0, 0.24092105933269822, 0.05564365180031841, 0.05977203178256711, 0.13058799130301776, 0.04522727936158894, 0.03604300665900426, 0.07284920926244116, 0.04647515933630898, 0.044705372252908084, 0.060387896723346664, 0.30852285228247883, 0.03404640876808883, 0.02692001704891364, 0.03896048742640471, 0.03512008790419186], [0.20119930779760972, 0.04331894783810423, 0.053197896727857415, 0.041663925760027413, 0.24092105933269822, 1.0, 0.03155709006112473, 0.05561042529942622, 0.2087196127740895, 0.036269998701978216, 0.05586566658058296, 0.035354021265261285, 0.05322378789134052, 0.025978129653925226, 0.049633218093714855, 0.11893521445036123, 0.04595342943563289, 0.03342021877606233, 0.02295316954666906, 0.02714916713633948], [0.1030491639014879, 0.05025954636168446, 0.027731627025737195, 0.03895871937381178, 0.05564365180031841, 0.03155709006112473, 1.0, 0.4404378549892506, 0.11677570400498039, 0.026721192352544523, 0.04741135862284163, 0.06506105975670866, 0.03509928878587579, 0.048839267163062444, 0.0377523490317215, 0.16554179634444158, 0.048389195078068076, 0.021171313524156212, 0.02997770626641228, 0.04620493726632574], [0.13101733407891006, 0.0752138500556938, 0.05793023515244474, 0.06052305004661215, 0.05977203178256711, 0.05561042529942622, 0.4404378549892506, 1.0, 0.18364358731808444, 0.04005725596003682, 0.04253978706342472, 0.06501581130367547, 0.05790703969860978, 0.08147518076236773, 0.08557788572119975, 0.41623386743969165, 0.0756985676481033, 0.06187336564547672, 0.07039864809409355, 0.07484538292813309], [0.20923857178596392, 0.141946863309843, 0.1530344620810204, 0.1446718955128334, 0.13058799130301776, 0.2087196127740895, 0.11677570400498039, 0.18364358731808444, 1.0, 0.8230731223163325, 0.1855785362893748, 0.13978796772253926, 0.15657237290905027, 0.16212157042635966, 0.14719463403851307, 0.46560576279572286, 0.13998645545520236, 0.18508346545353574, 0.13380066234552643, 0.12008395862878293], [0.1805201499033658, 0.0497370405047451, 0.03852241044385364, 0.0384066741507156, 0.04522727936158894, 0.036269998701978216, 0.026721192352544523, 0.04005725596003682, 0.8230731223163325, 1.0, 0.02908557069000222, 0.0664755823801458, 0.026728680733230446, 0.03202919500804406, 0.043929885859357545, 0.25186830667913723, 0.041880307473716454, 0.013845175828359892, 0.024020785349791095, 0.036000161925156836], [0.16698510318628798, 0.04071719736454537, 0.0450609360870011, 0.036379697169348066, 0.03604300665900426, 0.05586566658058296, 0.04741135862284163, 0.04253978706342472, 0.1855785362893748, 0.02908557069000222, 1.0, 0.1909110701711694, 0.04608402233774561, 0.042580064294930484, 0.04838159527113673, 0.4686123530110615, 0.02903124234045249, 0.031474340635326996, 0.02576122638485854, 0.042877583110070935], [0.11133581160696966, 0.0461813404095103, 0.026862793630710417, 0.029180029940205295, 0.07284920926244116, 0.035354021265261285, 0.06506105975670866, 0.06501581130367547, 0.13978796772253926, 0.0664755823801458, 0.1909110701711694, 1.0, 0.035452285788869574, 0.0407933766693182, 0.037081158946365454, 0.2846166681548559, 0.05640487563445567, 0.01842663841795653, 0.02969675841344406, 0.03534647918517998], [0.08388702466664542, 0.036977501660976, 0.05140847714550511, 0.024626070167195646, 0.04647515933630898, 0.05322378789134052, 0.03509928878587579, 0.05790703969860978, 0.15657237290905027, 0.026728680733230446, 0.04608402233774561, 0.035452285788869574, 1.0, 0.18972093047133312, 0.03288062174405799, 0.22198517713035543, 0.025742758491544462, 0.03189267839137833, 0.03252894977364523, 0.0346954639626687], [0.11711476869984248, 0.03360812638535043, 0.04647768589286167, 0.03081168069892727, 0.044705372252908084, 0.025978129653925226, 0.048839267163062444, 0.08147518076236773, 0.16212157042635966, 0.03202919500804406, 0.042580064294930484, 0.0407933766693182, 0.18972093047133312, 1.0, 0.033489972948177786, 0.22021250638942255, 0.03976908083969272, 0.03307429331219782, 0.03821463907165001, 0.03643334823527355], [0.08936921607839803, 0.031166400781270354, 0.03749076316700046, 0.03102611446704886, 0.060387896723346664, 0.049633218093714855, 0.0377523490317215, 0.08557788572119975, 0.14719463403851307, 0.043929885859357545, 0.04838159527113673, 0.037081158946365454, 0.03288062174405799, 0.033489972948177786, 1.0, 1.0, 0.05491289566063563, 0.04363988227460071, 0.04407309140696046, 0.02744982333865509], [0.37464361590764256, 0.14563330532301272, 0.3775205395354388, 0.25711529138290745, 0.30852285228247883, 0.11893521445036123, 0.16554179634444158, 0.41623386743969165, 0.46560576279572286, 0.25186830667913723, 0.4686123530110615, 0.2846166681548559, 0.22198517713035543, 0.22021250638942255, 1.0, 1.0, 0.16803407925803074, 0.15507513375069507, 0.47382255832769254, 0.5385847876615286], [0.10920163519384483, 0.03693673710745715, 0.027273085203606304, 0.03566322775380649, 0.03404640876808883, 0.04595342943563289, 0.048389195078068076, 0.0756985676481033, 0.13998645545520236, 0.041880307473716454, 0.02903124234045249, 0.05640487563445567, 0.025742758491544462, 0.03976908083969272, 0.05491289566063563, 0.16803407925803074, 1.0, 0.09852066838176808, 0.02391151446385697, 0.03454969829639098], [0.08236063143529526, 0.02115618371950752, 0.014964672966708373, 0.019892802071825776, 0.02692001704891364, 0.03342021877606233, 0.021171313524156212, 0.06187336564547672, 0.18508346545353574, 0.013845175828359892, 0.031474340635326996, 0.01842663841795653, 0.03189267839137833, 0.03307429331219782, 0.04363988227460071, 0.15507513375069507, 0.09852066838176808, 1.0, 0.030484483570444445, 0.0302167007954964], [0.140838420527655, 0.025550356242862948, 0.021923437995746104, 0.02923836493589291, 0.03896048742640471, 0.02295316954666906, 0.02997770626641228, 0.07039864809409355, 0.13380066234552643, 0.024020785349791095, 0.02576122638485854, 0.02969675841344406, 0.03252894977364523, 0.03821463907165001, 0.04407309140696046, 0.47382255832769254, 0.02391151446385697, 0.030484483570444445, 1.0, 0.11440155439129061], [0.08150615457362369, 0.03205680052472472, 0.026637916001429607, 0.025869599148404917,