{"model": "LSING", "dataset": "dim20_pair_gau", "N": 100, "seed": 123450, "metrics": {"TP": 4, "FP": 15, "FN": 6, "TN": 165, "TPR": 0.4, "FDR": 0.7894736842105263, "FPR": 0.08333333333333333, "Hamming": 21}, "omega": [[1.0, 0.1936854175491988, 0.06032485944194891, 0.020987971182644574, 0.03354081062319262, 0.019856534675193497, 0.018334231940785237, 0.040317675333727994, 0.022140080012163797, 0.03766112067605907, 0.037370029436519354, 0.3437242595537996, 0.041203600713097276, 0.04401376673285445, 0.1331229447410922, 0.03691502367958974, 0.026297621604560232, 0.07467430930733833, 0.020487515727150997, 0.06171876397376842], [0.1936854175491988, 1.0, 0.0704324608774413, 0.019562725158666444, 0.026388250515685857, 0.034880259453264666, 0.024967548549210544, 0.022171632419002774, 0.028957797769259865, 0.040054980831000495, 0.024960463318650466, 0.5156544825717411, 0.02698973410307181, 0.026141165309340717, 0.15061614392871026, 0.03976642915448231, 0.041762400106621286, 0.10283886072051478, 0.024812563289967785, 0.03107514180142802], [0.06032485944194891, 0.0704324608774413, 1.0, 0.21084025377494772, 0.05896027902752091, 0.05502678732363143, 0.04814222678657572, 0.059024087426811964, 0.040161689705619605, 0.03921436615044399, 0.059561877464122115, 0.3739894117009308, 0.05814726465276986, 0.04794415589789619, 0.1419549910776972, 0.04188397927122364, 0.07608127981576863, 0.1638110886947387, 0.087236657082217, 0.05456480635524981], [0.020987971182644574, 0.019562725158666444, 0.21084025377494772, 1.0, 0.039088615919949124, 0.017935602121547944, 0.022252039749970295, 0.02392300889006773, 0.03269975801291812, 0.024081166993051677, 0.03136612248518108, 0.5120044306809336, 0.03097619329901756, 0.04507954490996307, 0.11771863381418675, 0.03612899672371039, 0.03292872119378817, 0.08183192868378085, 0.019522878921114286, 0.03560765642143258], [0.03354081062319262, 0.026388250515685857, 0.05896027902752091, 0.039088615919949124, 1.0, 0.178283223282597, 0.029497989443197523, 0.029023501180602707, 0.026908549661526268, 0.02546240054369232, 0.03289337339605987, 0.5684082531187058, 0.04246433918985904, 0.027203263481453844, 0.10529699135500117, 0.016909766247456583, 0.03759480974456822, 0.12347039521688696, 0.03260538845211792, 0.03817430883076775], [0.019856534675193497, 0.034880259453264666, 0.05502678732363143, 0.017935602121547944, 0.178283223282597, 1.0, 0.01638840769810719, 0.02830634403966448, 0.03215754306074902, 0.022022796422883587, 0.0367712292420133, 0.18961629643558783, 0.01911091478597821, 0.024856380948982192, 0.08487110242872987, 0.03435260459086188, 0.0239983590988138, 0.09404412642522617, 0.04238481093839898, 0.04993147022460462], [0.018334231940785237, 0.024967548549210544, 0.04814222678657572, 0.022252039749970295, 0.029497989443197523, 0.01638840769810719, 1.0, 0.16206725255766627, 0.030506339792604902, 0.018576129612014963, 0.0319325716951271, 0.18296250017270316, 0.026223899141935108, 0.03876369031626537, 0.2153665214563279, 0.024382577488250325, 0.05445000866113353, 0.07954485092842345, 0.03963839159989663, 0.03204591177023102], [0.040317675333727994, 0.022171632419002774, 0.059024087426811964, 0.02392300889006773, 0.029023501180602707, 0.02830634403966448, 0.16206725255766627, 1.0, 0.024970457347092353, 0.022845076016570334, 0.033853719993560204, 0.19802469890120772, 0.03167506902094363, 0.01851025446352781, 0.15925438382460047, 0.029410755560743546, 0.03518101198052916, 0.12103703873882493, 0.026645941027370924, 0.0433862005666759], [0.022140080012163797, 0.028957797769259865, 0.040161689705619605, 0.03269975801291812, 0.026908549661526268, 0.03215754306074902, 0.030506339792604902, 0.024970457347092353, 1.0, 0.15171547847046057, 0.030169078095173687, 0.5322820696640906, 0.028764033189473993, 0.039844000675854356, 0.14260169090846656, 0.03237072467141382, 0.04359019316676278, 0.12172530003187527, 0.02354820437953246, 0.03830626950574385], [0.03766112067605907, 0.040054980831000495, 0.03921436615044399, 0.024081166993051677, 0.02546240054369232, 0.022022796422883587, 0.018576129612014963, 0.022845076016570334, 0.15171547847046057, 1.0, 0.018034065466525712, 0.49879036191052867, 0.03475179470253251, 0.02474335161077377, 0.1889379835533004, 0.05553446003261477, 0.04009505998705463, 0.145593065376046, 0.016485513782966307, 0.07123088403506862], [0.037370029436519354, 0.024960463318650466, 0.059561877464122115, 0.03136612248518108, 0.03289337339605987, 0.0367712292420133, 0.0319325716951271, 0.033853719993560204, 0.030169078095173687, 0.018034065466525712, 1.0, 1.0, 0.03321072861175086, 0.027027069758245537, 0.13082587886075728, 0.03224870757709347, 0.03128824827709218, 0.08860629730225934, 0.036413273218692324, 0.07322421238189948], [0.3437242595537996, 0.5156544825717411, 0.3739894117009308, 0.5120044306809336, 0.5684082531187058, 0.18961629643558783, 0.18296250017270316, 0.19802469890120772, 0.5322820696640906, 0.49879036191052867, 1.0, 1.0, 0.40186018848168764, 0.3401197405467353, 0.21792050825126996, 0.16279165378602306, 0.31476464888431005, 0.2695809904773213, 0.14716051351226564, 0.2701662384644267], [0.041203600713097276, 0.02698973410307181, 0.05814726465276986, 0.03097619329901756, 0.04246433918985904, 0.01911091478597821, 0.026223899141935108, 0.03167506902094363, 0.028764033189473993, 0.03475179470253251, 0.03321072861175086, 0.40186018848168764, 1.0, 0.18412145326410184, 0.10768300956259039, 0.0363739378991445, 0.03882585916250681, 0.08184282111215893, 0.03792348887821237, 0.04587859276145282], [0.04401376673285445, 0.026141165309340717, 0.04794415589789619, 0.04507954490996307, 0.027203263481453844, 0.024856380948982192, 0.03876369031626537, 0.01851025446352781, 0.039844000675854356, 0.02474335161077377, 0.027027069758245537, 0.3401197405467353, 0.18412145326410184, 1.0, 0.088995012521484, 0.02738549483864192, 0.03685850927882481, 0.0661323677950504, 0.037488742737525976, 0.036675577019416504], [0.1331229447410922, 0.15061614392871026, 0.1419549910776972, 0.11771863381418675, 0.10529699135500117, 0.08487110242872987, 0.2153665214563279, 0.15925438382460047, 0.14260169090846656, 0.1889379835533004, 0.13082587886075728, 0.21792050825126996, 0.10768300956259039, 0.088995012521484, 1.0, 0.757851373574718, 0.07511867272810628, 0.2138072834289636, 0.11023887043911977, 0.10117054921272559], [0.03691502367958974, 0.03976642915448231, 0.04188397927122364, 0.03612899672371039, 0.016909766247456583, 0.03435260459086188, 0.024382577488250325, 0.029410755560743546, 0.03237072467141382, 0.05553446003261477, 0.03224870757709347, 0.16279165378602306, 0.0363739378991445, 0.02738549483864192, 0.757851373574718, 1.0, 0.031095983177247596, 0.08350315381955903, 0.0620968325634028, 0.02944567830903967], [0.026297621604560232, 0.041762400106621286, 0.07608127981576863, 0.03292872119378817, 0.03759480974456822, 0.0239983590988138, 0.05445000866113353, 0.03518101198052916, 0.04359019316676278, 0.04009505998705463, 0.03128824827709218, 0.31476464888431005, 0.03882585916250681, 0.03685850927882481, 0.07511867272810628, 0.031095983177247596, 1.0, 0.3274539265091936, 0.024904834437535908, 0.057843234092763283], [0.07467430930733833, 0.10283886072051478, 0.1638110886947387, 0.08183192868378085, 0.12347039521688696, 0.09404412642522617, 0.07954485092842345, 0.12103703873882493, 0.12172530003187527, 0.145593065376046, 0.08860629730225934, 0.2695809904773213, 0.08184282111215893, 0.0661323677950504, 0.2138072834289636, 0.08350315381955903, 0.3274539265091936, 1.0, 0.11214444432527795, 0.08890499005714923], [0.020487515727150997, 0.024812563289967785, 0.087236657082217, 0.019522878921114286, 0.03260538845211792, 0.04238481093839898, 0.03963839159989663, 0.026645941027370924, 0.02354820437953246, 0.016485513782966307, 0.036413273218692324, 0.14716051351226564, 0.03792348887821237, 0.037488742737525976, 0.11023887043911977, 0.0620968325634028, 0.024904834437535908, 0.11214444432527795, 1.0, 0.15741668797137498], [0.06171876397376842, 0.03107514180142802, 