{"model": "LSING", "dataset": "dim20_pair_gau", "N": 100, "seed": 1230, "metrics": {"TP": 10, "FP": 30, "FN": 0, "TN": 150, "TPR": 1.0, "FDR": 0.75, "FPR": 0.16666666666666666, "Hamming": 30}, "omega": [[1.0, 0.420034302999961, 0.20632001099286612, 0.06276520528682487, 0.09905639089081232, 0.06700298626773561, 0.15656849695724553, 0.2758365474197753, 0.11785973247586648, 0.06160644356946865, 0.10764277893732245, 0.05529080088694976, 0.10862692392835153, 0.24120959368822803, 0.07846982042711453, 0.056468040117721996, 0.0540451188147138, 0.12462944104012778, 0.037386633728415976, 0.1078103101254413], [0.420034302999961, 1.0, 0.1182760725136502, 0.0800035567296032, 0.06086861819573075, 0.1089682724287454, 0.23796703770709476, 0.14902210889659293, 0.16043962895790806, 0.10479541686746907, 0.21122527021078866, 0.05168795874147905, 0.08352074718379558, 0.22102943233002426, 0.08222484371104319, 0.064516364013446, 0.08910286702999529, 0.09911057166564217, 0.054745772084958365, 0.05019664857760349], [0.20632001099286612, 0.1182760725136502, 1.0, 0.6513344302905955, 0.09097570697423066, 0.10088539564792647, 0.1897563338134289, 0.47479235096509526, 0.16345288699168914, 0.1870291542223246, 0.2951656304804708, 0.08311285883734011, 0.21531058798356778, 0.20965983031686725, 0.13245813794873984, 0.10828398179929442, 0.10677140982135302, 0.1469349180979896, 0.14833087441370063, 0.08738058079918819], [0.06276520528682487, 0.0800035567296032, 0.6513344302905955, 1.0, 0.0796796991486976, 0.0809723659694341, 0.2299869616737974, 0.2674862165939036, 0.23154297758092557, 0.05033692559591625, 0.06963949540714659, 0.06712088099244932, 0.09402054251300047, 0.16264448570582163, 0.0707915355471638, 0.07778493446167026, 0.08259497631675428, 0.045568000920176266, 0.07426853172278777, 0.04973932394622098], [0.09905639089081232, 0.06086861819573075, 0.09097570697423066, 0.0796796991486976, 1.0, 0.5238956532922902, 0.092955548814307, 0.33918029710520914, 0.14577682580866075, 0.07897508910386013, 0.0994100750649535, 0.05336630059690414, 0.07089140900940832, 0.18598933621690172, 0.10070052952354902, 0.09294695413835155, 0.04948294731019607, 0.08849789127311682, 0.057992700795963706, 0.06059631957153611], [0.06700298626773561, 0.1089682724287454, 0.10088539564792647, 0.0809723659694341, 0.5238956532922902, 1.0, 0.3151659249768084, 0.42764372128400735, 0.13868766099029137, 0.06269821828883818, 0.08310055176051824, 0.08493599862501823, 0.11505197194830874, 0.15227879175889436, 0.10270249628489543, 0.06043533837920363, 0.09421002834069699, 0.06612795154586867, 0.1076197402142985, 0.09404872868260392], [0.15656849695724553, 0.23796703770709476, 0.1897563338134289, 0.2299869616737974, 0.092955548814307, 0.3151659249768084, 1.0, 0.41516630557588885, 0.13536684302338592, 0.20789202557991862, 0.10993761981071871, 0.17613082174128364, 0.13387179576129923, 0.27536310192160524, 0.1305695943928563, 0.10310272065533255, 0.1686170601728394, 0.10443711039028834, 0.057241930114022496, 0.08783861515426575], [0.2758365474197753, 0.14902210889659293, 0.47479235096509526, 0.2674862165939036, 0.33918029710520914, 0.42764372128400735, 0.41516630557588885, 1.0, 0.28199443776281613, 0.3537054086581757, 0.283334182921991, 0.18282201874660528, 0.40803762760572065, 0.6346046465698706, 0.190613175691274, 0.16089996146590294, 0.15531460756740784, 0.23258182589060392, 0.14457329430466545, 0.17600254373291413], [0.11785973247586648, 0.16043962895790806, 0.16345288699168914, 0.23154297758092557, 0.14577682580866075, 0.13868766099029137, 0.13536684302338592, 0.28199443776281613, 1.0, 0.628723787642185, 0.1407941521138473, 0.08889614635527922, 0.1685293144067026, 0.28442632030236953, 0.15946316874066127, 0.13970911976958075, 0.12058087811570262, 0.11138430447244267, 0.10140814224555787, 0.10558082102584056], [0.06160644356946865, 0.10479541686746907, 0.1870291542223246, 0.05033692559591625, 0.07897508910386013, 0.06269821828883818, 0.20789202557991862, 0.3537054086581757, 0.628723787642185, 1.0, 0.07730556420049277, 0.060432008137249936, 0.1336319325498566, 0.17568790086130195, 0.08385475667323293, 0.06348927163984462, 0.07318380354581909, 0.05807141773282244, 0.06557684719708119, 0.07293781539289097], [0.10764277893732245, 0.21122527021078866, 0.2951656304804708, 0.06963949540714659, 0.0994100750649535, 0.08310055176051824, 0.10993761981071871, 0.283334182921991, 0.1407941521138473, 0.07730556420049277, 1.0, 0.46028305091217747, 0.1311673481262005, 0.2503403294099599, 0.15588969173803835, 0.07848302960694806, 0.06499080780428605, 0.09810846260599476, 0.1557628513751024, 0.07245235788617517], [0.05529080088694976, 0.05168795874147905, 0.08311285883734011, 0.06712088099244932, 0.05336630059690414, 0.08493599862501823, 0.17613082174128364, 0.18282201874660528, 0.08889614635527922, 0.060432008137249936, 0.46028305091217747, 1.0, 0.1427233942940752, 0.14071899939378676, 0.05938379303462919, 0.09801069491735094, 0.06830665510560564, 0.05343651644774525, 0.05260170200165167, 0.06241957764649675], [0.10862692392835153, 0.08352074718379558, 0.21531058798356778, 0.09402054251300047, 0.07089140900940832, 0.11505197194830874, 0.13387179576129923, 0.40803762760572065, 0.1685293144067026, 0.1336319325498566, 0.1311673481262005, 0.1427233942940752, 1.0, 1.0, 0.11520184583482765, 0.10432067670849264, 0.22074007823952418, 0.10642632812232879, 0.07888359584063023, 0.097971249358285], [0.24120959368822803, 0.22102943233002426, 0.20965983031686725, 0.16264448570582163, 0.18598933621690172, 0.15227879175889436, 0.27536310192160524, 0.6346046465698706, 0.28442632030236953, 0.17568790086130195, 0.2503403294099599, 0.14071899939378676, 1.0, 1.0, 0.260115112087885, 0.20619334611106355, 0.17614989849027368, 0.2672872209886375, 0.15844417969584185, 0.1337019144258532], [0.07846982042711453, 0.08222484371104319, 0.13245813794873984, 0.0707915355471638, 0.10070052952354902, 0.10270249628489543, 0.1305695943928563, 0.190613175691274, 0.15946316874066127, 0.08385475667323293, 0.15588969173803835, 0.05938379303462919, 0.11520184583482765, 0.260115112087885, 1.0, 0.5224221109181356, 0.10222708799775185, 0.06053468149846725, 0.06813203187997727, 0.09328013171723061], [0.056468040117721996, 0.064516364013446, 0.10828398179929442, 0.07778493446167026, 0.09294695413835155, 0.06043533837920363, 0.10310272065533255, 0.16089996146590294, 0.13970911976958075, 0.06348927163984462, 0.07848302960694806, 0.09801069491735094, 0.10432067670849264, 0.20619334611106355, 0.5224221109181356, 1.0, 0.09234851147907625, 0.06060398224769421, 0.06952440838056713, 0.0704361953510675], [0.0540451188147138, 0.08910286702999529, 0.10677140982135302, 0.08259497631675428, 0.04948294731019607, 0.09421002834069699, 0.1686170601728394, 0.15531460756740784, 0.12058087811570262, 0.07318380354581909, 0.06499080780428605, 0.06830665510560564, 0.22074007823952418, 0.17614989849027368, 0.10222708799775185, 0.09234851147907625, 1.0, 0.4464324264426764, 0.05014235991437311, 0.10905456495112567], [0.12462944104012778, 0.09911057166564217, 0.1469349180979896, 0.045568000920176266, 0.08849789127311682, 0.06612795154586867, 0.10443711039028834, 0.23258182589060392, 0.11138430447244267, 0.05807141773282244, 0.09810846260599476, 0.05343651644774525, 0.10642632812232879, 0.2672872209886375, 0.06053468149846725, 0.06060398224769421, 0.4464324264426764, 1.0, 0.08064705774449248, 0.09994763746968414], [0.037386633728415976, 0.054745772084958365, 0.14833087441370063, 0.07426853172278777, 0.057992700795963706, 0.1076197402142985, 0.057241930114022496, 0.14457329430466545, 0.10140814224555787, 0.06557684719708119, 0.1557628513751024, 0.05260170200165167, 0.07888359584063023, 0.15844417969584185, 0.06813203187997727, 0.06952440838056713, 0.05014235991437311, 0.08064705774449248, 1.0, 0.34139625205991453], [0.1078103101254413, 0.05019664857760349, 0.08738058079918819, 0.04973932394622098, 0.06059631957153611, 0.09404872868260392, 0.08783861515426575, 0.17600254373291413, 0.10558082102584056, 