{"model": "LSING", "dataset": "dim20_pair_gau", "N": 100, "seed": 1234560, "metrics": {"TP": 10, "FP": 30, "FN": 0, "TN": 150, "TPR": 1.0, "FDR": 0.75, "FPR": 0.16666666666666666, "Hamming": 30}, "omega": [[1.0, 0.49580280006215527, 0.07523579487515071, 0.03948246856858375, 0.06426603001072456, 0.09157241611120798, 0.11776407430513516, 0.23100355615154414, 0.05173276398239027, 0.03760872401584034, 0.07035628059782355, 0.03470843328593455, 0.09491891215459086, 0.1286300619006168, 0.17746058774297319, 0.11624158978961091, 0.03403971468729059, 0.045782071163959014, 0.03879525679973473, 0.04044747712764998], [0.49580280006215527, 1.0, 0.07579458235271538, 0.07701296920227607, 0.1185355287238008, 0.0901754636758224, 0.16954150045876504, 0.23818247584084185, 0.053856647765925324, 0.07056372132602978, 0.08005372727506062, 0.09349255165846794, 0.1623972186561052, 0.2019036703572124, 0.15593142682628483, 0.1494978485562082, 0.0811539327047898, 0.11376668081423393, 0.07609234099999676, 0.08094654075216191], [0.07523579487515071, 0.07579458235271538, 1.0, 0.307747351001953, 0.07712836138162729, 0.057740132216357654, 0.2051129625052085, 0.1572491370118858, 0.050009085625693984, 0.07927893985854129, 0.04889344724167529, 0.050476402635332214, 0.09238504073100415, 0.1643532132859646, 0.1337526980482138, 0.09671906519862629, 0.06999791739119476, 0.09006253014692042, 0.08241244920980961, 0.054038121821422015], [0.03948246856858375, 0.07701296920227607, 0.307747351001953, 1.0, 0.0627098054405046, 0.04181286273133065, 0.25929896104116074, 0.1589895959740363, 0.03986798170732271, 0.056632362958978916, 0.09406128754751247, 0.02841530610021056, 0.08879161832224035, 0.1302567987953487, 0.11503716540097775, 0.17922849109720684, 0.05595980192866296, 0.11438227919505237, 0.034532124925485366, 0.05238361807383897], [0.06426603001072456, 0.1185355287238008, 0.07712836138162729, 0.0627098054405046, 1.0, 0.21586784023646746, 0.23115381203039595, 0.24433506161706808, 0.07815718646220021, 0.057632152118412244, 0.03787266673530414, 0.06390851044095089, 0.09632585455102304, 0.10091543956464494, 0.16519017511285297, 0.15116964776257244, 0.03748465249329773, 0.039415254015118896, 0.044700272192295616, 0.05777332851367994], [0.09157241611120798, 0.0901754636758224, 0.057740132216357654, 0.04181286273133065, 0.21586784023646746, 1.0, 0.140424982192217, 0.18613737111974737, 0.08303842775630142, 0.08690202441628857, 0.06652197638238805, 0.058940683462769504, 0.10164700820574317, 0.11421057290074535, 0.08712111528170809, 0.11394853694509434, 0.06024153716979439, 0.07753343894679204, 0.061136290831012144, 0.15373288027782106], [0.11776407430513516, 0.16954150045876504, 0.2051129625052085, 0.25929896104116074, 0.23115381203039595, 0.140424982192217, 1.0, 1.0, 0.18457469191465953, 0.2927613074652909, 0.13608973291562748, 0.2702051948115387, 0.15300527510408926, 0.27575826008277193, 0.3059300596648888, 0.27049999982657574, 0.18670842836502063, 0.16688904657170262, 0.2907565372570846, 0.08256859248161819], [0.23100355615154414, 0.23818247584084185, 0.1572491370118858, 0.1589895959740363, 0.24433506161706808, 0.18613737111974737, 1.0, 1.0, 0.18765709168583197, 0.11711832900389256, 0.1268154216065609, 0.2636745423015344, 0.3613385891680583, 0.2188172561030316, 0.3328117188681453, 0.3937333917349226, 0.09992580837102806, 0.2626081509931199, 0.25435248692727785, 0.1368602389202697], [0.05173276398239027, 0.053856647765925324, 0.050009085625693984, 0.03986798170732271, 0.07815718646220021, 0.08303842775630142, 0.18457469191465953, 0.18765709168583197, 1.0, 0.28688896267770786, 0.035057435194526546, 0.1236449927554898, 0.09323567778485863, 0.2960662286508932, 0.1631344813943497, 0.23086313487448937, 0.05161860022501222, 0.0981595651929611, 0.036744129920567054, 0.05612182898042248], [0.03760872401584034, 0.07056372132602978, 0.07927893985854129, 0.056632362958978916, 0.057632152118412244, 0.08690202441628857, 0.2927613074652909, 0.11711832900389256, 0.28688896267770786, 1.0, 0.04706202905191953, 0.04053697850741354, 0.12060429610380391, 0.19976355875811105, 0.17350816172230193, 0.2276540016987486, 0.04302014681405726, 0.05581143745834927, 0.051946126427108386, 0.03805075630761444], [0.07035628059782355, 0.08005372727506062, 0.04889344724167529, 0.09406128754751247, 0.03787266673530414, 0.06652197638238805, 0.13608973291562748, 0.1268154216065609, 0.035057435194526546, 0.04706202905191953, 1.0, 0.25363102747641775, 0.10282160361846289, 0.07306976718542108, 0.24429870574617069, 0.15710674484016524, 0.07456017724192501, 0.0780558542949332, 0.05460629588806411, 0.04658675710675351], [0.03470843328593455, 0.09349255165846794, 0.050476402635332214, 0.02841530610021056, 0.06390851044095089, 0.058940683462769504, 0.2702051948115387, 0.2636745423015344, 0.1236449927554898, 0.04053697850741354, 0.25363102747641775, 1.0, 0.11209518329385426, 0.18970259311496365, 0.12908518591891976, 0.2713421264452601, 0.07311577339481956, 0.17383504119635929, 0.047258327270227864, 0.05635433674289319], [0.09491891215459086, 0.1623972186561052, 0.09238504073100415, 0.08879161832224035, 0.09632585455102304, 0.10164700820574317, 0.15300527510408926, 0.3613385891680583, 0.09323567778485863, 0.12060429610380391, 0.10282160361846289, 0.11209518329385426, 1.0, 0.5843139560991469, 0.19930406571254025, 0.16314190973428164, 0.06132883152328487, 0.12581239519392765, 0.10349015240583409, 0.10572549922490909], [0.1286300619006168, 0.2019036703572124, 0.1643532132859646, 0.1302567987953487, 0.10091543956464494, 0.11421057290074535, 0.27575826008277193, 0.2188172561030316, 0.2960662286508932, 0.19976355875811105, 0.07306976718542108, 0.18970259311496365, 0.5843139560991469, 1.0, 0.25942736546091316, 0.26999355035108014, 0.11866814590832006, 0.10602646260833815, 0.17936000631495605, 0.24271898037970205], [0.17746058774297319, 0.15593142682628483, 0.1337526980482138, 0.11503716540097775, 0.16519017511285297, 0.08712111528170809, 0.3059300596648888, 0.3328117188681453, 0.1631344813943497, 0.17350816172230193, 0.24429870574617069, 0.12908518591891976, 0.19930406571254025, 0.25942736546091316, 1.0, 0.8288875537788688, 0.11862291107566061, 0.09372228463248158, 0.09391332773384876, 0.2381737106887626], [0.11624158978961091, 0.1494978485562082, 0.09671906519862629, 0.17922849109720684, 0.15116964776257244, 0.11394853694509434, 0.27049999982657574, 0.3937333917349226, 0.23086313487448937, 0.2276540016987486, 0.15710674484016524, 0.2713421264452601, 0.16314190973428164, 0.26999355035108014, 0.8288875537788688, 1.0, 0.09732308389584461, 0.20344366711186607, 0.13923036711434025, 0.1049238888533048], [0.03403971468729059, 0.0811539327047898, 0.06999791739119476, 0.05595980192866296, 0.03748465249329773, 0.06024153716979439, 0.18670842836502063, 0.09992580837102806, 0.05161860022501222, 0.04302014681405726, 0.07456017724192501, 0.07311577339481956, 0.06132883152328487, 0.11866814590832006, 0.11862291107566061, 0.09732308389584461, 1.0, 0.3103861603725986, 0.04546275732405413, 0.054016093325038254], [0.045782071163959014, 0.11376668081423393, 0.09006253014692042, 0.11438227919505237, 0.039415254015118896, 0.07753343894679204, 0.16688904657170262, 0.2626081509931199, 0.0981595651929611, 0.05581143745834927, 0.0780558542949332, 0.17383504119635929, 0.12581239519392765, 0.10602646260833815, 0.09372228463248158, 0.20344366711186607, 0.3103861603725986, 1.0, 0.0594045247608248, 0.08051400253638788], [0.03879525679973473, 0.07609234099999676, 0.08241244920980961, 0.034532124925485366, 0.044700272192295616, 0.061136290831012144, 0.2907565372570846, 0.25435248692727785, 0.036744129920567054, 0.051946126427108386, 0.05460629588806411, 0.047258327270227864, 0.10349015240583409, 0.17936000631495605, 0.09391332773384876, 0.13923036711434025, 0.04546275732405413, 0.0594045247608248, 1.0, 0.3788945890237693], [0.04044747712764998, 0.08094654075216191, 0.054038121821422015, 0.05238361807383897, 0.05777332851367994, 0.15373288027782106, 0.08256859248161819, 