{"model": "SING", "dataset": "dim6_butterfly", "N": 2000, "seed": 123450, "metrics": {"TP": 3, "FP": 0, "FN": 0, "TN": 12, "TPR": 1.0, "FDR": 0.0, "FPR": 0.0, "Hamming": 0}, "omega": [[396.85621145889644, 0.7100169619446806, 0.0, 0.0, 0.0, 0.0], [0.7100169619446806, 845.0291361646161, 0.0, 0.0, 0.0, 0.0], [0.0, 0.0, 457.4235710222446, 0.7126540970844951, 0.0, 0.0], [0.0, 0.0, 0.7126540970844951, 755.4858453143864, 0.0, 0.0], [0.0, 0.0, 0.0, 0.0, 405.2315645276413, 0.6904401771831074], [0.0, 0.0, 0.0, 0.0, 0.6904401771831074, 840.4017066501912]], "meta_info": {"source": "pretrained", "p_order": 3}}