{"model": "SING", "dataset": "dim6_butterfly", "N": 2000, "seed": 120, "metrics": {"TP": 3, "FP": 0, "FN": 0, "TN": 12, "TPR": 1.0, "FDR": 0.0, "FPR": 0.0, "Hamming": 0}, "omega": [[451.1164224250846, 0.6760400579368614, 0.0, 0.0, 0.0, 0.0], [0.6760400579368614, 812.8740313145327, 0.0, 0.0, 0.0, 0.0], [0.0, 0.0, 404.1939594644074, 0.6586092677227954, 0.0, 0.0], [0.0, 0.0, 0.6586092677227954, 715.5195386771012, 0.0, 0.0], [0.0, 0.0, 0.0, 0.0, 400.6009127715097, 0.6789339538094974], [0.0, 0.0, 0.0, 0.0, 0.6789339538094974, 829.4620217787498]], "meta_info": {"source": "pretrained", "p_order": 3}}