{"model": "SING", "dataset": "dim6_butterfly", "N": 2000, "seed": 1234560, "metrics": {"TP": 3, "FP": 0, "FN": 0, "TN": 12, "TPR": 1.0, "FDR": 0.0, "FPR": 0.0, "Hamming": 0}, "omega": [[453.5001234477987, 0.6216809937362886, 0.0, 0.0, 0.0, 0.0], [0.6216809937362886, 782.461276440218, 0.0, 0.0, 0.0, 0.0], [0.0, 0.0, 451.77895825381995, 0.6696187171523509, 0.0, 0.0], [0.0, 0.0, 0.6696187171523509, 711.4560426182401, 0.0, 0.0], [0.0, 0.0, 0.0, 0.0, 395.4132839814601, 0.6919823268985458], [0.0, 0.0, 0.0, 0.0, 0.6919823268985458, 811.5380492641433]], "meta_info": {"source": "pretrained", "p_order": 3}}