{"model": "SING", "dataset": "dim6_butterfly", "N": 2000, "seed": 1230, "metrics": {"TP": 3, "FP": 0, "FN": 0, "TN": 12, "TPR": 1.0, "FDR": 0.0, "FPR": 0.0, "Hamming": 0}, "omega": [[404.6788043151333, 0.7390656202822544, 0.0, 0.0, 0.0, 0.0], [0.7390656202822544, 778.0523000257333, 0.0, 0.0, 0.0, 0.0], [0.0, 0.0, 450.2521800313719, 0.6986101610178148, 0.0, 0.0], [0.0, 0.0, 0.6986101610178148, 729.5413487779916, 0.0, 0.0], [0.0, 0.0, 0.0, 0.0, 411.3665766494148, 0.6569955764622826], [0.0, 0.0, 0.0, 0.0, 0.6569955764622826, 809.2950063669731]], "meta_info": {"source": "pretrained", "p_order": 3}}