{"model": "SING", "dataset": "dim5_cop_gau", "N": 20000, "seed": 1234560, "metrics": {"TP": 4, "FP": 0, "FN": 0, "TN": 6, "TPR": 1.0, "FDR": 0.0, "FPR": 0.0, "Hamming": 0}, "omega": [[6.996526496648596, 4.351462772368845, 0.0, 0.0, 0.0], [4.351462772368845, 18.961412859145426, 4.631276131096992, 0.0, 0.0], [0.0, 4.631276131096992, 18.399746628439463, 4.076931422426055, 0.0], [0.0, 0.0, 4.076931422426055, 18.079627131365786, 4.467128697380619], [0.0, 0.0, 0.0, 4.467128697380619, 7.139027318044059]], "meta_info": {"source": "pretrained", "p_order": 1}}