{"model": "SING", "dataset": "dim5_cop_gau", "N": 20000, "seed": 123450, "metrics": {"TP": 4, "FP": 0, "FN": 0, "TN": 6, "TPR": 1.0, "FDR": 0.0, "FPR": 0.0, "Hamming": 0}, "omega": [[5.7986898050771325, 3.3906423977248332, 0.0, 0.0, 0.0], [3.3906423977248332, 16.634055345085216, 4.460811570331677, 0.0, 0.0], [0.0, 4.460811570331677, 18.134730522932504, 4.109946982176923, 0.0], [0.0, 0.0, 4.109946982176923, 17.37339552971395, 4.076783106049709], [0.0, 0.0, 0.0, 4.076783106049709, 6.6568754627545665]], "meta_info": {"source": "pretrained", "p_order": 1}}