{"model": "SING", "dataset": "dim5_cop_gau", "N": 20000, "seed": 12340, "metrics": {"TP": 4, "FP": 0, "FN": 0, "TN": 6, "TPR": 1.0, "FDR": 0.0, "FPR": 0.0, "Hamming": 0}, "omega": [[7.337386280997348, 4.6286306236249875, 0.0, 0.0, 0.0], [4.6286306236249875, 20.23317707155395, 4.991207237999505, 0.0, 0.0], [0.0, 4.991207237999505, 19.955080404934687, 4.492560523847882, 0.0], [0.0, 0.0, 4.492560523847882, 17.61767926379272, 3.8287973980430654], [0.0, 0.0, 0.0, 3.8287973980430654, 6.348405934285335]], "meta_info": {"source": "pretrained", "p_order": 1}}