{"model": "LSING", "dataset": "dim20_pair_gau", "N": 500, "seed": 120, "metrics": {"TP": 10, "FP": 0, "FN": 0, "TN": 180, "TPR": 1.0, "FDR": 0.0, "FPR": 0.0, "Hamming": 0}, "omega": [[1.0, 0.7383215866882625, 0.05155313745092796, 0.06955817417690285, 0.04588655598022132, 0.07447692725787129, 0.04350517967520912, 0.052342831644148866, 0.08333831669402625, 0.04833469589105975, 0.03647441144863453, 0.05551912871742493, 0.058339747605118966, 0.07895740301310962, 0.03893342126748159, 0.06260717392343296, 0.04836444784647272, 0.04282001191588172, 0.04664408254216719, 0.04968552232531403], [0.7383215866882625, 1.0, 0.11152749576736093, 0.08557503999761326, 0.08682122725798885, 0.11655354564567877, 0.09228382409327562, 0.1066713919161306, 0.12239084205550663, 0.1142520969231885, 0.0979042632415114, 0.1212993416552366, 0.12359513817757137, 0.13121082298182657, 0.10210673739421038, 0.10677003560293263, 0.08674237260543818, 0.12976107291091946, 0.10639958214558592, 0.10827983935043609], [0.05155313745092796, 0.11152749576736093, 1.0, 0.7228730570669638, 0.045034853528413944, 0.09695730183594001, 0.04314053549395233, 0.04284736592981231, 0.08065624004721277, 0.03650555048588755, 0.034948792434671715, 0.038958482479466525, 0.08549868335911608, 0.07216005849224047, 0.040275631326689286, 0.09629027254681137, 0.05805681331154295, 0.06200550975761785, 0.0429453737124283, 0.04782826914440475], [0.06955817417690285, 0.08557503999761326, 0.7228730570669638, 1.0, 0.08514166496112603, 0.12350410507313922, 0.06944209506138264, 0.07300230218596598, 0.114631447972174, 0.07200440130821756, 0.07511069445114973, 0.081637138721804, 0.09549296650447918, 0.11122840798737003, 0.10193038165560629, 0.13492534454454203, 0.09663563059015516, 0.09295191111147863, 0.06583862365080387, 0.0844370273863817], [0.04588655598022132, 0.08682122725798885, 0.045034853528413944, 0.08514166496112603, 1.0, 0.6666341367473494, 0.05002340659435985, 0.045699093452965606, 0.09958621841289098, 0.05740869013790537, 0.04392853098694721, 0.06642511985501831, 0.07535045313062877, 0.0817171385085861, 0.05691523102302806, 0.09386370904234877, 0.05219031597881392, 0.061016389931298834, 0.07488468498289616, 0.050657406868057066], [0.07447692725787129, 0.11655354564567877, 0.09695730183594001, 0.12350410507313922, 0.6666341367473494, 1.0, 0.13479765447729042, 0.08638975233361129, 0.16870112430292233, 0.08822386088228357, 0.10796254342946908, 0.08600296044560436, 0.1437680812134872, 0.11586594320936819, 0.09957050068551991, 0.1465820256407107, 0.1113171786916503, 0.11957586903426108, 0.09650510302215314, 0.1167380389310778], [0.04350517967520912, 0.09228382409327562, 0.04314053549395233, 0.06944209506138264, 0.05002340659435985, 0.13479765447729042, 1.0, 0.5020319140195115, 0.11688928278804069, 0.06353520261194376, 0.055901341335247594, 0.058792372044018396, 0.06777093886049294, 0.07969318215858978, 0.05060770753571694, 0.0744302845725449, 0.042789599988195995, 0.047335947563310415, 0.04282238705601879, 0.0505096110812025], [0.052342831644148866, 0.1066713919161306, 0.04284736592981231, 0.07300230218596598, 0.045699093452965606, 0.08638975233361129, 0.5020319140195115, 1.0, 0.09963114213012884, 0.056064398822566905, 0.05666772495310726, 0.07463966172613197, 0.08831569330054317, 0.07369675262631975, 0.05863870364400359, 0.06450992718892003, 0.053852250302264766, 0.057412348487087164, 0.05285868168012635, 0.06206829706216928], [0.08333831669402625, 0.12239084205550663, 0.08065624004721277, 0.114631447972174, 0.09958621841289098, 0.16870112430292233, 0.11688928278804069, 0.09963114213012884, 1.0, 0.6998576831230765, 0.0840773209631272, 0.0956737203692464, 0.1905214138682525, 0.16557504972618725, 0.09111524247842395, 0.11330310746462538, 0.08142088822934562, 0.13303331931202605, 0.07166429897496907, 0.1362544045612095], [0.04833469589105975, 0.1142520969231885, 0.03650555048588755, 0.07200440130821756, 0.05740869013790537, 0.08822386088228357, 0.06353520261194376, 0.056064398822566905, 0.6998576831230765, 1.0, 0.03225573187312302, 0.03925538513053132, 0.12619206700052701, 0.062032296271398356, 0.05266344769434215, 0.08198292492374318, 0.05135489748778628, 0.0470422472345211, 0.03843316228473453, 0.04381557058876965], [0.03647441144863453, 0.0979042632415114, 0.034948792434671715, 0.07511069445114973, 0.04392853098694721, 0.10796254342946908, 0.055901341335247594, 0.05666772495310726, 0.0840773209631272, 0.03225573187312302, 1.0, 0.4656094301013511, 0.08978881601714045, 0.06284837542137393, 0.04029560023822035, 0.08352107327695706, 0.045354874210146195, 0.06282195246237707, 0.04839611638163364, 0.04421384802110873], [0.05551912871742493, 0.1212993416552366, 0.038958482479466525, 0.081637138721804, 0.06642511985501831, 0.08600296044560436, 0.058792372044018396, 0.07463966172613197, 0.0956737203692464, 0.03925538513053132, 0.4656094301013511, 1.0, 0.07328425855517623, 0.08244245437004909, 0.05081786373526896, 0.07798198172835981, 0.06220283766694689, 0.04602505135166983, 0.05802887406308259, 0.06836250963078157], [0.058339747605118966, 0.12359513817757137, 0.08549868335911608, 0.09549296650447918, 0.07535045313062877, 0.1437680812134872, 0.06777093886049294, 0.08831569330054317, 0.1905214138682525, 0.12619206700052701, 0.08978881601714045, 0.07328425855517623, 1.0, 1.0, 0.10541688216471473, 0.12149135431762424, 0.06875682342925991, 0.08381225279034757, 0.07020329770688999, 0.06581720812058665], [0.07895740301310962, 0.13121082298182657, 0.07216005849224047, 0.11122840798737003, 0.0817171385085861, 0.11586594320936819, 0.07969318215858978, 0.07369675262631975, 0.16557504972618725, 0.062032296271398356, 0.06284837542137393, 0.08244245437004909, 1.0, 1.0, 0.07325238227442467, 0.0862877289807369, 0.10747402207259406, 0.08104527913447472, 0.06786688565484066, 0.0760199614326898], [0.03893342126748159, 0.10210673739421038, 0.040275631326689286, 0.10193038165560629, 0.05691523102302806, 0.09957050068551991, 0.05060770753571694, 0.05863870364400359, 0.09111524247842395, 0.05266344769434215, 0.04029560023822035, 0.05081786373526896, 0.10541688216471473, 0.07325238227442467, 1.0, 0.8240351879278773, 0.04661343373383846, 0.04703078449153426, 0.07681941966867152, 0.0770568247426174], [0.06260717392343296, 0.10677003560293263, 0.09629027254681137, 0.13492534454454203, 0.09386370904234877, 0.1465820256407107, 0.0744302845725449, 0.06450992718892003, 0.11330310746462538, 0.08198292492374318, 0.08352107327695706, 0.07798198172835981, 0.12149135431762424, 0.0862877289807369, 0.8240351879278773, 1.0, 0.06398236486189864, 0.10041522719240205, 0.07816953039403117, 0.07266289149352541], [0.04836444784647272, 0.08674237260543818, 0.05805681331154295, 0.09663563059015516, 0.05219031597881392, 0.1113171786916503, 0.042789599988195995, 0.053852250302264766, 0.08142088822934562, 0.05135489748778628, 0.045354874210146195, 0.06220283766694689, 0.06875682342925991, 0.10747402207259406, 0.04661343373383846, 0.06398236486189864, 1.0, 0.47961778621677525, 0.0849330022496922, 0.06084528103560022], [0.04282001191588172, 0.12976107291091946, 0.06200550975761785, 0.09295191111147863, 0.061016389931298834, 0.11957586903426108, 0.047335947563310415, 0.057412348487087164, 0.13303331931202605, 0.0470422472345211, 0.06282195246237707, 0.04602505135166983, 0.08381225279034757, 0.08104527913447472, 0.04703078449153426, 0.10041522719240205, 0.47961778621677525, 1.0, 0.0850443361519039, 0.049195171793848115], [0.04664408254216719, 0.10639958214558592, 0.0429453737124283, 0.06583862365080387, 0.07488468498289616, 0.09650510302215314, 0.04282238705601879, 0.05285868168012635, 0.07166429897496907, 0.03843316228473453, 0.04839611638163364, 0.05802887406308259, 0.07020329770688999, 0.06786688565484066, 0.07681941966867152, 0.07816953039403117, 0.0849330022496922, 0.0850443361519039, 1.0, 0.5001754791535509], [0.04968552232531403, 0.10827983935043609, 0.04782826914440475, 0.0844370273863817, 0.050657406868057066, 0.1167380389310778, 0.0505096110812025, 