{"model": "LSING", "dataset": "dim20_cop_gau", "N": 5000, "seed": 1234560, "metrics": {"TP": 19, "FP": 0, "FN": 0, "TN": 171, "TPR": 1.0, "FDR": 0.0, "FPR": 0.0, "Hamming": 0}, "omega": [[1.0, 0.5774907937125032, 0.05370246210783103, 0.05057682981066564, 0.04696600403520508, 0.04780572601178452, 0.06474656979233684, 0.06480208148302857, 0.052279025250384074, 0.05377541770903757, 0.05887306294113524, 0.047476086809134004, 0.05853016244250542, 0.05082283073684912, 0.047150230178081384, 0.04478352137627654, 0.04501783569778924, 0.05390181089296637, 0.054296179336160696, 0.04229476890197274], [0.5774907937125032, 1.0, 0.4073427988214745, 0.06872857426083175, 0.056394014693123544, 0.05222646164681849, 0.08876028100157461, 0.05824955143210887, 0.040147850569805875, 0.049184848558726325, 0.05253293275768463, 0.04370893597466176, 0.05127291726231446, 0.04336486592374939, 0.04447947345543371, 0.0478493905710216, 0.050475058377730794, 0.05422818222894507, 0.06137360903796574, 0.04492675968033583], [0.05370246210783103, 0.4073427988214745, 1.0, 0.50083916268088, 0.04797129410109017, 0.0565859512177144, 0.054043149630083095, 0.04530792798061138, 0.04773818373045655, 0.0435528274994061, 0.04729404688817148, 0.04648066022230279, 0.05073903065957612, 0.045068402908733096, 0.05033143531899903, 0.056412893152516505, 0.04573933479413046, 0.04708192730556313, 0.04676433652985817, 0.038366816094849536], [0.05057682981066564, 0.06872857426083175, 0.50083916268088, 1.0, 0.4485576174147935, 0.06345749894908466, 0.09592290710886799, 0.06581022026231646, 0.05596463357473436, 0.05810775532106029, 0.06845532455009591, 0.04541992981096325, 0.05990701850414151, 0.05075782121144457, 0.04436460125330344, 0.047549204211146515, 0.06714952070065752, 0.05127033099746309, 0.04216183488861194, 0.03623820546017739], [0.04696600403520508, 0.056394014693123544, 0.04797129410109017, 0.4485576174147935, 1.0, 0.5354493895844189, 0.07980408913800562, 0.06593256460402966, 0.051792387031034, 0.05115688442605631, 0.03916586364204717, 0.03889807566402949, 0.03927503586932765, 0.05914936266076477, 0.051124962528462166, 0.06684037159534922, 0.05405247801985738, 0.04643315830851776, 0.04759743231752528, 0.03664683530669503], [0.04780572601178452, 0.05222646164681849, 0.0565859512177144, 0.06345749894908466, 0.5354493895844189, 1.0, 1.0, 0.0934993068504433, 0.07461651323431728, 0.07049165266839137, 0.05252346932156835, 0.06948056325393315, 0.06751920623979737, 0.06967453056974228, 0.06972102218400654, 0.0565568652933021, 0.0668860350952522, 0.06349440736915579, 0.06132023006025982, 0.05382569953903231], [0.06474656979233684, 0.08876028100157461, 0.054043149630083095, 0.09592290710886799, 0.07980408913800562, 1.0, 1.0, 0.9290541737432648, 0.08073954750485933, 0.08709228795899908, 0.0731163573143973, 0.06282260023057966, 0.0878181493069911, 0.07045709864115046, 0.09969871619749292, 0.07975468256118964, 0.06903600598435697, 0.07823448372568254, 0.06675249464737454, 0.06521317019218817], [0.06480208148302857, 0.05824955143210887, 0.04530792798061138, 0.06581022026231646, 0.06593256460402966, 0.0934993068504433, 0.9290541737432648, 1.0, 0.5827676913052212, 0.05518379817337439, 0.07345266347466717, 0.07415575549979031, 0.055361632547403714, 0.05611146971718789, 0.06252111564219051, 0.058107826666297574, 0.049105312633402856, 0.05798025883399786, 0.05788974211224383, 0.05312229537849607], [0.052279025250384074, 0.040147850569805875, 0.04773818373045655, 0.05596463357473436, 0.051792387031034, 0.07461651323431728, 0.08073954750485933, 0.5827676913052212, 1.0, 0.5747107755810285, 0.07121545519667905, 0.046823402742192925, 0.047468582818998725, 0.060531052362226535, 0.06366814831019621, 0.05477086977631067, 0.06455943378299722, 0.06638652925274996, 0.0514331026082718, 0.03931547460462202], [0.05377541770903757, 0.049184848558726325, 0.0435528274994061, 0.05810775532106029, 0.05115688442605631, 0.07049165266839137, 0.08709228795899908, 0.05518379817337439, 0.5747107755810285, 1.0, 0.6905991275415161, 0.05549186435990256, 0.0495634981173215, 0.05065424958529052, 0.05208024722714697, 0.06109402234133298, 0.05756963641692477, 0.05968895688248547, 0.050865163942997685, 0.05630413498241666], [0.05887306294113524, 0.05253293275768463, 0.04729404688817148, 0.06845532455009591, 0.03916586364204717, 0.05252346932156835, 0.0731163573143973, 0.07345266347466717, 0.07121545519667905, 0.6905991275415161, 1.0, 0.6898648831281438, 0.05816597303468027, 0.04960874883406594, 0.06881881069772502, 0.06668344010182066, 0.04508668130371965, 0.0455377895949046, 0.04880275531841033, 0.04476743175124794], [0.047476086809134004, 0.04370893597466176, 0.04648066022230279, 0.04541992981096325, 0.03889807566402949, 0.06948056325393315, 0.06282260023057966, 0.07415575549979031, 0.046823402742192925, 0.05549186435990256, 0.6898648831281438, 1.0, 0.6144286691744586, 0.05963278779639308, 0.054219638636780865, 0.06183772636875532, 0.06772066480552083, 0.05296934392999002, 0.038190664704006755, 0.0518786357787722], [0.05853016244250542, 0.05127291726231446, 0.05073903065957612, 0.05990701850414151, 0.03927503586932765, 0.06751920623979737, 0.0878181493069911, 0.055361632547403714, 0.047468582818998725, 0.0495634981173215, 0.05816597303468027, 0.6144286691744586, 1.0, 0.5598709050738572, 0.06855839293752274, 0.07847462415023236, 0.052258783587350234, 0.051361859292759965, 0.041536123143428756, 0.04357400811672342], [0.05082283073684912, 0.04336486592374939, 0.045068402908733096, 0.05075782121144457, 0.05914936266076477, 0.06967453056974228, 0.07045709864115046, 0.05611146971718789, 0.060531052362226535, 0.05065424958529052, 0.04960874883406594, 0.05963278779639308, 0.5598709050738572, 1.0, 0.5680701035855384, 0.05184928740580849, 0.05885255373346161, 0.04893072319364765, 0.05243814041778222, 0.046248324457102495], [0.047150230178081384, 0.04447947345543371, 0.05033143531899903, 0.04436460125330344, 0.051124962528462166, 0.06972102218400654, 0.09969871619749292, 0.06252111564219051, 0.06366814831019621, 0.05208024722714697, 0.06881881069772502, 0.054219638636780865, 0.06855839293752274, 0.5680701035855384, 1.0, 0.7114915814454602, 0.0539871181383769, 0.05527270707924544, 0.04402552409497853, 0.03928939792039641], [0.04478352137627654, 0.0478493905710216, 0.056412893152516505, 0.047549204211146515, 0.06684037159534922, 0.0565568652933021, 0.07975468256118964, 0.058107826666297574, 0.05477086977631067, 0.06109402234133298, 0.06668344010182066, 0.06183772636875532, 0.07847462415023236, 0.05184928740580849, 0.7114915814454602, 1.0, 0.7282321502268146, 0.06661368994020331, 0.05700654922778565, 0.05737411989024901], [0.04501783569778924, 0.050475058377730794, 0.04573933479413046, 0.06714952070065752, 0.05405247801985738, 0.0668860350952522, 0.06903600598435697, 0.049105312633402856, 0.06455943378299722, 0.05756963641692477, 0.04508668130371965, 0.06772066480552083, 0.052258783587350234, 0.05885255373346161, 0.0539871181383769, 0.7282321502268146, 1.0, 0.7139321185536062, 0.05304394301969818, 0.045232705894099126], [0.05390181089296637, 0.05422818222894507, 0.04708192730556313, 0.05127033099746309, 0.04643315830851776, 0.06349440736915579, 0.07823448372568254, 0.05798025883399786, 0.06638652925274996, 0.05968895688248547, 0.0455377895949046, 0.05296934392999002, 0.051361859292759965, 0.04893072319364765, 0.05527270707924544, 0.06661368994020331, 0.7139321185536062, 1.0, 0.657255828977231, 0.04800996831578397], [0.054296179336160696, 0.06137360903796574, 0.04676433652985817, 0.04216183488861194, 0.04759743231752528, 0.06132023006025982, 0.06675249464737454, 0.05788974211224383, 0.0514331026082718, 0.050865163942997685, 0.04880275531841033, 0.038190664704006755, 0.041536123143428756, 0.05243814041778222, 0.04402552409497853, 0.05700654922778565, 0.05304394301969818, 0.657255828977231, 1.0, 0.6394124259023654], [0.04229476890197274, 0.04492675968033583, 0.038366816094849536, 0.03623820546017739, 0.03664683530669503, 0.05382569953903231, 0.06521317019218817,