{"model": "LSING", "dataset": "dim20_cop_gau", "N": 5000, "seed": 120, "metrics": {"TP": 19, "FP": 0, "FN": 0, "TN": 171, "TPR": 1.0, "FDR": 0.0, "FPR": 0.0, "Hamming": 0}, "omega": [[1.0, 0.6578319146252549, 0.05929987619183637, 0.061594079412618574, 0.047794037856666985, 0.04813131122322963, 0.03822292595619461, 0.048512214440846996, 0.05619188208847461, 0.0536771802114444, 0.042989084862175286, 0.04560035581098309, 0.04103188898833867, 0.05304700344335792, 0.04752176282782414, 0.06131678425120039, 0.049974384681349376, 0.039465882862955166, 0.05805214936897197, 0.04707625240033978], [0.6578319146252549, 1.0, 0.7793107999581785, 0.09790668425858784, 0.059977997069717535, 0.04457377293947737, 0.04032863847514732, 0.05258623376189919, 0.05063118448200218, 0.06258541863565081, 0.05140168264729912, 0.04440233383171538, 0.05167437119178432, 0.08522076183129886, 0.07721694006178735, 0.06842242107308584, 0.05786890662839973, 0.05628894237469359, 0.05791327659343854, 0.05129803244937842], [0.05929987619183637, 0.7793107999581785, 1.0, 1.0, 0.07409898997671796, 0.056780867957638974, 0.06113136067653983, 0.07564061316541937, 0.0675226136691815, 0.06979275923469454, 0.057287799944229646, 0.0561840647991338, 0.06670756775345812, 0.06162129242928609, 0.06205645574721002, 0.07746633476970581, 0.05376858560540776, 0.06006883355044046, 0.06382215963848809, 0.04587866105678879], [0.061594079412618574, 0.09790668425858784, 1.0, 1.0, 0.9605253437573972, 0.0707849175874387, 0.0818173015829737, 0.06616062220229013, 0.06640332954577588, 0.08815726810053312, 0.08776306126820538, 0.09533762219466248, 0.08286625380703044, 0.0784005245506502, 0.09979357720550912, 0.06782121147082489, 0.06207538001402729, 0.05182143263057939, 0.08903657092306341, 0.06655391508603253], [0.047794037856666985, 0.059977997069717535, 0.07409898997671796, 0.9605253437573972, 1.0, 0.5663917958833691, 0.04798177132443803, 0.07316314086548897, 0.0482305786821129, 0.084451588496372, 0.07300296544973034, 0.07618301662916545, 0.1018732132173464, 0.11050265254744811, 0.09347253758862456, 0.06404717536051084, 0.047399543933861435, 0.07886910888759215, 0.09777449357977194, 0.0629875652316975], [0.04813131122322963, 0.04457377293947737, 0.056780867957638974, 0.0707849175874387, 0.5663917958833691, 1.0, 0.5291530529591222, 0.05043822807462102, 0.060202799449275125, 0.04780231607108685, 0.04512313505498841, 0.04522775451250393, 0.04070563831580947, 0.058338373307635874, 0.06219037950432317, 0.06377448944988323, 0.0475807678225874, 0.0508802578592941, 0.05183092768720796, 0.05193285270840419], [0.03822292595619461, 0.04032863847514732, 0.06113136067653983, 0.0818173015829737, 0.04798177132443803, 0.5291530529591222, 1.0, 0.6295225178599776, 0.049224533325736584, 0.04659341362609581, 0.05416811414700541, 0.05534792826872158, 0.04365647408728722, 0.07623619948171582, 0.06416302031909459, 0.05296034162692246, 0.03622042509787309, 0.03688417828257567, 0.039951754524219334, 0.040881183607561454], [0.048512214440846996, 0.05258623376189919, 0.07564061316541937, 0.06616062220229013, 0.07316314086548897, 0.05043822807462102, 0.6295225178599776, 1.0, 0.868547117373502, 0.08098675936609243, 0.05203052404958513, 0.04931514329470637, 0.05450026070976015, 0.09727471383347944, 0.06961936975538374, 0.060027345025610156, 0.062146175472312826, 0.05752817237295778, 0.05301630583309274, 0.06827301023331638], [0.05619188208847461, 0.05063118448200218, 0.0675226136691815, 0.06640332954577588, 0.0482305786821129, 0.060202799449275125, 0.049224533325736584, 0.868547117373502, 1.0, 0.6811225273502933, 0.039343259671851684, 0.052949255720306745, 0.04457333176833027, 0.0635979472430317, 0.059405320046778995, 0.059338101367106946, 0.04647775962218767, 0.04227681733750879, 0.053910297679428176, 0.056408261391444635], [0.0536771802114444, 0.06258541863565081, 0.06979275923469454, 0.08815726810053312, 0.084451588496372, 0.04780231607108685, 0.04659341362609581, 0.08098675936609243, 0.6811225273502933, 1.0, 0.6006694928871728, 0.06695897604550767, 0.0609379986550891, 0.0602162531938684, 0.04007741850391579, 0.07434544266570325, 0.05858921663723138, 0.04553033734068796, 0.05751842446600012, 0.06709798314777841], [0.042989084862175286, 0.05140168264729912, 0.057287799944229646, 0.08776306126820538, 0.07300296544973034, 0.04512313505498841, 0.05416811414700541, 0.05203052404958513, 0.039343259671851684, 0.6006694928871728, 1.0, 0.6005870636798918, 0.06470573984575202, 0.06797700678140368, 0.08075388948072254, 0.08575470007673586, 0.048877838650558024, 0.040480821450035114, 0.04926569656915395, 0.0501743945593689], [0.04560035581098309, 0.04440233383171538, 0.0561840647991338, 0.09533762219466248, 0.07618301662916545, 0.04522775451250393, 0.05534792826872158, 0.04931514329470637, 0.052949255720306745, 0.06695897604550767, 0.6005870636798918, 1.0, 0.6030777447756592, 0.07751276177752602, 0.07732032950780618, 0.05988915178533614, 0.044581588911889375, 0.04301150030723422, 0.060763184258819616, 0.05678611460196744], [0.04103188898833867, 0.05167437119178432, 0.06670756775345812, 0.08286625380703044, 0.1018732132173464, 0.04070563831580947, 0.04365647408728722, 0.05450026070976015, 0.04457333176833027, 0.0609379986550891, 0.06470573984575202, 0.6030777447756592, 1.0, 0.6869743057288341, 0.060063007457441184, 0.05451505772172666, 0.04708023347609403, 0.06460841617377358, 0.061810419207724676, 0.057911248523090694], [0.05304700344335792, 0.08522076183129886, 0.06162129242928609, 0.0784005245506502, 0.11050265254744811, 0.058338373307635874, 0.07623619948171582, 0.09727471383347944, 0.0635979472430317, 0.0602162531938684, 0.06797700678140368, 0.07751276177752602, 0.6869743057288341, 1.0, 0.7725983822720228, 0.08608137480033778, 0.059734251986339505, 0.05348109214738325, 0.06716218079278945, 0.07684397529096014], [0.04752176282782414, 0.07721694006178735, 0.06205645574721002, 0.09979357720550912, 0.09347253758862456, 0.06219037950432317, 0.06416302031909459, 0.06961936975538374, 0.059405320046778995, 0.04007741850391579, 0.08075388948072254, 0.07732032950780618, 0.060063007457441184, 0.7725983822720228, 1.0, 0.6328610693217412, 0.06477409371804736, 0.039921683772061664, 0.06928814109200072, 0.057285230616146106], [0.06131678425120039, 0.06842242107308584, 0.07746633476970581, 0.06782121147082489, 0.06404717536051084, 0.06377448944988323, 0.05296034162692246, 0.060027345025610156, 0.059338101367106946, 0.07434544266570325, 0.08575470007673586, 0.05988915178533614, 0.05451505772172666, 0.08608137480033778, 0.6328610693217412, 1.0, 0.5582927469925244, 0.05143520902062091, 0.052036816335378655, 0.05295685703332479], [0.049974384681349376, 0.05786890662839973, 0.05376858560540776, 0.06207538001402729, 0.047399543933861435, 0.0475807678225874, 0.03622042509787309, 0.062146175472312826, 0.04647775962218767, 0.05858921663723138, 0.048877838650558024, 0.044581588911889375, 0.04708023347609403, 0.059734251986339505, 0.06477409371804736, 0.5582927469925244, 1.0, 0.4848063290797306, 0.04662795271766273, 0.047777789589165835], [0.039465882862955166, 0.05628894237469359, 0.06006883355044046, 0.05182143263057939, 0.07886910888759215, 0.0508802578592941, 0.03688417828257567, 0.05752817237295778, 0.04227681733750879, 0.04553033734068796, 0.040480821450035114, 0.04301150030723422, 0.06460841617377358, 0.05348109214738325, 0.039921683772061664, 0.05143520902062091, 0.4848063290797306, 1.0, 0.5529677401329057, 0.049128882153330715], [0.05805214936897197, 0.05791327659343854, 0.06382215963848809, 0.08903657092306341, 0.09777449357977194, 0.05183092768720796, 0.039951754524219334, 0.05301630583309274, 0.053910297679428176, 0.05751842446600012, 0.04926569656915395, 0.060763184258819616, 0.061810419207724676, 0.06716218079278945, 0.06928814109200072, 0.052036816335378655, 0.04662795271766273, 0.5529677401329057, 1.0, 0.8083584143300733], [0.04707625240033978, 0.05129803244937842, 0.04587866105678879, 0.06655391508603253, 0.0629875652316975, 0.05193285270840419, 