{"model": "SING", "dataset": "dim5_cop_gau", "N": 50000, "seed": 12340, "metrics": {"TP": 4, "FP": 1, "FN": 0, "TN": 5, "TPR": 1.0, "FDR": 0.2, "FPR": 0.16666666666666666, "Hamming": 1}, "omega": [[6.955423168086466, 4.318109792393502, 0.0, 0.0, 0.0], [4.318109792393502, 18.84680044453123, 4.607512469469544, 0.0, 0.0], [0.0, 4.607512469469544, 18.777270382936326, 3.924736735498148, 0.01260892735062954], [0.0, 0.0, 3.924736735498148, 16.28698803254643, 3.5958973627713666], [0.0, 0.0, 0.01260892735062954, 3.5958973627713666, 6.49136583342289]], "meta_info": {"source": "pretrained", "p_order": 1}}