{"model": "SING", "dataset": "dim5_cop_gau", "N": 50000, "seed": 1234560, "metrics": {"TP": 4, "FP": 0, "FN": 0, "TN": 6, "TPR": 1.0, "FDR": 0.0, "FPR": 0.0, "Hamming": 0}, "omega": [[7.135789008246147, 4.464498918060457, 0.0, 0.0, 0.0], [4.464498918060457, 18.90246914417692, 4.486748495409112, 0.0, 0.0], [0.0, 4.486748495409112, 17.81631040922355, 3.930102792452232, 0.0], [0.0, 0.0, 3.930102792452232, 17.621407708762813, 4.3865128306431815], [0.0, 0.0, 0.0, 4.3865128306431815, 7.039770530403829]], "meta_info": {"source": "pretrained", "p_order": 1}}