{"model": "LSING", "dataset": "0.3_dim20_pair_gau", "N": 400, "seed": 1234560, "metrics": {"TP": 8, "FP": 54, "FN": 2, "TN": 126, "TPR": 0.8, "FDR": 0.8709677419354839, "FPR": 0.3, "Hamming": 56}, "omega": [[1.0, 0.16963732290633549, 0.10355162666808328, 0.18115728111161508, 0.10053652847802132, 0.20135520088541137, 0.07468067109055682, 0.10722796182540772, 0.13254865880088879, 0.17022688181664047, 0.1945225592514369, 0.12603096014630963, 0.09715728418946074, 0.09765298395439088, 0.31828753127406234, 0.15046020275296088, 0.1294698104299125, 0.17352042506841783, 0.116959034334895, 0.13033592710091077], [0.16963732290633549, 1.0, 0.1214200323110782, 0.18832056092016242, 0.13812678751338864, 0.08850742916810825, 0.09339768058398995, 0.09146788045104641, 0.08547197054438704, 0.1589650779150567, 0.14899925605804845, 0.10268724582932527, 0.08688644813170891, 0.1317651107922646, 0.20589466271997994, 0.08537714654287168, 0.1583175306962998, 0.14267801544293301, 0.06522026117677236, 0.1050534669047255], [0.10355162666808328, 0.1214200323110782, 1.0, 0.5593105703301302, 0.11045574036147189, 0.2559041925298602, 0.18486873279132876, 0.1737444049855477, 0.1965412503537099, 0.1754483257828367, 0.2575566321175665, 0.12366066456067704, 0.14856281390996232, 0.20273216117015136, 0.24586487801988763, 0.17570173305490866, 0.2412679883113601, 0.16536081390647248, 0.16215658573661376, 0.1162413207176237], [0.18115728111161508, 0.18832056092016242, 0.5593105703301302, 1.0, 0.188252884668422, 0.15834402258624924, 0.14002205276406535, 0.25430038653863735, 0.1659549411152387, 0.17486033003036064, 0.33828634230471216, 0.20531124435409204, 0.21691038437978308, 0.25191867323622724, 0.42868564988153446, 0.28740179854758646, 0.4422591188326638, 0.30959694932664006, 0.178244054765489, 0.17919110120664153], [0.10053652847802132, 0.13812678751338864, 0.11045574036147189, 0.188252884668422, 1.0, 0.21989253810978787, 0.1026917959515327, 0.11479953482361811, 0.12700270811640985, 0.18387322542810408, 0.1633852732307792, 0.19049536786653531, 0.10184590642166563, 0.1217857779199134, 0.3249938873258388, 0.28985146074554435, 0.11691542041384276, 0.22358348697518732, 0.08493819152769426, 0.10027291221005119], [0.20135520088541137, 0.08850742916810825, 0.2559041925298602, 0.15834402258624924, 0.21989253810978787, 1.0, 0.12673177287689966, 0.15436421366569283, 0.15918665553730607, 0.16885653768829267, 0.23813217859027302, 0.09304287707995719, 0.10685885663899061, 0.20021157522976965, 0.45925274076096173, 0.2513715679961053, 0.20033322889661803, 0.16495336288323661, 0.13573658287106677, 0.23989414828352668], [0.07468067109055682, 0.09339768058398995, 0.18486873279132876, 0.14002205276406535, 0.1026917959515327, 0.12673177287689966, 1.0, 0.28727226244532944, 0.08985887908060533, 0.2551736707123938, 0.2244758107748251, 0.09083813384353512, 0.09069856747854257, 0.17476202679092567, 0.5080022987144687, 0.12008702826683748, 0.10616557493623528, 0.16553524535567632, 0.14759424375490576, 0.10730307519433809], [0.10722796182540772, 0.09146788045104641, 0.1737444049855477, 0.25430038653863735, 0.11479953482361811, 0.15436421366569283, 0.28727226244532944, 1.0, 0.1299665644175645, 0.15937389518670503, 0.12011907603170598, 0.09491619753351628, 0.17563617736611445, 0.09463377187221328, 0.44510306032858593, 0.11224517134487895, 0.13823598438761583, 0.1284987592162089, 0.167815492750486, 0.12612661268206185], [0.13254865880088879, 0.08547197054438704, 0.1965412503537099, 0.1659549411152387, 0.12700270811640985, 0.15918665553730607, 0.08985887908060533, 0.1299665644175645, 1.0, 0.370093332397539, 0.14318437861010694, 0.12828741785423847, 0.13499284085831859, 0.2607816933036839, 0.22290896316637904, 0.2469295399701638, 0.1927889445141497, 0.21576117255546592, 0.09823593276705497, 0.2429434208601546], [0.17022688181664047, 0.1589650779150567, 0.1754483257828367, 0.17486033003036064, 0.18387322542810408, 0.16885653768829267, 0.2551736707123938, 0.15937389518670503, 0.370093332397539, 1.0, 0.31247456536214807, 0.14790511525344435, 0.11702290872021046, 0.2710541849152216, 0.43146751947064543, 0.16220510724619866, 0.2050346017708809, 0.1827167370435058, 0.15382078911697045, 0.17056668082314097], [0.1945225592514369, 0.14899925605804845, 0.2575566321175665, 0.33828634230471216, 0.1633852732307792, 0.23813217859027302, 0.2244758107748251, 0.12011907603170598, 0.14318437861010694, 0.31247456536214807, 1.0, 0.47754793999063755, 0.19751889045942492, 0.18138837400274166, 0.4022332872254283, 0.20843800230077444, 0.19628654650886512, 0.20727423129714376, 0.1819329981842165, 0.26166841578776806], [0.12603096014630963, 0.10268724582932527, 0.12366066456067704, 0.20531124435409204, 0.19049536786653531, 0.09304287707995719, 0.09083813384353512, 0.09491619753351628, 0.12828741785423847, 0.14790511525344435, 0.47754793999063755, 1.0, 0.13182592550818625, 0.2896327398245211, 0.2247351828875272, 0.1299049196527182, 0.19919463200453447, 0.18738506245893985, 0.09440028577433313, 0.15414102441560434], [0.09715728418946074, 0.08688644813170891, 0.14856281390996232, 0.21691038437978308, 0.10184590642166563, 0.10685885663899061, 0.09069856747854257, 0.17563617736611445, 0.13499284085831859, 0.11702290872021046, 0.19751889045942492, 0.13182592550818625, 1.0, 0.4284792766956094, 0.4328209051541749, 0.132805355974903, 0.12583588047276098, 0.19508681984579362, 0.07066990498036141, 0.09377081181062923], [0.09765298395439088, 0.1317651107922646, 0.20273216117015136, 0.25191867323622724, 0.1217857779199134, 0.20021157522976965, 0.17476202679092567, 0.09463377187221328, 0.2607816933036839, 0.2710541849152216, 0.18138837400274166, 0.2896327398245211, 0.4284792766956094, 1.0, 0.4531973823867932, 0.19159052351197794, 0.1525159219136503, 0.16058855970104474, 0.1510209462422025, 0.1749664975289504], [0.31828753127406234, 0.20589466271997994, 0.24586487801988763, 0.42868564988153446, 0.3249938873258388, 0.45925274076096173, 0.5080022987144687, 0.44510306032858593, 0.22290896316637904, 0.43146751947064543, 0.4022332872254283, 0.2247351828875272, 0.4328209051541749, 0.4531973823867932, 1.0, 1.0, 0.2979721929005588, 0.24019194196743843, 0.23455119606051267, 0.3072221732944397], [0.15046020275296088, 0.08537714654287168, 0.17570173305490866, 0.28740179854758646, 0.28985146074554435, 0.2513715679961053, 0.12008702826683748, 0.11224517134487895, 0.2469295399701638, 0.16220510724619866, 0.20843800230077444, 0.1299049196527182, 0.132805355974903, 0.19159052351197794, 1.0, 1.0, 0.20544236784918304, 0.20732487639905048, 0.1305446844054625, 0.16358988937883454], [0.1294698104299125, 0.1583175306962998, 0.2412679883113601, 0.4422591188326638, 0.11691542041384276, 0.20033322889661803, 0.10616557493623528, 0.13823598438761583, 0.1927889445141497, 0.2050346017708809, 0.19628654650886512, 0.19919463200453447, 0.12583588047276098, 0.1525159219136503, 0.2979721929005588, 0.20544236784918304, 1.0, 0.8919922405330073, 0.134448189412463, 0.19696578099678963], [0.17352042506841783, 0.14267801544293301, 0.16536081390647248, 0.30959694932664006, 0.22358348697518732, 0.16495336288323661, 0.16553524535567632, 0.1284987592162089, 0.21576117255546592, 0.1827167370435058, 0.20727423129714376, 0.18738506245893985, 0.19508681984579362, 0.16058855970104474, 0.24019194196743843, 0.20732487639905048, 0.8919922405330073, 1.0, 0.1645852301263991, 0.31434688309237113], [0.116959034334895, 0.06522026117677236, 0.16215658573661376, 0.178244054765489, 0.08493819152769426, 0.13573658287106677, 0.14759424375490576, 0.167815492750486, 0.09823593276705497, 0.15382078911697045, 0.1819329981842165, 0.09440028577433313, 0.07066990498036141, 0.1510209462422025, 0.23455119606051267, 0.1305446844054625, 0.134448189412463, 0.1645852301263991, 1.0, 0.15907246625202834], [0.13033592710091077, 0.1050534669047255, 0.1162413207176237, 0.17919110120664153, 0.10027291221005119, 0.23989414828352668, 0.10730307519433809, 0.12612661268206185, 0.2429434208601546, 0.17056668082314097, 0.26166841578776806, 