{"model": "LSING", "dataset": "0.3_dim20_pair_gau", "N": 400, "seed": 120, "metrics": {"TP": 9, "FP": 126, "FN": 1, "TN": 54, "TPR": 0.9, "FDR": 0.9333333333333333, "FPR": 0.7, "Hamming": 127}, "omega": [[1.0, 0.5721417148260605, 0.24047879837290267, 0.30203981526105117, 0.3019962475257757, 0.5246871298568141, 0.33645774276339957, 0.332026180964718, 0.35295004224068416, 0.31204413568966133, 0.3712860866418512, 0.26960767164151644, 0.1494617116283792, 0.25089392548677514, 0.4218043131226942, 0.30701172022021694, 0.23421724899897872, 0.23302393540281013, 0.1568654440986296, 0.2384757863277438], [0.5721417148260605, 1.0, 0.38452679186150507, 0.2550736413497653, 0.35023708301635753, 0.20629881256706184, 0.2445356633788478, 0.17779139541718963, 0.24077674695496742, 0.21804914114861756, 0.3392343349712776, 0.21305770814087874, 0.12741721819729077, 0.1383794790116412, 0.398416660953324, 0.2267308926963067, 0.22700178404021315, 0.2960278161334635, 0.14462267965821474, 0.17714497210288369], [0.24047879837290267, 0.38452679186150507, 1.0, 0.8451649945094832, 0.1883860647442483, 0.4579089091951869, 0.20136052875492352, 0.30694500673211955, 0.4311856917396346, 0.24473311784462587, 0.345320354342296, 0.15083897415404646, 0.14252454339536133, 0.21565784493542559, 0.2963066479604777, 0.2998941850885315, 0.40991478266813797, 0.3836260758347361, 0.19218066297964126, 0.24021483606578842], [0.30203981526105117, 0.2550736413497653, 0.8451649945094832, 1.0, 0.21504438176070023, 0.2549797657016926, 0.17592869741629102, 0.20320708558350062, 0.24602780690034362, 0.1004625474103919, 0.2707254499232174, 0.12048978041357797, 0.10048650735651346, 0.1436567526237673, 0.2681901023506449, 0.13668900807485018, 0.2137766072494697, 0.219913433961134, 0.10601219386247997, 0.11565304832964132], [0.3019962475257757, 0.35023708301635753, 0.1883860647442483, 0.21504438176070023, 1.0, 0.7434870747401247, 0.2977188536480661, 0.20194524545023748, 0.2864504351686918, 0.21526111246269064, 0.3619901395651543, 0.20775680613557268, 0.18701229191821322, 0.11989482754580115, 0.4481454305021051, 0.23657353280185034, 0.31064030276306653, 0.21787266265248664, 0.23915560835482524, 0.13700810050146922], [0.5246871298568141, 0.20629881256706184, 0.4579089091951869, 0.2549797657016926, 0.7434870747401247, 1.0, 0.4238647845516944, 0.3255697120361138, 0.31778145789418655, 0.27904343333462484, 0.6938688256364591, 0.3358187856855887, 0.6131636439222804, 0.301937487111404, 0.45289918621631514, 0.2733291141892505, 0.34532301515957414, 0.6884585195541699, 0.2814429826979391, 0.427506369006102], [0.33645774276339957, 0.2445356633788478, 0.20136052875492352, 0.17592869741629102, 0.2977188536480661, 0.4238647845516944, 1.0, 0.8376650319455876, 0.2219062350150661, 0.15771911737954522, 0.25011890579672724, 0.18609650702009214, 0.15466991730683524, 0.12513390541968022, 0.36376722975715686, 0.3995936822897546, 0.23475764671880772, 0.16475288712944047, 0.1978560855090313, 0.22499188492698885], [0.332026180964718, 0.17779139541718963, 0.30694500673211955, 0.20320708558350062, 0.20194524545023748, 0.3255697120361138, 0.8376650319455876, 1.0, 0.25670625839668315, 0.13055251711300017, 0.3449126533428158, 0.24418415850453273, 0.16056488244291028, 0.1362203810746962, 0.4751375499839142, 0.21578184783402088, 0.31777762195255843, 0.2830807493076335, 0.13408468070293386, 0.26821390281560464], [0.35295004224068416, 0.24077674695496742, 0.4311856917396346, 0.24602780690034362, 0.2864504351686918, 0.31778145789418655, 0.2219062350150661, 0.25670625839668315, 1.0, 0.5056409787953176, 0.3477270006173096, 0.2993377888900521, 0.24545332218061983, 0.2507062958999374, 0.42033224324321966, 0.38606996515789876, 0.374953188082144, 0.42141444043835224, 0.2261714243870266, 0.2860840985463309], [0.31204413568966133, 0.21804914114861756, 0.24473311784462587, 0.1004625474103919, 0.21526111246269064, 0.27904343333462484, 0.15771911737954522, 0.13055251711300017, 0.5056409787953176, 1.0, 0.3135721624725583, 0.12231623841889772, 0.08208274011936981, 0.10344432472352177, 0.34540953368984145, 0.3275130445517844, 0.22309582598516886, 0.16929463782029608, 0.14551840560336893, 0.12430091432732424], [0.3712860866418512, 0.3392343349712776, 0.345320354342296, 0.2707254499232174, 0.3619901395651543, 0.6938688256364591, 0.25011890579672724, 0.3449126533428158, 0.3477270006173096, 0.3135721624725583, 1.0, 0.7107568062698726, 0.26242287323141267, 0.18247499620770585, 0.46404878283641576, 0.3558686314387665, 0.32964363313262435, 0.38622473742853647, 0.2345058217674797, 0.37817041834628307], [0.26960767164151644, 0.21305770814087874, 0.15083897415404646, 0.12048978041357797, 0.20775680613557268, 0.3358187856855887, 0.18609650702009214, 0.24418415850453273, 0.2993377888900521, 0.12231623841889772, 0.7107568062698726, 1.0, 0.0994215718987075, 0.10533884341306876, 0.3614985850495577, 0.12307506237727925, 0.3372715919194689, 0.20614046036402936, 0.13222507579719933, 0.19324449885680545], [0.1494617116283792, 0.12741721819729077, 0.14252454339536133, 0.10048650735651346, 0.18701229191821322, 0.6131636439222804, 0.15466991730683524, 0.16056488244291028, 0.24545332218061983, 0.08208274011936981, 0.26242287323141267, 0.0994215718987075, 1.0, 0.17577375727074618, 0.3031528762578615, 0.10487059832832854, 0.1928008180678525, 0.15091999058423222, 0.07332494753405527, 0.10723847809041084], [0.25089392548677514, 0.1383794790116412, 0.21565784493542559, 0.1436567526237673, 0.11989482754580115, 0.301937487111404, 0.12513390541968022, 0.1362203810746962, 0.2507062958999374, 0.10344432472352177, 0.18247499620770585, 0.10533884341306876, 0.17577375727074618, 1.0, 0.24729298774425884, 0.27030287520696455, 0.28491602074557815, 0.1301183590281547, 0.08030966003921156, 0.07048250639385159], [0.4218043131226942, 0.398416660953324, 0.2963066479604777, 0.2681901023506449, 0.4481454305021051, 0.45289918621631514, 0.36376722975715686, 0.4751375499839142, 0.42033224324321966, 0.34540953368984145, 0.46404878283641576, 0.3614985850495577, 0.3031528762578615, 0.24729298774425884, 1.0, 1.0, 0.561955359241893, 0.41901788344525775, 0.39257311590130595, 0.27190291193127925], [0.30701172022021694, 0.2267308926963067, 0.2998941850885315, 0.13668900807485018, 0.23657353280185034, 0.2733291141892505, 0.3995936822897546, 0.21578184783402088, 0.38606996515789876, 0.3275130445517844, 0.3558686314387665, 0.12307506237727925, 0.10487059832832854, 0.27030287520696455, 1.0, 1.0, 0.21220899136659643, 0.2502601893185763, 0.21756791093981007, 0.15560128309477525], [0.23421724899897872, 0.22700178404021315, 0.40991478266813797, 0.2137766072494697, 0.31064030276306653, 0.34532301515957414, 0.23475764671880772, 0.31777762195255843, 0.374953188082144, 0.22309582598516886, 0.32964363313262435, 0.3372715919194689, 0.1928008180678525, 0.28491602074557815, 0.561955359241893, 0.21220899136659643, 1.0, 0.8317791362513708, 0.3588545972308295, 0.20016752153046047], [0.23302393540281013, 0.2960278161334635, 0.3836260758347361, 0.219913433961134, 0.21787266265248664, 0.6884585195541699, 0.16475288712944047, 0.2830807493076335, 0.42141444043835224, 0.16929463782029608, 0.38622473742853647, 0.20614046036402936, 0.15091999058423222, 0.1301183590281547, 0.41901788344525775, 0.2502601893185763, 0.8317791362513708, 1.0, 0.20938041249684983, 0.15517488502751234], [0.1568654440986296, 0.14462267965821474, 0.19218066297964126, 0.10601219386247997, 0.23915560835482524, 0.2814429826979391, 0.1978560855090313, 0.13408468070293386, 0.2261714243870266, 0.14551840560336893, 0.2345058217674797, 0.13222507579719933, 0.07332494753405527, 0.08030966003921156, 0.39257311590130595, 0.21756791093981007, 0.3588545972308295, 0.20938041249684983, 1.0, 0.3440444462918145], [0.2384757863277438, 0.17714497210288369, 0.24021483606578842, 0.11565304832964132, 0.13700810050146922, 0.427506369006102, 0.22499188492698885, 0.26821390281560464, 0.2860840985463309, 0.12430091432732424, 0.37817041834628307, 0.19324449885680545, 0.10723847809041084, 