{"model": "LSING", "dataset": "0.3_dim20_pair_gau", "N": 400, "seed": 123450, "metrics": {"TP": 5, "FP": 32, "FN": 5, "TN": 148, "TPR": 0.5, "FDR": 0.8648648648648649, "FPR": 0.17777777777777778, "Hamming": 37}, "omega": [[1.0, 0.18156150413490002, 0.10246238498391935, 0.08849886612315452, 0.08310706232991968, 0.13546673412906135, 0.09126945561861854, 0.09227177381158427, 0.04690447382726169, 0.14568264613529439, 0.1327573363567884, 0.23248778341602766, 0.08424978756555929, 0.09682887337660155, 0.0654641761952671, 0.06026228698947001, 0.07767848260538439, 0.0979569649704271, 0.0860450059612857, 0.07403691636879184], [0.18156150413490002, 1.0, 0.12031227757229827, 0.07325546284465363, 0.10330250907947544, 0.10298131596749918, 0.0816897101833323, 0.0764391253979157, 0.10833160195299053, 0.23183426717985894, 0.12815902753078248, 0.6260509427256351, 0.08279211931964206, 0.1663729734608543, 0.06570696595290491, 0.07216620348385662, 0.07683551460191021, 0.07445638162218879, 0.09781886593867604, 0.09323190432556243], [0.10246238498391935, 0.12031227757229827, 1.0, 0.18468598254879043, 0.11592671985341496, 0.14577871988108673, 0.10449866771135184, 0.10434440042366393, 0.09850258118847598, 0.21357399725796122, 0.1758661289032342, 0.3037396207713545, 0.14379982279023118, 0.11730852213606983, 0.07387524395898745, 0.17387215361964806, 0.09709469858538458, 0.06881492493593351, 0.09333406983985026, 0.10804023232076625], [0.08849886612315452, 0.07325546284465363, 0.18468598254879043, 1.0, 0.08729805087117527, 0.09106809638247118, 0.11185980567595465, 0.044770483274183835, 0.0828674615653863, 0.2107719055448093, 0.1515119732867365, 0.38292595309848987, 0.1000591792675808, 0.1123371721637952, 0.05993121835142559, 0.057644625039205734, 0.08572287502956771, 0.06007445001784537, 0.07029607115399962, 0.06559514820296361], [0.08310706232991968, 0.10330250907947544, 0.11592671985341496, 0.08729805087117527, 1.0, 0.40804847133108596, 0.09065727246812298, 0.06815823188613754, 0.13661427634791978, 0.31255562164230083, 0.09722951727795245, 0.323583322190465, 0.15033191186384684, 0.18269457713488615, 0.08505653786376972, 0.08441049576675476, 0.07352214467666394, 0.10862545619855653, 0.10087412026418488, 0.11828119548161534], [0.13546673412906135, 0.10298131596749918, 0.14577871988108673, 0.09106809638247118, 0.40804847133108596, 1.0, 0.08795739092734182, 0.06697290892911249, 0.07483352928217507, 0.24694450208494786, 0.10236019105085147, 0.6527445607348141, 0.17387838951195667, 0.1892459097824229, 0.08915573374545653, 0.08311635324108392, 0.11558159000898326, 0.1140849860044816, 0.07001967009921142, 0.07148396195079368], [0.09126945561861854, 0.0816897101833323, 0.10449866771135184, 0.11185980567595465, 0.09065727246812298, 0.08795739092734182, 1.0, 0.24881863943287938, 0.10615713493746683, 0.1939411834859671, 0.11368812789061622, 0.43966216777349965, 0.11673026694913094, 0.07817330025408988, 0.06432026346060389, 0.07877989708439231, 0.10517442570273716, 0.10091762941644487, 0.06981151674471871, 0.07902565863445846], [0.09227177381158427, 0.0764391253979157, 0.10434440042366393, 0.044770483274183835, 0.06815823188613754, 0.06697290892911249, 0.24881863943287938, 1.0, 0.05934981679955234, 0.2522844598738031, 0.1659097108075711, 0.36580924676624327, 0.0854361762268363, 0.10432319392400637, 0.048073520942968254, 0.07026000975202618, 0.053550473490978204, 0.05636662641051743, 0.07389015366895058, 0.0614720866357715], [0.04690447382726169, 0.10833160195299053, 0.09850258118847598, 0.0828674615653863, 0.13661427634791978, 0.07483352928217507, 0.10615713493746683, 0.05934981679955234, 1.0, 0.45476697266168575, 0.10649425880557524, 0.4137813735618108, 0.15281812477689227, 0.10437961129214866, 0.04718452263546088, 0.07699265218638342, 0.08347904386167505, 0.060762778244621646, 0.09299663336516129, 0.08094288494268777], [0.14568264613529439, 0.23183426717985894, 0.21357399725796122, 0.2107719055448093, 0.31255562164230083, 0.24694450208494786, 0.1939411834859671, 0.2522844598738031, 0.45476697266168575, 1.0, 0.27417458140517326, 0.41189848525953604, 0.24719974738790002, 0.392940528197617, 0.20328381074014878, 0.31718907637957994, 0.1754817953517204, 0.21078019367902023, 0.34763928360770013, 0.2644388067178358], [0.1327573363567884, 0.12815902753078248, 0.1758661289032342, 0.1515119732867365, 0.09722951727795245, 0.10236019105085147, 0.11368812789061622, 0.1659097108075711, 0.10649425880557524, 0.27417458140517326, 1.0, 1.0, 0.1465485480942707, 0.14275926509879228, 0.13554894559992678, 0.10246169278363379, 0.14439551086881927, 0.06313174948056154, 0.10809494253219255, 0.11919397827811358], [0.23248778341602766, 0.6260509427256351, 0.3037396207713545, 0.38292595309848987, 0.323583322190465, 0.6527445607348141, 0.43966216777349965, 0.36580924676624327, 0.4137813735618108, 0.41189848525953604, 1.0, 1.0, 0.34848771816650864, 0.4081856528422239, 0.2298784217794515, 0.2412749148662666, 0.3651106583449117, 0.2851467374477253, 0.22929279800882763, 0.4748165925012291], [0.08424978756555929, 0.08279211931964206, 0.14379982279023118, 0.1000591792675808, 0.15033191186384684, 0.17387838951195667, 0.11673026694913094, 0.0854361762268363, 0.15281812477689227, 0.24719974738790002, 0.1465485480942707, 0.34848771816650864, 1.0, 0.36901482222883847, 0.09169552214863905, 0.05566240701090979, 0.0720497697120697, 0.045334567639440965, 0.11372061461604166, 0.07434536568782753], [0.09682887337660155, 0.1663729734608543, 0.11730852213606983, 0.1123371721637952, 0.18269457713488615, 0.1892459097824229, 0.07817330025408988, 0.10432319392400637, 0.10437961129214866, 0.392940528197617, 0.14275926509879228, 0.4081856528422239, 0.36901482222883847, 1.0, 0.08656507775589334, 0.08654417371325204, 0.06434219666906564, 0.09860497405300424, 0.0770692062901056, 0.08176088501797317], [0.0654641761952671, 0.06570696595290491, 0.07387524395898745, 0.05993121835142559, 0.08505653786376972, 0.08915573374545653, 0.06432026346060389, 0.048073520942968254, 0.04718452263546088, 0.20328381074014878, 0.13554894559992678, 0.2298784217794515, 0.09169552214863905, 0.08656507775589334, 1.0, 0.10252791463089413, 0.04574908802510882, 0.06811811674818093, 0.06428283592727507, 0.05353270972353269], [0.06026228698947001, 0.07216620348385662, 0.17387215361964806, 0.057644625039205734, 0.08441049576675476, 0.08311635324108392, 0.07877989708439231, 0.07026000975202618, 0.07699265218638342, 0.31718907637957994, 0.10246169278363379, 0.2412749148662666, 0.05566240701090979, 0.08654417371325204, 0.10252791463089413, 1.0, 0.05959944127379273, 0.05005926289999067, 0.16538931828673145, 0.05537503021728285], [0.07767848260538439, 0.07683551460191021, 0.09709469858538458, 0.08572287502956771, 0.07352214467666394, 0.11558159000898326, 0.10517442570273716, 0.053550473490978204, 0.08347904386167505, 0.1754817953517204, 0.14439551086881927, 0.3651106583449117, 0.0720497697120697, 0.06434219666906564, 0.04574908802510882, 0.05959944127379273, 1.0, 0.11131953624838131, 0.0963077176085262, 0.0885312107546797], [0.0979569649704271, 0.07445638162218879, 0.06881492493593351, 0.06007445001784537, 0.10862545619855653, 0.1140849860044816, 0.10091762941644487, 0.05636662641051743, 0.060762778244621646, 0.21078019367902023, 0.06313174948056154, 0.2851467374477253, 0.045334567639440965, 0.09860497405300424, 0.06811811674818093, 0.05005926289999067, 0.11131953624838131, 1.0, 0.07563011986651683, 0.0864925469394614], [0.0860450059612857, 0.09781886593867604, 0.09333406983985026, 0.07029607115399962, 0.10087412026418488, 0.07001967009921142, 0.06981151674471871, 0.07389015366895058, 0.09299663336516129, 0.34763928360770013, 0.10809494253219255, 0.22929279800882763, 0.11372061461604166, 0.0770692062901056, 0.06428283592727507, 0.16538931828673145, 0.0963077176085262, 0.07563011986651683, 1.0, 0.18192950297762234], [0.07403691636879184, 0.09323190432556243, 0.10804023232076625, 0.06559514820296361, 0.11828119548161534, 0.07148396195079368, 0.07902565863445846, 