{"model": "LSING", "dataset": "0.3_dim20_pair_gau", "N": 400, "seed": 1230, "metrics": {"TP": 10, "FP": 108, "FN": 0, "TN": 72, "TPR": 1.0, "FDR": 0.9152542372881356, "FPR": 0.6, "Hamming": 108}, "omega": [[1.0, 0.7432452410712524, 0.2732733409301076, 0.20287613540762656, 0.35132477135556406, 0.1628827152278878, 0.2420174925922731, 0.3123482618354259, 0.2134502278696884, 0.27977022798774515, 0.20481967012926278, 0.21845570074004153, 0.3160418707785482, 0.2824113792773611, 0.4125902312584543, 0.3125215403296011, 0.2522358929203636, 0.18863487100486837, 0.19498215799993587, 0.3572515146482291], [0.7432452410712524, 1.0, 0.30621784546127395, 0.1599916533528592, 0.255444437788845, 0.13740737658271535, 0.14902545394504807, 0.18285984072263622, 0.18260927612955175, 0.2554011307423718, 0.14940726865468007, 0.12773115280691372, 0.18241300255794138, 0.12884238730374573, 0.32023987894619843, 0.345455790355862, 0.24505192049520522, 0.2617270199479718, 0.2697614035796154, 0.12232009875582922], [0.2732733409301076, 0.30621784546127395, 1.0, 0.3361388557562267, 0.32908267475319763, 0.16820782596312522, 0.3057773126013125, 0.1471301480968511, 0.3157755806548421, 0.2405082273494337, 0.1884051298483601, 0.2794380675528884, 0.15515694356255888, 0.19614612396148612, 0.23556738385259754, 0.2256263917786339, 0.2507434054897203, 0.18858764410472117, 0.1303266115989971, 0.1697620710028292], [0.20287613540762656, 0.1599916533528592, 0.3361388557562267, 1.0, 0.17517195119398996, 0.16713805806810025, 0.17101761061550372, 0.1578953826857137, 0.16699320375350765, 0.15187024896965284, 0.08755656830972623, 0.2162246164530085, 0.1714765269603427, 0.13704617149945916, 0.235824136364423, 0.2142557095875915, 0.16311174368372805, 0.19807052057400812, 0.1216290264569245, 0.1190581306837459], [0.35132477135556406, 0.255444437788845, 0.32908267475319763, 0.17517195119398996, 1.0, 0.4776889391271124, 0.20991093958297252, 0.20515720097327075, 0.3550045287515859, 0.1798343341551247, 0.2021033456886003, 0.2265001041046058, 0.16797159923053817, 0.25292337236943024, 0.23417463259190552, 0.24666691697832088, 0.209725847027136, 0.35636030342467934, 0.2664035269594036, 0.22125407379701828], [0.1628827152278878, 0.13740737658271535, 0.16820782596312522, 0.16713805806810025, 0.4776889391271124, 1.0, 0.21729429211618234, 0.137970552650569, 0.2220710132262487, 0.28975565904453704, 0.1340475714783431, 0.1986909935832121, 0.21453512598065935, 0.15041834774587368, 0.21958418259303913, 0.31830596987593707, 0.21759279631008202, 0.18660598408970383, 0.1332762868154334, 0.2241360089111396], [0.2420174925922731, 0.14902545394504807, 0.3057773126013125, 0.17101761061550372, 0.20991093958297252, 0.21729429211618234, 1.0, 0.36232663933563014, 0.3220617933950189, 0.31752116905447664, 0.12565736574966518, 0.2538428736171427, 0.20471110066338513, 0.14095102072821977, 0.6006166780877648, 0.22134147605305632, 0.3632219758383406, 0.2553566498359749, 0.16429732543730308, 0.21522777041339053], [0.3123482618354259, 0.18285984072263622, 0.1471301480968511, 0.1578953826857137, 0.20515720097327075, 0.137970552650569, 0.36232663933563014, 1.0, 0.3913108591031361, 0.2860698059616254, 0.17244680603447177, 0.19831943337848557, 0.17328812821126152, 0.19973423224396003, 0.3064392522123235, 0.26144308000184063, 0.34968504835162567, 0.30111221718528247, 0.12251231831834572, 0.23694416223361262], [0.2134502278696884, 0.18260927612955175, 0.3157755806548421, 0.16699320375350765, 0.3550045287515859, 0.2220710132262487, 0.3220617933950189, 0.3913108591031361, 1.0, 0.9886470640555908, 0.19165854132007054, 0.21590091619431662, 0.25084187556789667, 0.3851877122757978, 0.3243546017522576, 0.4585299604603731, 0.2561472444946305, 0.22199798236956303, 0.23371499935404166, 0.2322975215725269], [0.27977022798774515, 0.2554011307423718, 0.2405082273494337, 0.15187024896965284, 0.1798343341551247, 0.28975565904453704, 0.31752116905447664, 0.2860698059616254, 0.9886470640555908, 1.0, 0.21325430645605517, 0.1817918126557125, 0.2253659374156917, 0.14487718809166733, 0.2739696997910261, 0.43451736447384715, 0.2493249886202665, 0.20027322260502725, 0.14071728425561383, 0.14170652955222543], [0.20481967012926278, 0.14940726865468007, 0.1884051298483601, 0.08755656830972623, 0.2021033456886003, 0.1340475714783431, 0.12565736574966518, 0.17244680603447177, 0.19165854132007054, 0.21325430645605517, 1.0, 0.5287516026541845, 0.12347284597039378, 0.14593509161674856, 0.45914124801567363, 0.13263622292257313, 0.1827560421588773, 0.32598570527047005, 0.09603183276695151, 0.14344909526255625], [0.21845570074004153, 0.12773115280691372, 0.2794380675528884, 0.2162246164530085, 0.2265001041046058, 0.1986909935832121, 0.2538428736171427, 0.19831943337848557, 0.21590091619431662, 0.1817918126557125, 0.5287516026541845, 1.0, 0.24121581334205164, 0.2985150604886665, 0.28397175773516675, 0.28700649587250726, 0.257855319684987, 0.3353443957445364, 0.1736966440418023, 0.19083688129700388], [0.3160418707785482, 0.18241300255794138, 0.15515694356255888, 0.1714765269603427, 0.16797159923053817, 0.21453512598065935, 0.20471110066338513, 0.17328812821126152, 0.25084187556789667, 0.2253659374156917, 0.12347284597039378, 0.24121581334205164, 1.0, 0.3091023211436589, 0.34048453550228663, 0.2236387199238641, 0.21289587252069045, 0.16890237372587566, 0.12713961125247367, 0.20704643209636223], [0.2824113792773611, 0.12884238730374573, 0.19614612396148612, 0.13704617149945916, 0.25292337236943024, 0.15041834774587368, 0.14095102072821977, 0.19973423224396003, 0.3851877122757978, 0.14487718809166733, 0.14593509161674856, 0.2985150604886665, 0.3091023211436589, 1.0, 0.3744983174227241, 0.18417572092774911, 0.4501239243921519, 0.2731940718463985, 0.17138456342002947, 0.1800624486771672], [0.4125902312584543, 0.32023987894619843, 0.23556738385259754, 0.235824136364423, 0.23417463259190552, 0.21958418259303913, 0.6006166780877648, 0.3064392522123235, 0.3243546017522576, 0.2739696997910261, 0.45914124801567363, 0.28397175773516675, 0.34048453550228663, 0.3744983174227241, 1.0, 0.8029067723131654, 0.4821194302526643, 0.3019665524377985, 0.4688962084458618, 0.15875025455990918], [0.3125215403296011, 0.345455790355862, 0.2256263917786339, 0.2142557095875915, 0.24666691697832088, 0.31830596987593707, 0.22134147605305632, 0.26144308000184063, 0.4585299604603731, 0.43451736447384715, 0.13263622292257313, 0.28700649587250726, 0.2236387199238641, 0.18417572092774911, 0.8029067723131654, 1.0, 0.3214084732697338, 0.17335024636301302, 0.27321530194159116, 0.30934354097327876], [0.2522358929203636, 0.24505192049520522, 0.2507434054897203, 0.16311174368372805, 0.209725847027136, 0.21759279631008202, 0.3632219758383406, 0.34968504835162567, 0.2561472444946305, 0.2493249886202665, 0.1827560421588773, 0.257855319684987, 0.21289587252069045, 0.4501239243921519, 0.4821194302526643, 0.3214084732697338, 1.0, 1.0, 0.22271195751405176, 0.26433591524382544], [0.18863487100486837, 0.2617270199479718, 0.18858764410472117, 0.19807052057400812, 0.35636030342467934, 0.18660598408970383, 0.2553566498359749, 0.30111221718528247, 0.22199798236956303, 0.20027322260502725, 0.32598570527047005, 0.3353443957445364, 0.16890237372587566, 0.2731940718463985, 0.3019665524377985, 0.17335024636301302, 1.0, 1.0, 0.18651617961317896, 0.14312475357326315], [0.19498215799993587, 0.2697614035796154, 0.1303266115989971, 0.1216290264569245, 0.2664035269594036, 0.1332762868154334, 0.16429732543730308, 0.12251231831834572, 0.23371499935404166, 0.14071728425561383, 0.09603183276695151, 0.1736966440418023, 0.12713961125247367, 0.17138456342002947, 0.4688962084458618, 0.27321530194159116, 0.22271195751405176, 0.18651617961317896, 1.0, 0.26802173478788216], [0.3572515146482291, 0.12232009875582922, 0.1697620710028292, 0.1190581306837459, 0.22125407379701828, 0.2241360089111396, 0.21522777041339053, 0.23694416223361262, 0.2322975215725269, 0.14170652955222543, 0.14344909526255625, 0.19083688129700388, 0.20704643209636223, 