{
  "model": "SING",
  "dataset": "dim5_cop_gau",
  "N": 20000,
  "seed": 120,
  "execution_time_sec": 34.92,
  "metrics": {
    "TP": 4,
    "FP": 3,
    "FN": 0,
    "TN": 3,
    "TPR": 1.0,
    "FDR": 0.42857142857142855,
    "FPR": 0.5,
    "F1": 0.7272727272727273,
    "Hamming": 3
  },
  "meta_info": {
    "p_order": 1,
    "delta": 1.0
  },
  "omega": [
    [
      3.760358333592481,
      1.1459113456330619,
      0.12277377221319791,
      0.0,
      0.0
    ],
    [
      1.1459113456330619,
      6.0666638469087895,
      0.6952771202013555,
      0.12094711245694309,
      0.0
    ],
    [
      0.12277377221319791,
      0.6952771202013555,
      6.580808775808521,
      0.7690072548835184,
      0.1333898704202017
    ],
    [
      0.0,
      0.12094711245694309,
      0.7690072548835184,
      6.297730124915541,
      1.0928333528403629
    ],
    [
      0.0,
      0.0,
      0.1333898704202017,
      1.0928333528403629,
      3.7066676764367577
    ]
  ]
}