{
  "model": "SING",
  "dataset": "dim5_cop_gau",
  "N": 20000,
  "seed": 123450,
  "execution_time_sec": 33.65,
  "metrics": {
    "TP": 4,
    "FP": 3,
    "FN": 0,
    "TN": 3,
    "TPR": 1.0,
    "FDR": 0.42857142857142855,
    "FPR": 0.5,
    "F1": 0.7272727272727273,
    "Hamming": 3
  },
  "meta_info": {
    "p_order": 1,
    "delta": 1.0
  },
  "omega": [
    [
      3.8204502139997194,
      1.160544851927074,
      0.1307676534852277,
      0.0,
      0.0
    ],
    [
      1.160544851927074,
      6.03519511965288,
      0.6802796693682536,
      0.11513713502785802,
      0.0
    ],
    [
      0.1307676534852277,
      0.6802796693682536,
      6.550176134445972,
      0.7667312297780597,
      0.13058798137493774
    ],
    [
      0.0,
      0.11513713502785802,
      0.7667312297780597,
      6.2143626325271395,
      1.074624680297862
    ],
    [
      0.0,
      0.0,
      0.13058798137493774,
      1.074624680297862,
      3.660344015420215
    ]
  ]
}