{
  "model": "SING",
  "dataset": "dim5_cop_gau",
  "N": 20000,
  "seed": 1234560,
  "execution_time_sec": 44.1,
  "metrics": {
    "TP": 4,
    "FP": 3,
    "FN": 0,
    "TN": 3,
    "TPR": 1.0,
    "FDR": 0.42857142857142855,
    "FPR": 0.5,
    "F1": 0.7272727272727273,
    "Hamming": 3
  },
  "meta_info": {
    "p_order": 1,
    "delta": 1.0
  },
  "omega": [
    [
      3.7676773357073645,
      1.1734706651196878,
      0.11317597009379524,
      0.0,
      0.0
    ],
    [
      1.1734706651196878,
      6.138121815271251,
      0.6993709630610044,
      0.12450198460480015,
      0.0
    ],
    [
      0.11317597009379524,
      0.6993709630610044,
      6.54167218568891,
      0.7535605274623741,
      0.14002479141451799
    ],
    [
      0.0,
      0.12450198460480015,
      0.7535605274623741,
      6.325108275766213,
      1.1127262008971217
    ],
    [
      0.0,
      0.0,
      0.14002479141451799,
      1.1127262008971217,
      3.7706874074985723
    ]
  ]
}