{"model": "LSING", "dataset": "0.7_dim20_pair_gau", "N": 300, "seed": 123450, "metrics": {"TP": 10, "FP": 12, "FN": 0, "TN": 168, "TPR": 1.0, "FDR": 0.5454545454545454, "FPR": 0.06666666666666667, "Hamming": 12}, "omega": [[1.0, 0.4461137190991188, 0.07109936409462753, 0.08761906930640063, 0.10094093172190882, 0.05589324117938083, 0.06841441921088778, 0.12934324088288052, 0.07629455472047375, 0.04100425453925409, 0.0672561175633333, 0.07752359198297618, 0.12860865722596432, 0.17923842885181895, 0.054734683821015054, 0.04606675610043588, 0.055968417052100504, 0.08070153074661826, 0.1377337710307338, 0.049651608409822134], [0.4461137190991188, 1.0, 0.08103730699403482, 0.10060859255908125, 0.0916667830306148, 0.06710289812984832, 0.09149386661779546, 0.15000958573904408, 0.11394108509042067, 0.0969337900895749, 0.08611047697590622, 0.12128803974734066, 0.1271029905584363, 0.25806246456490023, 0.11361963071896919, 0.08293404348967148, 0.0788204164215984, 0.08723176991867543, 0.14229625028813536, 0.08806941642047203], [0.07109936409462753, 0.08103730699403482, 1.0, 0.745707404351485, 0.14477603227990582, 0.08816640846293379, 0.08754016750975453, 0.11444626612688372, 0.15835701360383173, 0.06434181561086386, 0.08920522379876461, 0.07771513698016125, 0.13530777941278097, 0.14772553950301778, 0.04923305639873176, 0.0573981779840669, 0.09739076497941095, 0.10929693366337297, 0.13324759505120776, 0.08753229120266025], [0.08761906930640063, 0.10060859255908125, 0.745707404351485, 1.0, 0.2519933931117711, 0.13118524905330267, 0.08360261855821606, 0.13719422121891375, 0.1518784901316415, 0.11979068419881277, 0.13701459006794858, 0.18835787560808237, 0.17990602662884184, 0.17967111639091476, 0.12052225937144717, 0.10221054728789014, 0.12414488648278613, 0.13381087524042198, 0.1460072456724703, 0.09979789611331494], [0.10094093172190882, 0.0916667830306148, 0.14477603227990582, 0.2519933931117711, 1.0, 0.7463304856714817, 0.07140275306665797, 0.15182255261522218, 0.12770376809819667, 0.08375058712030485, 0.08314691083450558, 0.10939610183589679, 0.29679497079819805, 0.2735626393841327, 0.1121935801819326, 0.09448429999391098, 0.0930352706829174, 0.14839553909818717, 0.13235232147815773, 0.12028375261789896], [0.05589324117938083, 0.06710289812984832, 0.08816640846293379, 0.13118524905330267, 0.7463304856714817, 1.0, 0.10121069109882219, 0.13644038160616767, 0.09033046731827828, 0.050974231688190604, 0.06187336150450684, 0.07946703141836538, 0.11772409774955934, 0.13507977233149224, 0.0859695482256262, 0.048679558442132384, 0.04980380914112772, 0.10896712779753011, 0.18648780757600364, 0.058601766326880626], [0.06841441921088778, 0.09149386661779546, 0.08754016750975453, 0.08360261855821606, 0.07140275306665797, 0.10121069109882219, 1.0, 0.849171882918753, 0.11483990341576969, 0.08501601399825996, 0.08917494846692113, 0.14240618316112794, 0.1851955093222679, 0.1325914680263674, 0.07467862182415869, 0.07721999595765724, 0.13027903892555442, 0.19050647586490796, 0.13837698000090506, 0.07306558560334964], [0.12934324088288052, 0.15000958573904408, 0.11444626612688372, 0.13719422121891375, 0.15182255261522218, 0.13644038160616767, 0.849171882918753, 1.0, 0.14440768447967642, 0.11158980036948908, 0.13039539873262185, 0.1389449602997681, 0.20936786266609236, 0.2173941840089532, 0.10083467818585276, 0.10587370300991875, 0.17981598743580768, 0.15118744978129542, 0.2289619696445965, 0.09988542167942678], [0.07629455472047375, 0.11394108509042067, 0.15835701360383173, 0.1518784901316415, 0.12770376809819667, 0.09033046731827828, 0.11483990341576969, 0.14440768447967642, 1.0, 0.6069314782153769, 0.1099767682897458, 0.11612988681374009, 0.35260090071162065, 0.14430954122093062, 0.1242140360695442, 0.07496014182785848, 0.11697537235303904, 0.20406174531146878, 0.18627020699299457, 0.14061940852594423], [0.04100425453925409, 0.0969337900895749, 0.06434181561086386, 0.11979068419881277, 0.08375058712030485, 0.050974231688190604, 0.08501601399825996, 0.11158980036948908, 0.6069314782153769, 1.0, 0.04884734303919641, 0.0730733004088789, 0.16246702552148773, 0.15749288084537108, 0.07801139710746888, 0.07632417369339271, 0.08594877663972456, 0.1284072399279839, 0.1285441166454081, 0.09920892061099869], [0.0672561175633333, 0.08611047697590622, 0.08920522379876461, 0.13701459006794858, 0.08314691083450558, 0.06187336150450684, 0.08917494846692113, 0.13039539873262185, 0.1099767682897458, 0.04884734303919641, 1.0, 0.526671279482649, 0.15326281114891518, 0.11487147076013338, 0.07262575679633371, 0.05810281966493411, 0.05973013842158342, 0.07463169526685458, 0.12043022625524483, 0.07029393301398759], [0.07752359198297618, 0.12128803974734066, 0.07771513698016125, 0.18835787560808237, 0.10939610183589679, 0.07946703141836538, 0.14240618316112794, 0.1389449602997681, 0.11612988681374009, 0.0730733004088789, 0.526671279482649, 1.0, 0.13329826099090206, 0.170029129250481, 0.05464304203552796, 0.1263901330030817, 0.09757996199230451, 0.10750555830411894, 0.09733702222784965, 0.08455172184520855], [0.12860865722596432, 0.1271029905584363, 0.13530777941278097, 0.17990602662884184, 0.29679497079819805, 0.11772409774955934, 0.1851955093222679, 0.20936786266609236, 0.35260090071162065, 0.16246702552148773, 0.15326281114891518, 0.13329826099090206, 1.0, 1.0, 0.10226924896571085, 0.09011338229795757, 0.11346022246269115, 0.1510352407678583, 0.2173545374452725, 0.1588455351327026], [0.17923842885181895, 0.25806246456490023, 0.14772553950301778, 0.17967111639091476, 0.2735626393841327, 0.13507977233149224, 0.1325914680263674, 0.2173941840089532, 0.14430954122093062, 0.15749288084537108, 0.11487147076013338, 0.170029129250481, 1.0, 1.0, 0.10517358130233935, 0.10267829101926072, 0.12432302892060702, 0.2948312939743915, 0.17632364860625308, 0.13095208634513048], [0.054734683821015054, 0.11361963071896919, 0.04923305639873176, 0.12052225937144717, 0.1121935801819326, 0.0859695482256262, 0.07467862182415869, 0.10083467818585276, 0.1242140360695442, 0.07801139710746888, 0.07262575679633371, 0.05464304203552796, 0.10226924896571085, 0.10517358130233935, 1.0, 0.31944859655305635, 0.07237042489256253, 0.09107037224470876, 0.17560523995223395, 0.07034985396614384], [0.04606675610043588, 0.08293404348967148, 0.0573981779840669, 0.10221054728789014, 0.09448429999391098, 0.048679558442132384, 0.07721999595765724, 0.10587370300991875, 0.07496014182785848, 0.07632417369339271, 0.05810281966493411, 0.1263901330030817, 0.09011338229795757, 0.10267829101926072, 0.31944859655305635, 1.0, 0.07380467266929058, 0.06411843617057295, 0.21370967488128226, 0.04662531236887315], [0.055968417052100504, 0.0788204164215984, 0.09739076497941095, 0.12414488648278613, 0.0930352706829174, 0.04980380914112772, 0.13027903892555442, 0.17981598743580768, 0.11697537235303904, 0.08594877663972456, 0.05973013842158342, 0.09757996199230451, 0.11346022246269115, 0.12432302892060702, 0.07237042489256253, 0.07380467266929058, 1.0, 0.5975795768731879, 0.14255419106334155, 0.08377867389888896], [0.08070153074661826, 0.08723176991867543, 0.10929693366337297, 0.13381087524042198, 0.14839553909818717, 0.10896712779753011, 0.19050647586490796, 0.15118744978129542, 0.20406174531146878, 0.1284072399279839, 0.07463169526685458, 0.10750555830411894, 0.1510352407678583, 0.2948312939743915, 0.09107037224470876, 0.06411843617057295, 0.5975795768731879, 1.0, 0.1301163612978511, 0.11651715100240626], [0.1377337710307338, 0.14229625028813536, 0.13324759505120776, 0.1460072456724703, 0.13235232147815773, 0.18648780757600364, 0.13837698000090506, 0.2289619696445965, 0.18627020699299457, 0.1285441166454081, 0.12043022625524483, 0.09733702222784965, 0.2173545374452725, 0.17632364860625308, 0.17560523995223395, 0.21370967488128226, 0.14255419106334155, 0.1301163612978511, 1.0, 0.5982474479605516], [0.049651608409822134, 0.08806941642047203, 0.08753229120266025, 0.09979789611331494, 0.12028375261789896, 0.058601766326880626, 0.07306558560334964, 