{"model": "LSING", "dataset": "0.7_dim20_pair_gau", "N": 300, "seed": 1230, "metrics": {"TP": 10, "FP": 3, "FN": 0, "TN": 177, "TPR": 1.0, "FDR": 0.23076923076923078, "FPR": 0.016666666666666666, "Hamming": 3}, "omega": [[1.0, 1.0, 0.13451422242644817, 0.25258726056106645, 0.16681040260797683, 0.14729889455448825, 0.15831967363576782, 0.15939256110655017, 0.1303062260168883, 0.08370107517384624, 0.14306359168640656, 0.13233658257380457, 0.15077101918474634, 0.11043284696040341, 0.11574179987833595, 0.12721778419360968, 0.10191198249750309, 0.12445941654966525, 0.123723619666522, 0.1839164639295743], [1.0, 1.0, 0.12386050601369854, 0.10771293508948757, 0.1674219433597665, 0.129526539984853, 0.11253837883424755, 0.12083078618306953, 0.1793278622642759, 0.1768311647763421, 0.09432116831797717, 0.09694372539593105, 0.1748322067316994, 0.11765223066360937, 0.10302179377443521, 0.09972006471354916, 0.10590150340829267, 0.16667555207456367, 0.17333507337535797, 0.11739387296042782], [0.13451422242644817, 0.12386050601369854, 1.0, 0.7677704889744139, 0.15638307685620462, 0.1024819797119107, 0.14137723658993814, 0.10491536611530021, 0.08897704824924918, 0.076130857437913, 0.08998321005153291, 0.21333384344426026, 0.11527047154403523, 0.06239505005569006, 0.13609216873783142, 0.09332499834411402, 0.09977565808939519, 0.1309641819607346, 0.0788489888228786, 0.09803755315176108], [0.25258726056106645, 0.10771293508948757, 0.7677704889744139, 1.0, 0.1612246437012712, 0.19203826463803203, 0.1914678010248191, 0.08897025652941987, 0.11034001317191931, 0.15255403798689585, 0.12396496572860725, 0.153246657234653, 0.1634138039448433, 0.10190816619778947, 0.17675659543742406, 0.13737642678543727, 0.12580937895451716, 0.11830222378405678, 0.10990732104230179, 0.12183576666867116], [0.16681040260797683, 0.1674219433597665, 0.15638307685620462, 0.1612246437012712, 1.0, 0.6577636105112156, 0.09557321761304907, 0.11275379720800194, 0.1537243108899777, 0.0850982034345254, 0.0837066157873912, 0.10196862101519755, 0.12479926467768615, 0.08765646045820544, 0.10089006526696367, 0.06914615574086953, 0.09750842540930887, 0.12881517967561193, 0.12881600353335565, 0.16711614574890493], [0.14729889455448825, 0.129526539984853, 0.1024819797119107, 0.19203826463803203, 0.6577636105112156, 1.0, 0.13552796235822565, 0.17086505594171106, 0.1300603691634377, 0.134981223805409, 0.1558174883020371, 0.12758744780146275, 0.18341245363519262, 0.08484053341425386, 0.10722288611992797, 0.1565864812052584, 0.10794601193479818, 0.11726823125014162, 0.11328984263200462, 0.16785229328224488], [0.15831967363576782, 0.11253837883424755, 0.14137723658993814, 0.1914678010248191, 0.09557321761304907, 0.13552796235822565, 1.0, 0.4884335002727854, 0.17863325486394718, 0.1201896274049565, 0.10250886743281896, 0.13150283172843122, 0.11343308153517188, 0.09212028682559686, 0.2020345664018992, 0.11957503633689262, 0.15167672481223124, 0.11125188411499867, 0.099289505422264, 0.1729571541682136], [0.15939256110655017, 0.12083078618306953, 0.10491536611530021, 0.08897025652941987, 0.11275379720800194, 0.17086505594171106, 0.4884335002727854, 1.0, 0.11135271136621923, 0.05256778551722906, 0.04470909671583341, 0.08574477516227683, 0.09934776271829371, 0.06514867200668106, 0.08122299278567519, 0.1002525695918764, 0.10143474417542107, 0.09320914419999791, 0.034069273540489026, 0.09472208405015765], [0.1303062260168883, 0.1793278622642759, 0.08897704824924918, 0.11034001317191931, 0.1537243108899777, 0.1300603691634377, 0.17863325486394718, 0.11135271136621923, 1.0, 0.6279086672122375, 0.077311787723915, 0.1185744917464978, 0.10797404352430928, 0.11667145185032185, 0.1785379120541527, 0.1665061301552524, 0.09946111805421197, 0.08918024152731079, 0.06660505334186115, 0.10589381974330281], [0.08370107517384624, 0.1768311647763421, 0.076130857437913, 0.15255403798689585, 0.0850982034345254, 0.134981223805409, 0.1201896274049565, 0.05256778551722906, 0.6279086672122375, 1.0, 0.06606068082677952, 0.09278652560370117, 0.09402400078719948, 0.05898240659277929, 0.08995893007868945, 0.1657323234716608, 0.07906763283800555, 0.05549618105849461, 0.0460337884759269, 0.12236720938329577], [0.14306359168640656, 0.09432116831797717, 0.08998321005153291, 0.12396496572860725, 0.0837066157873912, 0.1558174883020371, 0.10250886743281896, 0.04470909671583341, 0.077311787723915, 0.06606068082677952, 1.0, 0.6222725542564114, 0.1729061022230705, 0.06660846622363002, 0.06935059501865921, 0.054730915941345035, 0.0762799024955509, 0.17966721675852476, 0.04604949794517623, 0.10453006793435632], [0.13233658257380457, 0.09694372539593105, 0.21333384344426026, 0.153246657234653, 0.10196862101519755, 0.12758744780146275, 0.13150283172843122, 0.08574477516227683, 0.1185744917464978, 0.09278652560370117, 0.6222725542564114, 1.0, 0.14808019766267336, 0.11559618472432114, 0.1286980761273969, 0.09565813283495524, 0.12098494630789718, 0.1313457098009712, 0.12111509540517787, 0.1764022889464382], [0.15077101918474634, 0.1748322067316994, 0.11527047154403523, 0.1634138039448433, 0.12479926467768615, 0.18341245363519262, 0.11343308153517188, 0.09934776271829371, 0.10797404352430928, 0.09402400078719948, 0.1729061022230705, 0.14808019766267336, 1.0, 0.6779721192377347, 0.10072009864831771, 0.13262370721059907, 0.1037242380364417, 0.10646436846578679, 0.144931605713177, 0.13077339761439122], [0.11043284696040341, 0.11765223066360937, 0.06239505005569006, 0.10190816619778947, 0.08765646045820544, 0.08484053341425386, 0.09212028682559686, 0.06514867200668106, 0.11667145185032185, 0.05898240659277929, 0.06660846622363002, 0.11559618472432114, 0.6779721192377347, 1.0, 0.11223411999900647, 0.05982875531245261, 0.11083835518884944, 0.09122041969410558, 0.06874162456685509, 0.10347208650130467], [0.11574179987833595, 0.10302179377443521, 0.13609216873783142, 0.17675659543742406, 0.10089006526696367, 0.10722288611992797, 0.2020345664018992, 0.08122299278567519, 0.1785379120541527, 0.08995893007868945, 0.06935059501865921, 0.1286980761273969, 0.10072009864831771, 0.11223411999900647, 1.0, 0.6057875693293313, 0.13101293935993036, 0.0765610865052265, 0.06991141404927742, 0.1509629201647258], [0.12721778419360968, 0.09972006471354916, 0.09332499834411402, 0.13737642678543727, 0.06914615574086953, 0.1565864812052584, 0.11957503633689262, 0.1002525695918764, 0.1665061301552524, 0.1657323234716608, 0.054730915941345035, 0.09565813283495524, 0.13262370721059907, 0.05982875531245261, 0.6057875693293313, 1.0, 0.07072398970801501, 0.058996141526940396, 0.09258981424772228, 0.12958834293311441], [0.10191198249750309, 0.10590150340829267, 0.09977565808939519, 0.12580937895451716, 0.09750842540930887, 0.10794601193479818, 0.15167672481223124, 0.10143474417542107, 0.09946111805421197, 0.07906763283800555, 0.0762799024955509, 0.12098494630789718, 0.1037242380364417, 0.11083835518884944, 0.13101293935993036, 0.07072398970801501, 1.0, 0.5408208575397717, 0.0886164402678352, 0.12052404556148479], [0.12445941654966525, 0.16667555207456367, 0.1309641819607346, 0.11830222378405678, 0.12881517967561193, 0.11726823125014162, 0.11125188411499867, 0.09320914419999791, 0.08918024152731079, 0.05549618105849461, 0.17966721675852476, 0.1313457098009712, 0.10646436846578679, 0.09122041969410558, 0.0765610865052265, 0.058996141526940396, 0.5408208575397717, 1.0, 0.08212743198720697, 0.11164353995848955], [0.123723619666522, 0.17333507337535797, 0.0788489888228786, 0.10990732104230179, 0.12881600353335565, 0.11328984263200462, 0.099289505422264, 0.034069273540489026, 0.06660505334186115, 0.0460337884759269, 0.04604949794517623, 0.12111509540517787, 0.144931605713177, 0.06874162456685509, 0.06991141404927742, 0.09258981424772228, 0.0886164402678352, 0.08212743198720697, 1.0, 0.5183094689660822], [0.1839164639295743, 0.11739387296042782, 0.09803755315176108, 0.12183576666867116, 0.16711614574890493, 0.16785229328224488, 0.1729571541682136, 0.09472208405015765, 0.10589381974330281, 0.12236720938329577,