{"model": "LSING", "dataset": "0.7_dim20_pair_gau", "N": 300, "seed": 120, "metrics": {"TP": 10, "FP": 3, "FN": 0, "TN": 177, "TPR": 1.0, "FDR": 0.23076923076923078, "FPR": 0.016666666666666666, "Hamming": 3}, "omega": [[1.0, 0.5956803027427667, 0.07171034425337329, 0.11813349953953901, 0.11216663627729352, 0.07855296567225425, 0.10561593267878605, 0.09491608654517829, 0.1633578828005464, 0.09559081679159742, 0.09170644143520783, 0.08925449514799287, 0.07905250507979596, 0.12282055323083738, 0.0732501609246904, 0.10904742443864554, 0.07663880611008962, 0.06186515932746402, 0.09320538364836858, 0.15900953069341714], [0.5956803027427667, 1.0, 0.08952543105954709, 0.10069799347120567, 0.07113581512337484, 0.06768914745900514, 0.06566905707822969, 0.04507038328136713, 0.1335579071383398, 0.050653727442558076, 0.09900405121522182, 0.05913405058639845, 0.06896457376669106, 0.09539998988773887, 0.08181431075023511, 0.09563005368889425, 0.06434082970426369, 0.08262930894264965, 0.0743010406613569, 0.1544183547230946], [0.07171034425337329, 0.08952543105954709, 1.0, 0.4243376825822838, 0.046489531086337826, 0.07029962841948063, 0.03239145974283303, 0.11542300880487949, 0.10684887983606116, 0.04520435454173501, 0.060013042778996606, 0.03929071728987796, 0.04467388812458426, 0.10130821555854766, 0.05108445642539533, 0.0822973665523365, 0.034974780670615706, 0.07522785550044649, 0.06442693488462631, 0.15345533042001044], [0.11813349953953901, 0.10069799347120567, 0.4243376825822838, 1.0, 0.11956543440575891, 0.09667716527476576, 0.07681362717716006, 0.08403829213150386, 0.11593311077343471, 0.06925223979822358, 0.0659138084503343, 0.06173972099174686, 0.07134544873872456, 0.11671942876017218, 0.12285065617756229, 0.11558403679660997, 0.07569552644761976, 0.08686029665212033, 0.06658165155011346, 0.15479265770206455], [0.11216663627729352, 0.07113581512337484, 0.046489531086337826, 0.11956543440575891, 1.0, 0.360603241077357, 0.11285104515402566, 0.07463295018306498, 0.15806282565274796, 0.07999105166313639, 0.06850478893697597, 0.08329367736132191, 0.06739198709612373, 0.11778751521159042, 0.07289000083692859, 0.06972418131629786, 0.05913070503195429, 0.06401055187402135, 0.08647739618516827, 0.14608764712175448], [0.07855296567225425, 0.06768914745900514, 0.07029962841948063, 0.09667716527476576, 0.360603241077357, 1.0, 0.09049916583236756, 0.06430315523958621, 0.08116435521488405, 0.05049504720833226, 0.1170083015390621, 0.05448936922254442, 0.05446702561437245, 0.10184159789051922, 0.10052317240413523, 0.09439667102260203, 0.06659878548438257, 0.12325912841925525, 0.07243012914018584, 0.15907164296596074], [0.10561593267878605, 0.06566905707822969, 0.03239145974283303, 0.07681362717716006, 0.11285104515402566, 0.09049916583236756, 1.0, 0.4680000464292524, 0.13995194722631796, 0.047693356659524976, 0.050975015709315015, 0.06453752717576267, 0.05256711811413993, 0.09058068936395981, 0.07043821419722394, 0.08830268843026605, 0.04721039124608751, 0.04448225593990161, 0.0590933240369649, 0.1170744261291812], [0.09491608654517829, 0.04507038328136713, 0.11542300880487949, 0.08403829213150386, 0.07463295018306498, 0.06430315523958621, 0.4680000464292524, 1.0, 0.1187386410796409, 0.059781808620725144, 0.12391412928548386, 0.07240863072471555, 0.058200211256854886, 0.12901772680877624, 0.09026937671884022, 0.08652477158385506, 0.0626015006001995, 0.07022429122891319, 0.07539798105250758, 0.14240160679772337], [0.1633578828005464, 0.1335579071383398, 0.10684887983606116, 0.11593311077343471, 0.15806282565274796, 0.08116435521488405, 0.13995194722631796, 0.1187386410796409, 1.0, 0.6152107903085171, 0.14421917492063077, 0.1029248203345701, 0.08367477709826789, 0.1201702331732651, 0.18090866611011666, 0.28776687241286514, 0.09259990168342853, 0.10984171540986888, 0.11854627756849555, 0.25651425701100494], [0.09559081679159742, 0.050653727442558076, 0.04520435454173501, 0.06925223979822358, 0.07999105166313639, 0.05049504720833226, 0.047693356659524976, 0.059781808620725144, 0.6152107903085171, 1.0, 0.0617362721359725, 0.05070603665364093, 0.05468223163215952, 0.11155517222623157, 0.05549916555063666, 0.16064080895384375, 0.04458186542143111, 0.05521144669456028, 0.048456515192357594, 0.1303993668398523], [0.09170644143520783, 0.09900405121522182, 0.060013042778996606, 0.0659138084503343, 0.06850478893697597, 0.1170083015390621, 0.050975015709315015, 0.12391412928548386, 0.14421917492063077, 0.0617362721359725, 1.0, 0.3850102369740028, 0.08044104399629948, 0.09809321521370903, 0.049852130249980205, 0.10578514495317783, 0.06498009120418098, 0.09019426491299323, 0.06894362472647686, 0.15470253198697517], [0.08925449514799287, 0.05913405058639845, 0.03929071728987796, 0.06173972099174686, 0.08329367736132191, 0.05448936922254442, 0.06453752717576267, 0.07240863072471555, 0.1029248203345701, 0.05070603665364093, 0.3850102369740028, 1.0, 0.05157259747025185, 0.06454369708248495, 0.0660972751344157, 0.07318675151612546, 0.046764735221035546, 0.05786793313721857, 0.06510791720928039, 0.11972182322866017], [0.07905250507979596, 0.06896457376669106, 0.04467388812458426, 0.07134544873872456, 0.06739198709612373, 0.05446702561437245, 0.05256711811413993, 0.058200211256854886, 0.08367477709826789, 0.05468223163215952, 0.08044104399629948, 0.05157259747025185, 1.0, 0.5485929081645915, 0.08654786882218603, 0.10008558092611183, 0.05674821715051507, 0.05587228760758176, 0.08246870119951251, 0.13342336889453452], [0.12282055323083738, 0.09539998988773887, 0.10130821555854766, 0.11671942876017218, 0.11778751521159042, 0.10184159789051922, 0.09058068936395981, 0.12901772680877624, 0.1201702331732651, 0.11155517222623157, 0.09809321521370903, 0.06454369708248495, 0.5485929081645915, 1.0, 0.07809204922342192, 0.23069595834109033, 0.10892577068802592, 0.10103179998097753, 0.10134362913274815, 0.1541335247826277], [0.0732501609246904, 0.08181431075023511, 0.05108445642539533, 0.12285065617756229, 0.07289000083692859, 0.10052317240413523, 0.07043821419722394, 0.09026937671884022, 0.18090866611011666, 0.05549916555063666, 0.049852130249980205, 0.0660972751344157, 0.08654786882218603, 0.07809204922342192, 1.0, 0.539423412544042, 0.06790746308160715, 0.06502535362111356, 0.0993230973735618, 0.1816784911003838], [0.10904742443864554, 0.09563005368889425, 0.0822973665523365, 0.11558403679660997, 0.06972418131629786, 0.09439667102260203, 0.08830268843026605, 0.08652477158385506, 0.28776687241286514, 0.16064080895384375, 0.10578514495317783, 0.07318675151612546, 0.10008558092611183, 0.23069595834109033, 0.539423412544042, 1.0, 0.08624071405560722, 0.07291716439125766, 0.10940579318743128, 0.11159535644368154], [0.07663880611008962, 0.06434082970426369, 0.034974780670615706, 0.07569552644761976, 0.05913070503195429, 0.06659878548438257, 0.04721039124608751, 0.0626015006001995, 0.09259990168342853, 0.04458186542143111, 0.06498009120418098, 0.046764735221035546, 0.05674821715051507, 0.10892577068802592, 0.06790746308160715, 0.08624071405560722, 1.0, 0.3576198798789594, 0.11517197248593487, 0.09891315543567092], [0.06186515932746402, 0.08262930894264965, 0.07522785550044649, 0.08686029665212033, 0.06401055187402135, 0.12325912841925525, 0.04448225593990161, 0.07022429122891319, 0.10984171540986888, 0.05521144669456028, 0.09019426491299323, 0.05786793313721857, 0.05587228760758176, 0.10103179998097753, 0.06502535362111356, 0.07291716439125766, 0.3576198798789594, 1.0, 0.08659269690398025, 0.1299777835463745], [0.09320538364836858, 0.0743010406613569, 0.06442693488462631, 0.06658165155011346, 0.08647739618516827, 0.07243012914018584, 0.0590933240369649, 0.07539798105250758, 0.11854627756849555, 0.048456515192357594, 0.06894362472647686, 0.06510791720928039, 0.08246870119951251, 0.10134362913274815, 0.0993230973735618, 0.10940579318743128, 0.11517197248593487, 0.08659269690398025, 1.0, 1.0], [0.15900953069341714, 0.1544183547230946, 0.15345533042001044, 0.15479265770206455, 0.14608764712175448, 