{"model": "LSING", "dataset": "dim20_butterfly", "N": 300, "seed": 120, "metrics": {"TP": 2, "FP": 26, "FN": 8, "TN": 154, "TPR": 0.2, "FDR": 0.9285714285714286, "FPR": 0.14444444444444443, "Hamming": 34}, "omega": [[1.0, 0.1438760691404343, 0.10760678316116755, 0.07610727771146014, 0.08437895572606174, 0.09175529539430177, 0.0819955962006175, 0.08876964744432782, 0.09436255429953579, 0.11471840049434619, 0.07009668797574609, 0.7142070007302518, 0.11802029109187134, 0.12696480760615142, 0.07450830789741306, 0.1376000929393652, 0.13387208662643418, 0.17944955391016104, 0.08957529580444272, 0.09136592390226633], [0.1438760691404343, 1.0, 0.07853113784600904, 0.05994237875985622, 0.1114399423573781, 0.10126685283264691, 0.06292173852982999, 0.0809130670615769, 0.07995606826702198, 0.18485152168610566, 0.09966894886672968, 0.5137945531402559, 0.09704419579766212, 0.10129481757750085, 0.05960375330157797, 0.11111146027446335, 0.10019782659635784, 0.11742546684391063, 0.08895316122294183, 0.06892771498974794], [0.10760678316116755, 0.07853113784600904, 1.0, 0.1555658702729352, 0.171379833058378, 0.23944210204429994, 0.07632698821090977, 0.08816547677735602, 0.10738851107074422, 0.1663260606962606, 0.2156936904090871, 0.8853844198337556, 0.11708935860142843, 0.15122418489102285, 0.0756648794650492, 0.11909251487255, 0.22231195936351955, 0.1384627917115373, 0.1820198029399072, 0.19354101864693204], [0.07610727771146014, 0.05994237875985622, 0.1555658702729352, 1.0, 0.08944887131380555, 0.11370624000949608, 0.06902120509713845, 0.12225311741949939, 0.08772133559388166, 0.16517514557493063, 0.13982172539948814, 0.45840361316684636, 0.0998998977466124, 0.14180003347864611, 0.07075320506849986, 0.12098518254042277, 0.1541979044129903, 0.11706075888322053, 0.10101302223440191, 0.07757796994936768], [0.08437895572606174, 0.1114399423573781, 0.171379833058378, 0.08944887131380555, 1.0, 0.21521825087065052, 0.0862906499169335, 0.09619956136947813, 0.09917090946034814, 0.16973573802062025, 0.07117466863218996, 0.6187935849678741, 0.06900463099673614, 0.17831692342969713, 0.09734607379290998, 0.07929362097669464, 0.1422011616967097, 0.09816981565395275, 0.07044895564215455, 0.07437405314863038], [0.09175529539430177, 0.10126685283264691, 0.23944210204429994, 0.11370624000949608, 0.21521825087065052, 1.0, 0.13102481751238368, 0.15436381711899178, 0.1874481707049406, 0.2512643858315804, 0.12310980014310874, 0.6626288343926967, 0.10904877525140814, 0.128097580631654, 0.11805269093122309, 0.17905095262687343, 0.15644776727008466, 0.09974552146976116, 0.15075064379332823, 0.12103366405186151], [0.0819955962006175, 0.06292173852982999, 0.07632698821090977, 0.06902120509713845, 0.0862906499169335, 0.13102481751238368, 1.0, 0.10520841753074607, 0.07574291963404671, 0.1320211166220247, 0.07233093891144898, 0.5184522284762418, 0.1201939312292109, 0.08771013932902819, 0.0612236869552856, 0.13313255648663022, 0.12899510898815472, 0.08922439527454126, 0.07440468413363896, 0.08554013085051408], [0.08876964744432782, 0.0809130670615769, 0.08816547677735602, 0.12225311741949939, 0.09619956136947813, 0.15436381711899178, 0.10520841753074607, 1.0, 0.08495906867810243, 0.21058413110230045, 0.11571237352812934, 0.4875068895418819, 0.08603118231034212, 0.12285105174103052, 0.08490760020017211, 0.15113552187698642, 0.139061403122002, 0.09292191314750234, 0.1587772706882013, 0.0901122111304544], [0.09436255429953579, 0.07995606826702198, 0.10738851107074422, 0.08772133559388166, 0.09917090946034814, 0.1874481707049406, 0.07574291963404671, 0.08495906867810243, 1.0, 0.1951132612662334, 0.153826176109147, 0.6135083518595988, 0.10117971893811592, 0.12806060639242578, 0.06744648413796066, 0.12326982314728625, 0.14535899433438546, 0.1256452260678462, 0.06481702384295787, 0.11489372117289816], [0.11471840049434619, 0.18485152168610566, 0.1663260606962606, 0.16517514557493063, 0.16973573802062025, 0.2512643858315804, 0.1320211166220247, 0.21058413110230045, 0.1951132612662334, 1.0, 0.11574341271029402, 0.6724433259554398, 0.15344449880953834, 0.17268170985495168, 0.15703716184793703, 0.261295643042861, 0.21068099693537887, 0.16552044797240537, 0.1584238075872642, 0.1141176865445615], [0.07009668797574609, 0.09966894886672968, 0.2156936904090871, 0.13982172539948814, 0.07117466863218996, 0.12310980014310874, 0.07233093891144898, 0.11571237352812934, 0.153826176109147, 0.11574341271029402, 1.0, 0.6487997626754693, 0.1261576787214306, 0.18104333054927754, 0.06115614652424819, 0.09962329233878407, 0.09530470897211193, 0.0740777473685295, 0.06652836126303587, 0.09264662952094144], [0.7142070007302518, 0.5137945531402559, 0.8853844198337556, 0.45840361316684636, 0.6187935849678741, 0.6626288343926967, 0.5184522284762418, 0.4875068895418819, 0.6135083518595988, 0.6724433259554398, 0.6487997626754693, 1.0, 0.6194236469973196, 0.7668836450528757, 0.8064695653221873, 0.5344414957419367, 0.5348565804151475, 1.0, 0.587380124886948, 0.7170664380071465], [0.11802029109187134, 0.09704419579766212, 0.11708935860142843, 0.0998998977466124, 0.06900463099673614, 0.10904877525140814, 0.1201939312292109, 0.08603118231034212, 0.10117971893811592, 0.15344449880953834, 0.1261576787214306, 0.6194236469973196, 1.0, 0.12055490062229657, 0.10232934791443812, 0.14556186832097529, 0.09354877115323829, 0.0994164303307722, 0.06087913615892372, 0.10713133390375107], [0.12696480760615142, 0.10129481757750085, 0.15122418489102285, 0.14180003347864611, 0.17831692342969713, 0.128097580631654, 0.08771013932902819, 0.12285105174103052, 0.12806060639242578, 0.17268170985495168, 0.18104333054927754, 0.7668836450528757, 0.12055490062229657, 1.0, 0.13742729271626924, 0.1620646314107647, 0.20190421381600293, 0.1019888693706575, 0.14671435467739027, 0.12780490327071858], [0.07450830789741306, 0.05960375330157797, 0.0756648794650492, 0.07075320506849986, 0.09734607379290998, 0.11805269093122309, 0.0612236869552856, 0.08490760020017211, 0.06744648413796066, 0.15703716184793703, 0.06115614652424819, 0.8064695653221873, 0.10232934791443812, 0.13742729271626924, 1.0, 0.12853620467420085, 0.15122375725590692, 0.08515727431467666, 0.09277227973284598, 0.10104507057064699], [0.1376000929393652, 0.11111146027446335, 0.11909251487255, 0.12098518254042277, 0.07929362097669464, 0.17905095262687343, 0.13313255648663022, 0.15113552187698642, 0.12326982314728625, 0.261295643042861, 0.09962329233878407, 0.5344414957419367, 0.14556186832097529, 0.1620646314107647, 0.12853620467420085, 1.0, 0.15197049239948235, 0.16434364796792167, 0.09953782038981727, 0.15875485224121458], [0.13387208662643418, 0.10019782659635784, 0.22231195936351955, 0.1541979044129903, 0.1422011616967097, 0.15644776727008466, 0.12899510898815472, 0.139061403122002, 0.14535899433438546, 0.21068099693537887, 0.09530470897211193, 0.5348565804151475, 0.09354877115323829, 0.20190421381600293, 0.15122375725590692, 0.15197049239948235, 1.0, 0.1509227669274906, 0.1069883741886312, 0.11286474805148221], [0.17944955391016104, 0.11742546684391063, 0.1384627917115373, 0.11706075888322053, 0.09816981565395275, 0.09974552146976116, 0.08922439527454126, 0.09292191314750234, 0.1256452260678462, 0.16552044797240537, 0.0740777473685295, 1.0, 0.0994164303307722, 0.1019888693706575, 0.08515727431467666, 0.16434364796792167, 0.1509227669274906, 1.0, 0.09173226789124085, 0.09671444052837946], [0.08957529580444272, 0.08895316122294183, 0.1820198029399072, 0.10101302223440191, 0.07044895564215455, 0.15075064379332823, 0.07440468413363896, 0.1587772706882013, 0.06481702384295787, 0.1584238075872642, 0.06652836126303587, 0.587380124886948, 0.06087913615892372, 0.14671435467739027, 0.09277227973284598, 0.09953782038981727, 0.1069883741886312, 0.09173226789124085, 1.0, 0.1678626573369211], [0.09136592390226633, 0.06892771498974794, 0.19354101864693204, 0.07757796994936768, 0.07437405314863038, 0.12103366405186151, 0.08554013085051408, 0.0901122111304544, 0.11489372117289816, 0.1141176865445615, 