{"model": "SING", "dataset": "dim5_cop_gau", "N": 5000, "seed": 1234560, "metrics": {"TP": 4, "FP": 0, "FN": 0, "TN": 6, "TPR": 1.0, "FDR": 0.0, "FPR": 0.0, "Hamming": 0}, "omega": [[784.2048509448167, 10.909654344282494, 0.0, 0.0, 0.0], [10.909654344282494, 503.76816008749586, 9.46996988401438, 0.0, 0.0], [0.0, 9.46996988401438, 554.5037686209904, 8.657893829980068, 0.0], [0.0, 0.0, 8.657893829980068, 546.7731669437469, 8.3485898205948], [0.0, 0.0, 0.0, 8.3485898205948, 492.8454207069914]], "meta_info": {"source": "pretrained", "p_order": 3}}