{"model": "SING", "dataset": "dim5_cop_gau", "N": 5000, "seed": 12340, "metrics": {"TP": 4, "FP": 1, "FN": 0, "TN": 5, "TPR": 1.0, "FDR": 0.2, "FPR": 0.16666666666666666, "Hamming": 1}, "omega": [[723.4589395780508, 8.159579448142525, 0.5993865744486423, 0.0, 0.0], [8.159579448142525, 559.3273748164655, 8.076920278330974, 0.0, 0.0], [0.5993865744486423, 8.076920278330974, 403.10730672275776, 8.838761692003086, 0.0], [0.0, 0.0, 8.838761692003086, 637.7735107288546, 9.208031931776372], [0.0, 0.0, 0.0, 9.208031931776372, 519.2774471043573]], "meta_info": {"source": "pretrained", "p_order": 3}}