{"model": "SING", "dataset": "dim5_cop_gau", "N": 5000, "seed": 123450, "metrics": {"TP": 4, "FP": 0, "FN": 0, "TN": 6, "TPR": 1.0, "FDR": 0.0, "FPR": 0.0, "Hamming": 0}, "omega": [[488.2171956423002, 7.67460095778307, 0.0, 0.0, 0.0], [7.67460095778307, 413.9133039353617, 8.232353084045593, 0.0, 0.0], [0.0, 8.232353084045593, 537.7326777243935, 10.307243087652747, 0.0], [0.0, 0.0, 10.307243087652747, 697.4781015250768, 9.661659202236606], [0.0, 0.0, 0.0, 9.661659202236606, 534.677449050183]], "meta_info": {"source": "pretrained", "p_order": 3}}