{"model": "LSING", "dataset": "0.3_dim20_pair_gau", "N": 1000, "seed": 1230, "metrics": {"TP": 10, "FP": 37, "FN": 0, "TN": 143, "TPR": 1.0, "FDR": 0.7872340425531915, "FPR": 0.20555555555555555, "Hamming": 37}, "omega": [[1.0, 0.6331424668786447, 0.1554708946422806, 0.09634760581611598, 0.13241542462859546, 0.08025648618563865, 0.12411327537498816, 0.20795343895349921, 0.19254771535651738, 0.14796839188434396, 0.14193135206311763, 0.11886119112861653, 0.11382585578153948, 0.09297834328425884, 0.21044757589203741, 0.15887871150156851, 0.23090848483542598, 0.16303104743411914, 0.12123935909813671, 0.13507610373752682], [0.6331424668786447, 1.0, 0.08117557424386482, 0.10199981396007081, 0.15540222552827043, 0.10950470590505708, 0.156247901678239, 0.16496935592754497, 0.158724330524527, 0.21536739057622936, 0.11911831604375502, 0.22686171076523637, 0.1406954005185493, 0.1123150249757751, 0.15265084270309756, 0.1636112943315347, 0.1567032810856967, 0.19160806214393997, 0.1729174820975706, 0.12567125660038272], [0.1554708946422806, 0.08117557424386482, 1.0, 0.29216811605225435, 0.08862704126235264, 0.06838443427879057, 0.1325604125247568, 0.21659328013870335, 0.19402123712966463, 0.12225634867662734, 0.14332142129382403, 0.40923719274058307, 0.1016270545265214, 0.10396902355480121, 0.15012555204630687, 0.12325210419955253, 0.13234120861568674, 0.20188024644483984, 0.14636953296719485, 0.10992871989414396], [0.09634760581611598, 0.10199981396007081, 0.29216811605225435, 1.0, 0.07536987106117876, 0.07249298386670046, 0.09973822693301991, 0.17677811839397786, 0.1608130208196499, 0.14798903887235437, 0.10111799223863958, 0.117720595365915, 0.16207341216443255, 0.14568270662365623, 0.16307435167176773, 0.0929310843460806, 0.1649021580404075, 0.1247119793205347, 0.13438796449745607, 0.06725496967273055], [0.13241542462859546, 0.15540222552827043, 0.08862704126235264, 0.07536987106117876, 1.0, 0.3666029450496514, 0.08058090683250711, 0.1391415038601435, 0.16035491955352807, 0.13737410318492901, 0.14408486173228394, 0.15521157800827007, 0.17064458067764132, 0.07884942401770362, 0.20979747862953127, 0.11528260877052456, 0.13628064894689473, 0.12681143785781057, 0.1281884243770032, 0.0974662577052083], [0.08025648618563865, 0.10950470590505708, 0.06838443427879057, 0.07249298386670046, 0.3666029450496514, 1.0, 0.10762609150802013, 0.1722513383218942, 0.15571504714344597, 0.11400799971695516, 0.09890410356093689, 0.13868460875099833, 0.08380454103087014, 0.07217997012032508, 0.11667082073296602, 0.07836536724968002, 0.12591161984732943, 0.14499051839644853, 0.12132301800371813, 0.1141526976373242], [0.12411327537498816, 0.156247901678239, 0.1325604125247568, 0.09973822693301991, 0.08058090683250711, 0.10762609150802013, 1.0, 0.6381886861023932, 0.2618065405046868, 0.26521202332569543, 0.11282243635853254, 0.14141148061625328, 0.15564574826605862, 0.19104721693972115, 0.2515735260626542, 0.16298053827647724, 0.17708201836130988, 0.18607405738369737, 0.1883125708768438, 0.10600425512256648], [0.20795343895349921, 0.16496935592754497, 0.21659328013870335, 0.17677811839397786, 0.1391415038601435, 0.1722513383218942, 0.6381886861023932, 1.0, 0.35334682445410615, 0.19976318477587668, 0.18743173471730798, 0.2600046487211192, 0.19312192079509413, 0.18590133855102847, 0.20857383059772186, 0.19303463986059757, 0.20218503412947475, 0.16312882442490223, 0.24033955076537528, 0.14831181217208364], [0.19254771535651738, 0.158724330524527, 0.19402123712966463, 0.1608130208196499, 0.16035491955352807, 0.15571504714344597, 0.2618065405046868, 0.35334682445410615, 1.0, 1.0, 0.17938367185949386, 0.21572766503977556, 0.2303750290011372, 0.263594613073808, 0.19903936250241694, 0.3097314979291245, 0.17019464854549707, 0.1992179164307841, 0.20093090128062702, 0.27360538864541045], [0.14796839188434396, 0.21536739057622936, 0.12225634867662734, 0.14798903887235437, 0.13737410318492901, 0.11400799971695516, 0.26521202332569543, 0.19976318477587668, 1.0, 1.0, 0.13015497259881756, 0.14924021503551596, 0.20083500646400515, 0.11554722324447089, 0.17450430790883462, 0.12254169553022845, 0.13894793879229403, 0.11954450929876581, 0.15646612714138405, 0.11639687010590244], [0.14193135206311763, 0.11911831604375502, 0.14332142129382403, 0.10111799223863958, 0.14408486173228394, 0.09890410356093689, 0.11282243635853254, 0.18743173471730798, 0.17938367185949386, 0.13015497259881756, 1.0, 0.881860318454475, 0.13017788958137402, 0.246228820346028, 0.24973351402584798, 0.13009788828455957, 0.20441218341795028, 0.20287920415442873, 0.11869475213979364, 0.10500127688972206], [0.11886119112861653, 0.22686171076523637, 0.40923719274058307, 0.117720595365915, 0.15521157800827007, 0.13868460875099833, 0.14141148061625328, 0.2600046487211192, 0.21572766503977556, 0.14924021503551596, 0.881860318454475, 1.0, 0.28926792405483476, 0.40778261012255895, 0.20444409142906134, 0.13655782666651828, 0.160709319783539, 0.17422197466868256, 0.16558035449088748, 0.17470966769756205], [0.11382585578153948, 0.1406954005185493, 0.1016270545265214, 0.16207341216443255, 0.17064458067764132, 0.08380454103087014, 0.15564574826605862, 0.19312192079509413, 0.2303750290011372, 0.20083500646400515, 0.13017788958137402, 0.28926792405483476, 1.0, 0.49560576021291897, 0.16965483103370313, 0.16253940859967295, 0.1874789918764936, 0.12840926495925695, 0.12077581411468662, 0.17855949305599417], [0.09297834328425884, 0.1123150249757751, 0.10396902355480121, 0.14568270662365623, 0.07884942401770362, 0.07217997012032508, 0.19104721693972115, 0.18590133855102847, 0.263594613073808, 0.11554722324447089, 0.246228820346028, 0.40778261012255895, 0.49560576021291897, 1.0, 0.14671894845996597, 0.19781540848388188, 0.22602400450207522, 0.20880258769700527, 0.14692335115067945, 0.07492260385993572], [0.21044757589203741, 0.15265084270309756, 0.15012555204630687, 0.16307435167176773, 0.20979747862953127, 0.11667082073296602, 0.2515735260626542, 0.20857383059772186, 0.19903936250241694, 0.17450430790883462, 0.24973351402584798, 0.20444409142906134, 0.16965483103370313, 0.14671894845996597, 1.0, 0.6449736499887012, 0.18948065029608271, 0.19615460504471632, 0.2496958847745645, 0.2142647069246333], [0.15887871150156851, 0.1636112943315347, 0.12325210419955253, 0.0929310843460806, 0.11528260877052456, 0.07836536724968002, 0.16298053827647724, 0.19303463986059757, 0.3097314979291245, 0.12254169553022845, 0.13009788828455957, 0.13655782666651828, 0.16253940859967295, 0.19781540848388188, 0.6449736499887012, 1.0, 0.20220495173052286, 0.11418703397332189, 0.13954025081746133, 0.1442307533566815], [0.23090848483542598, 0.1567032810856967, 0.13234120861568674, 0.1649021580404075, 0.13628064894689473, 0.12591161984732943, 0.17708201836130988, 0.20218503412947475, 0.17019464854549707, 0.13894793879229403, 0.20441218341795028, 0.160709319783539, 0.1874789918764936, 0.22602400450207522, 0.18948065029608271, 0.20220495173052286, 1.0, 0.9696955016507202, 0.14235596913069284, 0.1912118769359531], [0.16303104743411914, 0.19160806214393997, 0.20188024644483984, 0.1247119793205347, 0.12681143785781057, 0.14499051839644853, 0.18607405738369737, 0.16312882442490223, 0.1992179164307841, 0.11954450929876581, 0.20287920415442873, 0.17422197466868256, 0.12840926495925695, 0.20880258769700527, 0.19615460504471632, 0.11418703397332189, 0.9696955016507202, 1.0, 0.20642226714645007, 0.15832896721111714], [0.12123935909813671, 0.1729174820975706, 0.14636953296719485, 0.13438796449745607, 0.1281884243770032, 0.12132301800371813, 0.1883125708768438, 0.24033955076537528, 0.20093090128062702, 0.15646612714138405, 0.11869475213979364, 0.16558035449088748, 0.12077581411468662, 0.14692335115067945, 0.2496958847745645, 0.13954025081746133, 0.14235596913069284, 0.20642226714645007, 1.0, 0.38876648154801846], [0.13507610373752682, 0.12567125660038272, 0.10992871989414396, 0.06725496967273055, 0.0974662577052083, 0.1141526976373242, 0.10600425512256648, 0.14831181217208364, 0.27360538864541045,