{"model": "LSING", "dataset": "0.3_dim20_pair_gau", "N": 1000, "seed": 120, "metrics": {"TP": 10, "FP": 38, "FN": 0, "TN": 142, "TPR": 1.0, "FDR": 0.7916666666666666, "FPR": 0.2111111111111111, "Hamming": 38}, "omega": [[1.0, 0.9034593188386648, 0.11952803461886063, 0.2345843626915883, 0.1351484901666349, 0.1376279886522251, 0.21174212170949225, 0.2680660669005826, 0.18405943418465526, 0.20183870331009834, 0.248936668502301, 0.21858999193965012, 0.2099194555151214, 0.18764966769139796, 0.3056416387084905, 0.23327565230118605, 0.15851044770786585, 0.19347067685491953, 0.1609413543527933, 0.19295476922558322], [0.9034593188386648, 1.0, 0.12125340088348342, 0.25099254338414095, 0.1333462865649798, 0.11814418469246282, 0.15708760719941578, 0.1867280961220261, 0.15868918324558615, 0.17541250910641348, 0.10866895659411341, 0.14480997694136474, 0.1048015409224988, 0.23806427788041318, 0.1984477798767172, 0.11557506584884725, 0.11712982678950583, 0.19173385653275263, 0.13731499910284922, 0.17923249542159175], [0.11952803461886063, 0.12125340088348342, 1.0, 0.46025210970507735, 0.07566701967150641, 0.1315446211504665, 0.10974424302218987, 0.10952565293265895, 0.09677010962231995, 0.08842196308257796, 0.07942240774284072, 0.19028030347807473, 0.08953720595923055, 0.16090254173128932, 0.12580282739356133, 0.15441778851848142, 0.0792100032175267, 0.10563148433701475, 0.07074486627447377, 0.11762687634139199], [0.2345843626915883, 0.25099254338414095, 0.46025210970507735, 1.0, 0.11119910781832813, 0.10553638595146825, 0.1281425995806377, 0.1522258857601664, 0.10231853202157809, 0.1371550613656192, 0.11274265724444785, 0.15732413973067289, 0.19366745529596585, 0.15120291112227707, 0.15598186368460817, 0.21474813369902734, 0.13497559575336074, 0.1726258306222479, 0.1075053558088091, 0.13982701270280096], [0.1351484901666349, 0.1333462865649798, 0.07566701967150641, 0.11119910781832813, 1.0, 0.44138089761830923, 0.14762998571401606, 0.10540610734883377, 0.12498955199361969, 0.10951291153147152, 0.06900548561667738, 0.24521461789528104, 0.1696992033888832, 0.12650446699346193, 0.2133433360939033, 0.09612109611389733, 0.08924560755478579, 0.12147454126248382, 0.1122575540119449, 0.1214982817736848], [0.1376279886522251, 0.11814418469246282, 0.1315446211504665, 0.10553638595146825, 0.44138089761830923, 1.0, 0.11469425872634714, 0.13832609343897806, 0.14500816758547125, 0.12855213272743163, 0.20586068632885024, 0.14527236437098479, 0.14317883074087295, 0.192649917065792, 0.2210802340757572, 0.15419808474035832, 0.1091849445927296, 0.17516749761613234, 0.14674381107175466, 0.29008519442178415], [0.21174212170949225, 0.15708760719941578, 0.10974424302218987, 0.1281425995806377, 0.14762998571401606, 0.11469425872634714, 1.0, 0.8168754270192058, 0.11725826838002949, 0.1095073918841448, 0.10257297255058431, 0.1736026388495271, 0.2145930267295825, 0.1737564426885058, 0.15414354844331823, 0.26533921186393855, 0.1150492785387524, 0.12639982619109913, 0.15166456948771564, 0.16178787823677515], [0.2680660669005826, 0.1867280961220261, 0.10952565293265895, 0.1522258857601664, 0.10540610734883377, 0.13832609343897806, 0.8168754270192058, 1.0, 0.1996943074071681, 0.15516534050466121, 0.22317027738285844, 0.26311238578319796, 0.1692261411967004, 0.2699515187245037, 0.3627481567994546, 0.28691940830391016, 0.14326607159414856, 0.2525554158814014, 0.12654844621152764, 0.21664260410428002], [0.18405943418465526, 0.15868918324558615, 0.09677010962231995, 0.10231853202157809, 0.12498955199361969, 0.14500816758547125, 0.11725826838002949, 0.1996943074071681, 1.0, 0.5803439290814126, 0.09594974880926023, 0.13408144158974294, 0.13670984999923536, 0.197630332450052, 0.1727098280010153, 0.14321087799121257, 0.09523735838301418, 0.15918158286056677, 0.08938008832262379, 0.14887320088200462], [0.20183870331009834, 0.17541250910641348, 0.08842196308257796, 0.1371550613656192, 0.10951291153147152, 0.12855213272743163, 0.1095073918841448, 0.15516534050466121, 0.5803439290814126, 1.0, 0.08988849003528854, 0.18552749963500867, 0.2065069012641353, 0.26474837136246915, 0.15644484814316423, 0.14399357431533755, 0.11947753974846437, 0.1288508595999658, 0.1133824655999964, 0.18587618175563156], [0.248936668502301, 0.10866895659411341, 0.07942240774284072, 0.11274265724444785, 0.06900548561667738, 0.20586068632885024, 0.10257297255058431, 0.22317027738285844, 0.09594974880926023, 0.08988849003528854, 1.0, 0.9858717924448193, 0.12480016752631945, 0.25232065721496383, 0.09636976727674298, 0.11735430392878565, 0.09782210905156029, 0.20246913716321885, 0.06914416854971889, 0.21772616569784944], [0.21858999193965012, 0.14480997694136474, 0.19028030347807473, 0.15732413973067289, 0.24521461789528104, 0.14527236437098479, 0.1736026388495271, 0.26311238578319796, 0.13408144158974294, 0.18552749963500867, 0.9858717924448193, 1.0, 0.26896365972124536, 0.2307088813886746, 0.216256383789305, 0.14652106761265443, 0.17966438845017213, 0.18489204844256046, 0.12550865717216142, 0.142579792572859], [0.2099194555151214, 0.1048015409224988, 0.08953720595923055, 0.19366745529596585, 0.1696992033888832, 0.14317883074087295, 0.2145930267295825, 0.1692261411967004, 0.13670984999923536, 0.2065069012641353, 0.12480016752631945, 0.26896365972124536, 1.0, 0.8429385415198493, 0.13513324009578365, 0.13847926006438085, 0.14921743398892162, 0.13711921666680674, 0.11630354735305154, 0.16524856220506484], [0.18764966769139796, 0.23806427788041318, 0.16090254173128932, 0.15120291112227707, 0.12650446699346193, 0.192649917065792, 0.1737564426885058, 0.2699515187245037, 0.197630332450052, 0.26474837136246915, 0.25232065721496383, 0.2307088813886746, 0.8429385415198493, 1.0, 0.3098383388009703, 0.24257703016589735, 0.22842725494040297, 0.18208686206137834, 0.1430740234592876, 0.1689765945827707], [0.3056416387084905, 0.1984477798767172, 0.12580282739356133, 0.15598186368460817, 0.2133433360939033, 0.2210802340757572, 0.15414354844331823, 0.3627481567994546, 0.1727098280010153, 0.15644484814316423, 0.09636976727674298, 0.216256383789305, 0.13513324009578365, 0.3098383388009703, 1.0, 1.0, 0.18743802093357967, 0.14726049369057523, 0.17080748714700034, 0.22199284447042592], [0.23327565230118605, 0.11557506584884725, 0.15441778851848142, 0.21474813369902734, 0.09612109611389733, 0.15419808474035832, 0.26533921186393855, 0.28691940830391016, 0.14321087799121257, 0.14399357431533755, 0.11735430392878565, 0.14652106761265443, 0.13847926006438085, 0.24257703016589735, 1.0, 1.0, 0.1421672513187336, 0.1577650972658876, 0.13981920253099855, 0.1664990163489026], [0.15851044770786585, 0.11712982678950583, 0.0792100032175267, 0.13497559575336074, 0.08924560755478579, 0.1091849445927296, 0.1150492785387524, 0.14326607159414856, 0.09523735838301418, 0.11947753974846437, 0.09782210905156029, 0.17966438845017213, 0.14921743398892162, 0.22842725494040297, 0.18743802093357967, 0.1421672513187336, 1.0, 0.6128891704416117, 0.10474579908626099, 0.1401871991117679], [0.19347067685491953, 0.19173385653275263, 0.10563148433701475, 0.1726258306222479, 0.12147454126248382, 0.17516749761613234, 0.12639982619109913, 0.2525554158814014, 0.15918158286056677, 0.1288508595999658, 0.20246913716321885, 0.18489204844256046, 0.13711921666680674, 0.18208686206137834, 0.14726049369057523, 0.1577650972658876, 0.6128891704416117, 1.0, 0.17714922896698057, 0.1424506391401424], [0.1609413543527933, 0.13731499910284922, 0.07074486627447377, 0.1075053558088091, 0.1122575540119449, 0.14674381107175466, 0.15166456948771564, 0.12654844621152764, 0.08938008832262379, 0.1133824655999964, 0.06914416854971889, 0.12550865717216142, 0.11630354735305154, 0.1430740234592876, 0.17080748714700034, 0.13981920253099855, 0.10474579908626099, 0.17714922896698057, 1.0, 0.6348334282379715], [0.19295476922558322, 0.17923249542159175, 0.11762687634139199, 0.13982701270280096, 0.1214982817736848, 0.29008519442178415, 0.16178787823677515, 0.21664260410428002, 0.14887320088200462, 0.18587618175563156, 