{"model": "SING", "dataset": "dim5_cop_gau", "N": 10000, "seed": 12340, "metrics": {"TP": 4, "FP": 0, "FN": 0, "TN": 6, "TPR": 1.0, "FDR": 0.0, "FPR": 0.0, "Hamming": 0}, "omega": [[7.155113579856188, 4.480207879047957, 0.0, 0.0, 0.0], [4.480207879047957, 19.456298461851333, 4.749810785397257, 0.0, 0.0], [0.0, 4.749810785397257, 19.15839695325869, 4.333901530662982, 0.0], [0.0, 0.0, 4.333901530662982, 17.620817389921317, 3.9800603138258674], [0.0, 0.0, 0.0, 3.9800603138258674, 6.536771295468606]], "meta_info": {"source": "pretrained", "p_order": 1}}