{"model": "SING", "dataset": "dim5_cop_gau", "N": 10000, "seed": 1230, "metrics": {"TP": 4, "FP": 0, "FN": 0, "TN": 6, "TPR": 1.0, "FDR": 0.0, "FPR": 0.0, "Hamming": 0}, "omega": [[7.290347049950258, 4.5902750718471985, 0.0, 0.0, 0.0], [4.5902750718471985, 20.675053038496227, 5.258043552928519, 0.0, 0.0], [0.0, 5.258043552928519, 21.484363817310353, 4.985873923600622, 0.0], [0.0, 0.0, 4.985873923600622, 21.02268356634832, 5.025512368347297], [0.0, 0.0, 0.0, 5.025512368347297, 7.822385964596158]], "meta_info": {"source": "pretrained", "p_order": 1}}