{"model": "LSING", "dataset": "0.3_dim20_pair_gau", "N": 500, "seed": 120, "metrics": {"TP": 7, "FP": 19, "FN": 3, "TN": 161, "TPR": 0.7, "FDR": 0.7307692307692307, "FPR": 0.10555555555555556, "Hamming": 22}, "omega": [[1.0, 0.06696495352241055, 0.04772644705441705, 0.08372570255144232, 0.1080484967079659, 0.3527716029268761, 0.09317364415093053, 0.08323940325125757, 0.0938097096392841, 0.05339905129126641, 0.09583689142627128, 0.05329483420460297, 0.036325733258910316, 0.046493085331707006, 0.06791451181972187, 0.07779604517880309, 0.08053335087242305, 0.06940157102807848, 0.07919552212933369, 0.042127762032258334], [0.06696495352241055, 1.0, 0.1319056464240492, 0.08603098147126838, 0.1641819093260389, 0.41758578718536815, 0.09089621227625987, 0.05732135073342195, 0.08645977070705477, 0.08499986252591053, 0.11064637102529779, 0.08047276989249443, 0.03392388501321257, 0.05979580630544505, 0.07138951849453394, 0.06923562980474368, 0.07073388857454656, 0.11041019104578906, 0.08741566065850198, 0.0553653209625157], [0.04772644705441705, 0.1319056464240492, 1.0, 0.39089138781734234, 0.11183085225152989, 0.4966006188384115, 0.08479109510762914, 0.09035647567121587, 0.08214764848819377, 0.07875165461392783, 0.1132267731831154, 0.066540466942999, 0.066047099896975, 0.053811560034622716, 0.0831136918650275, 0.11935158765953269, 0.12568956923128918, 0.15903657348190028, 0.09614151527931913, 0.06342488815223662], [0.08372570255144232, 0.08603098147126838, 0.39089138781734234, 1.0, 0.1432816420914261, 0.4211689782491187, 0.07880245548718484, 0.09025111120951915, 0.07691146753847822, 0.059070686375858786, 0.11669601345472708, 0.07714397760519663, 0.06291757965590003, 0.0817161722013184, 0.1370802403315367, 0.09145671552574829, 0.10634678345684642, 0.08623522266377506, 0.0782813869270299, 0.052658545146849534], [0.1080484967079659, 0.1641819093260389, 0.11183085225152989, 0.1432816420914261, 1.0, 0.7919243729344455, 0.18469787763543924, 0.10730987192114037, 0.10908752916642099, 0.0965090148623622, 0.1025675578848806, 0.10231330463945229, 0.09641940571592039, 0.06181942152776074, 0.18859694484231596, 0.14218827383222174, 0.17537870357369442, 0.09199615895959812, 0.2687412259028992, 0.11069852596982571], [0.3527716029268761, 0.41758578718536815, 0.4966006188384115, 0.4211689782491187, 0.7919243729344455, 1.0, 0.8792305816076946, 0.35217429931051114, 0.31939775347511845, 0.5004023489905339, 1.0, 0.32463208892271245, 0.33662695421696054, 0.32412881100300933, 0.37435131865914345, 0.36239122473401086, 0.5797379373488856, 0.5668094546773659, 0.33442395829757454, 0.38474945762696333], [0.09317364415093053, 0.09089621227625987, 0.08479109510762914, 0.07880245548718484, 0.18469787763543924, 0.8792305816076946, 1.0, 0.2734906034667076, 0.08127538192887866, 0.09111586077504998, 0.08938714202774256, 0.06896414695150849, 0.10570963703153595, 0.05462780347696312, 0.06848457160648205, 0.18896527753774534, 0.13832349289104567, 0.07374054899381242, 0.11770013955876867, 0.06415413778828462], [0.08323940325125757, 0.05732135073342195, 0.09035647567121587, 0.09025111120951915, 0.10730987192114037, 0.35217429931051114, 0.2734906034667076, 1.0, 0.06795994069994618, 0.052483140188635376, 0.11221069666190722, 0.06156710025941053, 0.05167578362993976, 0.06699056065527668, 0.12518351356724997, 0.08415050339350086, 0.12024346083338724, 0.11567358840622075, 0.0865876524037798, 0.05893578966192654], [0.0938097096392841, 0.08645977070705477, 0.08214764848819377, 0.07691146753847822, 0.10908752916642099, 0.31939775347511845, 0.08127538192887866, 0.06795994069994618, 1.0, 0.11974307455186547, 0.1226748307855941, 0.05539621150431269, 0.07316234368797399, 0.08665581365185117, 0.08238708709716284, 0.1358883749876731, 0.08951631030308949, 0.1351486133715407, 0.08352838357375045, 0.05874366550906369], [0.05339905129126641, 0.08499986252591053, 0.07875165461392783, 0.059070686375858786, 0.0965090148623622, 0.5004023489905339, 0.09111586077504998, 0.052483140188635376, 0.11974307455186547, 1.0, 0.07631267064725375, 0.05606739637075322, 0.05641676995924465, 0.058316148087882214, 0.07637293314624484, 0.1366768325500713, 0.13895582730139577, 0.0574946381097732, 0.15214456162752515, 0.05275500057887601], [0.09583689142627128, 0.11064637102529779, 0.1132267731831154, 0.11669601345472708, 0.1025675578848806, 1.0, 0.08938714202774256, 0.11221069666190722, 0.1226748307855941, 0.07631267064725375, 1.0, 0.36397893868264997, 0.09668362678195042, 0.07704359916294605, 0.1399356476152101, 0.11645538950610963, 0.1095828745907193, 0.15645785653116281, 0.11591479447893595, 0.09401608950510652], [0.05329483420460297, 0.08047276989249443, 0.066540466942999, 0.07714397760519663, 0.10231330463945229, 0.32463208892271245, 0.06896414695150849, 0.06156710025941053, 0.05539621150431269, 0.05606739637075322, 0.36397893868264997, 1.0, 0.045069604198724446, 0.061715088438106795, 0.07340787350851687, 0.08873465051593447, 0.12271104691922759, 0.0917369281313048, 0.08079132465012845, 0.07571846958359828], [0.036325733258910316, 0.03392388501321257, 0.066047099896975, 0.06291757965590003, 0.09641940571592039, 0.33662695421696054, 0.10570963703153595, 0.05167578362993976, 0.07316234368797399, 0.05641676995924465, 0.09668362678195042, 0.045069604198724446, 1.0, 0.10086843044587661, 0.061165933444807, 0.10925168394370212, 0.07354767609437453, 0.05979727005227061, 0.08703591748709817, 0.03847977275258822], [0.046493085331707006, 0.05979580630544505, 0.053811560034622716, 0.0817161722013184, 0.06181942152776074, 0.32412881100300933, 0.05462780347696312, 0.06699056065527668, 0.08665581365185117, 0.058316148087882214, 0.07704359916294605, 0.061715088438106795, 0.10086843044587661, 1.0, 0.07249772669994094, 0.08977106130680432, 0.12033061704386636, 0.1074490776188833, 0.11464526196921598, 0.050283839491783056], [0.06791451181972187, 0.07138951849453394, 0.0831136918650275, 0.1370802403315367, 0.18859694484231596, 0.37435131865914345, 0.06848457160648205, 0.12518351356724997, 0.08238708709716284, 0.07637293314624484, 0.1399356476152101, 0.07340787350851687, 0.061165933444807, 0.07249772669994094, 1.0, 0.6601983117945589, 0.12654999926728294, 0.08504636496108327, 0.15562796270055873, 0.07562303919617874], [0.07779604517880309, 0.06923562980474368, 0.11935158765953269, 0.09145671552574829, 0.14218827383222174, 0.36239122473401086, 0.18896527753774534, 0.08415050339350086, 0.1358883749876731, 0.1366768325500713, 0.11645538950610963, 0.08873465051593447, 0.10925168394370212, 0.08977106130680432, 0.6601983117945589, 1.0, 0.12040770419477022, 0.11850085969183514, 0.1160201336308893, 0.09888066014762481], [0.08053335087242305, 0.07073388857454656, 0.12568956923128918, 0.10634678345684642, 0.17537870357369442, 0.5797379373488856, 0.13832349289104567, 0.12024346083338724, 0.08951631030308949, 0.13895582730139577, 0.1095828745907193, 0.12271104691922759, 0.07354767609437453, 0.12033061704386636, 0.12654999926728294, 0.12040770419477022, 1.0, 0.4547989960502205, 0.19381373852860137, 0.09867905960501092], [0.06940157102807848, 0.11041019104578906, 0.15903657348190028, 0.08623522266377506, 0.09199615895959812, 0.5668094546773659, 0.07374054899381242, 0.11567358840622075, 0.1351486133715407, 0.0574946381097732, 0.15645785653116281, 0.0917369281313048, 0.05979727005227061, 0.1074490776188833, 0.08504636496108327, 0.11850085969183514, 0.4547989960502205, 1.0, 0.10568148943317791, 0.09345905158131607], [0.07919552212933369, 0.08741566065850198, 0.09614151527931913, 0.0782813869270299, 0.2687412259028992, 0.33442395829757454, 0.11770013955876867, 0.0865876524037798, 0.08352838357375045, 0.15214456162752515, 0.11591479447893595, 0.08079132465012845, 0.08703591748709817, 0.11464526196921598, 0.15562796270055873, 0.1160201336308893, 0.19381373852860137, 0.10568148943317791, 1.0, 0.29285551417515626], [0.042127762032258334, 0.0553653209625157, 0.06342488815223662, 0.052658545146849534, 0.11069852596982571, 0.38474945762696333, 0.06415413778828462, 