{"model": "LSING", "dataset": "0.3_dim20_pair_gau", "N": 500, "seed": 1230, "metrics": {"TP": 8, "FP": 20, "FN": 2, "TN": 160, "TPR": 0.8, "FDR": 0.7142857142857143, "FPR": 0.1111111111111111, "Hamming": 22}, "omega": [[1.0, 0.19781712661418133, 0.2055600144500763, 0.0980547975336736, 0.16747354142824944, 0.04320645483715244, 0.053529587269204856, 0.08024683852569654, 0.10959323468954121, 0.09087650319144451, 0.18405582782584132, 0.06989424618310647, 0.05908396537697027, 0.1391044081211533, 0.12633026412487894, 0.08366883971288579, 0.1447703796242148, 0.05484513861231378, 0.05599283127129661, 0.04573714898251632], [0.19781712661418133, 1.0, 0.23439053588303463, 0.10507653335399648, 0.16139756245442152, 0.09211195242936904, 0.13182755506922825, 0.07557186622507811, 0.11035031857134704, 0.144081680614688, 0.17636581719279593, 0.10202725351829055, 0.11013650360439356, 0.08661551279988952, 0.09263409058060872, 0.14301225740323037, 0.15029225565879542, 0.1308335627712775, 0.14100361554161212, 0.04733280745135935], [0.2055600144500763, 0.23439053588303463, 1.0, 0.45716570224222697, 0.23615105503378214, 0.12878388360756368, 0.2060431736657212, 0.08246400591663344, 0.14220928347923545, 0.1660667374725116, 0.1913602345299356, 0.28017460286431195, 0.07327351234517453, 0.17895749933916377, 0.09342009463441801, 0.13693001255569218, 0.09948981264124958, 0.18194866650823868, 0.10422309633041388, 0.06694436778521688], [0.0980547975336736, 0.10507653335399648, 0.45716570224222697, 1.0, 0.15172187092767275, 0.09240684593758236, 0.11362282199799979, 0.1303794341286999, 0.1317139940816394, 0.13035607081024136, 0.2053383291139519, 0.08128390686538779, 0.16841343720493476, 0.10879227987833548, 0.11099354951608417, 0.17447222305309246, 0.09060769868128726, 0.1659443542132461, 0.09647751961527594, 0.06373193112402453], [0.16747354142824944, 0.16139756245442152, 0.23615105503378214, 0.15172187092767275, 1.0, 0.28832059687780687, 0.1235773326380716, 0.10114396895376847, 0.16797878085665574, 0.15518410226251328, 0.20288012430708366, 0.15856997531491093, 0.1721193997416635, 0.2073801796155633, 0.18384371794198442, 0.125103830973832, 0.12889751574250477, 0.13954615221772873, 0.148658138366036, 0.07375405873564266], [0.04320645483715244, 0.09211195242936904, 0.12878388360756368, 0.09240684593758236, 0.28832059687780687, 1.0, 0.11558919251896484, 0.08201454601237639, 0.09576968442135593, 0.07802114817263374, 0.29458839892667793, 0.0994283634091346, 0.0472476293505968, 0.0937633438085788, 0.0906374652614466, 0.12111472650879294, 0.15007585240023494, 0.08924502080407459, 0.13405371646682995, 0.04573522309729213], [0.053529587269204856, 0.13182755506922825, 0.2060431736657212, 0.11362282199799979, 0.1235773326380716, 0.11558919251896484, 1.0, 0.307464636920047, 0.1915876067475246, 0.15820705512453673, 0.1342049413906758, 0.13254815998619526, 0.06273142516330918, 0.22300756795857696, 0.17155566246958132, 0.0737857119473146, 0.28987043645181304, 0.1281745261625595, 0.0727045715029516, 0.09080871816494551], [0.08024683852569654, 0.07557186622507811, 0.08246400591663344, 0.1303794341286999, 0.10114396895376847, 0.08201454601237639, 0.307464636920047, 1.0, 0.17432414333288662, 0.09394630290487671, 0.14722239951815283, 0.13268499351803462, 0.10160638503620252, 0.10811421126457481, 0.09366040094997122, 0.11673314871527705, 0.09399741123734844, 0.12492474572819522, 0.08372987432767225, 0.0736854457011651], [0.10959323468954121, 0.11035031857134704, 0.14220928347923545, 0.1317139940816394, 0.16797878085665574, 0.09576968442135593, 0.1915876067475246, 0.17432414333288662, 1.0, 0.5544367528105069, 0.2214753582077823, 0.1125188506136415, 0.126368477613098, 0.1742711655424011, 0.14625213118213573, 0.24601147943392065, 0.12949569323978075, 0.12469855848202444, 0.19474059734257082, 0.07528847160099952], [0.09087650319144451, 0.144081680614688, 0.1660667374725116, 0.13035607081024136, 0.15518410226251328, 0.07802114817263374, 0.15820705512453673, 0.09394630290487671, 0.5544367528105069, 1.0, 0.25675385622574465, 0.1343464706477624, 0.12310670516984727, 0.12507721695738358, 0.15515002513415152, 0.1997534287920793, 0.104412512662266, 0.08013039484366385, 0.11341933566390469, 0.07532437157359258], [0.18405582782584132, 0.17636581719279593, 0.1913602345299356, 0.2053383291139519, 0.20288012430708366, 0.29458839892667793, 0.1342049413906758, 0.14722239951815283, 0.2214753582077823, 0.25675385622574465, 1.0, 1.0, 0.14367405044682893, 0.15638604600425085, 0.481341042605272, 0.14828626342270854, 0.14163710175245056, 0.2903610391525155, 0.23630015535048893, 0.11589296963277917], [0.06989424618310647, 0.10202725351829055, 0.28017460286431195, 0.08128390686538779, 0.15856997531491093, 0.0994283634091346, 0.13254815998619526, 0.13268499351803462, 0.1125188506136415, 0.1343464706477624, 1.0, 1.0, 0.17157416568787537, 0.21361493985271537, 0.10344511966062184, 0.08504549927149037, 0.12365722866127023, 0.14233135270880834, 0.09480360641904954, 0.10365438978378191], [0.05908396537697027, 0.11013650360439356, 0.07327351234517453, 0.16841343720493476, 0.1721193997416635, 0.0472476293505968, 0.06273142516330918, 0.10160638503620252, 0.126368477613098, 0.12310670516984727, 0.14367405044682893, 0.17157416568787537, 1.0, 0.37574857318646476, 0.14207113494805831, 0.11938353233394954, 0.07897562915652645, 0.0801561526385285, 0.0763749260165671, 0.05054580593129863], [0.1391044081211533, 0.08661551279988952, 0.17895749933916377, 0.10879227987833548, 0.2073801796155633, 0.0937633438085788, 0.22300756795857696, 0.10811421126457481, 0.1742711655424011, 0.12507721695738358, 0.15638604600425085, 0.21361493985271537, 0.37574857318646476, 1.0, 0.2955232358812839, 0.10637994794015757, 0.15036199969083777, 0.24416820364574343, 0.12960640833328035, 0.07459472971621373], [0.12633026412487894, 0.09263409058060872, 0.09342009463441801, 0.11099354951608417, 0.18384371794198442, 0.0906374652614466, 0.17155566246958132, 0.09366040094997122, 0.14625213118213573, 0.15515002513415152, 0.481341042605272, 0.10344511966062184, 0.14207113494805831, 0.2955232358812839, 1.0, 0.46385147290524337, 0.11678731883725167, 0.1522195736434565, 0.1721792518383887, 0.05817671519485268], [0.08366883971288579, 0.14301225740323037, 0.13693001255569218, 0.17447222305309246, 0.125103830973832, 0.12111472650879294, 0.0737857119473146, 0.11673314871527705, 0.24601147943392065, 0.1997534287920793, 0.14828626342270854, 0.08504549927149037, 0.11938353233394954, 0.10637994794015757, 0.46385147290524337, 1.0, 0.14784385446639328, 0.10706924556878589, 0.1255594782443762, 0.07265212363757237], [0.1447703796242148, 0.15029225565879542, 0.09948981264124958, 0.09060769868128726, 0.12889751574250477, 0.15007585240023494, 0.28987043645181304, 0.09399741123734844, 0.12949569323978075, 0.104412512662266, 0.14163710175245056, 0.12365722866127023, 0.07897562915652645, 0.15036199969083777, 0.11678731883725167, 0.14784385446639328, 1.0, 0.573535076998903, 0.09281152471700232, 0.06415170786225935], [0.05484513861231378, 0.1308335627712775, 0.18194866650823868, 0.1659443542132461, 0.13954615221772873, 0.08924502080407459, 0.1281745261625595, 0.12492474572819522, 0.12469855848202444, 0.08013039484366385, 0.2903610391525155, 0.14233135270880834, 0.0801561526385285, 0.24416820364574343, 0.1522195736434565, 0.10706924556878589, 0.573535076998903, 1.0, 0.08100119427454784, 0.060905225966345906], [0.05599283127129661, 0.14100361554161212, 0.10422309633041388, 0.09647751961527594, 0.148658138366036, 0.13405371646682995, 0.0727045715029516, 0.08372987432767225, 0.19474059734257082, 0.11341933566390469, 0.23630015535048893, 0.09480360641904954, 0.0763749260165671, 0.12960640833328035, 0.1721792518383887, 0.1255594782443762, 0.09281152471700232, 0.08100119427454784, 1.0, 0.1294564419815619], [0.04573714898251632, 0.04733280745135935, 0.06694436778521688, 0.06373193112402453, 0.07375405873564266, 0.04573522309729213, 0.09080871816494551, 0.0736854457011651, 0.07528847160099952, 