{"model": "LSING", "dataset": "0.3_dim20_pair_gau", "N": 500, "seed": 1234560, "metrics": {"TP": 9, "FP": 49, "FN": 1, "TN": 131, "TPR": 0.9, "FDR": 0.8448275862068966, "FPR": 0.2722222222222222, "Hamming": 50}, "omega": [[1.0, 0.2674862363677634, 0.11692920902835022, 0.1312296935119568, 0.08587950853601035, 0.07087344363688372, 0.14672122687849184, 0.15208833836156807, 0.16551165185774508, 0.12129408513609224, 0.15295484608776083, 0.09393164334880627, 0.06845143798413834, 0.06511327726947028, 0.08690995556514937, 0.15275238764872612, 0.13649756288182763, 0.1357283000551716, 0.1099422379932204, 0.13172755359858443], [0.2674862363677634, 1.0, 0.168835795690249, 0.21050637727304747, 0.11635992025247109, 0.17998622343034693, 0.17016529716566434, 0.14782638546631333, 0.12579171733012864, 0.1434351554369137, 0.2837424802075317, 0.17488940692101326, 0.14300613857771347, 0.14964494958515204, 0.16120968595909305, 0.25135911603031935, 0.17425010852875247, 0.19639269089012465, 0.13788836345368732, 0.12818720532203914], [0.11692920902835022, 0.168835795690249, 1.0, 1.0, 0.16144040861018705, 0.3361546105685626, 0.24018354118694457, 0.14435190481140578, 0.11913854983334343, 0.2524958419143443, 0.25965178167307573, 0.16545686189896563, 0.2928494430151115, 0.1397800886627026, 0.16035342304957287, 0.24114426564862998, 0.1562445642636084, 0.28280688667735254, 0.2022727062494255, 0.1466586421262851], [0.1312296935119568, 0.21050637727304747, 1.0, 1.0, 0.11007938269376029, 0.23285495160532962, 0.25275459428682395, 0.2377007054191021, 0.18611156050664734, 0.13720511827483173, 0.37036509777420157, 0.24356276202715602, 0.3760137840410111, 0.1421203136715437, 0.22747457522742198, 0.2285153822970991, 0.35426634272238305, 0.21307529537577277, 0.14100898151029717, 0.18149097029782643], [0.08587950853601035, 0.11635992025247109, 0.16144040861018705, 0.11007938269376029, 1.0, 0.146169587568747, 0.17184602119782752, 0.138472257359886, 0.12404050054993723, 0.08690715987030757, 0.11276567146452914, 0.17842619740802743, 0.08682792223732953, 0.10634403116442505, 0.2184259722969807, 0.3115910535048205, 0.10639741013622, 0.1337934892063458, 0.12709004367477741, 0.17681951987048095], [0.07087344363688372, 0.17998622343034693, 0.3361546105685626, 0.23285495160532962, 0.146169587568747, 1.0, 0.14957013088848936, 0.10524310958049975, 0.10881936323071094, 0.17438280599237843, 0.14662359789940344, 0.1340909770123456, 0.1173687476457945, 0.09693782591373576, 0.15518435106921602, 0.1615328626226847, 0.12765196823062136, 0.1140867312756933, 0.12912493352593696, 0.13652860863842942], [0.14672122687849184, 0.17016529716566434, 0.24018354118694457, 0.25275459428682395, 0.17184602119782752, 0.14957013088848936, 1.0, 0.5533398522818724, 0.16152512038751185, 0.24626436950762198, 0.5266188476035085, 0.1879926527764957, 0.1622439960199332, 0.2230051789448463, 0.22794749440084786, 0.2307378121289185, 0.28215314285100684, 0.3174695972329971, 0.2773089617419248, 0.16367994817529707], [0.15208833836156807, 0.14782638546631333, 0.14435190481140578, 0.2377007054191021, 0.138472257359886, 0.10524310958049975, 0.5533398522818724, 1.0, 0.2478029598480164, 0.1293349482247827, 0.22862919921855418, 0.12732539549520452, 0.20187429850902097, 0.1553739044353151, 0.2303491155367569, 0.17572283933339444, 0.21653725908023896, 0.1502810621386054, 0.193231489775204, 0.18647978363723433], [0.16551165185774508, 0.12579171733012864, 0.11913854983334343, 0.18611156050664734, 0.12404050054993723, 0.10881936323071094, 0.16152512038751185, 0.2478029598480164, 1.0, 0.3118121943818363, 0.1520960199526012, 0.1649698651992359, 0.1411941927559912, 0.11565423269897084, 0.12848924143851911, 0.24443987034897452, 0.135122934080564, 0.14574644106227316, 0.19333528828477478, 0.15742196215068247], [0.12129408513609224, 0.1434351554369137, 0.2524958419143443, 0.13720511827483173, 0.08690715987030757, 0.17438280599237843, 0.24626436950762198, 0.1293349482247827, 0.3118121943818363, 1.0, 0.17796732746030688, 0.16081376867136032, 0.11929414652413342, 0.11687806378236885, 0.1295235393705313, 0.19230282584872524, 0.13196882024410705, 0.168580261500118, 0.12871133240705743, 0.17923495978436432], [0.15295484608776083, 0.2837424802075317, 0.25965178167307573, 0.37036509777420157, 0.11276567146452914, 0.14662359789940344, 0.5266188476035085, 0.22862919921855418, 0.1520960199526012, 0.17796732746030688, 1.0, 0.5963784969270725, 0.18606208297450869, 0.18005375674435606, 0.1956800333034975, 0.20989826209743853, 0.20244501646512653, 0.30078774473468173, 0.211469830721021, 0.43658105935059216], [0.09393164334880627, 0.17488940692101326, 0.16545686189896563, 0.24356276202715602, 0.17842619740802743, 0.1340909770123456, 0.1879926527764957, 0.12732539549520452, 0.1649698651992359, 0.16081376867136032, 0.5963784969270725, 1.0, 0.16521822316616488, 0.13422267586913725, 0.1464158917208103, 0.1448781463554295, 0.1332959970274992, 0.21381776562149377, 0.12450188116504282, 0.11812695302430545], [0.06845143798413834, 0.14300613857771347, 0.2928494430151115, 0.3760137840410111, 0.08682792223732953, 0.1173687476457945, 0.1622439960199332, 0.20187429850902097, 0.1411941927559912, 0.11929414652413342, 0.18606208297450869, 0.16521822316616488, 1.0, 0.2638068593794038, 0.1512013410020301, 0.1866165563870505, 0.16033806795339192, 0.21950654979349618, 0.1896127488406943, 0.15519236418154636], [0.06511327726947028, 0.14964494958515204, 0.1397800886627026, 0.1421203136715437, 0.10634403116442505, 0.09693782591373576, 0.2230051789448463, 0.1553739044353151, 0.11565423269897084, 0.11687806378236885, 0.18005375674435606, 0.13422267586913725, 0.2638068593794038, 1.0, 0.15518606123395656, 0.1748447202759137, 0.09102059122440809, 0.13998334760438183, 0.12206366331227489, 0.10621252636888054], [0.08690995556514937, 0.16120968595909305, 0.16035342304957287, 0.22747457522742198, 0.2184259722969807, 0.15518435106921602, 0.22794749440084786, 0.2303491155367569, 0.12848924143851911, 0.1295235393705313, 0.1956800333034975, 0.1464158917208103, 0.1512013410020301, 0.15518606123395656, 1.0, 0.972331491282413, 0.14835620905752409, 0.21019222445744842, 0.11824213241743324, 0.17886956671363163], [0.15275238764872612, 0.25135911603031935, 0.24114426564862998, 0.2285153822970991, 0.3115910535048205, 0.1615328626226847, 0.2307378121289185, 0.17572283933339444, 0.24443987034897452, 0.19230282584872524, 0.20989826209743853, 0.1448781463554295, 0.1866165563870505, 0.1748447202759137, 0.972331491282413, 1.0, 0.17599822032898946, 0.20915343077321052, 0.1683394395782868, 0.2764306809667381], [0.13649756288182763, 0.17425010852875247, 0.1562445642636084, 0.35426634272238305, 0.10639741013622, 0.12765196823062136, 0.28215314285100684, 0.21653725908023896, 0.135122934080564, 0.13196882024410705, 0.20244501646512653, 0.1332959970274992, 0.16033806795339192, 0.09102059122440809, 0.14835620905752409, 0.17599822032898946, 1.0, 0.5994320991663323, 0.10681019862362708, 0.1119129178292283], [0.1357283000551716, 0.19639269089012465, 0.28280688667735254, 0.21307529537577277, 0.1337934892063458, 0.1140867312756933, 0.3174695972329971, 0.1502810621386054, 0.14574644106227316, 0.168580261500118, 0.30078774473468173, 0.21381776562149377, 0.21950654979349618, 0.13998334760438183, 0.21019222445744842, 0.20915343077321052, 0.5994320991663323, 1.0, 0.23663302086669435, 0.27020261676066887], [0.1099422379932204, 0.13788836345368732, 0.2022727062494255, 0.14100898151029717, 0.12709004367477741, 0.12912493352593696, 0.2773089617419248, 0.193231489775204, 0.19333528828477478, 0.12871133240705743, 0.211469830721021, 0.12450188116504282, 0.1896127488406943, 0.12206366331227489, 0.11824213241743324, 0.1683394395782868, 0.10681019862362708, 0.23663302086669435, 1.0, 0.30170282437385976], [0.13172755359858443, 0.12818720532203914, 0.1466586421262851, 0.18149097029782643, 0.17681951987048095, 0.13652860863842942, 0.16367994817529707, 0.18647978363723433, 0.15742196215068247, 0.17923495978436432, 0.43658105935059216, 