{"model": "SING", "dataset": "dim6_butterfly", "N": 20000, "seed": 120, "metrics": {"TP": 0, "FP": 0, "FN": 3, "TN": 12, "TPR": 0.0, "FDR": 0.0, "FPR": 0.0, "Hamming": 3}, "omega": [[450.29196700873246, 0.0, 0.0, 0.0, 0.0, 0.0], [0.0, 596.4120259318184, 0.0, 0.0, 0.0, 0.0], [0.0, 0.0, 448.41153771190744, 0.0, 0.0, 0.0], [0.0, 0.0, 0.0, 596.6717896262797, 0.0, 0.0], [0.0, 0.0, 0.0, 0.0, 449.41178651465344, 0.0], [0.0, 0.0, 0.0, 0.0, 0.0, 602.1095114719903]], "meta_info": {"source": "pretrained", "p_order": 2}}