{"model": "SING", "dataset": "dim6_butterfly", "N": 20000, "seed": 1234560, "metrics": {"TP": 0, "FP": 0, "FN": 3, "TN": 12, "TPR": 0.0, "FDR": 0.0, "FPR": 0.0, "Hamming": 3}, "omega": [[447.8910909995618, 0.0, 0.0, 0.0, 0.0, 0.0], [0.0, 599.048376787074, 0.0, 0.0, 0.0, 0.0], [0.0, 0.0, 449.04592272924054, 0.0, 0.0, 0.0], [0.0, 0.0, 0.0, 597.7914605522453, 0.0, 0.0], [0.0, 0.0, 0.0, 0.0, 449.66068425132903, 0.0], [0.0, 0.0, 0.0, 0.0, 0.0, 601.1967108870235]], "meta_info": {"source": "pretrained", "p_order": 2}}