{"model": "SING", "dataset": "dim6_butterfly", "N": 20000, "seed": 123450, "metrics": {"TP": 0, "FP": 0, "FN": 3, "TN": 12, "TPR": 0.0, "FDR": 0.0, "FPR": 0.0, "Hamming": 3}, "omega": [[452.41874600354413, 0.0, 0.0, 0.0, 0.0, 0.0], [0.0, 597.4677839334274, 0.0, 0.0, 0.0, 0.0], [0.0, 0.0, 453.0073894822626, 0.0, 0.0, 0.0], [0.0, 0.0, 0.0, 605.795394779942, 0.0, 0.0], [0.0, 0.0, 0.0, 0.0, 449.9521791678592, 0.0], [0.0, 0.0, 0.0, 0.0, 0.0, 602.4935431923634]], "meta_info": {"source": "pretrained", "p_order": 2}}