{"model": "SING", "dataset": "dim6_butterfly", "N": 20000, "seed": 1230, "metrics": {"TP": 0, "FP": 0, "FN": 3, "TN": 12, "TPR": 0.0, "FDR": 0.0, "FPR": 0.0, "Hamming": 3}, "omega": [[451.35929219446064, 0.0, 0.0, 0.0, 0.0, 0.0], [0.0, 602.4147339581039, 0.0, 0.0, 0.0, 0.0], [0.0, 0.0, 449.19373291624953, 0.0, 0.0, 0.0], [0.0, 0.0, 0.0, 594.3652829333887, 0.0, 0.0], [0.0, 0.0, 0.0, 0.0, 452.6950445816809, 0.0], [0.0, 0.0, 0.0, 0.0, 0.0, 598.1924584234396]], "meta_info": {"source": "pretrained", "p_order": 2}}