{"model": "LSING", "dataset": "0.5_dim20_pair_gau", "N": 50000, "seed": 1230, "metrics": {"TP": 10, "FP": 0, "FN": 0, "TN": 180, "TPR": 1.0, "FDR": 0.0, "FPR": 0.0, "Hamming": 0}, "omega": [[1.0, 0.9622185581040019, 0.05286042867688762, 0.054145754221943024, 0.05714850155337499, 0.04667900672953217, 0.045834905984365626, 0.051467759746271616, 0.05565917680546352, 0.06030351402122097, 0.04847884584195855, 0.05134052785128509, 0.04957136643057469, 0.06406927688987721, 0.04232019239605047, 0.045406857600366037, 0.05341098738364721, 0.0509990490486277, 0.05286555670521385, 0.04893546029471787], [0.9622185581040019, 1.0, 0.06326817140500939, 0.061257229851792966, 0.048954474645134874, 0.055631966518351395, 0.05438792967476519, 0.05843001309256344, 0.05501633307645308, 0.05375879548728162, 0.0537389167216663, 0.050774125708475254, 0.04863694334500854, 0.04820229144136193, 0.049867035403640306, 0.057323714755746165, 0.06376207681294231, 0.051995431633883586, 0.05554949490535675, 0.05231403892909575], [0.05286042867688762, 0.06326817140500939, 1.0, 0.9975406399307194, 0.05271034615405002, 0.06357551624713048, 0.048393671017506384, 0.06075151216145603, 0.06385058680456865, 0.05821656517736252, 0.05586686473662157, 0.053110332363495674, 0.051223927845645924, 0.057640331529648196, 0.06545833225873023, 0.05515042461410835, 0.04735397301817462, 0.055422569244417935, 0.057687377431214375, 0.05624308718396479], [0.054145754221943024, 0.061257229851792966, 0.9975406399307194, 1.0, 0.041800598127433364, 0.048137820822480956, 0.060920261041474605, 0.05219441973414074, 0.05780758960664359, 0.053111972107623875, 0.05098603410159995, 0.04913951239254581, 0.050577453851197156, 0.05125670324058874, 0.05559672176340567, 0.053711511558341994, 0.04432031831949089, 0.04964145644423117, 0.059114504652062666, 0.05470894090725188], [0.05714850155337499, 0.048954474645134874, 0.05271034615405002, 0.041800598127433364, 1.0, 0.9438612189166317, 0.052207692196163155, 0.047494445359805855, 0.05044515239074805, 0.04643030849149375, 0.05447738064010176, 0.053060992490517545, 0.050177551160128155, 0.04666893441330835, 0.05431595910566117, 0.04376792360041797, 0.04786186218630442, 0.04892766803017655, 0.04572282432290316, 0.05559956417215761], [0.04667900672953217, 0.055631966518351395, 0.06357551624713048, 0.048137820822480956, 0.9438612189166317, 1.0, 0.05347309164852313, 0.04786226864240411, 0.04825597426992578, 0.04916443706008365, 0.050891719582796535, 0.05388532443593136, 0.04728258011784243, 0.05567902077175523, 0.05541510548549143, 0.04775233479519445, 0.04454277229964042, 0.05333303968272104, 0.05504596678846096, 0.052196301681561225], [0.045834905984365626, 0.05438792967476519, 0.048393671017506384, 0.060920261041474605, 0.052207692196163155, 0.05347309164852313, 1.0, 0.9835761000962622, 0.05482927975221902, 0.04684200676129143, 0.055456597415010474, 0.06008709285181136, 0.052265287860673, 0.05924247986060137, 0.05612964138901706, 0.0547974912660936, 0.05327201002095799, 0.05471012965214618, 0.05248913381376667, 0.05228223652324089], [0.051467759746271616, 0.05843001309256344, 0.06075151216145603, 0.05219441973414074, 0.047494445359805855, 0.04786226864240411, 0.9835761000962622, 1.0, 0.04673895204437173, 0.045055639163018475, 0.051075660455527486, 0.06059984278946211, 0.04676047055411525, 0.05129608215517857, 0.052680616395909, 0.05100569571943598, 0.04918503269176521, 0.05093449491137007, 0.04768684386014543, 0.05793584042582524], [0.05565917680546352, 0.05501633307645308, 0.06385058680456865, 0.05780758960664359, 0.05044515239074805, 0.04825597426992578, 0.05482927975221902, 0.04673895204437173, 1.0, 1.0, 0.054499897194446235, 0.04996610907793975, 0.05019269164984161, 0.05385071998853994, 0.0613297655619123, 0.05262289127791535, 0.05034248881822566, 0.05240661208974604, 0.04956373006700312, 0.05017654754763543], [0.06030351402122097, 0.05375879548728162, 0.05821656517736252, 0.053111972107623875, 0.04643030849149375, 0.04916443706008365, 0.04684200676129143, 0.045055639163018475, 1.0, 1.0, 0.04686421986553408, 0.05719429189534555, 0.04995439840956067, 0.04512668685406052, 0.04738566824211278, 0.04693911775373963, 0.04303279763310257, 0.043904790732123875, 0.04940788477617676, 0.0532617623161432], [0.04847884584195855, 0.0537389167216663, 0.05586686473662157, 0.05098603410159995, 0.05447738064010176, 0.050891719582796535, 0.055456597415010474, 0.051075660455527486, 0.054499897194446235, 0.04686421986553408, 1.0, 0.951265178685451, 0.05107985586198114, 0.05244594924514755, 0.04842943637033322, 0.04984805446057396, 0.0467398749224337, 0.053365208177460204, 0.04958968757846551, 0.04588205767587556], [0.05134052785128509, 0.050774125708475254, 0.053110332363495674, 0.04913951239254581, 0.053060992490517545, 0.05388532443593136, 0.06008709285181136, 0.06059984278946211, 0.04996610907793975, 0.05719429189534555, 0.951265178685451, 1.0, 0.057594993578884486, 0.05553879898525395, 0.0541321880536294, 0.049371203505152686, 0.05520406846742977, 0.04824780060479777, 0.06032701330846401, 0.05908282613179984], [0.04957136643057469, 0.04863694334500854, 0.051223927845645924, 0.050577453851197156, 0.050177551160128155, 0.04728258011784243, 0.052265287860673, 0.04676047055411525, 0.05019269164984161, 0.04995439840956067, 0.05107985586198114, 0.057594993578884486, 1.0, 0.9668158104429507, 0.05069669860543019, 0.05170124372003054, 0.05462799768054991, 0.05240848568532886, 0.06045265557034833, 0.053229861080209315], [0.06406927688987721, 0.04820229144136193, 0.057640331529648196, 0.05125670324058874, 0.04666893441330835, 0.05567902077175523, 0.05924247986060137, 0.05129608215517857, 0.05385071998853994, 0.04512668685406052, 0.05244594924514755, 0.05553879898525395, 0.9668158104429507, 1.0, 0.06472232378056823, 0.06146985371901095, 0.046022982408713636, 0.0496372540779128, 0.05328155338746304, 0.05314022359049822], [0.04232019239605047, 0.049867035403640306, 0.06545833225873023, 0.05559672176340567, 0.05431595910566117, 0.05541510548549143, 0.05612964138901706, 0.052680616395909, 0.0613297655619123, 0.04738566824211278, 0.04842943637033322, 0.0541321880536294, 0.05069669860543019, 0.06472232378056823, 1.0, 0.9288305391647957, 0.046366483748058865, 0.04257828366751597, 0.050631526432185374, 0.0502019997729191], [0.045406857600366037, 0.057323714755746165, 0.05515042461410835, 0.053711511558341994, 0.04376792360041797, 0.04775233479519445, 0.0547974912660936, 0.05100569571943598, 0.05262289127791535, 0.04693911775373963, 0.04984805446057396, 0.049371203505152686, 0.05170124372003054, 0.06146985371901095, 0.9288305391647957, 1.0, 0.04917858228914204, 0.06177685613578778, 0.05519561083982115, 0.05766586448936263], [0.05341098738364721, 0.06376207681294231, 0.04735397301817462, 0.04432031831949089, 0.04786186218630442, 0.04454277229964042, 0.05327201002095799, 0.04918503269176521, 0.05034248881822566, 0.04303279763310257, 0.0467398749224337, 0.05520406846742977, 0.05462799768054991, 0.046022982408713636, 0.046366483748058865, 0.04917858228914204, 1.0, 0.9306052712612286, 0.04399465093750603, 0.05387419004435115], [0.0509990490486277, 0.051995431633883586, 0.055422569244417935, 0.04964145644423117, 0.04892766803017655, 0.05333303968272104, 0.05471012965214618, 0.05093449491137007, 0.05240661208974604, 0.043904790732123875, 0.053365208177460204, 0.04824780060479777, 0.05240848568532886, 0.0496372540779128, 0.04257828366751597, 0.06177685613578778, 0.9306052712612286, 1.0, 0.048857660142923774, 0.058931373907585204], [0.05286555670521385, 0.05554949490535675, 0.057687377431214375, 0.059114504652062666, 0.04572282432290316, 0.05504596678846096, 0.05248913381376667, 0.04768684386014543, 0.04956373006700312, 0.04940788477617676, 0.04958968757846551, 0.06032701330846401, 0.06045265557034833, 0.05328155338746304, 0.050631526432185374, 0.05519561083982115, 0.04399465093750603, 0.048857660142923774, 1.0, 0.9567740062660609], [0.04893546029471787, 0.05231403892909575, 0.05624308718396479, 0.05470894090725188, 