{"model": "LSING", "dataset": "0.5_dim20_pair_gau", "N": 50000, "seed": 123450, "metrics": {"TP": 10, "FP": 0, "FN": 0, "TN": 180, "TPR": 1.0, "FDR": 0.0, "FPR": 0.0, "Hamming": 0}, "omega": [[1.0, 0.9604148192081831, 0.060121271103075184, 0.049516423246606524, 0.046570329106724546, 0.04639717793916029, 0.04702439170804199, 0.049934681023636775, 0.04784158848049006, 0.0448731062974221, 0.04405980315783999, 0.055267840445979335, 0.04535175757066079, 0.0472236917670205, 0.05447482292615293, 0.05066612243407519, 0.055905079455007584, 0.04364219270591854, 0.05935701805539111, 0.054135732456659647], [0.9604148192081831, 1.0, 0.0561673263481237, 0.04718229753939001, 0.053984864211109866, 0.04823137363494626, 0.05458352098384564, 0.04243029774741928, 0.05195083870096789, 0.0449189750907085, 0.047131031603850314, 0.05059512691445018, 0.0522697348401439, 0.054180121254505, 0.05758524220471186, 0.047259572665839716, 0.05214347048142177, 0.05588081859516066, 0.04944965470461504, 0.044763459382839134], [0.060121271103075184, 0.0561673263481237, 1.0, 1.0, 0.05320812940748175, 0.05202404314836802, 0.04494094541555506, 0.05773424316629395, 0.05247612919502633, 0.0577863998654449, 0.04719388438220287, 0.06051580745784918, 0.06267897156085021, 0.05277481163945873, 0.05359683983627654, 0.05641508588399713, 0.052178379009404474, 0.059690431981622605, 0.053441730781360136, 0.06361934683236714], [0.049516423246606524, 0.04718229753939001, 1.0, 1.0, 0.05749621287147885, 0.04706838353514754, 0.04229129989521079, 0.05087430384887338, 0.05039005210690491, 0.05750075521262693, 0.05497564231802142, 0.05329680464834755, 0.051266403052276206, 0.06158813193038987, 0.052495283379014934, 0.048244470903012995, 0.05880723156202315, 0.04710705014501189, 0.06242519245473427, 0.05615050972702798], [0.046570329106724546, 0.053984864211109866, 0.05320812940748175, 0.05749621287147885, 1.0, 0.9868037741820189, 0.05070326617012589, 0.04866693076055721, 0.05122685536101377, 0.057321108663201725, 0.048878738855772645, 0.053071557641257955, 0.05516338873034649, 0.054141801821141304, 0.058747284830793646, 0.05719476408042765, 0.06455853257483797, 0.056819179966339096, 0.05949774210788973, 0.055523766237071476], [0.04639717793916029, 0.04823137363494626, 0.05202404314836802, 0.04706838353514754, 0.9868037741820189, 1.0, 0.05392507239529101, 0.042547390283926755, 0.05982458319455494, 0.053594222872375155, 0.04652190559233567, 0.05334786310789084, 0.057337568425583615, 0.047762891451878293, 0.05900056046182497, 0.04976046204627766, 0.054834187950015434, 0.04757571767330332, 0.0573004219231863, 0.06189696133422004], [0.04702439170804199, 0.05458352098384564, 0.04494094541555506, 0.04229129989521079, 0.05070326617012589, 0.05392507239529101, 1.0, 0.9260162506265776, 0.0438595058309054, 0.04443877051384335, 0.040769924058252624, 0.05036975680493605, 0.059301049330599445, 0.052177894898746184, 0.0523488634188282, 0.05120959889080566, 0.04850196106311807, 0.050632182127409074, 0.049392522731070164, 0.050361486811719126], [0.049934681023636775, 0.04243029774741928, 0.05773424316629395, 0.05087430384887338, 0.04866693076055721, 0.042547390283926755, 0.9260162506265776, 1.0, 0.04878577301130108, 0.052157371373181265, 0.04518832596194171, 0.051926729990185, 0.060959792258434314, 0.049733332484987035, 0.04744547669131666, 0.05163951681883417, 0.055986838829326376, 0.05197773312279591, 0.05741673158360065, 0.05927401659144048], [0.04784158848049006, 0.05195083870096789, 0.05247612919502633, 0.05039005210690491, 0.05122685536101377, 0.05982458319455494, 0.0438595058309054, 0.04878577301130108, 1.0, 0.952785368018156, 0.050308148882561944, 0.05420585381075312, 0.05250227393692066, 0.060076553109982195, 0.05584469840735892, 0.057464972519112686, 0.0566022154010262, 0.056875931567223884, 0.06347138325076711, 0.05637126971990187], [0.0448731062974221, 0.0449189750907085, 0.0577863998654449, 0.05750075521262693, 0.057321108663201725, 0.053594222872375155, 0.04443877051384335, 0.052157371373181265, 0.952785368018156, 1.0, 0.045649374971644945, 0.05938543120151286, 0.06882358620323353, 0.04839969476131408, 0.047997873232719465, 0.0520427671654574, 0.05145505129359901, 0.055066110151496206, 0.06214883719386225, 0.05037542366598467], [0.04405980315783999, 0.047131031603850314, 0.04719388438220287, 0.05497564231802142, 0.048878738855772645, 0.04652190559233567, 0.040769924058252624, 0.04518832596194171, 0.050308148882561944, 0.045649374971644945, 1.0, 0.9314860039459169, 0.05392716237016152, 0.04560442322226267, 0.051247464643323866, 0.048095843398224446, 0.04713570949598271, 0.05171337412403634, 0.049017980146483585, 0.0513218904327562], [0.055267840445979335, 0.05059512691445018, 0.06051580745784918, 0.05329680464834755, 0.053071557641257955, 0.05334786310789084, 0.05036975680493605, 0.051926729990185, 0.05420585381075312, 0.05938543120151286, 0.9314860039459169, 1.0, 0.052393434795550385, 0.04997739203225782, 0.051893890689473164, 0.05186735589270559, 0.060435398060680365, 0.060411574283599216, 0.04798391424768097, 0.05196726526719035], [0.04535175757066079, 0.0522697348401439, 0.06267897156085021, 0.051266403052276206, 0.05516338873034649, 0.057337568425583615, 0.059301049330599445, 0.060959792258434314, 0.05250227393692066, 0.06882358620323353, 0.05392716237016152, 0.052393434795550385, 1.0, 0.9997366880634356, 0.061438223607116815, 0.051501180123467584, 0.059769505233374536, 0.05638361039216836, 0.06507404956629217, 0.056344524680791264], [0.0472236917670205, 0.054180121254505, 0.05277481163945873, 0.06158813193038987, 0.054141801821141304, 0.047762891451878293, 0.052177894898746184, 0.049733332484987035, 0.060076553109982195, 0.04839969476131408, 0.04560442322226267, 0.04997739203225782, 0.9997366880634356, 1.0, 0.06368054948496159, 0.055183190239443895, 0.05593539308125645, 0.051499160690435856, 0.06091657362520872, 0.0574158117733499], [0.05447482292615293, 0.05758524220471186, 0.05359683983627654, 0.052495283379014934, 0.058747284830793646, 0.05900056046182497, 0.0523488634188282, 0.04744547669131666, 0.05584469840735892, 0.047997873232719465, 0.051247464643323866, 0.051893890689473164, 0.061438223607116815, 0.06368054948496159, 1.0, 0.9577326580496813, 0.06817871207753738, 0.05822938601490065, 0.06514955699725246, 0.055321277963614794], [0.05066612243407519, 0.047259572665839716, 0.05641508588399713, 0.048244470903012995, 0.05719476408042765, 0.04976046204627766, 0.05120959889080566, 0.05163951681883417, 0.057464972519112686, 0.0520427671654574, 0.048095843398224446, 0.05186735589270559, 0.051501180123467584, 0.055183190239443895, 0.9577326580496813, 1.0, 0.05084875663784871, 0.053083629977902426, 0.04967251435457261, 0.05003516303187163], [0.055905079455007584, 0.05214347048142177, 0.052178379009404474, 0.05880723156202315, 0.06455853257483797, 0.054834187950015434, 0.04850196106311807, 0.055986838829326376, 0.0566022154010262, 0.05145505129359901, 0.04713570949598271, 0.060435398060680365, 0.059769505233374536, 0.05593539308125645, 0.06817871207753738, 0.05084875663784871, 1.0, 0.9407117035273133, 0.05293689742054776, 0.05350101635574775], [0.04364219270591854, 0.05588081859516066, 0.059690431981622605, 0.04710705014501189, 0.056819179966339096, 0.04757571767330332, 0.050632182127409074, 0.05197773312279591, 0.056875931567223884, 0.055066110151496206, 0.05171337412403634, 0.060411574283599216, 0.05638361039216836, 0.051499160690435856, 0.05822938601490065, 0.053083629977902426, 0.9407117035273133, 1.0, 0.06087984207480423, 0.05396314285745901], [0.05935701805539111, 0.04944965470461504, 0.053441730781360136, 0.06242519245473427, 0.05949774210788973, 0.0573004219231863, 0.049392522731070164, 0.05741673158360065, 0.06347138325076711, 0.06214883719386225, 0.049017980146483585, 0.04798391424768097, 0.06507404956629217, 0.06091657362520872, 0.06514955699725246, 0.04967251435457261, 0.05293689742054776, 0.06087984207480423, 1.0, 0.9673369708947139], [0.054135732456659647, 0.044763459382839134, 