{"model": "LSING", "dataset": "dim20_cop_gau", "N": 400, "seed": 120, "metrics": {"TP": 19, "FP": 11, "FN": 0, "TN": 160, "TPR": 1.0, "FDR": 0.36666666666666664, "FPR": 0.06432748538011696, "Hamming": 11}, "omega": [[1.0, 0.674327728810063, 0.2738471414147287, 0.14922165479115937, 0.07100637852047566, 0.07120547893014254, 0.05043498291798215, 0.07435722199168245, 0.20259189099967753, 0.046444139865538095, 0.08738830545879364, 0.06982827732557802, 0.05482309256829848, 0.05909640602598129, 0.11382708754164077, 0.07745929124103187, 0.06077536387573217, 0.10226829911397388, 0.07705387349307999, 0.07247095198892475], [0.674327728810063, 1.0, 0.5002181502072123, 0.16529308196726342, 0.0845421296872016, 0.0791430386714797, 0.0857165554938907, 0.10874967257934375, 0.17398770475566006, 0.05651877867978493, 0.09358830191074172, 0.06319109597847994, 0.0646008189806771, 0.09482802192950762, 0.1391459650908155, 0.13164227298971964, 0.07850493918636108, 0.12254076736259902, 0.08284968034106908, 0.07972257070079496], [0.2738471414147287, 0.5002181502072123, 1.0, 0.5635787463355005, 0.1248829591436033, 0.05265429337579574, 0.06476387996610423, 0.12676867928513294, 0.17906356780699106, 0.05423445165363963, 0.09106607398764832, 0.09476606848614204, 0.0981798457454039, 0.09171368751901543, 0.12833605871568682, 0.14860257978102964, 0.07878653686777572, 0.11619361068198622, 0.14979249394856015, 0.13411628314762444], [0.14922165479115937, 0.16529308196726342, 0.5635787463355005, 1.0, 0.9544249546936053, 0.20025554511172936, 0.10476983127334577, 0.1743265060923322, 0.21854409596201305, 0.13463858258161757, 0.17109904496918504, 0.10436807082606202, 0.11369871664993979, 0.15550595726889485, 0.1409585428364904, 0.16296657208378276, 0.12122078569207835, 0.2757689932269541, 0.21940568871377705, 0.1444059050407602], [0.07100637852047566, 0.0845421296872016, 0.1248829591436033, 0.9544249546936053, 1.0, 0.6060742359540771, 0.10090185778719114, 0.19809028565088216, 0.18028754443059597, 0.11078142790452546, 0.1993365244192069, 0.1254779596374655, 0.12747710674482066, 0.1181525256732378, 0.10728884684926478, 0.09271206186876474, 0.12878525192890594, 0.18599560319386027, 0.0795287554704319, 0.14075887809556317], [0.07120547893014254, 0.0791430386714797, 0.05265429337579574, 0.20025554511172936, 0.6060742359540771, 1.0, 0.5542754271676535, 0.12013371727924149, 0.17298061582894778, 0.0543405884363084, 0.11067793461588561, 0.10326661196608583, 0.07722100055758822, 0.07838191858910934, 0.060808796885400786, 0.0848425782032173, 0.15597765138236705, 0.09913184364157696, 0.07532952315195042, 0.06458061881556246], [0.05043498291798215, 0.0857165554938907, 0.06476387996610423, 0.10476983127334577, 0.10090185778719114, 0.5542754271676535, 1.0, 0.6554123578648519, 0.3029626479557187, 0.0632460622049904, 0.08426456914480343, 0.09489986202245385, 0.06348509809509838, 0.12598292397274274, 0.07794199162283524, 0.08327176213998813, 0.06431723528732694, 0.08228695706304416, 0.08384277132026861, 0.06945137458506097], [0.07435722199168245, 0.10874967257934375, 0.12676867928513294, 0.1743265060923322, 0.19809028565088216, 0.12013371727924149, 0.6554123578648519, 1.0, 1.0, 0.17307066645756505, 0.09591483349927084, 0.10607711187300012, 0.13462171052393584, 0.09275483890180211, 0.09747367199324955, 0.13396340002117835, 0.10705491164554858, 0.23775673201613015, 0.13722566157204805, 0.10542027731353895], [0.20259189099967753, 0.17398770475566006, 0.17906356780699106, 0.21854409596201305, 0.18028754443059597, 0.17298061582894778, 0.3029626479557187, 1.0, 1.0, 0.608023949813529, 0.1293430572046971, 0.15733118905783103, 0.27162057242695403, 0.16917607353820913, 0.19821079750628093, 0.19661543845948795, 0.14029362676398013, 0.19917163840095378, 0.18028396671510558, 0.13269281723223414], [0.046444139865538095, 0.05651877867978493, 0.05423445165363963, 0.13463858258161757, 0.11078142790452546, 0.0543405884363084, 0.0632460622049904, 0.17307066645756505, 0.608023949813529, 1.0, 0.48943891668308775, 0.17990956548142537, 0.08075443232283407, 0.050915113060295204, 0.07081075091856488, 0.10790151706134017, 0.09642713956719497, 0.059838895941743415, 0.044491979666247544, 0.05528060243259186], [0.08738830545879364, 0.09358830191074172, 0.09106607398764832, 0.17109904496918504, 0.1993365244192069, 0.11067793461588561, 0.08426456914480343, 0.09591483349927084, 0.1293430572046971, 0.48943891668308775, 1.0, 0.5479730335320137, 0.18900558696629782, 0.10607891520077763, 0.12963568466824543, 0.07513561929263941, 0.08174839693023474, 0.07068598125615681, 0.10344277375702206, 0.07401217140980339], [0.06982827732557802, 0.06319109597847994, 0.09476606848614204, 0.10436807082606202, 0.1254779596374655, 0.10326661196608583, 0.09489986202245385, 0.10607711187300012, 0.15733118905783103, 0.17990956548142537, 0.5479730335320137, 1.0, 0.6034303874093586, 0.16147793495159035, 0.11097212484292418, 0.08820081586093813, 0.0683323925159488, 0.0825493656728523, 0.05320544062796699, 0.0757763686024261], [0.05482309256829848, 0.0646008189806771, 0.0981798457454039, 0.11369871664993979, 0.12747710674482066, 0.07722100055758822, 0.06348509809509838, 0.13462171052393584, 0.27162057242695403, 0.08075443232283407, 0.18900558696629782, 0.6034303874093586, 1.0, 0.5281973612854227, 0.22685723805341831, 0.07481469025463292, 0.09274128409902908, 0.08308199128365769, 0.09123814618570093, 0.11001008836183114], [0.05909640602598129, 0.09482802192950762, 0.09171368751901543, 0.15550595726889485, 0.1181525256732378, 0.07838191858910934, 0.12598292397274274, 0.09275483890180211, 0.16917607353820913, 0.050915113060295204, 0.10607891520077763, 0.16147793495159035, 0.5281973612854227, 1.0, 0.4307504769395002, 0.19925326385325443, 0.07695473930167566, 0.07810020333868213, 0.07840934291785828, 0.09199268602087511], [0.11382708754164077, 0.1391459650908155, 0.12833605871568682, 0.1409585428364904, 0.10728884684926478, 0.060808796885400786, 0.07794199162283524, 0.09747367199324955, 0.19821079750628093, 0.07081075091856488, 0.12963568466824543, 0.11097212484292418, 0.22685723805341831, 0.4307504769395002, 1.0, 0.46124243806963633, 0.15786985771588283, 0.11757384375832117, 0.05751260491750157, 0.08649810726189279], [0.07745929124103187, 0.13164227298971964, 0.14860257978102964, 0.16296657208378276, 0.09271206186876474, 0.0848425782032173, 0.08327176213998813, 0.13396340002117835, 0.19661543845948795, 0.10790151706134017, 0.07513561929263941, 0.08820081586093813, 0.07481469025463292, 0.19925326385325443, 0.46124243806963633, 1.0, 0.35949374334613654, 0.13049884741851583, 0.11116343675769638, 0.06409148831314816], [0.06077536387573217, 0.07850493918636108, 0.07878653686777572, 0.12122078569207835, 0.12878525192890594, 0.15597765138236705, 0.06431723528732694, 0.10705491164554858, 0.14029362676398013, 0.09642713956719497, 0.08174839693023474, 0.0683323925159488, 0.09274128409902908, 0.07695473930167566, 0.15786985771588283, 0.35949374334613654, 1.0, 0.5271206317106765, 0.08226249185590406, 0.0926458343396035], [0.10226829911397388, 0.12254076736259902, 0.11619361068198622, 0.2757689932269541, 0.18599560319386027, 0.09913184364157696, 0.08228695706304416, 0.23775673201613015, 0.19917163840095378, 0.059838895941743415, 0.07068598125615681, 0.0825493656728523, 0.08308199128365769, 0.07810020333868213, 0.11757384375832117, 0.13049884741851583, 0.5271206317106765, 1.0, 0.5369915813062579, 0.22669182387898562], [0.07705387349307999, 0.08284968034106908, 0.14979249394856015, 0.21940568871377705, 0.0795287554704319, 0.07532952315195042, 0.08384277132026861, 0.13722566157204805, 0.18028396671510558, 0.044491979666247544, 0.10344277375702206, 0.05320544062796699, 0.09123814618570093, 0.07840934291785828, 0.05751260491750157, 0.11116343675769638, 0.08226249185590406, 0.5369915813062579, 1.0, 0.6309609985456749], [0.07247095198892475, 0.07972257070079496, 0.13411628314762444, 0.1444059050407602, 0.14075887809556317, 0.06458061881556246, 0.06945137458506097, 0.10542027731353895, 