{"model": "LSING", "dataset": "dim20_cop_gau", "N": 400, "seed": 1234560, "metrics": {"TP": 19, "FP": 24, "FN": 0, "TN": 147, "TPR": 1.0, "FDR": 0.5581395348837209, "FPR": 0.14035087719298245, "Hamming": 24}, "omega": [[1.0, 0.7934303447925511, 0.14790208864020668, 0.14731513937573026, 0.10350841026031801, 0.14803119080795105, 0.2295630583556494, 0.1341510726234279, 0.150884184065954, 0.23974858120514103, 0.2542680143403511, 0.12472499963713686, 0.1621806713693729, 0.14387991407400957, 0.11821547538699353, 0.11116287202542945, 0.15016952058522567, 0.15146673361491514, 0.09430990688931949, 0.11025016011335845], [0.7934303447925511, 1.0, 0.5189790482825688, 0.151456591590284, 0.08711751277278236, 0.08759750586023964, 0.13726709176082966, 0.08717473628921643, 0.0884089698859884, 0.07604279834606983, 0.1350872527087733, 0.1743562807980086, 0.11661853740756062, 0.1155362300697423, 0.07150755344973983, 0.07011726829374497, 0.09440624478384244, 0.11236987274389845, 0.085473955952044, 0.1063009391805099], [0.14790208864020668, 0.5189790482825688, 1.0, 0.6234982909146328, 0.10525968300276502, 0.10399387577743427, 0.18518980917027716, 0.10785739750930744, 0.0722932655323565, 0.1573338857924568, 0.10977256192259403, 0.10615567372798328, 0.11285550608521477, 0.11233398104402981, 0.0843810734217268, 0.10223166724724768, 0.07754599063450247, 0.10814513890400819, 0.09511890344574833, 0.08199819883811224], [0.14731513937573026, 0.151456591590284, 0.6234982909146328, 1.0, 0.5884112763347921, 0.15062360751271836, 0.20732732250549737, 0.17099615909371305, 0.11916443959417387, 0.15611086466656507, 0.21844654209575232, 0.15139746304238968, 0.22399474211316975, 0.14126301317918907, 0.11803220682472985, 0.16074364263786986, 0.10475323719274564, 0.12856191442961543, 0.10570336482985347, 0.20173120641106587], [0.10350841026031801, 0.08711751277278236, 0.10525968300276502, 0.5884112763347921, 1.0, 0.3431481824185554, 0.22145831065438737, 0.11097929276160617, 0.07616731029515288, 0.07845915839338719, 0.15484133582620307, 0.12142243256188631, 0.13983807686166932, 0.07526345451147737, 0.0986527798944794, 0.1321640839883013, 0.0648015660265761, 0.11824224334690442, 0.08502240226281452, 0.09765563199872272], [0.14803119080795105, 0.08759750586023964, 0.10399387577743427, 0.15062360751271836, 0.3431481824185554, 1.0, 0.4088506673053058, 0.2410926806876982, 0.1303846802812915, 0.13750038100629206, 0.10867897407705762, 0.10520997528902049, 0.16873584833772398, 0.1149878576923356, 0.13339096960658378, 0.09669190606562017, 0.0745097492252872, 0.09631831352100614, 0.08388878834556182, 0.12550692660367363], [0.2295630583556494, 0.13726709176082966, 0.18518980917027716, 0.20732732250549737, 0.22145831065438737, 0.4088506673053058, 1.0, 0.8676368719746286, 0.2582199386035575, 0.248118019420435, 0.13920466297271994, 0.24410669446198283, 0.16785825930925374, 0.2999548144680789, 0.15537383067354654, 0.1776438162678801, 0.11392089039356136, 0.15278955571037717, 0.18089155018760025, 0.21085456082674736], [0.1341510726234279, 0.08717473628921643, 0.10785739750930744, 0.17099615909371305, 0.11097929276160617, 0.2410926806876982, 0.8676368719746286, 1.0, 0.5268320596837285, 0.12288923874942849, 0.1442180889087254, 0.09241950108133214, 0.11280090425493312, 0.13415698275674381, 0.10876007171989868, 0.17469693670941194, 0.20108613554389557, 0.11894957926019464, 0.07291634462563411, 0.09747474245788973], [0.150884184065954, 0.0884089698859884, 0.0722932655323565, 0.11916443959417387, 0.07616731029515288, 0.1303846802812915, 0.2582199386035575, 0.5268320596837285, 1.0, 0.5531559476896504, 0.14539830579202137, 0.11343383961812284, 0.12248500921672363, 0.0926135081245056, 0.10523826047041576, 0.07217070170473101, 0.08367109994702199, 0.17147937939517974, 0.10498804819548163, 0.08607052335750001], [0.23974858120514103, 0.07604279834606983, 0.1573338857924568, 0.15611086466656507, 0.07845915839338719, 0.13750038100629206, 0.248118019420435, 0.12288923874942849, 0.5531559476896504, 1.0, 0.933160138758863, 0.3600123282750212, 0.12970020701341867, 0.21379879148432795, 0.0844208817755619, 0.10860842441198029, 0.2135175226608028, 0.14026723735966268, 0.15460422517834724, 0.08087301922086028], [0.2542680143403511, 0.1350872527087733, 0.10977256192259403, 0.21844654209575232, 0.15484133582620307, 0.10867897407705762, 0.13920466297271994, 0.1442180889087254, 0.14539830579202137, 0.933160138758863, 1.0, 0.8036942188645286, 0.1470926543801209, 0.13686759759204023, 0.21168332662036532, 0.165518581314, 0.1214490395012809, 0.158441951877091, 0.16431975862344242, 0.11524546557154572], [0.12472499963713686, 0.1743562807980086, 0.10615567372798328, 0.15139746304238968, 0.12142243256188631, 0.10520997528902049, 0.24410669446198283, 0.09241950108133214, 0.11343383961812284, 0.3600123282750212, 0.8036942188645286, 1.0, 0.6299685941956413, 0.23188368603630083, 0.15994080795105703, 0.17575152130369467, 0.1110801414984796, 0.2036729097269092, 0.07081194028361383, 0.15921203363015538], [0.1621806713693729, 0.11661853740756062, 0.11285550608521477, 0.22399474211316975, 0.13983807686166932, 0.16873584833772398, 0.16785825930925374, 0.11280090425493312, 0.12248500921672363, 0.12970020701341867, 0.1470926543801209, 0.6299685941956413, 1.0, 1.0, 0.1797991915409346, 0.1256190309014246, 0.12617908747178738, 0.2355751743557365, 0.17729338346287546, 0.14825055971638618], [0.14387991407400957, 0.1155362300697423, 0.11233398104402981, 0.14126301317918907, 0.07526345451147737, 0.1149878576923356, 0.2999548144680789, 0.13415698275674381, 0.0926135081245056, 0.21379879148432795, 0.13686759759204023, 0.23188368603630083, 1.0, 1.0, 0.471338801680782, 0.17778394493914784, 0.15112090236804482, 0.10473457015232994, 0.17249151807421276, 0.10062487980158644], [0.11821547538699353, 0.07150755344973983, 0.0843810734217268, 0.11803220682472985, 0.0986527798944794, 0.13339096960658378, 0.15537383067354654, 0.10876007171989868, 0.10523826047041576, 0.0844208817755619, 0.21168332662036532, 0.15994080795105703, 0.1797991915409346, 0.471338801680782, 1.0, 0.494754468659511, 0.17139131251224662, 0.11620300468819171, 0.11459428272844048, 0.12254338028782304], [0.11116287202542945, 0.07011726829374497, 0.10223166724724768, 0.16074364263786986, 0.1321640839883013, 0.09669190606562017, 0.1776438162678801, 0.17469693670941194, 0.07217070170473101, 0.10860842441198029, 0.165518581314, 0.17575152130369467, 0.1256190309014246, 0.17778394493914784, 0.494754468659511, 1.0, 0.5884240128308404, 0.15218361963234708, 0.07759248474160516, 0.13916384540578985], [0.15016952058522567, 0.09440624478384244, 0.07754599063450247, 0.10475323719274564, 0.0648015660265761, 0.0745097492252872, 0.11392089039356136, 0.20108613554389557, 0.08367109994702199, 0.2135175226608028, 0.1214490395012809, 0.1110801414984796, 0.12617908747178738, 0.15112090236804482, 0.17139131251224662, 0.5884240128308404, 1.0, 0.49132786135725326, 0.23348773159739608, 0.1555657217710624], [0.15146673361491514, 0.11236987274389845, 0.10814513890400819, 0.12856191442961543, 0.11824224334690442, 0.09631831352100614, 0.15278955571037717, 0.11894957926019464, 0.17147937939517974, 0.14026723735966268, 0.158441951877091, 0.2036729097269092, 0.2355751743557365, 0.10473457015232994, 0.11620300468819171, 0.15218361963234708, 0.49132786135725326, 1.0, 0.5731000123373466, 0.27451053391681723], [0.09430990688931949, 0.085473955952044, 0.09511890344574833, 0.10570336482985347, 0.08502240226281452, 0.08388878834556182, 0.18089155018760025, 0.07291634462563411, 0.10498804819548163, 0.15460422517834724, 0.16431975862344242, 0.07081194028361383, 0.17729338346287546, 0.17249151807421276, 0.11459428272844048, 0.07759248474160516, 0.23348773159739608, 0.5731000123373466, 1.0, 0.7491991610604313], [0.11025016011335845, 0.1063009391805099, 0.08199819883811224, 0.20173120641106587, 0.09765563199872272, 0.12550692660367363, 0.21085456082674736, 0.09747474245788973, 0.08607052335750001, 0.08087301922086028, 0.11524546557154572, 