{"model": "LSING", "dataset": "dim20_cop_gau", "N": 400, "seed": 1230, "metrics": {"TP": 19, "FP": 23, "FN": 0, "TN": 148, "TPR": 1.0, "FDR": 0.5476190476190477, "FPR": 0.13450292397660818, "Hamming": 23}, "omega": [[1.0, 0.8846932753698206, 0.24040419852565628, 0.1736588924324233, 0.1019056170985486, 0.08631186217552592, 0.17904250100179606, 0.11688126161598923, 0.07081227471310499, 0.1821562102837099, 0.11683967965656994, 0.09251630663351519, 0.21415768918316583, 0.12006065027190714, 0.09612875278893142, 0.10375682502858478, 0.08407493932569905, 0.07966143728350422, 0.1252842972338239, 0.10142603019719597], [0.8846932753698206, 1.0, 0.6348315693283497, 0.16658195453533856, 0.2247713060607254, 0.14841920471928768, 0.17194588078189477, 0.09610675058935614, 0.07337730383786345, 0.1644996087369118, 0.129726052932965, 0.16863341422719172, 0.2577082618322897, 0.10037827861588983, 0.15420608601255167, 0.06315108440123854, 0.12513434284211256, 0.12012415628768457, 0.13542868607025263, 0.13187445905357936], [0.24040419852565628, 0.6348315693283497, 1.0, 0.9163506164249541, 0.20506544260005613, 0.11224834074599892, 0.13748935689382588, 0.10718614499661483, 0.09837110903432487, 0.09582268045925707, 0.10024252431191771, 0.15918690048523812, 0.213509813537781, 0.12468766156110143, 0.15100696619430654, 0.09240855446300919, 0.06301640212452653, 0.1524983490291799, 0.1511789056917644, 0.17125160760133457], [0.1736588924324233, 0.16658195453533856, 0.9163506164249541, 1.0, 1.0, 0.10236374636087038, 0.17366321472912122, 0.08124726596419041, 0.10423640948796188, 0.13515721164996589, 0.1971148635353742, 0.18877603478029564, 0.15128782268460084, 0.15300807967654334, 0.14958897449217848, 0.10742419365577101, 0.12646704610668613, 0.3257945934427213, 0.13056101320807914, 0.13910423043153186], [0.1019056170985486, 0.2247713060607254, 0.20506544260005613, 1.0, 1.0, 0.5893457701389136, 0.25344889972787404, 0.1292929636877847, 0.12741252042663695, 0.175142670955479, 0.15437777154455382, 0.08296991365018219, 0.20924505955138292, 0.14534312139642555, 0.09939246286009176, 0.07398317017811028, 0.1324136814394856, 0.15815371284602597, 0.1749887337016692, 0.14076930121834652], [0.08631186217552592, 0.14841920471928768, 0.11224834074599892, 0.10236374636087038, 0.5893457701389136, 1.0, 0.5964360363384714, 0.21843692896844077, 0.06944663896645906, 0.07234786218912284, 0.10882200975602438, 0.10511609210303402, 0.1405118290857806, 0.07014940289595636, 0.13922011193859568, 0.07262144891824782, 0.049767457751478936, 0.11150171649390764, 0.1312091525868218, 0.10609098978621266], [0.17904250100179606, 0.17194588078189477, 0.13748935689382588, 0.17366321472912122, 0.25344889972787404, 0.5964360363384714, 1.0, 0.4799411245559121, 0.1660537210393423, 0.17884246901777726, 0.07325934420961887, 0.0951472959594643, 0.13409273986216788, 0.1090903657735522, 0.08545533681445737, 0.08095470508515423, 0.09186470941741419, 0.07086101410281898, 0.205821175420895, 0.15347688769788206], [0.11688126161598923, 0.09610675058935614, 0.10718614499661483, 0.08124726596419041, 0.1292929636877847, 0.21843692896844077, 0.4799411245559121, 1.0, 0.42836740221314096, 0.19495690440646476, 0.08731547016507599, 0.07000057425496693, 0.12828200535187265, 0.0631458195019839, 0.14001652318790567, 0.07964395518064524, 0.09808555174112465, 0.10753748666876715, 0.1433242327742655, 0.12909057763934967], [0.07081227471310499, 0.07337730383786345, 0.09837110903432487, 0.10423640948796188, 0.12741252042663695, 0.06944663896645906, 0.1660537210393423, 0.42836740221314096, 1.0, 0.5652559745178095, 0.19313489761988265, 0.13774474357928443, 0.1342630432360169, 0.08479101934779171, 0.11485642678340013, 0.07380357997129956, 0.06722149620661566, 0.0859110582889011, 0.07683394218620966, 0.10082728954156188], [0.1821562102837099, 0.1644996087369118, 0.09582268045925707, 0.13515721164996589, 0.175142670955479, 0.07234786218912284, 0.17884246901777726, 0.19495690440646476, 0.5652559745178095, 1.0, 0.6044279580489702, 0.22557816408137646, 0.18547157790534918, 0.09211719015198543, 0.20493149535798033, 0.11458648836572526, 0.1622869688918104, 0.18575706438125889, 0.1668277247211381, 0.18682827113758396], [0.11683967965656994, 0.129726052932965, 0.10024252431191771, 0.1971148635353742, 0.15437777154455382, 0.10882200975602438, 0.07325934420961887, 0.08731547016507599, 0.19313489761988265, 0.6044279580489702, 1.0, 0.43765876748141913, 0.18641170429887718, 0.12487982549994467, 0.15443198340144296, 0.10149894514471186, 0.11813659088571898, 0.111272703144233, 0.11383178117461133, 0.14136388318964357], [0.09251630663351519, 0.16863341422719172, 0.15918690048523812, 0.18877603478029564, 0.08296991365018219, 0.10511609210303402, 0.0951472959594643, 0.07000057425496693, 0.13774474357928443, 0.22557816408137646, 0.43765876748141913, 1.0, 0.5925253199652168, 0.2544144470867271, 0.2022514955830328, 0.08183181874196296, 0.09635787602750516, 0.09018983409882429, 0.11790608060504106, 0.13323262479706208], [0.21415768918316583, 0.2577082618322897, 0.213509813537781, 0.15128782268460084, 0.20924505955138292, 0.1405118290857806, 0.13409273986216788, 0.12828200535187265, 0.1342630432360169, 0.18547157790534918, 0.18641170429887718, 0.5925253199652168, 1.0, 0.7379940761189953, 0.2900442376566537, 0.11957204027095067, 0.21709556645861816, 0.14078048546629934, 0.2363912122169731, 0.243597999721185], [0.12006065027190714, 0.10037827861588983, 0.12468766156110143, 0.15300807967654334, 0.14534312139642555, 0.07014940289595636, 0.1090903657735522, 0.0631458195019839, 0.08479101934779171, 0.09211719015198543, 0.12487982549994467, 0.2544144470867271, 0.7379940761189953, 1.0, 0.6385397970901967, 0.21259256845502109, 0.09155804368768469, 0.17489642214247447, 0.15175704828375616, 0.09948600029100534], [0.09612875278893142, 0.15420608601255167, 0.15100696619430654, 0.14958897449217848, 0.09939246286009176, 0.13922011193859568, 0.08545533681445737, 0.14001652318790567, 0.11485642678340013, 0.20493149535798033, 0.15443198340144296, 0.2022514955830328, 0.2900442376566537, 0.6385397970901967, 1.0, 0.43740741982349635, 0.14729379587397562, 0.11760863821690931, 0.146071211054202, 0.11777941533401225], [0.10375682502858478, 0.06315108440123854, 0.09240855446300919, 0.10742419365577101, 0.07398317017811028, 0.07262144891824782, 0.08095470508515423, 0.07964395518064524, 0.07380357997129956, 0.11458648836572526, 0.10149894514471186, 0.08183181874196296, 0.11957204027095067, 0.21259256845502109, 0.43740741982349635, 1.0, 0.357963538140454, 0.2080399446245906, 0.09667848787951816, 0.09518562520747025], [0.08407493932569905, 0.12513434284211256, 0.06301640212452653, 0.12646704610668613, 0.1324136814394856, 0.049767457751478936, 0.09186470941741419, 0.09808555174112465, 0.06722149620661566, 0.1622869688918104, 0.11813659088571898, 0.09635787602750516, 0.21709556645861816, 0.09155804368768469, 0.14729379587397562, 0.357963538140454, 1.0, 0.45666519054129495, 0.27148869119175906, 0.18745640585273943], [0.07966143728350422, 0.12012415628768457, 0.1524983490291799, 0.3257945934427213, 0.15815371284602597, 0.11150171649390764, 0.07086101410281898, 0.10753748666876715, 0.0859110582889011, 0.18575706438125889, 0.111272703144233, 0.09018983409882429, 0.14078048546629934, 0.17489642214247447, 0.11760863821690931, 0.2080399446245906, 0.45666519054129495, 1.0, 0.7670848422788562, 0.2601684349695273], [0.1252842972338239, 0.13542868607025263, 0.1511789056917644, 0.13056101320807914, 0.1749887337016692, 0.1312091525868218, 0.205821175420895, 0.1433242327742655, 0.07683394218620966, 0.1668277247211381, 0.11383178117461133, 0.11790608060504106, 0.2363912122169731, 0.15175704828375616, 0.146071211054202, 0.09667848787951816, 0.27148869119175906, 0.7670848422788562, 1.0, 0.8545737146847359], [0.10142603019719597, 0.13187445905357936, 0.17125160760133457, 0.13910423043153186, 0.14076930121834652, 0.10609098978621266, 0.15347688769788206, 0.12909057763934967, 0.10082728954156188, 0.18682827113758396, 