{"model": "LSING", "dataset": "dim20_cop_gau", "N": 400, "seed": 123450, "metrics": {"TP": 19, "FP": 15, "FN": 0, "TN": 156, "TPR": 1.0, "FDR": 0.4411764705882353, "FPR": 0.08771929824561403, "Hamming": 15}, "omega": [[1.0, 0.641248280446274, 0.1061612483155448, 0.0839490814041129, 0.09637976220056998, 0.08521008616406889, 0.1954821674557725, 0.14470406361683638, 0.12456912638099786, 0.10336619104085597, 0.07009485557722994, 0.12139391599586953, 0.10564381921637582, 0.12138311222983494, 0.09725984606975914, 0.08739633477027339, 0.10569181919719699, 0.08182455489345732, 0.12966097500141727, 0.1529615958787307], [0.641248280446274, 1.0, 0.5058282988096992, 0.09361269756985618, 0.14823543005992854, 0.06423960219389625, 0.23586822746065683, 0.12191233615842022, 0.111728615414102, 0.10052970104921725, 0.07374770758813594, 0.11130480067341543, 0.12251165529709354, 0.14410343611780935, 0.10515160935061171, 0.20715770104508063, 0.13872511925587105, 0.10029434504091783, 0.16354733972107763, 0.14091594124744372], [0.1061612483155448, 0.5058282988096992, 1.0, 0.33073199173592593, 0.0783306314516855, 0.05891464410608418, 0.15951141820966225, 0.10103669460352906, 0.07723422155802434, 0.065747040935446, 0.06094044816873267, 0.06213745099563716, 0.07347077784201017, 0.07250026825304498, 0.057820410242891536, 0.08067116864846438, 0.1272051081898062, 0.11664786623348813, 0.05182762624980144, 0.08052567623505849], [0.0839490814041129, 0.09361269756985618, 0.33073199173592593, 1.0, 0.38924455398528285, 0.120644233347683, 0.13902044047463366, 0.15255667010099508, 0.19943343139298322, 0.09123703246447865, 0.05561541173598924, 0.08346761262843828, 0.16949129131845087, 0.13215792981228022, 0.1449247495367386, 0.11337657950040941, 0.14571379267844053, 0.07532047229207718, 0.09905583311075539, 0.12143609690691391], [0.09637976220056998, 0.14823543005992854, 0.0783306314516855, 0.38924455398528285, 1.0, 0.4336790256422647, 0.11197497105076441, 0.12295081389258702, 0.1377410990834928, 0.05795893583327622, 0.10975973677857989, 0.0965217858921399, 0.06424856485404386, 0.0694645059698681, 0.07892439789334867, 0.13633821948733646, 0.09971107877868024, 0.08711517635647746, 0.11633385583134956, 0.09344349602159738], [0.08521008616406889, 0.06423960219389625, 0.05891464410608418, 0.120644233347683, 0.4336790256422647, 1.0, 0.7275648242414511, 0.21482780301163557, 0.11547185397231835, 0.050740294575061635, 0.06864587586483795, 0.12468761917243372, 0.10442301715794736, 0.07758269393684503, 0.12276218280135089, 0.09009794025221239, 0.20590567461425854, 0.14806567226265707, 0.07814208849849714, 0.08327980024173486], [0.1954821674557725, 0.23586822746065683, 0.15951141820966225, 0.13902044047463366, 0.11197497105076441, 0.7275648242414511, 1.0, 1.0, 0.2516540416943577, 0.1539512451344272, 0.15738046545601184, 0.24530483527053712, 0.14848689378611565, 0.193581546841698, 0.20687474265648673, 0.1903077119397268, 0.24469837499137032, 0.256818915625298, 0.23656540725309227, 0.19142605841416885], [0.14470406361683638, 0.12191233615842022, 0.10103669460352906, 0.15255667010099508, 0.12295081389258702, 0.21482780301163557, 1.0, 1.0, 0.8662893950828026, 0.1083003587351731, 0.11849782901494504, 0.12763144172003602, 0.1427973203463761, 0.21353836687608893, 0.12624571574660104, 0.14702857339928221, 0.23847733304076202, 0.20816643120880995, 0.11543806380342267, 0.12441881379569002], [0.12456912638099786, 0.111728615414102, 0.07723422155802434, 0.19943343139298322, 0.1377410990834928, 0.11547185397231835, 0.2516540416943577, 0.8662893950828026, 1.0, 0.48643817900180975, 0.1870418094620558, 0.097878375385602, 0.10839238660879547, 0.15110230613319534, 0.16252136583795593, 0.12284482886944284, 0.17149016822819083, 0.1162576144613963, 0.18783905531807119, 0.11606258650651459], [0.10336619104085597, 0.10052970104921725, 0.065747040935446, 0.09123703246447865, 0.05795893583327622, 0.050740294575061635, 0.1539512451344272, 0.1083003587351731, 0.48643817900180975, 1.0, 0.29849426682760594, 0.1812044500610448, 0.05977717871064863, 0.10843858269757205, 0.10304503362235405, 0.07759611638221033, 0.15853401622536065, 0.11744148471918152, 0.08389570500237714, 0.12729791167824903], [0.07009485557722994, 0.07374770758813594, 0.06094044816873267, 0.05561541173598924, 0.10975973677857989, 0.06864587586483795, 0.15738046545601184, 0.11849782901494504, 0.1870418094620558, 0.29849426682760594, 1.0, 0.41434614464122704, 0.16299210135803419, 0.10312958934814792, 0.08474778251722828, 0.12352697035230369, 0.11517270168641225, 0.11346665854386419, 0.05035791255132494, 0.10012808142758504], [0.12139391599586953, 0.11130480067341543, 0.06213745099563716, 0.08346761262843828, 0.0965217858921399, 0.12468761917243372, 0.24530483527053712, 0.12763144172003602, 0.097878375385602, 0.1812044500610448, 0.41434614464122704, 1.0, 0.5654373218769226, 0.16196501301826385, 0.1044105328931351, 0.06727164113421022, 0.1312034770169973, 0.11141908242479066, 0.13842636261186833, 0.1561869470199296], [0.10564381921637582, 0.12251165529709354, 0.07347077784201017, 0.16949129131845087, 0.06424856485404386, 0.10442301715794736, 0.14848689378611565, 0.1427973203463761, 0.10839238660879547, 0.05977717871064863, 0.16299210135803419, 0.5654373218769226, 1.0, 0.6526964335412953, 0.10221549202700869, 0.11781422248186776, 0.12537593031863917, 0.09316683656548481, 0.08566356229576848, 0.13901293503020934], [0.12138311222983494, 0.14410343611780935, 0.07250026825304498, 0.13215792981228022, 0.0694645059698681, 0.07758269393684503, 0.193581546841698, 0.21353836687608893, 0.15110230613319534, 0.10843858269757205, 0.10312958934814792, 0.16196501301826385, 0.6526964335412953, 1.0, 0.49284032309575043, 0.21595534326377275, 0.15840924800492281, 0.08962532053653492, 0.1023235688598202, 0.10189331416577581], [0.09725984606975914, 0.10515160935061171, 0.057820410242891536, 0.1449247495367386, 0.07892439789334867, 0.12276218280135089, 0.20687474265648673, 0.12624571574660104, 0.16252136583795593, 0.10304503362235405, 0.08474778251722828, 0.1044105328931351, 0.10221549202700869, 0.49284032309575043, 1.0, 0.5162422674727921, 0.21757411407003202, 0.15523193405838748, 0.05667599057529279, 0.07486832802421071], [0.08739633477027339, 0.20715770104508063, 0.08067116864846438, 0.11337657950040941, 0.13633821948733646, 0.09009794025221239, 0.1903077119397268, 0.14702857339928221, 0.12284482886944284, 0.07759611638221033, 0.12352697035230369, 0.06727164113421022, 0.11781422248186776, 0.21595534326377275, 0.5162422674727921, 1.0, 0.7712899922278694, 0.19563443866436434, 0.16670423501987722, 0.13221923080382306], [0.10569181919719699, 0.13872511925587105, 0.1272051081898062, 0.14571379267844053, 0.09971107877868024, 0.20590567461425854, 0.24469837499137032, 0.23847733304076202, 0.17149016822819083, 0.15853401622536065, 0.11517270168641225, 0.1312034770169973, 0.12537593031863917, 0.15840924800492281, 0.21757411407003202, 0.7712899922278694, 1.0, 0.7470750781670884, 0.12941251188610126, 0.1068113937284381], [0.08182455489345732, 0.10029434504091783, 0.11664786623348813, 0.07532047229207718, 0.08711517635647746, 0.14806567226265707, 0.256818915625298, 0.20816643120880995, 0.1162576144613963, 0.11744148471918152, 0.11346665854386419, 0.11141908242479066, 0.09316683656548481, 0.08962532053653492, 0.15523193405838748, 0.19563443866436434, 0.7470750781670884, 1.0, 0.5103249844900539, 0.1016155461288845], [0.12966097500141727, 0.16354733972107763, 0.05182762624980144, 0.09905583311075539, 0.11633385583134956, 0.07814208849849714, 0.23656540725309227, 0.11543806380342267, 0.18783905531807119, 0.08389570500237714, 0.05035791255132494, 0.13842636261186833, 0.08566356229576848, 0.1023235688598202, 0.05667599057529279, 0.16670423501987722, 0.12941251188610126, 0.5103249844900539, 1.0, 0.5353127399607316], [0.1529615958787307, 0.14091594124744372, 0.08052567623505849, 0.12143609690691391, 0.09344349602159738, 0.08327980024173486, 0.19142605841416885, 0.12441881379569002, 0.11606258650651459, 