{"model": "SING", "dataset": "dim6_butterfly", "N": 2000, "seed": 120, "metrics": {"TP": 0, "FP": 0, "FN": 3, "TN": 12, "TPR": 0.0, "FDR": 0.0, "FPR": 0.0, "Hamming": 3}, "omega": [[447.23023835894566, 0.0, 0.0, 0.0, 0.0, 0.0], [0.0, 598.1842370372593, 0.0, 0.0, 0.0, 0.0], [0.0, 0.0, 448.39871503820365, 0.0, 0.0, 0.0], [0.0, 0.0, 0.0, 597.9647448310407, 0.0, 0.0], [0.0, 0.0, 0.0, 0.0, 447.5252625728927, 0.0], [0.0, 0.0, 0.0, 0.0, 0.0, 605.1797123301847]], "meta_info": {"source": "pretrained", "p_order": 2}}