{"model": "SING", "dataset": "dim6_butterfly", "N": 2000, "seed": 1234560, "metrics": {"TP": 0, "FP": 0, "FN": 3, "TN": 12, "TPR": 0.0, "FDR": 0.0, "FPR": 0.0, "Hamming": 3}, "omega": [[448.86134087667125, 0.0, 0.0, 0.0, 0.0, 0.0], [0.0, 584.8257628323292, 0.0, 0.0, 0.0, 0.0], [0.0, 0.0, 447.15529252162355, 0.0, 0.0, 0.0], [0.0, 0.0, 0.0, 601.7142264840322, 0.0, 0.0], [0.0, 0.0, 0.0, 0.0, 444.25223142535134, 0.0], [0.0, 0.0, 0.0, 0.0, 0.0, 597.6874885502029]], "meta_info": {"source": "pretrained", "p_order": 2}}