{"model": "NPN", "dataset": "dim5_cop_gau", "N": 300, "seed": 120, "metrics": {"TP": 4, "FP": 0, "FN": 0, "TN": 6, "TPR": 1.0, "FDR": 0.0, "FPR": 0.0, "Hamming": 0}, "omega": [[3.133077274490306, -2.5851816501699063, -0.0, -0.0, -0.0], [-2.5851676325554473, 5.421951167386037, -2.7438383324546267, -0.0, -0.0], [-0.0, -2.7436494113179526, 5.114990103748576, -2.271583116824616, -0.0], [-0.0, -0.0, -2.2715961698118443, 4.3821733383782115, -1.994494608062756], [-0.0, -0.0, -0.0, -1.9944964376828314, 2.556212231651054]], "meta_info": {"source": "pretrained"}}