{"model": "NPN", "dataset": "dim5_cop_gau", "N": 300, "seed": 1230, "metrics": {"TP": 4, "FP": 0, "FN": 0, "TN": 6, "TPR": 1.0, "FDR": 0.0, "FPR": 0.0, "Hamming": 0}, "omega": [[2.448873445163758, -1.8836500362822644, -0.0, -0.0, -0.0], [-1.8836420667868599, 3.948513269042432, -1.9361413802626026, -0.0, -0.0], [-0.0, -1.9361011038743028, 4.166222560077743, -2.10809670096431, -0.0], [-0.0, -0.0, -2.1080681951494444, 4.483766501901403, -2.2625966186321866], [-0.0, -0.0, -0.0, -2.2625990030555827, 2.817184381667934]], "meta_info": {"source": "pretrained"}}