{"model": "LSING", "dataset": "0.7_dim20_pair_gau", "N": 400, "seed": 1234560, "metrics": {"TP": 10, "FP": 4, "FN": 0, "TN": 176, "TPR": 1.0, "FDR": 0.2857142857142857, "FPR": 0.022222222222222223, "Hamming": 4}, "omega": [[1.0, 0.32078542308348384, 0.05991678066286198, 0.053556934609165496, 0.09451364310401214, 0.07665646880593542, 0.04186956703437172, 0.05120124051819729, 0.06447240691366556, 0.08946936971945509, 0.04459440882149649, 0.05395447778401615, 0.10654452692424767, 0.11103864222452907, 0.10984545816821233, 0.07740631011059598, 0.07094231457640211, 0.07262257387390177, 0.10643018549514759, 0.07501637098601427], [0.32078542308348384, 1.0, 0.06456334149224334, 0.04582326415849489, 0.12340701796068401, 0.05553619441343382, 0.03821247859421079, 0.039164930054427144, 0.057519767482284934, 0.11331190203998298, 0.04659017080061682, 0.06590012769852419, 0.07612807339628809, 0.11958516993390741, 0.1177820969544891, 0.06776141464583209, 0.08698497678941489, 0.057491835911487446, 0.10239325897895245, 0.09354501959874928], [0.05991678066286198, 0.06456334149224334, 1.0, 0.502392659998338, 0.08727324052551624, 0.08341178771063705, 0.055679272239589205, 0.10501759673856263, 0.08448706579903893, 0.12780142542886408, 0.09201632979962389, 0.08326120968053481, 0.09744223108161157, 0.13646529162812562, 0.15436051931999026, 0.06870295348192264, 0.11402895368719865, 0.07423885703589385, 0.11216181286954903, 0.09630601923041934], [0.053556934609165496, 0.04582326415849489, 0.502392659998338, 1.0, 0.09171322748396483, 0.06990837607586499, 0.06588782011414189, 0.07769017427366869, 0.0849206405923328, 0.12847465504154043, 0.09608068513991928, 0.08155965161630345, 0.1258436003271297, 0.1302843036456791, 0.20476669722330884, 0.1155908042700862, 0.17478328553398984, 0.05969179935813444, 0.12210689342450129, 0.15117750699020735], [0.09451364310401214, 0.12340701796068401, 0.08727324052551624, 0.09171322748396483, 1.0, 0.48339163123618656, 0.09943326983103119, 0.11631336131729336, 0.11384522026761211, 0.14114301520074707, 0.09842417737435138, 0.11185581922095304, 0.08715547265111478, 0.17282500299749232, 0.19503635208170275, 0.14862858986602823, 0.12152652954187926, 0.09243084337264545, 0.08912948058645138, 0.15485106200298634], [0.07665646880593542, 0.05553619441343382, 0.08341178771063705, 0.06990837607586499, 0.48339163123618656, 1.0, 0.09237483350669248, 0.059901576351264876, 0.0653910481190645, 0.13244708972926386, 0.12315494982907303, 0.057848356682011964, 0.10074960525106108, 0.16732950258474807, 0.15386620927333156, 0.10198636212627968, 0.1010749363069562, 0.056303502389829084, 0.08399870671972358, 0.0990029833895253], [0.04186956703437172, 0.03821247859421079, 0.055679272239589205, 0.06588782011414189, 0.09943326983103119, 0.09237483350669248, 1.0, 0.30054194108868576, 0.065927183238596, 0.15983413191085968, 0.08719255939030886, 0.07020852664267499, 0.0760402070829613, 0.1607053056287365, 0.1561703081753535, 0.07137178756080559, 0.08206588085933798, 0.06966365279299827, 0.12899983546157878, 0.08019601916793204], [0.05120124051819729, 0.039164930054427144, 0.10501759673856263, 0.07769017427366869, 0.11631336131729336, 0.059901576351264876, 0.30054194108868576, 1.0, 0.062334382723203394, 0.10689039291712846, 0.06423640941467718, 0.050752833618479175, 0.09625301289838295, 0.1416504074500898, 0.17507887901485744, 0.056321484754527903, 0.10250139051537155, 0.05285753088142086, 0.13200091821829402, 0.08710875388936065], [0.06447240691366556, 0.057519767482284934, 0.08448706579903893, 0.0849206405923328, 0.11384522026761211, 0.0653910481190645, 0.065927183238596, 0.062334382723203394, 1.0, 0.7718020226487862, 0.06202259346246665, 0.08332176800158558, 0.12424706237984354, 0.17938160965182517, 0.14454082335978824, 0.09564807700121926, 0.09002101230899984, 0.09559062578422012, 0.0849288183175798, 0.18429145978963732], [0.08946936971945509, 0.11331190203998298, 0.12780142542886408, 0.12847465504154043, 0.14114301520074707, 0.13244708972926386, 0.15983413191085968, 0.10689039291712846, 0.7718020226487862, 1.0, 0.19092150198514604, 0.15907753481259795, 0.1534741186345493, 0.26601511903022174, 0.2469342808481662, 0.16145052511612024, 0.12158003646290175, 0.09626183146384061, 0.14222278132833463, 0.1719667388654078], [0.04459440882149649, 0.04659017080061682, 0.09201632979962389, 0.09608068513991928, 0.09842417737435138, 0.12315494982907303, 0.08719255939030886, 0.06423640941467718, 0.06202259346246665, 0.19092150198514604, 1.0, 0.44720281058965966, 0.10129485885789967, 0.10717194617156275, 0.18788141428402708, 0.09197462340086417, 0.10695157697441186, 0.0734648277892758, 0.0870502453938995, 0.1924131881169565], [0.05395447778401615, 0.06590012769852419, 0.08326120968053481, 0.08155965161630345, 0.11185581922095304, 0.057848356682011964, 0.07020852664267499, 0.050752833618479175, 0.08332176800158558, 0.15907753481259795, 0.44720281058965966, 1.0, 0.07658037712233763, 0.12532965510903363, 0.18696313773181197, 0.08638041417627962, 0.0867579186877084, 0.0499735525029294, 0.06979109152876044, 0.09177162162073521], [0.10654452692424767, 0.07612807339628809, 0.09744223108161157, 0.1258436003271297, 0.08715547265111478, 0.10074960525106108, 0.0760402070829613, 0.09625301289838295, 0.12424706237984354, 0.1534741186345493, 0.10129485885789967, 0.07658037712233763, 1.0, 0.9572705527078947, 0.19874762388533074, 0.09051303086642046, 0.11563253440366854, 0.08817981581018135, 0.11502695982400533, 0.1191241296354238], [0.11103864222452907, 0.11958516993390741, 0.13646529162812562, 0.1302843036456791, 0.17282500299749232, 0.16732950258474807, 0.1607053056287365, 0.1416504074500898, 0.17938160965182517, 0.26601511903022174, 0.10717194617156275, 0.12532965510903363, 0.9572705527078947, 1.0, 0.21717111536646272, 0.13352497433273128, 0.13837502134839408, 0.17733883977765702, 0.1566919262142882, 0.14692035152808586], [0.10984545816821233, 0.1177820969544891, 0.15436051931999026, 0.20476669722330884, 0.19503635208170275, 0.15386620927333156, 0.1561703081753535, 0.17507887901485744, 0.14454082335978824, 0.2469342808481662, 0.18788141428402708, 0.18696313773181197, 0.19874762388533074, 0.21717111536646272, 1.0, 1.0, 0.1378381655533395, 0.12546128411984322, 0.19384842852516232, 0.17996492096787395], [0.07740631011059598, 0.06776141464583209, 0.06870295348192264, 0.1155908042700862, 0.14862858986602823, 0.10198636212627968, 0.07137178756080559, 0.056321484754527903, 0.09564807700121926, 0.16145052511612024, 0.09197462340086417, 0.08638041417627962, 0.09051303086642046, 0.13352497433273128, 1.0, 1.0, 0.10025403510109257, 0.08378077573616875, 0.12525851537251811, 0.14461679636927297], [0.07094231457640211, 0.08698497678941489, 0.11402895368719865, 0.17478328553398984, 0.12152652954187926, 0.1010749363069562, 0.08206588085933798, 0.10250139051537155, 0.09002101230899984, 0.12158003646290175, 0.10695157697441186, 0.0867579186877084, 0.11563253440366854, 0.13837502134839408, 0.1378381655533395, 0.10025403510109257, 1.0, 0.6144827332876727, 0.09609433266292385, 0.1797772993528006], [0.07262257387390177, 0.057491835911487446, 0.07423885703589385, 0.05969179935813444, 0.09243084337264545, 0.056303502389829084, 0.06966365279299827, 0.05285753088142086, 0.09559062578422012, 0.09626183146384061, 0.0734648277892758, 0.0499735525029294, 0.08817981581018135, 0.17733883977765702, 0.12546128411984322, 0.08378077573616875, 0.6144827332876727, 1.0, 0.07244654564082105, 0.11979778000177381], [0.10643018549514759, 0.10239325897895245, 0.11216181286954903, 0.12210689342450129, 0.08912948058645138, 0.08399870671972358, 0.12899983546157878, 0.13200091821829402, 0.0849288183175798, 0.14222278132833463, 0.0870502453938995, 0.06979109152876044, 0.11502695982400533, 0.1566919262142882, 0.19384842852516232, 0.12525851537251811, 0.09609433266292385, 0.07244654564082105, 1.0, 0.7232958302421963], [0.07501637098601427, 0.09354501959874928, 0.09630601923041934, 0.15117750699020735, 0.15485106200298634, 0.0990029833895253, 