{"model": "LSING", "dataset": "0.7_dim20_pair_gau", "N": 400, "seed": 120, "metrics": {"TP": 10, "FP": 5, "FN": 0, "TN": 175, "TPR": 1.0, "FDR": 0.3333333333333333, "FPR": 0.027777777777777776, "Hamming": 5}, "omega": [[1.0, 0.5402109323343065, 0.0716542783743454, 0.06737427809844072, 0.13185276015360406, 0.11480458694734894, 0.08295139858897214, 0.10197252417169156, 0.08350078620356839, 0.0887343931613853, 0.08390026872901729, 0.06105848717544083, 0.05803124206974564, 0.0652772822405399, 0.10237077466155604, 0.08236497638573213, 0.12079745310039326, 0.09590949214397076, 0.08037957666241391, 0.06884969529465247], [0.5402109323343065, 1.0, 0.13600986655089603, 0.058276329148505765, 0.19018117009747953, 0.09415681569927559, 0.06827780576431887, 0.08932220112616875, 0.07981261304650558, 0.1301483046459603, 0.06719654638280234, 0.06388803178621508, 0.051141489657834355, 0.0822227620503596, 0.05290548946755281, 0.04923827873872494, 0.14672568430509111, 0.13159486369221698, 0.0920370683994431, 0.06508746075799571], [0.0716542783743454, 0.13600986655089603, 1.0, 0.4356597777356118, 0.09436619713916793, 0.12795955889757474, 0.054573567620725315, 0.2206294480049258, 0.10302342156234981, 0.08299955937238744, 0.08285123610107907, 0.0625981818737257, 0.0609363931173974, 0.05269381216388153, 0.08403406601115661, 0.06905163773487678, 0.09809716181064335, 0.18344782605115495, 0.07925752420395173, 0.08796677483864834], [0.06737427809844072, 0.058276329148505765, 0.4356597777356118, 1.0, 0.0845831305784477, 0.09649614493614928, 0.03555570927161272, 0.06103588166177459, 0.047563962430694544, 0.06927191366664591, 0.05723095141094052, 0.037022795189220525, 0.04063538641644275, 0.044435809600392, 0.06846389437955437, 0.07277013723619868, 0.08773676738530092, 0.12122766967807948, 0.060338320046004076, 0.08158092052494466], [0.13185276015360406, 0.19018117009747953, 0.09436619713916793, 0.0845831305784477, 1.0, 0.9048661422077586, 0.17549970828605554, 0.13624771848397724, 0.13165838815988226, 0.21197956455326417, 0.08813554589041586, 0.11759259658633195, 0.1240127072818552, 0.06394139808706803, 0.12922962049168993, 0.09068251322569035, 0.1639081159713625, 0.14466566288219793, 0.12392621080892578, 0.11479819506653206], [0.11480458694734894, 0.09415681569927559, 0.12795955889757474, 0.09649614493614928, 0.9048661422077586, 1.0, 0.10875357227937936, 0.1140704452370743, 0.0827661810875043, 0.10236133945233349, 0.20339445097232695, 0.08731466486475484, 0.16421277631505918, 0.08613067644020371, 0.1306290168593086, 0.10257434793369319, 0.17729058451760543, 0.15798309420822254, 0.1466035590562734, 0.1028709343226738], [0.08295139858897214, 0.06827780576431887, 0.054573567620725315, 0.03555570927161272, 0.17549970828605554, 0.10875357227937936, 1.0, 0.6314112235527632, 0.060321295453023185, 0.06676949566870649, 0.08056034502272061, 0.07578208326710492, 0.057013988384983415, 0.050517986079789134, 0.077750238948066, 0.07299545938966534, 0.12792591296376626, 0.11825241290938737, 0.06284393175643947, 0.05774138174844929], [0.10197252417169156, 0.08932220112616875, 0.2206294480049258, 0.06103588166177459, 0.13624771848397724, 0.1140704452370743, 0.6314112235527632, 1.0, 0.08664907156471852, 0.09197476928362491, 0.14217945517523922, 0.10330373305088869, 0.08961328679931217, 0.0663002805975525, 0.15733787293962212, 0.10051372497443871, 0.18297966144072075, 0.1545725880076214, 0.07745871214825763, 0.09324599162012617], [0.08350078620356839, 0.07981261304650558, 0.10302342156234981, 0.047563962430694544, 0.13165838815988226, 0.0827661810875043, 0.060321295453023185, 0.08664907156471852, 1.0, 0.7417565724397535, 0.0701869529561493, 0.07629685135015238, 0.06590491636826601, 0.06139160687276413, 0.10453966748210639, 0.10329749935185571, 0.13773022935342738, 0.20548815397562778, 0.06562552277965622, 0.09366832807147941], [0.0887343931613853, 0.1301483046459603, 0.08299955937238744, 0.06927191366664591, 0.21197956455326417, 0.10236133945233349, 0.06676949566870649, 0.09197476928362491, 0.7417565724397535, 1.0, 0.10217735844227499, 0.07837643830017481, 0.09942604252133101, 0.07431756056276997, 0.13623861968953452, 0.08522487630362732, 0.21516539469500895, 0.19710756721335598, 0.10092498201718188, 0.074865508945924], [0.08390026872901729, 0.06719654638280234, 0.08285123610107907, 0.05723095141094052, 0.08813554589041586, 0.20339445097232695, 0.08056034502272061, 0.14217945517523922, 0.0701869529561493, 0.10217735844227499, 1.0, 0.5811288614936061, 0.10119675614521526, 0.06982967377622641, 0.1085429721713773, 0.06622509412217166, 0.137452528978279, 0.12323635777022965, 0.07519325269050728, 0.07406934883679978], [0.06105848717544083, 0.06388803178621508, 0.0625981818737257, 0.037022795189220525, 0.11759259658633195, 0.08731466486475484, 0.07578208326710492, 0.10330373305088869, 0.07629685135015238, 0.07837643830017481, 0.5811288614936061, 1.0, 0.062374773497052935, 0.058677960495511966, 0.07132321949603765, 0.05176444739732951, 0.15828835386036808, 0.1445550826756922, 0.09519077427158225, 0.09544916532953303], [0.05803124206974564, 0.051141489657834355, 0.0609363931173974, 0.04063538641644275, 0.1240127072818552, 0.16421277631505918, 0.057013988384983415, 0.08961328679931217, 0.06590491636826601, 0.09942604252133101, 0.10119675614521526, 0.062374773497052935, 1.0, 0.3517048003884909, 0.06396140585481846, 0.08022205434060262, 0.09660937078868849, 0.10862923916932445, 0.0759813321611781, 0.06921498381983039], [0.0652772822405399, 0.0822227620503596, 0.05269381216388153, 0.044435809600392, 0.06394139808706803, 0.08613067644020371, 0.050517986079789134, 0.0663002805975525, 0.06139160687276413, 0.07431756056276997, 0.06982967377622641, 0.058677960495511966, 0.3517048003884909, 1.0, 0.051221716785131606, 0.04558552827564888, 0.11907703905587558, 0.11689988068013854, 0.04877084042774921, 0.05248799983973289], [0.10237077466155604, 0.05290548946755281, 0.08403406601115661, 0.06846389437955437, 0.12922962049168993, 0.1306290168593086, 0.077750238948066, 0.15733787293962212, 0.10453966748210639, 0.13623861968953452, 0.1085429721713773, 0.07132321949603765, 0.06396140585481846, 0.051221716785131606, 1.0, 0.6374605227281469, 0.11014652106836993, 0.13859684719375892, 0.08681689352578267, 0.06785505269333762], [0.08236497638573213, 0.04923827873872494, 0.06905163773487678, 0.07277013723619868, 0.09068251322569035, 0.10257434793369319, 0.07299545938966534, 0.10051372497443871, 0.10329749935185571, 0.08522487630362732, 0.06622509412217166, 0.05176444739732951, 0.08022205434060262, 0.04558552827564888, 0.6374605227281469, 1.0, 0.09590773432104832, 0.10126396112424668, 0.07161552829311571, 0.06012641549526298], [0.12079745310039326, 0.14672568430509111, 0.09809716181064335, 0.08773676738530092, 0.1639081159713625, 0.17729058451760543, 0.12792591296376626, 0.18297966144072075, 0.13773022935342738, 0.21516539469500895, 0.137452528978279, 0.15828835386036808, 0.09660937078868849, 0.11907703905587558, 0.11014652106836993, 0.09590773432104832, 1.0, 1.0, 0.18356154761421412, 0.12019507236027932], [0.09590949214397076, 0.13159486369221698, 0.18344782605115495, 0.12122766967807948, 0.14466566288219793, 0.15798309420822254, 0.11825241290938737, 0.1545725880076214, 0.20548815397562778, 0.19710756721335598, 0.12323635777022965, 0.1445550826756922, 0.10862923916932445, 0.11689988068013854, 0.13859684719375892, 0.10126396112424668, 1.0, 1.0, 0.14579875241893367, 0.12064668135330317], [0.08037957666241391, 0.0920370683994431, 0.07925752420395173, 0.060338320046004076, 0.12392621080892578, 0.1466035590562734, 0.06284393175643947, 0.07745871214825763, 0.06562552277965622, 0.10092498201718188, 0.07519325269050728, 0.09519077427158225, 0.0759813321611781, 0.04877084042774921, 0.08681689352578267, 0.07161552829311571, 0.18356154761421412, 0.14579875241893367, 1.0, 0.5968507049489279], [0.06884969529465247, 0.06508746075799571, 0.08796677483864834, 0.08158092052494466, 0.11479819506653206, 0.1028709343226738, 0.05774138174844929, 