{"model": "LSING", "dataset": "0.7_dim20_pair_gau", "N": 400, "seed": 1230, "metrics": {"TP": 10, "FP": 2, "FN": 0, "TN": 178, "TPR": 1.0, "FDR": 0.16666666666666666, "FPR": 0.011111111111111112, "Hamming": 2}, "omega": [[1.0, 0.776607881611962, 0.0637681928606914, 0.03940146773751729, 0.07949016601363447, 0.04944457681717038, 0.06884415192370065, 0.04550981730695727, 0.1569230326556423, 0.12261643101702166, 0.07207153958321584, 0.07117041972626319, 0.05290169367307494, 0.08146898135636532, 0.09007598226591941, 0.04217807956288267, 0.0617629276830081, 0.07964061056953196, 0.038379896607239346, 0.05256096301476879], [0.776607881611962, 1.0, 0.12452934416448144, 0.09514166496017788, 0.11835870627155833, 0.12921588537649709, 0.15182983264430328, 0.13093656093078274, 0.19934620870971714, 0.17306559191379917, 0.0926483399110989, 0.08769816953205557, 0.14893488412392542, 0.11268701990361941, 0.2532174281995212, 0.12279171491834147, 0.11203912867601555, 0.16406031268093452, 0.1502832289543378, 0.10004534241535266], [0.0637681928606914, 0.12452934416448144, 1.0, 0.2995166707794381, 0.07996148717221553, 0.05815905056716215, 0.07120539829863512, 0.03654299893625406, 0.12364236659245886, 0.09859326463848621, 0.050572603343982656, 0.09360178121847036, 0.055910568111616404, 0.08099090318417465, 0.08037100556342033, 0.043314453206891264, 0.06457280380823063, 0.09418202447273945, 0.0459037626906575, 0.04156598234538752], [0.03940146773751729, 0.09514166496017788, 0.2995166707794381, 1.0, 0.06461381291331944, 0.0678434689723569, 0.05042782052055292, 0.05597175930069009, 0.1542017408676459, 0.08271716819349229, 0.03563012750955411, 0.07843640547869783, 0.07812088481933073, 0.07723346802289086, 0.0810193341621739, 0.032257967219580894, 0.07910036638951866, 0.07064831162282251, 0.05023845178559811, 0.03419736819397858], [0.07949016601363447, 0.11835870627155833, 0.07996148717221553, 0.06461381291331944, 1.0, 0.35978744562735304, 0.05894307727165089, 0.0660674011032665, 0.10966508548841666, 0.12731601367302275, 0.074221346659543, 0.07316658906664641, 0.06283554150907221, 0.11201450245636534, 0.10293863596777841, 0.03657783295375448, 0.10917982219780456, 0.11909418477842837, 0.08283705607347218, 0.05060561096627948], [0.04944457681717038, 0.12921588537649709, 0.05815905056716215, 0.0678434689723569, 0.35978744562735304, 1.0, 0.06718537735997318, 0.0541915326991422, 0.14211955188998007, 0.10576109207335808, 0.09876494022782085, 0.06135086104887592, 0.09250746748227046, 0.06464191956949157, 0.11943649071418053, 0.054370447151658195, 0.08561582510230482, 0.07453370935094773, 0.0775257060816058, 0.05961695687057888], [0.06884415192370065, 0.15182983264430328, 0.07120539829863512, 0.05042782052055292, 0.05894307727165089, 0.06718537735997318, 1.0, 0.30833192336735576, 0.18573047416547953, 0.1433041531163154, 0.04934497295089244, 0.08037588151043265, 0.06492372187844356, 0.08591146761357076, 0.1780652334177178, 0.03305645682429167, 0.11710672208915267, 0.0958903628247214, 0.04616972512157287, 0.08198328535001168], [0.04550981730695727, 0.13093656093078274, 0.03654299893625406, 0.05597175930069009, 0.0660674011032665, 0.0541915326991422, 0.30833192336735576, 1.0, 0.1637600277343718, 0.1031519702324899, 0.03870348639366523, 0.060789131937766507, 0.05127938214905384, 0.06854371500919607, 0.09724177666625212, 0.03330464271254562, 0.08783163630362015, 0.0880871907837863, 0.04439212089365571, 0.04393654880299967], [0.1569230326556423, 0.19934620870971714, 0.12364236659245886, 0.1542017408676459, 0.10966508548841666, 0.14211955188998007, 0.18573047416547953, 0.1637600277343718, 1.0, 1.0, 0.13044637350820115, 0.105428714092051, 0.14250750751285027, 0.17922712840961946, 0.2129295258973833, 0.12708214891002068, 0.14878046245579363, 0.10469199760243514, 0.13517275997326314, 0.10017288058391746], [0.12261643101702166, 0.17306559191379917, 0.09859326463848621, 0.08271716819349229, 0.12731601367302275, 0.10576109207335808, 0.1433041531163154, 0.1031519702324899, 1.0, 1.0, 0.09893744608103293, 0.08920674602447416, 0.10376728750241147, 0.10499686753299958, 0.11977519760428544, 0.1145950311583207, 0.12440083859023802, 0.09321755807651344, 0.06976134146387027, 0.05903330545722365], [0.07207153958321584, 0.0926483399110989, 0.050572603343982656, 0.03563012750955411, 0.074221346659543, 0.09876494022782085, 0.04934497295089244, 0.03870348639366523, 0.13044637350820115, 0.09893744608103293, 1.0, 0.45368326998716474, 0.061077947011254644, 0.07461865387063979, 0.09033887568571641, 0.02679607815517027, 0.07629690812993796, 0.18944348094298288, 0.04770075302413239, 0.050041846040729546], [0.07117041972626319, 0.08769816953205557, 0.09360178121847036, 0.07843640547869783, 0.07316658906664641, 0.06135086104887592, 0.08037588151043265, 0.060789131937766507, 0.105428714092051, 0.08920674602447416, 0.45368326998716474, 1.0, 0.06075514671681935, 0.07755771386604131, 0.13819508357465843, 0.051413253859585416, 0.09575058938356999, 0.12308541149864469, 0.05250142123384447, 0.06094148165273988], [0.05290169367307494, 0.14893488412392542, 0.055910568111616404, 0.07812088481933073, 0.06283554150907221, 0.09250746748227046, 0.06492372187844356, 0.05127938214905384, 0.14250750751285027, 0.10376728750241147, 0.061077947011254644, 0.06075514671681935, 1.0, 0.5133448609542258, 0.10915495134683331, 0.07836068467176911, 0.07542636162831115, 0.0778431319000488, 0.08372931453147409, 0.05717762121274391], [0.08146898135636532, 0.11268701990361941, 0.08099090318417465, 0.07723346802289086, 0.11201450245636534, 0.06464191956949157, 0.08591146761357076, 0.06854371500919607, 0.17922712840961946, 0.10499686753299958, 0.07461865387063979, 0.07755771386604131, 0.5133448609542258, 1.0, 0.1891861028475145, 0.05995811563369683, 0.06653180401395815, 0.14386545226934544, 0.04282802791750427, 0.052361738602804665], [0.09007598226591941, 0.2532174281995212, 0.08037100556342033, 0.0810193341621739, 0.10293863596777841, 0.11943649071418053, 0.1780652334177178, 0.09724177666625212, 0.2129295258973833, 0.11977519760428544, 0.09033887568571641, 0.13819508357465843, 0.10915495134683331, 0.1891861028475145, 1.0, 0.7198554463145743, 0.12656223414876513, 0.12744534951114359, 0.09615649204971928, 0.07564603870132734], [0.04217807956288267, 0.12279171491834147, 0.043314453206891264, 0.032257967219580894, 0.03657783295375448, 0.054370447151658195, 0.03305645682429167, 0.03330464271254562, 0.12708214891002068, 0.1145950311583207, 0.02679607815517027, 0.051413253859585416, 0.07836068467176911, 0.05995811563369683, 0.7198554463145743, 1.0, 0.0665035528029145, 0.04989673148240235, 0.026449894256999524, 0.02625839055778847], [0.0617629276830081, 0.11203912867601555, 0.06457280380823063, 0.07910036638951866, 0.10917982219780456, 0.08561582510230482, 0.11710672208915267, 0.08783163630362015, 0.14878046245579363, 0.12440083859023802, 0.07629690812993796, 0.09575058938356999, 0.07542636162831115, 0.06653180401395815, 0.12656223414876513, 0.0665035528029145, 1.0, 0.6053651711064137, 0.05036853634382271, 0.07552086808210053], [0.07964061056953196, 0.16406031268093452, 0.09418202447273945, 0.07064831162282251, 0.11909418477842837, 0.07453370935094773, 0.0958903628247214, 0.0880871907837863, 0.10469199760243514, 0.09321755807651344, 0.18944348094298288, 0.12308541149864469, 0.0778431319000488, 0.14386545226934544, 0.12744534951114359, 0.04989673148240235, 0.6053651711064137, 1.0, 0.06152584935401616, 0.06246453401825359], [0.038379896607239346, 0.1502832289543378, 0.0459037626906575, 0.05023845178559811, 0.08283705607347218, 0.0775257060816058, 0.04616972512157287, 0.04439212089365571, 0.13517275997326314, 0.06976134146387027, 0.04770075302413239, 0.05250142123384447, 0.08372931453147409, 0.04282802791750427, 0.09615649204971928, 0.026449894256999524, 0.05036853634382271, 0.06152584935401616, 1.0, 0.2271121749954291], [0.05256096301476879, 0.10004534241535266, 0.04156598234538752, 0.03419736819397858, 0.05060561096627948, 0.05961695687057888, 