{"model": "LSING", "dataset": "dim20_pair_gau", "N": 200, "seed": 12340, "metrics": {"TP": 10, "FP": 7, "FN": 0, "TN": 173, "TPR": 1.0, "FDR": 0.4117647058823529, "FPR": 0.03888888888888889, "Hamming": 7}, "omega": [[1.0, 0.8073076698111259, 0.07212962708643471, 0.07925004645730102, 0.07245364488478792, 0.10731378360351175, 0.1038697709574063, 0.0866419045780922, 0.06476208691113852, 0.12384432763007769, 0.0672302557772373, 0.05418712263205893, 0.09297462988775788, 0.06233284519900821, 0.1617520569794458, 0.13561160978945008, 0.09253321501763787, 0.06453355553576925, 0.1043339679122951, 0.2087865089733463], [0.8073076698111259, 1.0, 0.13115028150781308, 0.056998620101003844, 0.12272605830512774, 0.08851729267445888, 0.11583250427589412, 0.07127397909791723, 0.09094409183468675, 0.10576152107798989, 0.09214833681705237, 0.05943890030361553, 0.08846052639419778, 0.07303790836213483, 0.14195329895724476, 0.15264599568438866, 0.06670858563032288, 0.08473856725162947, 0.10485312680488494, 0.17521820178540673], [0.07212962708643471, 0.13115028150781308, 1.0, 0.22941736903683949, 0.04604786170870647, 0.02628890860431449, 0.08486904580695667, 0.05496898964308817, 0.03714406757622309, 0.12272343134146065, 0.02982018236631275, 0.03472465211841532, 0.046014472331553084, 0.044699298248872164, 0.07419310975887387, 0.035479479302462424, 0.047715121241116924, 0.02897158993575181, 0.06585600845927861, 0.15658097663053122], [0.07925004645730102, 0.056998620101003844, 0.22941736903683949, 1.0, 0.0328720289312119, 0.02659696303329496, 0.08537037280508779, 0.06276583136670842, 0.04400498885892595, 0.1275910485719471, 0.028637392427193802, 0.04281595332724818, 0.07485845565401843, 0.029920036816977153, 0.06359570961907385, 0.042647466060858834, 0.03594823321669253, 0.03711511312121381, 0.0804894273047088, 0.24126769796089476], [0.07245364488478792, 0.12272605830512774, 0.04604786170870647, 0.0328720289312119, 1.0, 0.24946604477523432, 0.13085446243782575, 0.1154549013002201, 0.06098068570976313, 0.07512095856917067, 0.037304458804552396, 0.03977497620871281, 0.06980235332842842, 0.04834183558350399, 0.08606160595368537, 0.07039373112238236, 0.040944622289703914, 0.03830476245479453, 0.046480164468102374, 0.18582557914406211], [0.10731378360351175, 0.08851729267445888, 0.02628890860431449, 0.02659696303329496, 0.24946604477523432, 1.0, 0.09672000751647888, 0.04568786644064004, 0.0403567175839843, 0.08522532572035285, 0.03669384071648613, 0.05224551986443031, 0.047710684511014345, 0.039363027445851066, 0.06901513204836951, 0.039555019076420755, 0.04567579831780601, 0.037857256572565466, 0.03600225140006858, 0.2275539188902965], [0.1038697709574063, 0.11583250427589412, 0.08486904580695667, 0.08537037280508779, 0.13085446243782575, 0.09672000751647888, 1.0, 0.4488567454120812, 0.14182232321333638, 0.12102273000110098, 0.08597499208692734, 0.04560694221920915, 0.08856180461216283, 0.10444940244513512, 0.14114248743497787, 0.11375283133529333, 0.060756556713285385, 0.07044849237669246, 0.13721478080976754, 0.15408873931720726], [0.0866419045780922, 0.07127397909791723, 0.05496898964308817, 0.06276583136670842, 0.1154549013002201, 0.04568786644064004, 0.4488567454120812, 1.0, 0.07491071288583787, 0.06809454851921258, 0.05660942901547144, 0.03725804127861369, 0.06019038728437636, 0.036882850119548, 0.08150145556567434, 0.08032892036703698, 0.07292332176182054, 0.06900478148608864, 0.06001673829653516, 0.16688823017006554], [0.06476208691113852, 0.09094409183468675, 0.03714406757622309, 0.04400498885892595, 0.06098068570976313, 0.0403567175839843, 0.14182232321333638, 0.07491071288583787, 1.0, 0.44563659780051584, 0.032770103464112084, 0.057461818158834096, 0.058838090390287034, 0.03986607652443153, 0.08874670633356492, 0.06879299542213342, 0.04644129878472213, 0.05715874284749931, 0.04897104490858933, 0.16555339634690563], [0.12384432763007769, 0.10576152107798989, 0.12272343134146065, 0.1275910485719471, 0.07512095856917067, 0.08522532572035285, 0.12102273000110098, 0.06809454851921258, 0.44563659780051584, 1.0, 0.1555783886247534, 0.09401029539785181, 0.10319579296451327, 0.10881257033320067, 0.11953916266587152, 0.10081839988558661, 0.06605512254226847, 0.09198490460256473, 0.08146509390478475, 0.17422922680298153], [0.0672302557772373, 0.09214833681705237, 0.02982018236631275, 0.028637392427193802, 0.037304458804552396, 0.03669384071648613, 0.08597499208692734, 0.05660942901547144, 0.032770103464112084, 0.1555783886247534, 1.0, 0.3037994348640002, 0.0696986036312253, 0.05603197611770741, 0.08748497911938131, 0.059944913530119055, 0.03769508088921936, 0.0467235536462357, 0.04360474029934817, 0.2484084306492295], [0.05418712263205893, 0.05943890030361553, 0.03472465211841532, 0.04281595332724818, 0.03977497620871281, 0.05224551986443031, 0.04560694221920915, 0.03725804127861369, 0.057461818158834096, 0.09401029539785181, 0.3037994348640002, 1.0, 0.055243243384361734, 0.0769554126776594, 0.044669701968603544, 0.05245051523634588, 0.050856391240247364, 0.03828499242884845, 0.051062740773062214, 0.18223380385958926], [0.09297462988775788, 0.08846052639419778, 0.046014472331553084, 0.07485845565401843, 0.06980235332842842, 0.047710684511014345, 0.08856180461216283, 0.06019038728437636, 0.058838090390287034, 0.10319579296451327, 0.0696986036312253, 0.055243243384361734, 1.0, 0.29697184600775867, 0.08631394814219683, 0.07724078445958732, 0.05670642056388749, 0.05269379774492905, 0.05695846986312568, 0.24713302984508428], [0.06233284519900821, 0.07303790836213483, 0.044699298248872164, 0.029920036816977153, 0.04834183558350399, 0.039363027445851066, 0.10444940244513512, 0.036882850119548, 0.03986607652443153, 0.10881257033320067, 0.05603197611770741, 0.0769554126776594, 0.29697184600775867, 1.0, 0.11072553142263653, 0.03705263369216536, 0.05891840171379421, 0.05416857659400178, 0.04650207511688524, 0.22573998149460486], [0.1617520569794458, 0.14195329895724476, 0.07419310975887387, 0.06359570961907385, 0.08606160595368537, 0.06901513204836951, 0.14114248743497787, 0.08150145556567434, 0.08874670633356492, 0.11953916266587152, 0.08748497911938131, 0.044669701968603544, 0.08631394814219683, 0.11072553142263653, 1.0, 0.4179423187770402, 0.08200519799633074, 0.07286288713380958, 0.11430915643029504, 0.23186678394965626], [0.13561160978945008, 0.15264599568438866, 0.035479479302462424, 0.042647466060858834, 0.07039373112238236, 0.039555019076420755, 0.11375283133529333, 0.08032892036703698, 0.06879299542213342, 0.10081839988558661, 0.059944913530119055, 0.05245051523634588, 0.07724078445958732, 0.03705263369216536, 0.4179423187770402, 1.0, 0.05318737944894467, 0.037719069786271535, 0.046415596847012984, 0.1885821011156174], [0.09253321501763787, 0.06670858563032288, 0.047715121241116924, 0.03594823321669253, 0.040944622289703914, 0.04567579831780601, 0.060756556713285385, 0.07292332176182054, 0.04644129878472213, 0.06605512254226847, 0.03769508088921936, 0.050856391240247364, 0.05670642056388749, 0.05891840171379421, 0.08200519799633074, 0.05318737944894467, 1.0, 0.24917602654002047, 0.05251296573805869, 0.1292464949036688], [0.06453355553576925, 0.08473856725162947, 0.02897158993575181, 0.03711511312121381, 0.03830476245479453, 0.037857256572565466, 0.07044849237669246, 0.06900478148608864, 0.05715874284749931, 0.09198490460256473, 0.0467235536462357, 0.03828499242884845, 0.05269379774492905, 0.05416857659400178, 0.07286288713380958, 0.037719069786271535, 0.24917602654002047, 1.0, 0.05359202044364235, 0.16458023557727883], [0.1043339679122951, 0.10485312680488494, 0.06585600845927861, 0.0804894273047088, 0.046480164468102374, 0.03600225140006858, 0.13721478080976754, 0.06001673829653516, 0.04897104490858933, 0.08146509390478475, 0.04360474029934817, 0.051062740773062214, 0.05695846986312568, 0.04650207511688524, 0.11430915643029504, 0.046415596847012984, 0.05251296573805869, 0.05359202044364235, 1.0, 1.0], [0.2087865089733463, 0.17521820178540673, 0.15658097663053122, 