{"model": "LSING", "dataset": "dim20_pair_gau", "N": 200, "seed": 123450, "metrics": {"TP": 10, "FP": 4, "FN": 0, "TN": 176, "TPR": 1.0, "FDR": 0.2857142857142857, "FPR": 0.022222222222222223, "Hamming": 4}, "omega": [[1.0, 0.27826735969964267, 0.14581899718695318, 0.12627195594554358, 0.048169799448245065, 0.051079875972878816, 0.047681766357212226, 0.10522903566501307, 0.06941419528771485, 0.03689383863265032, 0.039083724238612144, 0.04471834767822605, 0.12279621836791255, 0.04455803948213959, 0.062375283375771015, 0.031041018568567013, 0.12045336434201988, 0.06397943129667882, 0.11863719549677477, 0.03430716429320186], [0.27826735969964267, 1.0, 0.12134633750201783, 0.11822922364401808, 0.06374335093231262, 0.06885431326595781, 0.053568143488218437, 0.12686429893855777, 0.11381510903567219, 0.053097800007607075, 0.04933929708052144, 0.04398732685781319, 0.10397115936264398, 0.0895201037513137, 0.04884211817846684, 0.049664076393573224, 0.0995519301084102, 0.049000418501099104, 0.095314205606152, 0.04080194249905685], [0.14581899718695318, 0.12134633750201783, 1.0, 1.0, 0.11569110620239664, 0.15087854394360217, 0.07284876199835093, 0.18175218926467196, 0.13877827573600104, 0.14491867514003, 0.09900346738510439, 0.13045715616022807, 0.14677879293616972, 0.07851339140722895, 0.10551841893733957, 0.12296738590053403, 0.1164871828235541, 0.08459482030377784, 0.15960131810465672, 0.15801394100809762], [0.12627195594554358, 0.11822922364401808, 1.0, 1.0, 0.11641086821406893, 0.1209673575197859, 0.0625880002227401, 0.14783764938242103, 0.17011279704641072, 0.08677311701080818, 0.11835228070652297, 0.08034973429968267, 0.28950902898011904, 0.12984880204088414, 0.09936485657372358, 0.0908229059594099, 0.18362559897282996, 0.07404703844930911, 0.20118382929335457, 0.06597924382227027], [0.048169799448245065, 0.06374335093231262, 0.11569110620239664, 0.11641086821406893, 1.0, 0.3722158889758589, 0.0481017209744785, 0.1609470488574523, 0.06702931398248481, 0.03623449083502553, 0.04545524424420262, 0.06953856710435588, 0.27712567093949986, 0.1090141343302186, 0.09273253027590034, 0.040875284895167056, 0.09205052890007882, 0.03502646165562453, 0.11106678651617762, 0.04041743438216289], [0.051079875972878816, 0.06885431326595781, 0.15087854394360217, 0.1209673575197859, 0.3722158889758589, 1.0, 0.05714523066853919, 0.10416442962231559, 0.06790454216661525, 0.06755568238868165, 0.07429299699040724, 0.06411836142231257, 0.18342691691601581, 0.12871576991351844, 0.06940521487220276, 0.04326224135338066, 0.10134409978487147, 0.061866560427804515, 0.11983371987665599, 0.05214834498188678], [0.047681766357212226, 0.053568143488218437, 0.07284876199835093, 0.0625880002227401, 0.0481017209744785, 0.05714523066853919, 1.0, 0.5497644700662834, 0.0782704646499224, 0.039380910534687015, 0.05674585798062825, 0.03987470163210719, 0.12470016597411362, 0.03919166863683555, 0.04663449880989241, 0.028588697945099276, 0.11498247614951898, 0.030707525154806833, 0.1503171130910131, 0.03650496295297569], [0.10522903566501307, 0.12686429893855777, 0.18175218926467196, 0.14783764938242103, 0.1609470488574523, 0.10416442962231559, 0.5497644700662834, 1.0, 0.0848371008972712, 0.07139079076905122, 0.15186954898449848, 0.06901653121951817, 0.15764495834343087, 0.14690641099010215, 0.11542384948528693, 0.09329629138302178, 0.155969815801656, 0.093182488059117, 0.2397014663752835, 0.13395362844781236], [0.06941419528771485, 0.11381510903567219, 0.13877827573600104, 0.17011279704641072, 0.06702931398248481, 0.06790454216661525, 0.0782704646499224, 0.0848371008972712, 1.0, 0.3231169255874501, 0.06062432241103998, 0.05598877265004602, 0.18997242458783326, 0.09678344195164817, 0.07553478367366234, 0.045545285279333166, 0.1427972016021678, 0.10417579425614923, 0.12567504915778813, 0.05389179727081038], [0.03689383863265032, 0.053097800007607075, 0.14491867514003, 0.08677311701080818, 0.03623449083502553, 0.06755568238868165, 0.039380910534687015, 0.07139079076905122, 0.3231169255874501, 1.0, 0.02912503633655248, 0.03522633091580043, 0.1057511037879586, 0.03428758244601726, 0.04516960199403966, 0.02980374662206303, 0.09105009491347471, 0.026938654872744584, 0.08453792705176662, 0.04212148469505082], [0.039083724238612144, 0.04933929708052144, 0.09900346738510439, 0.11835228070652297, 0.04545524424420262, 0.07429299699040724, 0.05674585798062825, 0.15186954898449848, 0.06062432241103998, 0.02912503633655248, 1.0, 0.27875706496731134, 0.14215280667994226, 0.05006766947029436, 0.0420092624400859, 0.050608322862395916, 0.09639130321479981, 0.03020078414964259, 0.13614371028573483, 0.05859755462234363], [0.04471834767822605, 0.04398732685781319, 0.13045715616022807, 0.08034973429968267, 0.06953856710435588, 0.06411836142231257, 0.03987470163210719, 0.06901653121951817, 0.05598877265004602, 0.03522633091580043, 0.27875706496731134, 1.0, 0.1058628747094141, 0.033679418952006504, 0.04707024379253272, 0.030971066079576524, 0.11853736248680928, 0.027222533137747255, 0.08811729402697273, 0.040387951931736575], [0.12279621836791255, 0.10397115936264398, 0.14677879293616972, 0.28950902898011904, 0.27712567093949986, 0.18342691691601581, 0.12470016597411362, 0.15764495834343087, 0.18997242458783326, 0.1057511037879586, 0.14215280667994226, 0.1058628747094141, 1.0, 0.5466719384663219, 0.11712755779390065, 0.11760836254049835, 0.14615951850821726, 0.08847814287687178, 0.17649890269330273, 0.11773945530179063], [0.04455803948213959, 0.0895201037513137, 0.07851339140722895, 0.12984880204088414, 0.1090141343302186, 0.12871576991351844, 0.03919166863683555, 0.14690641099010215, 0.09678344195164817, 0.03428758244601726, 0.05006766947029436, 0.033679418952006504, 0.5466719384663219, 1.0, 0.04837693069262078, 0.029435244024871358, 0.09924501491205916, 0.037136099602947614, 0.15865329066644993, 0.0492449263273455], [0.062375283375771015, 0.04884211817846684, 0.10551841893733957, 0.09936485657372358, 0.09273253027590034, 0.06940521487220276, 0.04663449880989241, 0.11542384948528693, 0.07553478367366234, 0.04516960199403966, 0.0420092624400859, 0.04707024379253272, 0.11712755779390065, 0.04837693069262078, 1.0, 0.28777674929803904, 0.0922823152886496, 0.03897012135163857, 0.14560001493381286, 0.03368216900276891], [0.031041018568567013, 0.049664076393573224, 0.12296738590053403, 0.0908229059594099, 0.040875284895167056, 0.04326224135338066, 0.028588697945099276, 0.09329629138302178, 0.045545285279333166, 0.02980374662206303, 0.050608322862395916, 0.030971066079576524, 0.11760836254049835, 0.029435244024871358, 0.28777674929803904, 1.0, 0.12583188755231375, 0.02463684206058719, 0.06562129640207466, 0.02794978630451621], [0.12045336434201988, 0.0995519301084102, 0.1164871828235541, 0.18362559897282996, 0.09205052890007882, 0.10134409978487147, 0.11498247614951898, 0.155969815801656, 0.1427972016021678, 0.09105009491347471, 0.09639130321479981, 0.11853736248680928, 0.14615951850821726, 0.09924501491205916, 0.0922823152886496, 0.12583188755231375, 1.0, 0.6259671488411124, 0.14751738200280665, 0.07492634825822045], [0.06397943129667882, 0.049000418501099104, 0.08459482030377784, 0.07404703844930911, 0.03502646165562453, 0.061866560427804515, 0.030707525154806833, 0.093182488059117, 0.10417579425614923, 0.026938654872744584, 0.03020078414964259, 0.027222533137747255, 0.08847814287687178, 0.037136099602947614, 0.03897012135163857, 0.02463684206058719, 0.6259671488411124, 1.0, 0.11412979782097751, 0.021835181591710766], [0.11863719549677477, 0.095314205606152, 0.15960131810465672, 0.20118382929335457, 0.11106678651617762, 0.11983371987665599, 0.1503171130910131, 0.2397014663752835, 0.12567504915778813, 0.08453792705176662, 0.13614371028573483, 0.08811729402697273, 0.17649890269330273, 0.15865329066644993, 0.14560001493381286, 0.06562129640207466, 0.14751738200280665, 0.11412979782097751, 1.0, 0.6390783031905344], [0.03430716429320186, 0.04080194249905685, 0.15801394100809762, 0.06597924382227027, 0.04041743438216289, 