{"model": "LSING", "dataset": "0.3_dim20_pair_gau", "N": 20000, "seed": 123450, "metrics": {"TP": 10, "FP": 0, "FN": 0, "TN": 180, "TPR": 1.0, "FDR": 0.0, "FPR": 0.0, "Hamming": 0}, "omega": [[1.0, 0.7729057244796645, 0.07614314916957651, 0.05517262679672001, 0.05679037940556431, 0.0600490093933863, 0.0815703127147352, 0.059649637053534446, 0.07770440309967287, 0.06177056421066359, 0.06461132495008404, 0.0704233351648358, 0.0697808595599176, 0.07224124157569276, 0.057179577718824585, 0.09017888153337268, 0.05931842027310024, 0.05883874363143249, 0.0788093547235454, 0.06680382646908874], [0.7729057244796645, 1.0, 0.08208444390704175, 0.060404632692005085, 0.06718940487386417, 0.0658803694000791, 0.07433207794067118, 0.08980985681987463, 0.07558765555575413, 0.05527051697255394, 0.06566107902697325, 0.0608898700364658, 0.07668874497472383, 0.06290296074980235, 0.057925843417354884, 0.06248567058983981, 0.06389692607644835, 0.06764119804374912, 0.062464159513850266, 0.06196202199423443], [0.07614314916957651, 0.08208444390704175, 1.0, 0.8158756567347492, 0.06079139834922869, 0.07062267242791982, 0.0625886029541322, 0.06533825297149419, 0.0854191065108304, 0.06984062924030847, 0.07322756487331522, 0.0712340783631586, 0.0643205353269922, 0.05528530674590832, 0.0656135210860493, 0.07862468123967842, 0.0648979058843953, 0.06788274818877613, 0.04933634090384938, 0.07476784077954163], [0.05517262679672001, 0.060404632692005085, 0.8158756567347492, 1.0, 0.07482176384736629, 0.06662450531309523, 0.06715788937877563, 0.06839655228091839, 0.07321076888561985, 0.06474421968942562, 0.06445809184941599, 0.07373408553513257, 0.07254701238630919, 0.06337437750658068, 0.05688452367877605, 0.07778647374237595, 0.05742711743130441, 0.057335112635463564, 0.08592211387458683, 0.07456542150602072], [0.05679037940556431, 0.06718940487386417, 0.06079139834922869, 0.07482176384736629, 1.0, 0.8086479352022619, 0.06129356009848632, 0.06804873092695903, 0.06436323280177117, 0.05974256984465621, 0.06008151588082443, 0.05991419082048584, 0.08716844061243076, 0.05596162631449199, 0.0511695216808967, 0.06963177941985399, 0.06563407751415196, 0.0670489456403528, 0.06697162400744242, 0.05639252868721746], [0.0600490093933863, 0.0658803694000791, 0.07062267242791982, 0.06662450531309523, 0.8086479352022619, 1.0, 0.0671634500815686, 0.06337083028702123, 0.06124756739242262, 0.06203923701672089, 0.07739828095925036, 0.06861598560891087, 0.0762758864162464, 0.0580423637647684, 0.06102360554437783, 0.07799285698529525, 0.06332204148029388, 0.06475930748737413, 0.06325389076680459, 0.0676502623527463], [0.0815703127147352, 0.07433207794067118, 0.0625886029541322, 0.06715788937877563, 0.06129356009848632, 0.0671634500815686, 1.0, 0.7736288920606674, 0.08172842324229747, 0.06575358537639935, 0.0660117885542351, 0.05803122297546902, 0.10523713627963968, 0.07187225078369322, 0.05644947076841033, 0.07630323198998126, 0.07372505757059811, 0.06906154206899663, 0.07134485386250147, 0.07017071934239899], [0.059649637053534446, 0.08980985681987463, 0.06533825297149419, 0.06839655228091839, 0.06804873092695903, 0.06337083028702123, 0.7736288920606674, 1.0, 0.06780029229476844, 0.062387862794788, 0.06716986124478874, 0.07642127638186397, 0.10533433106475397, 0.0711151156678517, 0.06229056382221398, 0.06438000940575311, 0.060728127485597805, 0.0770997984248872, 0.06924059669893035, 0.06621782531327666], [0.07770440309967287, 0.07558765555575413, 0.0854191065108304, 0.07321076888561985, 0.06436323280177117, 0.06124756739242262, 0.08172842324229747, 0.06780029229476844, 1.0, 0.8046213564094633, 0.06900946772284128, 0.0730253055154302, 0.07954427852674939, 0.05694179528309739, 0.0712943641349198, 0.07483733139222243, 0.07441029364736397, 0.07500434146721763, 0.08245089300961653, 0.07217685857150329], [0.06177056421066359, 0.05527051697255394, 0.06984062924030847, 0.06474421968942562, 0.05974256984465621, 0.06203923701672089, 0.06575358537639935, 0.062387862794788, 0.8046213564094633, 1.0, 0.06795319102637964, 0.06662762124503065, 0.08221403856917026, 0.060629403810085976, 0.06709715293567697, 0.06188875640336128, 0.06629909637780036, 0.05213088360153738, 0.07362566031104424, 0.0650256760544963], [0.06461132495008404, 0.06566107902697325, 0.07322756487331522, 0.06445809184941599, 0.06008151588082443, 0.07739828095925036, 0.0660117885542351, 0.06716986124478874, 0.06900946772284128, 0.06795319102637964, 1.0, 0.8477241446364625, 0.09373787427576147, 0.06668545255407755, 0.05651498287390767, 0.07139921306387853, 0.0732829344507553, 0.07027333672134799, 0.05372491539106002, 0.06929379045453683], [0.0704233351648358, 0.0608898700364658, 0.0712340783631586, 0.07373408553513257, 0.05991419082048584, 0.06861598560891087, 0.05803122297546902, 0.07642127638186397, 0.0730253055154302, 0.06662762124503065, 0.8477241446364625, 1.0, 0.0631261424033812, 0.056535495688655076, 0.05857401056513178, 0.07451144513298409, 0.06621493471701, 0.0813543248418066, 0.06599128543134442, 0.06037638335263111], [0.0697808595599176, 0.07668874497472383, 0.0643205353269922, 0.07254701238630919, 0.08716844061243076, 0.0762758864162464, 0.10523713627963968, 0.10533433106475397, 0.07954427852674939, 0.08221403856917026, 0.09373787427576147, 0.0631261424033812, 1.0, 0.811713895924423, 0.07849380967542709, 0.07444480150321472, 0.07293464546470922, 0.08675022488015147, 0.08394262240553357, 0.09958079909048514], [0.07224124157569276, 0.06290296074980235, 0.05528530674590832, 0.06337437750658068, 0.05596162631449199, 0.0580423637647684, 0.07187225078369322, 0.0711151156678517, 0.05694179528309739, 0.060629403810085976, 0.06668545255407755, 0.056535495688655076, 0.811713895924423, 1.0, 0.04854342103003425, 0.06745468553006954, 0.06560856127837296, 0.06304554492289953, 0.061723592627071194, 0.07317759123710386], [0.057179577718824585, 0.057925843417354884, 0.0656135210860493, 0.05688452367877605, 0.0511695216808967, 0.06102360554437783, 0.05644947076841033, 0.06229056382221398, 0.0712943641349198, 0.06709715293567697, 0.05651498287390767, 0.05857401056513178, 0.07849380967542709, 0.04854342103003425, 1.0, 0.7249634432856387, 0.07031670535720481, 0.06979471164613434, 0.05466777555722264, 0.07421832219538697], [0.09017888153337268, 0.06248567058983981, 0.07862468123967842, 0.07778647374237595, 0.06963177941985399, 0.07799285698529525, 0.07630323198998126, 0.06438000940575311, 0.07483733139222243, 0.06188875640336128, 0.07139921306387853, 0.07451144513298409, 0.07444480150321472, 0.06745468553006954, 0.7249634432856387, 1.0, 0.06751637904401929, 0.07339670957975296, 0.07316327394176458, 0.07009311664564374], [0.05931842027310024, 0.06389692607644835, 0.0648979058843953, 0.05742711743130441, 0.06563407751415196, 0.06332204148029388, 0.07372505757059811, 0.060728127485597805, 0.07441029364736397, 0.06629909637780036, 0.0732829344507553, 0.06621493471701, 0.07293464546470922, 0.06560856127837296, 0.07031670535720481, 0.06751637904401929, 1.0, 1.0, 0.08414662629762816, 0.07595627078830577], [0.05883874363143249, 0.06764119804374912, 0.06788274818877613, 0.057335112635463564, 0.0670489456403528, 0.06475930748737413, 0.06906154206899663, 0.0770997984248872, 0.07500434146721763, 0.05213088360153738, 0.07027333672134799, 0.0813543248418066, 0.08675022488015147, 0.06304554492289953, 0.06979471164613434, 0.07339670957975296, 1.0, 1.0, 0.0724080408528043, 0.06200855744427444], [0.0788093547235454, 0.062464159513850266, 0.04933634090384938, 0.08592211387458683, 0.06697162400744242, 0.06325389076680459, 0.07134485386250147, 0.06924059669893035, 0.08245089300961653, 0.07362566031104424, 0.05372491539106002, 0.06599128543134442, 0.08394262240553357, 0.061723592627071194, 0.05466777555722264, 0.07316327394176458, 0.08414662629762816, 0.0724080408528043, 1.0, 0.8316335302731541], [0.06680382646908874, 0.06196202199423443, 0.07476784077954163, 0.07456542150602072, 0.05639252868721746, 0.0676502623527463, 0.07017071934239899, 0.06621782531327666, 0.07217685857150329, 