{"model": "LSING", "dataset": "0.3_dim20_pair_gau", "N": 20000, "seed": 1234560, "metrics": {"TP": 10, "FP": 0, "FN": 0, "TN": 180, "TPR": 1.0, "FDR": 0.0, "FPR": 0.0, "Hamming": 0}, "omega": [[1.0, 0.7612139517658777, 0.0765489028045209, 0.07909213983005368, 0.07251587531132596, 0.06901107226147907, 0.06824058905986062, 0.05712055210301981, 0.07791888099097946, 0.06930208000468417, 0.08702188745162023, 0.06105686424975397, 0.0797421835609773, 0.07933566932877155, 0.06926132359539659, 0.05493406591392875, 0.08603205426962682, 0.06678387329367372, 0.06866517725705755, 0.07417183281741635], [0.7612139517658777, 1.0, 0.0660526003429014, 0.06672091983021773, 0.054301198994332736, 0.05986534056193037, 0.061080656546758795, 0.05754335417362211, 0.07201354561323381, 0.06172703803643572, 0.06866214220530209, 0.06572685720952466, 0.05743776273240479, 0.05511921770556588, 0.0643038815110559, 0.059377297149684455, 0.059261654315142236, 0.06835477572401882, 0.07312788136306099, 0.08028511696135046], [0.0765489028045209, 0.0660526003429014, 1.0, 1.0, 0.07088052234347837, 0.06988418820606267, 0.09910377130459079, 0.10861192581511073, 0.10030041340404511, 0.08894990067063682, 0.08449747156464646, 0.08497165136222504, 0.09228514985880273, 0.0875685076354376, 0.0883570457136714, 0.07721219659517477, 0.08479076991295002, 0.07099765679824542, 0.09522955364440071, 0.06949190299457567], [0.07909213983005368, 0.06672091983021773, 1.0, 1.0, 0.06583484560536286, 0.06880337709799793, 0.07852942814541965, 0.05776634185304629, 0.09333169733226968, 0.07737273528964679, 0.06611489389393617, 0.0752013261905431, 0.07131181328749912, 0.0677001180599683, 0.07955257599704149, 0.08199603262833889, 0.06572529468961821, 0.09201773534811176, 0.07466813058874922, 0.07244694445932731], [0.07251587531132596, 0.054301198994332736, 0.07088052234347837, 0.06583484560536286, 1.0, 0.8489825001260923, 0.08124592217754258, 0.05141692359256933, 0.07526457416036889, 0.06414452902279558, 0.0664373456459393, 0.05212651214840957, 0.061417798167411206, 0.06369135189244121, 0.062319794824611204, 0.05263592499738653, 0.06152479942152841, 0.06145505049628032, 0.06600063087627468, 0.05271853267066055], [0.06901107226147907, 0.05986534056193037, 0.06988418820606267, 0.06880337709799793, 0.8489825001260923, 1.0, 0.06923976463836276, 0.06516356741979436, 0.07008156746586824, 0.06872134343945394, 0.055176807335416314, 0.06911007821303831, 0.07557582921649787, 0.0633039124015018, 0.07830719309338496, 0.06877395373012606, 0.07180399615038725, 0.07774540037770114, 0.07628915636708809, 0.08613477700064939], [0.06824058905986062, 0.061080656546758795, 0.09910377130459079, 0.07852942814541965, 0.08124592217754258, 0.06923976463836276, 1.0, 0.8863920081355312, 0.08048231079121951, 0.07279057885466952, 0.07445987913545844, 0.08094231337938511, 0.07343891826632347, 0.07811635569266415, 0.0812991051194893, 0.08285344702035471, 0.07186206844345486, 0.08206035227412146, 0.07059848340999807, 0.06845400528226625], [0.05712055210301981, 0.05754335417362211, 0.10861192581511073, 0.05776634185304629, 0.05141692359256933, 0.06516356741979436, 0.8863920081355312, 1.0, 0.06084465059502503, 0.06669105470279116, 0.07052144545209739, 0.06807392845057188, 0.06806908818384597, 0.07323193482656934, 0.06645659218258801, 0.0737624716903025, 0.06434994721573242, 0.06329917303047665, 0.06832267725662125, 0.06809774801668503], [0.07791888099097946, 0.07201354561323381, 0.10030041340404511, 0.09333169733226968, 0.07526457416036889, 0.07008156746586824, 0.08048231079121951, 0.06084465059502503, 1.0, 0.8520485950344568, 0.07617972816233086, 0.09022740385697758, 0.07050327331831627, 0.08987694400382414, 0.07494785982875524, 0.07370278233911183, 0.0742958581758546, 0.06953873768810667, 0.07239805367502937, 0.08578302731867264], [0.06930208000468417, 0.06172703803643572, 0.08894990067063682, 0.07737273528964679, 0.06414452902279558, 0.06872134343945394, 0.07279057885466952, 0.06669105470279116, 0.8520485950344568, 1.0, 0.07322833257736093, 0.05813192788058207, 0.060729373166534234, 0.07306148653813566, 0.06392979842936918, 0.07262196032340378, 0.06509796885283181, 0.07365348797201081, 0.061069988871585976, 0.05987067167260595], [0.08702188745162023, 0.06866214220530209, 0.08449747156464646, 0.06611489389393617, 0.0664373456459393, 0.055176807335416314, 0.07445987913545844, 0.07052144545209739, 0.07617972816233086, 0.07322833257736093, 1.0, 0.8758875985680097, 0.08559969710347096, 0.055465047264127446, 0.06974578384680992, 0.08431497578415921, 0.05994909762811987, 0.06619621037493148, 0.07851518821705757, 0.07331777797954495], [0.06105686424975397, 0.06572685720952466, 0.08497165136222504, 0.0752013261905431, 0.05212651214840957, 0.06911007821303831, 0.08094231337938511, 0.06807392845057188, 0.09022740385697758, 0.05813192788058207, 0.8758875985680097, 1.0, 0.08011072555985443, 0.08009362237511926, 0.0675021306990473, 0.06118181948478576, 0.06367410418143198, 0.0694646011633307, 0.07370971687335633, 0.06269468234499323], [0.0797421835609773, 0.05743776273240479, 0.09228514985880273, 0.07131181328749912, 0.061417798167411206, 0.07557582921649787, 0.07343891826632347, 0.06806908818384597, 0.07050327331831627, 0.060729373166534234, 0.08559969710347096, 0.08011072555985443, 1.0, 0.8912787632372978, 0.08383006286554785, 0.08532007693989818, 0.07364919854127286, 0.06708479881157299, 0.08005638913462597, 0.07396069901937669], [0.07933566932877155, 0.05511921770556588, 0.0875685076354376, 0.0677001180599683, 0.06369135189244121, 0.0633039124015018, 0.07811635569266415, 0.07323193482656934, 0.08987694400382414, 0.07306148653813566, 0.055465047264127446, 0.08009362237511926, 0.8912787632372978, 1.0, 0.0722702351836245, 0.057187814085589574, 0.08138729886960165, 0.05529006957680264, 0.07161171348692574, 0.0806618751425629], [0.06926132359539659, 0.0643038815110559, 0.0883570457136714, 0.07955257599704149, 0.062319794824611204, 0.07830719309338496, 0.0812991051194893, 0.06645659218258801, 0.07494785982875524, 0.06392979842936918, 0.06974578384680992, 0.0675021306990473, 0.08383006286554785, 0.0722702351836245, 1.0, 0.9473331422895963, 0.08353747624097131, 0.06908683675202144, 0.07712170405923147, 0.07525492907675788], [0.05493406591392875, 0.059377297149684455, 0.07721219659517477, 0.08199603262833889, 0.05263592499738653, 0.06877395373012606, 0.08285344702035471, 0.0737624716903025, 0.07370278233911183, 0.07262196032340378, 0.08431497578415921, 0.06118181948478576, 0.08532007693989818, 0.057187814085589574, 0.9473331422895963, 1.0, 0.0697055537313128, 0.06508998445791718, 0.06838850488409363, 0.07576007567373895], [0.08603205426962682, 0.059261654315142236, 0.08479076991295002, 0.06572529468961821, 0.06152479942152841, 0.07180399615038725, 0.07186206844345486, 0.06434994721573242, 0.0742958581758546, 0.06509796885283181, 0.05994909762811987, 0.06367410418143198, 0.07364919854127286, 0.08138729886960165, 0.08353747624097131, 0.0697055537313128, 1.0, 0.8483096730551716, 0.07022946420172543, 0.0746552732041787], [0.06678387329367372, 0.06835477572401882, 0.07099765679824542, 0.09201773534811176, 0.06145505049628032, 0.07774540037770114, 0.08206035227412146, 0.06329917303047665, 0.06953873768810667, 0.07365348797201081, 0.06619621037493148, 0.0694646011633307, 0.06708479881157299, 0.05529006957680264, 0.06908683675202144, 0.06508998445791718, 0.8483096730551716, 1.0, 0.06836709863406637, 0.0715332166317302], [0.06866517725705755, 0.07312788136306099, 0.09522955364440071, 0.07466813058874922, 0.06600063087627468, 0.07628915636708809, 0.07059848340999807, 0.06832267725662125, 0.07239805367502937, 0.061069988871585976, 0.07851518821705757, 0.07370971687335633, 0.08005638913462597, 0.07161171348692574, 0.07712170405923147, 0.06838850488409363, 0.07022946420172543, 0.06836709863406637, 1.0, 0.8799472488916525], [0.07417183281741635, 0.08028511696135046, 0.06949190299457567, 0.07244694445932731, 0.05271853267066055, 0.08613477700064939, 0.06845400528226625, 