{"model": "LSING", "dataset": "0.3_dim20_pair_gau", "N": 20000, "seed": 1230, "metrics": {"TP": 10, "FP": 0, "FN": 0, "TN": 180, "TPR": 1.0, "FDR": 0.0, "FPR": 0.0, "Hamming": 0}, "omega": [[1.0, 0.9307031856903889, 0.07681732730893165, 0.07842304520442289, 0.0669576487973936, 0.07129335609784089, 0.061820088863839946, 0.06019923697133782, 0.07836347625359662, 0.06087973320564614, 0.0658652326315565, 0.07303703796966261, 0.07819951604148424, 0.09843740546330845, 0.07445138813885567, 0.07238196099935111, 0.08477819709330174, 0.07511491652686432, 0.06779323125523229, 0.0715263416387221], [0.9307031856903889, 1.0, 0.08511885152861443, 0.06992307519612057, 0.07534262534926026, 0.08613450877673227, 0.08222609106935658, 0.07433264842899846, 0.06991219128704776, 0.05874054936468743, 0.06183294477037542, 0.08668607213298006, 0.08748626157042423, 0.06636502292804611, 0.06559234122993352, 0.08427324384741126, 0.10275250972433123, 0.07668755470667686, 0.07995955357358012, 0.07253641878412964], [0.07681732730893165, 0.08511885152861443, 1.0, 0.928518949292014, 0.08086529363345603, 0.09377369105742925, 0.06276748195253927, 0.07182594710487368, 0.08469991583688191, 0.08502517894034999, 0.07300627426748746, 0.09103165838225476, 0.08471424261515122, 0.09105197699896832, 0.06412034534919785, 0.07453725670968886, 0.07533670935687226, 0.07388241269512157, 0.07201113337758698, 0.07061039757549196], [0.07842304520442289, 0.06992307519612057, 0.928518949292014, 1.0, 0.0680266556197247, 0.07958607946621019, 0.09440716273685856, 0.07101810263332306, 0.07658357788991244, 0.09805901490622047, 0.06843398144727451, 0.06597517419888795, 0.07271180195407179, 0.07149160956253209, 0.05957867808298616, 0.07962663272721789, 0.06505387486232857, 0.06993345797946453, 0.06431485797804296, 0.07425232474663516], [0.0669576487973936, 0.07534262534926026, 0.08086529363345603, 0.0680266556197247, 1.0, 0.9748600228526334, 0.06827767897805631, 0.07343552773165855, 0.11662350737128317, 0.07376154929568919, 0.06881894623216729, 0.0871596494906699, 0.07935715710691416, 0.0618505518905778, 0.06197493400526294, 0.06282660124460344, 0.07138651401643788, 0.06927731916436543, 0.07045044095163483, 0.06787168045649097], [0.07129335609784089, 0.08613450877673227, 0.09377369105742925, 0.07958607946621019, 0.9748600228526334, 1.0, 0.07354429368511803, 0.06878913060569533, 0.06759934706513902, 0.0621295218118522, 0.06435749971438542, 0.08715456238732526, 0.08315097413207408, 0.07815378899592478, 0.06191659213527539, 0.08375577871102619, 0.08847001200794763, 0.07938088337858382, 0.08189956296202167, 0.08593824356223008], [0.061820088863839946, 0.08222609106935658, 0.06276748195253927, 0.09440716273685856, 0.06827767897805631, 0.07354429368511803, 1.0, 0.8580616903216791, 0.07931586163807025, 0.08051875571120803, 0.07430551450237273, 0.06674253583791169, 0.06414981154205347, 0.08716706615145668, 0.0681957381494221, 0.09985232447792343, 0.07755555864477746, 0.06639644486563806, 0.0656638586434079, 0.07081225914543078], [0.06019923697133782, 0.07433264842899846, 0.07182594710487368, 0.07101810263332306, 0.07343552773165855, 0.06878913060569533, 0.8580616903216791, 1.0, 0.08598488346925236, 0.08205757738508108, 0.05053141918546363, 0.06650581487875987, 0.06776822101818172, 0.060337905232476396, 0.06724701233716285, 0.07334163031401307, 0.06807371268005637, 0.0667225476933004, 0.0645617016769173, 0.08546211181771705], [0.07836347625359662, 0.06991219128704776, 0.08469991583688191, 0.07658357788991244, 0.11662350737128317, 0.06759934706513902, 0.07931586163807025, 0.08598488346925236, 1.0, 0.9042850508029887, 0.07080026734217909, 0.06963182363130807, 0.0728327276556218, 0.07894823580339523, 0.06107375012633786, 0.08849936443171887, 0.08579898207658007, 0.07249753955393504, 0.07211061631551821, 0.0642420836870649], [0.06087973320564614, 0.05874054936468743, 0.08502517894034999, 0.09805901490622047, 0.07376154929568919, 0.0621295218118522, 0.08051875571120803, 0.08205757738508108, 0.9042850508029887, 1.0, 0.05990832942256621, 0.05974366221685801, 0.060763818761384494, 0.07234170299620526, 0.058078629996586494, 0.07586990171477964, 0.06864440278641941, 0.07762269323971532, 0.08570112712007064, 0.0675447974979643], [0.0658652326315565, 0.06183294477037542, 0.07300627426748746, 0.06843398144727451, 0.06881894623216729, 0.06435749971438542, 0.07430551450237273, 0.05053141918546363, 0.07080026734217909, 0.05990832942256621, 1.0, 0.8482697477559535, 0.04844824765705031, 0.06979597887613655, 0.05354296811275769, 0.07223691625191153, 0.06432772471972932, 0.07351025776737295, 0.058194698841748375, 0.0554257814484187], [0.07303703796966261, 0.08668607213298006, 0.09103165838225476, 0.06597517419888795, 0.0871596494906699, 0.08715456238732526, 0.06674253583791169, 0.06650581487875987, 0.06963182363130807, 0.05974366221685801, 0.8482697477559535, 1.0, 0.06145781830249418, 0.08881645783141302, 0.06911339145770573, 0.06996998869070291, 0.07425952470440408, 0.05741501221858296, 0.059975696973248276, 0.05960914652729946], [0.07819951604148424, 0.08748626157042423, 0.08471424261515122, 0.07271180195407179, 0.07935715710691416, 0.08315097413207408, 0.06414981154205347, 0.06776822101818172, 0.0728327276556218, 0.060763818761384494, 0.04844824765705031, 0.06145781830249418, 1.0, 0.9031617056989253, 0.06127546542173961, 0.06798120757930073, 0.06896786183726367, 0.07137551092070525, 0.06421723597727773, 0.0777622391480763], [0.09843740546330845, 0.06636502292804611, 0.09105197699896832, 0.07149160956253209, 0.0618505518905778, 0.07815378899592478, 0.08716706615145668, 0.060337905232476396, 0.07894823580339523, 0.07234170299620526, 0.06979597887613655, 0.08881645783141302, 0.9031617056989253, 1.0, 0.07725655452950048, 0.07537934296685155, 0.07951664781928286, 0.08632151535479572, 0.08273932507931764, 0.07981886184801214], [0.07445138813885567, 0.06559234122993352, 0.06412034534919785, 0.05957867808298616, 0.06197493400526294, 0.06191659213527539, 0.0681957381494221, 0.06724701233716285, 0.06107375012633786, 0.058078629996586494, 0.05354296811275769, 0.06911339145770573, 0.06127546542173961, 0.07725655452950048, 1.0, 0.8511090773773664, 0.06958243159595878, 0.06425268859100218, 0.06380477157941654, 0.06140272968656249], [0.07238196099935111, 0.08427324384741126, 0.07453725670968886, 0.07962663272721789, 0.06282660124460344, 0.08375577871102619, 0.09985232447792343, 0.07334163031401307, 0.08849936443171887, 0.07586990171477964, 0.07223691625191153, 0.06996998869070291, 0.06798120757930073, 0.07537934296685155, 0.8511090773773664, 1.0, 0.08054983905033457, 0.06934095129677686, 0.07360083421126949, 0.0748538625275928], [0.08477819709330174, 0.10275250972433123, 0.07533670935687226, 0.06505387486232857, 0.07138651401643788, 0.08847001200794763, 0.07755555864477746, 0.06807371268005637, 0.08579898207658007, 0.06864440278641941, 0.06432772471972932, 0.07425952470440408, 0.06896786183726367, 0.07951664781928286, 0.06958243159595878, 0.08054983905033457, 1.0, 1.0, 0.07023033569637861, 0.0755295262846025], [0.07511491652686432, 0.07668755470667686, 0.07388241269512157, 0.06993345797946453, 0.06927731916436543, 0.07938088337858382, 0.06639644486563806, 0.0667225476933004, 0.07249753955393504, 0.07762269323971532, 0.07351025776737295, 0.05741501221858296, 0.07137551092070525, 0.08632151535479572, 0.06425268859100218, 0.06934095129677686, 1.0, 1.0, 0.07582624418304089, 0.08312867268274696], [0.06779323125523229, 0.07995955357358012, 0.07201113337758698, 0.06431485797804296, 0.07045044095163483, 0.08189956296202167, 0.0656638586434079, 0.0645617016769173, 0.07211061631551821, 0.08570112712007064, 0.058194698841748375, 0.059975696973248276, 0.06421723597727773, 0.08273932507931764, 0.06380477157941654, 0.07360083421126949, 0.07023033569637861, 0.07582624418304089, 1.0, 0.8543736650010584], [0.0715263416387221, 0.07253641878412964, 0.07061039757549196, 0.07425232474663516, 0.06787168045649097, 0.08593824356223008, 0.07081225914543078, 