{"model": "LSING", "dataset": "dim20_pair_gau", "N": 5000, "seed": 120, "metrics": {"TP": 10, "FP": 0, "FN": 0, "TN": 180, "TPR": 1.0, "FDR": 0.0, "FPR": 0.0, "Hamming": 0}, "omega": [[1.0, 0.9536096736517953, 0.06196426319339903, 0.07727126936992669, 0.06051925416818706, 0.06342605800227095, 0.06416398841646108, 0.07249660493342658, 0.06322148668675781, 0.06523608607370762, 0.06937899434908429, 0.07002581433276063, 0.07166146380790155, 0.0579574716052618, 0.07937689742760902, 0.06456985064483572, 0.060613641664218544, 0.08160164448086638, 0.06763943319768018, 0.07503882021156254], [0.9536096736517953, 1.0, 0.060110834026656276, 0.07054152166152321, 0.06397579742283559, 0.06163441086451204, 0.05598037326083263, 0.06599027834153094, 0.06830413688207893, 0.06855132840355892, 0.06648404067758022, 0.06436228758875574, 0.06976383263370987, 0.053580343247984934, 0.06763936645500161, 0.06782513468939506, 0.052918591258545866, 0.06479641534150413, 0.05751382634654956, 0.059667901246037755], [0.06196426319339903, 0.060110834026656276, 1.0, 0.929946884574571, 0.06309526126448223, 0.07738851623336786, 0.05491374516609476, 0.06974183424685372, 0.043718790456074616, 0.05391167893290311, 0.06215653550181898, 0.06724736334383169, 0.07409752485577441, 0.06724741673797455, 0.07979310143402785, 0.07401820785656368, 0.068353646601041, 0.06381971633186938, 0.06514283987747967, 0.06698696010912908], [0.07727126936992669, 0.07054152166152321, 0.929946884574571, 1.0, 0.05564300236920491, 0.06738472144489249, 0.05666157907250743, 0.06576450120846963, 0.05433995001560711, 0.06303832642252942, 0.07370232477030107, 0.05799141860014867, 0.07424964810590151, 0.06336699406887182, 0.08079017364629562, 0.062000070640450995, 0.057960026181284006, 0.06931078333158734, 0.07021293410639509, 0.06901608437150235], [0.06051925416818706, 0.06397579742283559, 0.06309526126448223, 0.05564300236920491, 1.0, 0.8326373940753645, 0.0595442570968558, 0.060211470305968726, 0.05267939884709231, 0.059867271638323456, 0.06823363992784102, 0.07355572113969157, 0.06977955387164668, 0.0527422320732636, 0.07086365186249984, 0.06695340522747881, 0.06224440223815432, 0.06418658415029041, 0.053938798151772424, 0.06578174751661171], [0.06342605800227095, 0.06163441086451204, 0.07738851623336786, 0.06738472144489249, 0.8326373940753645, 1.0, 0.050963462935334464, 0.05975947553816757, 0.049438451129889475, 0.06775906277474623, 0.06384749797182349, 0.0682064222635208, 0.07529127105611372, 0.05497369510855189, 0.057629725007883645, 0.05873597989945456, 0.0634771728826526, 0.06075015046469456, 0.07383132835657207, 0.08188581812054112], [0.06416398841646108, 0.05598037326083263, 0.05491374516609476, 0.05666157907250743, 0.0595442570968558, 0.050963462935334464, 1.0, 0.8679421352723523, 0.054476148462627785, 0.06619615614497706, 0.04918080436781175, 0.054093342492564596, 0.05989251705649196, 0.06514293665436359, 0.05185532365767392, 0.06116893574420703, 0.05386226265369103, 0.0692731004152676, 0.06906402563751805, 0.06500598735220901], [0.07249660493342658, 0.06599027834153094, 0.06974183424685372, 0.06576450120846963, 0.060211470305968726, 0.05975947553816757, 0.8679421352723523, 1.0, 0.05075056713923687, 0.05399104432055579, 0.07070436378582841, 0.058518740823549124, 0.08838065496032121, 0.08327551748802342, 0.07329412988531045, 0.06811501149095349, 0.05949864014462124, 0.057397300304036926, 0.06486723266059917, 0.07133329005738055], [0.06322148668675781, 0.06830413688207893, 0.043718790456074616, 0.05433995001560711, 0.05267939884709231, 0.049438451129889475, 0.054476148462627785, 0.05075056713923687, 1.0, 0.8158251536176186, 0.05102699695963072, 0.054167251666244316, 0.05746634393644901, 0.055511612732175086, 0.0737157834314344, 0.07605863832868644, 0.050482448450891754, 0.05635879423691387, 0.056874820261966615, 0.05980215080684423], [0.06523608607370762, 0.06855132840355892, 0.05391167893290311, 0.06303832642252942, 0.059867271638323456, 0.06775906277474623, 0.06619615614497706, 0.05399104432055579, 0.8158251536176186, 1.0, 0.055831512059120555, 0.052860535139593115, 0.05842054398913835, 0.05150286057785491, 0.06845653044005423, 0.0654590766999387, 0.05970055843866129, 0.06016523097825652, 0.059112246755585, 0.06819473562050347], [0.06937899434908429, 0.06648404067758022, 0.06215653550181898, 0.07370232477030107, 0.06823363992784102, 0.06384749797182349, 0.04918080436781175, 0.07070436378582841, 0.05102699695963072, 0.055831512059120555, 1.0, 0.8379435705069123, 0.06953293633720238, 0.0608721777724882, 0.05946720434301551, 0.06245571122706895, 0.06708602960406214, 0.06726467639465235, 0.06599959228232516, 0.05841996499640177], [0.07002581433276063, 0.06436228758875574, 0.06724736334383169, 0.05799141860014867, 0.07355572113969157, 0.0682064222635208, 0.054093342492564596, 0.058518740823549124, 0.054167251666244316, 0.052860535139593115, 0.8379435705069123, 1.0, 0.05857010598897539, 0.0545624968030257, 0.0630038404805131, 0.05836817267783266, 0.052911640008572965, 0.05915490367002505, 0.06032974500665985, 0.052675849805159436], [0.07166146380790155, 0.06976383263370987, 0.07409752485577441, 0.07424964810590151, 0.06977955387164668, 0.07529127105611372, 0.05989251705649196, 0.08838065496032121, 0.05746634393644901, 0.05842054398913835, 0.06953293633720238, 0.05857010598897539, 1.0, 0.9119697974963059, 0.06540559245446788, 0.06060872606594198, 0.060132336849124064, 0.06848011062839246, 0.09112379573515351, 0.07599899373398376], [0.0579574716052618, 0.053580343247984934, 0.06724741673797455, 0.06336699406887182, 0.0527422320732636, 0.05497369510855189, 0.06514293665436359, 0.08327551748802342, 0.055511612732175086, 0.05150286057785491, 0.0608721777724882, 0.0545624968030257, 0.9119697974963059, 1.0, 0.05111543935156872, 0.0721219482444166, 0.05593456942909808, 0.07274443051035297, 0.06631875910837334, 0.06101594483925853], [0.07937689742760902, 0.06763936645500161, 0.07979310143402785, 0.08079017364629562, 0.07086365186249984, 0.057629725007883645, 0.05185532365767392, 0.07329412988531045, 0.0737157834314344, 0.06845653044005423, 0.05946720434301551, 0.0630038404805131, 0.06540559245446788, 0.05111543935156872, 1.0, 1.0, 0.059727545840740436, 0.06848918429554385, 0.07387001241307033, 0.0849755402766436], [0.06456985064483572, 0.06782513468939506, 0.07401820785656368, 0.062000070640450995, 0.06695340522747881, 0.05873597989945456, 0.06116893574420703, 0.06811501149095349, 0.07605863832868644, 0.0654590766999387, 0.06245571122706895, 0.05836817267783266, 0.06060872606594198, 0.0721219482444166, 1.0, 1.0, 0.06596565196170615, 0.07374415574409383, 0.0694790449613923, 0.07777295072478811], [0.060613641664218544, 0.052918591258545866, 0.068353646601041, 0.057960026181284006, 0.06224440223815432, 0.0634771728826526, 0.05386226265369103, 0.05949864014462124, 0.050482448450891754, 0.05970055843866129, 0.06708602960406214, 0.052911640008572965, 0.060132336849124064, 0.05593456942909808, 0.059727545840740436, 0.06596565196170615, 1.0, 0.9210695743835406, 0.06247994716222412, 0.06364828442483242], [0.08160164448086638, 0.06479641534150413, 0.06381971633186938, 0.06931078333158734, 0.06418658415029041, 0.06075015046469456, 0.0692731004152676, 0.057397300304036926, 0.05635879423691387, 0.06016523097825652, 0.06726467639465235, 0.05915490367002505, 0.06848011062839246, 0.07274443051035297, 0.06848918429554385, 0.07374415574409383, 0.9210695743835406, 1.0, 0.07217846928176228, 0.08207832736546998], [0.06763943319768018, 0.05751382634654956, 0.06514283987747967, 0.07021293410639509, 0.053938798151772424, 0.07383132835657207, 0.06906402563751805, 0.06486723266059917, 0.056874820261966615, 0.059112246755585, 0.06599959228232516, 0.06032974500665985, 0.09112379573515351, 0.06631875910837334, 0.07387001241307033, 0.0694790449613923, 0.06247994716222412, 0.07217846928176228, 1.0, 0.9590067002174103], [0.07503882021156254, 0.059667901246037755, 0.06698696010912908, 0.06901608437150235, 0.06578174751661171, 0.08188581812054112, 