{"model": "LSING", "dataset": "dim20_pair_gau", "N": 5000, "seed": 1234560, "metrics": {"TP": 10, "FP": 0, "FN": 0, "TN": 180, "TPR": 1.0, "FDR": 0.0, "FPR": 0.0, "Hamming": 0}, "omega": [[1.0, 0.8387505028409886, 0.05032855855556874, 0.05642560154084378, 0.0540458552582412, 0.06540241795256646, 0.06303963185190721, 0.06419925065361774, 0.05614738027650665, 0.051599418650853206, 0.05663193756895493, 0.06366651335094443, 0.06964240363632848, 0.06931561050083063, 0.054453431548560895, 0.05440198288306109, 0.055806015894408326, 0.056340478014694134, 0.0476656872388475, 0.05006189954944239], [0.8387505028409886, 1.0, 0.04557348032741017, 0.06312355304169194, 0.06880492599852588, 0.06587087589813898, 0.0688659398478293, 0.06390267802232866, 0.05512465785661724, 0.05511679231060697, 0.05516254718949909, 0.06062650342405253, 0.06258342703583371, 0.07348634223946894, 0.05138322629727939, 0.05851791231903516, 0.05998559991322027, 0.05842483511750817, 0.05708968937016812, 0.06630094091444642], [0.05032855855556874, 0.04557348032741017, 1.0, 0.7829877789244107, 0.06180590412119107, 0.05538343872682374, 0.05833876262692392, 0.06773652109172444, 0.048528590199047476, 0.05250163045624019, 0.07693939247743838, 0.07043332378850321, 0.04489844085048969, 0.059903464916857246, 0.06527668252558824, 0.05371227301400219, 0.050113299429042565, 0.048665606185009626, 0.04828640597714518, 0.051635633525760866], [0.05642560154084378, 0.06312355304169194, 0.7829877789244107, 1.0, 0.0733690420519095, 0.053358490259841636, 0.06421624231033503, 0.05678406302015211, 0.05772284693913111, 0.05283492155882016, 0.06673823568633036, 0.057052275306372933, 0.04505766858442884, 0.051977222952492935, 0.058088974099635135, 0.04783640326527866, 0.06958101523721505, 0.06573186755898575, 0.05445427507250277, 0.060324783093483804], [0.0540458552582412, 0.06880492599852588, 0.06180590412119107, 0.0733690420519095, 1.0, 0.9776745147798488, 0.07344467278623562, 0.07540876163030667, 0.07454517252003458, 0.06794582833849654, 0.06665080505925013, 0.06326506677285164, 0.06335399087795583, 0.07456625747110414, 0.060606287176743996, 0.05813162556581571, 0.06420612789172597, 0.06592890279139446, 0.07631915687692084, 0.07467465344511293], [0.06540241795256646, 0.06587087589813898, 0.05538343872682374, 0.053358490259841636, 0.9776745147798488, 1.0, 0.06512635585772233, 0.06268039766689838, 0.07335908028595411, 0.06115904243564995, 0.05831910505685301, 0.06735206931782632, 0.05288421420230434, 0.06480604652565834, 0.06382720938308839, 0.06685287782922966, 0.05963299431560547, 0.06363164402262315, 0.06049208725441871, 0.07526112920309096], [0.06303963185190721, 0.0688659398478293, 0.05833876262692392, 0.06421624231033503, 0.07344467278623562, 0.06512635585772233, 1.0, 1.0, 0.07214162658710918, 0.05556258999267368, 0.07266139156169872, 0.0786821286787464, 0.0676855508427887, 0.06616257780815919, 0.052694034175662076, 0.05902458064018381, 0.05355690723482679, 0.07129435399965313, 0.06089759879956723, 0.07115440141728137], [0.06419925065361774, 0.06390267802232866, 0.06773652109172444, 0.05678406302015211, 0.07540876163030667, 0.06268039766689838, 1.0, 1.0, 0.05863801218773751, 0.060046176263165774, 0.07231074054754624, 0.06956147255006906, 0.05244401116130736, 0.07183339412581007, 0.05733051230809704, 0.054421601109664555, 0.056737987098565694, 0.07176604125703298, 0.06611522715822776, 0.06368758728584312], [0.05614738027650665, 0.05512465785661724, 0.048528590199047476, 0.05772284693913111, 0.07454517252003458, 0.07335908028595411, 0.07214162658710918, 0.05863801218773751, 1.0, 0.7717573529604316, 0.0601663563925417, 0.06343515015632639, 0.05703156962632947, 0.06362826048442347, 0.04655906094029905, 0.04545223005571992, 0.05760069176768978, 0.04770499136281843, 0.06031307919879024, 0.056544289765934445], [0.051599418650853206, 0.05511679231060697, 0.05250163045624019, 0.05283492155882016, 0.06794582833849654, 0.06115904243564995, 0.05556258999267368, 0.060046176263165774, 0.7717573529604316, 1.0, 0.05484195773194692, 0.06160729987130091, 0.06114564362437914, 0.0609219366685246, 0.05360097191835776, 0.053028834493652977, 0.05434773296267968, 0.04921788302735153, 0.05649942719688383, 0.060196823973725964], [0.05663193756895493, 0.05516254718949909, 0.07693939247743838, 0.06673823568633036, 0.06665080505925013, 0.05831910505685301, 0.07266139156169872, 0.07231074054754624, 0.0601663563925417, 0.05484195773194692, 1.0, 0.9989563468554334, 0.05717090058191569, 0.060928477126551556, 0.05459813996927659, 0.05500747884693752, 0.057130395695318546, 0.05315787949311211, 0.06296803933107897, 0.05448035664393701], [0.06366651335094443, 0.06062650342405253, 0.07043332378850321, 0.057052275306372933, 0.06326506677285164, 0.06735206931782632, 0.0786821286787464, 0.06956147255006906, 0.06343515015632639, 0.06160729987130091, 0.9989563468554334, 1.0, 0.06058694120693521, 0.05527335570493119, 0.06518458418953112, 0.06420584461876042, 0.07490564995861444, 0.07364440540677192, 0.0720297243232823, 0.0566463844901983], [0.06964240363632848, 0.06258342703583371, 0.04489844085048969, 0.04505766858442884, 0.06335399087795583, 0.05288421420230434, 0.0676855508427887, 0.05244401116130736, 0.05703156962632947, 0.06114564362437914, 0.05717090058191569, 0.06058694120693521, 1.0, 0.814394617723007, 0.05427719956799488, 0.057245576056852404, 0.05223010387632237, 0.0561707691810294, 0.0669105632211878, 0.05109711273337412], [0.06931561050083063, 0.07348634223946894, 0.059903464916857246, 0.051977222952492935, 0.07456625747110414, 0.06480604652565834, 0.06616257780815919, 0.07183339412581007, 0.06362826048442347, 0.0609219366685246, 0.060928477126551556, 0.05527335570493119, 0.814394617723007, 1.0, 0.05706147380906002, 0.05827735376920742, 0.06056436749905777, 0.06399147937581444, 0.05744758115606794, 0.05494867610050414], [0.054453431548560895, 0.05138322629727939, 0.06527668252558824, 0.058088974099635135, 0.060606287176743996, 0.06382720938308839, 0.052694034175662076, 0.05733051230809704, 0.04655906094029905, 0.05360097191835776, 0.05459813996927659, 0.06518458418953112, 0.05427719956799488, 0.05706147380906002, 1.0, 0.8459424131492641, 0.06495072976655487, 0.05496400903663422, 0.05975972434544053, 0.057281515527488], [0.05440198288306109, 0.05851791231903516, 0.05371227301400219, 0.04783640326527866, 0.05813162556581571, 0.06685287782922966, 0.05902458064018381, 0.054421601109664555, 0.04545223005571992, 0.053028834493652977, 0.05500747884693752, 0.06420584461876042, 0.057245576056852404, 0.05827735376920742, 0.8459424131492641, 1.0, 0.06093817607814446, 0.054181952180803995, 0.05258115147262662, 0.05916192396379505], [0.055806015894408326, 0.05998559991322027, 0.050113299429042565, 0.06958101523721505, 0.06420612789172597, 0.05963299431560547, 0.05355690723482679, 0.056737987098565694, 0.05760069176768978, 0.05434773296267968, 0.057130395695318546, 0.07490564995861444, 0.05223010387632237, 0.06056436749905777, 0.06495072976655487, 0.06093817607814446, 1.0, 0.859788745346014, 0.058240191503603836, 0.05786363989796734], [0.056340478014694134, 0.05842483511750817, 0.048665606185009626, 0.06573186755898575, 0.06592890279139446, 0.06363164402262315, 0.07129435399965313, 0.07176604125703298, 0.04770499136281843, 0.04921788302735153, 0.05315787949311211, 0.07364440540677192, 0.0561707691810294, 0.06399147937581444, 0.05496400903663422, 0.054181952180803995, 0.859788745346014, 1.0, 0.05819926485503575, 0.05691390118391481], [0.0476656872388475, 0.05708968937016812, 0.04828640597714518, 0.05445427507250277, 0.07631915687692084, 0.06049208725441871, 0.06089759879956723, 0.06611522715822776, 0.06031307919879024, 0.05649942719688383, 0.06296803933107897, 0.0720297243232823, 0.0669105632211878, 0.05744758115606794, 0.05975972434544053, 0.05258115147262662, 0.058240191503603836, 0.05819926485503575, 1.0, 0.8931767826758009], [0.05006189954944239, 0.06630094091444642, 0.051635633525760866, 0.060324783093483804, 0.07467465344511293, 