{"model": "LSING", "dataset": "dim20_pair_gau", "N": 5000, "seed": 1230, "metrics": {"TP": 10, "FP": 0, "FN": 0, "TN": 180, "TPR": 1.0, "FDR": 0.0, "FPR": 0.0, "Hamming": 0}, "omega": [[1.0, 0.870405868449954, 0.0596374810190104, 0.0649259940309112, 0.05802624321827905, 0.07070349836116195, 0.07285452731648397, 0.06136474535339732, 0.06006348409907933, 0.05382608047578641, 0.059608546273655985, 0.04980846733246438, 0.05814570131455284, 0.0705216843237933, 0.07306085319627689, 0.06628681513826477, 0.07075825561521842, 0.05713027492815452, 0.055585312357860225, 0.05839267373582123], [0.870405868449954, 1.0, 0.061823097265888506, 0.06722708871463781, 0.06307557472700394, 0.06947259843869492, 0.0698788922753187, 0.05565179888358813, 0.06711716114806156, 0.06600071178234397, 0.05565078212429384, 0.053106172000899426, 0.05796436706047618, 0.049257269409540935, 0.06293972933054179, 0.052635924004665095, 0.06984794784167167, 0.05897364364183048, 0.06287441525537511, 0.062220311759751575], [0.0596374810190104, 0.061823097265888506, 1.0, 0.9403786584461, 0.0622848823296843, 0.06611471909558854, 0.07676725538385484, 0.06006626271158824, 0.07163799706248072, 0.06473803018849852, 0.07494112391758984, 0.06452300307330748, 0.06402931718665347, 0.0594335715312278, 0.071014129446371, 0.07558877734644025, 0.06933207594947906, 0.07149558721382483, 0.08536974439027208, 0.08154035245655909], [0.0649259940309112, 0.06722708871463781, 0.9403786584461, 1.0, 0.06847258389903703, 0.07363958623183871, 0.06532802065587176, 0.05338972233777974, 0.0563027377159082, 0.061848921363276965, 0.06068607917738479, 0.04981823298774871, 0.06036490398055672, 0.0517038099216287, 0.06955676386665222, 0.057043481812896056, 0.06832465177646405, 0.06798790427556943, 0.07635148979893026, 0.07875399351277068], [0.05802624321827905, 0.06307557472700394, 0.0622848823296843, 0.06847258389903703, 1.0, 1.0, 0.07144358315329492, 0.05384828554556177, 0.06995039587268934, 0.08562483341034438, 0.07029608767800087, 0.06632123561774914, 0.07292732728195482, 0.0661254840346168, 0.06106518900106399, 0.05653141164725224, 0.07726772019536624, 0.06379412169764842, 0.04774270794214579, 0.07367509337281884], [0.07070349836116195, 0.06947259843869492, 0.06611471909558854, 0.07363958623183871, 1.0, 1.0, 0.08495321305850398, 0.07398434706692142, 0.06915790667105433, 0.07516884622578188, 0.07048132374586935, 0.0654412812865096, 0.07648380195684477, 0.06914828717491854, 0.07046394192799627, 0.06552839055036112, 0.08776120037890552, 0.07331924350668283, 0.06702689039827936, 0.0829602155051827], [0.07285452731648397, 0.0698788922753187, 0.07676725538385484, 0.06532802065587176, 0.07144358315329492, 0.08495321305850398, 1.0, 0.9347504636295287, 0.06954367626811109, 0.07010762498805943, 0.07998347473828489, 0.06968777965646653, 0.07455151446551074, 0.05814202350554304, 0.06773153477426089, 0.05221597858582915, 0.08010379231389962, 0.06852896002453236, 0.059356331187276436, 0.06658377557702488], [0.06136474535339732, 0.05565179888358813, 0.06006626271158824, 0.05338972233777974, 0.05384828554556177, 0.07398434706692142, 0.9347504636295287, 1.0, 0.059843686158637124, 0.05530564000447578, 0.05974615193464637, 0.05104430012619508, 0.06097292127248036, 0.05925976288461526, 0.056754509289341684, 0.04357754237229974, 0.07607111842353098, 0.05678488497325847, 0.057828995092560426, 0.05925657121364304], [0.06006348409907933, 0.06711716114806156, 0.07163799706248072, 0.0563027377159082, 0.06995039587268934, 0.06915790667105433, 0.06954367626811109, 0.059843686158637124, 1.0, 0.9564244418970105, 0.0635718994217639, 0.05901670022057068, 0.06814446296527986, 0.04796192760073937, 0.05602165778637572, 0.05951304397956741, 0.07318824360373251, 0.06384141371432389, 0.05384377049882058, 0.05782015405275934], [0.05382608047578641, 0.06600071178234397, 0.06473803018849852, 0.061848921363276965, 0.08562483341034438, 0.07516884622578188, 0.07010762498805943, 0.05530564000447578, 0.9564244418970105, 1.0, 0.07095770883765654, 0.07199625696588147, 0.07959713162543869, 0.08489994758097458, 0.06385152252587004, 0.06164975410439037, 0.09036058046584759, 0.07105970885911016, 0.062431160629717666, 0.07551439187194486], [0.059608546273655985, 0.05565078212429384, 0.07494112391758984, 0.06068607917738479, 0.07029608767800087, 0.07048132374586935, 0.07998347473828489, 0.05974615193464637, 0.0635718994217639, 0.07095770883765654, 1.0, 0.7572430754752116, 0.06436732610454757, 0.049741288139467245, 0.059257201922142774, 0.06586501254503037, 0.07016174200149779, 0.06705654322988536, 0.05187896736299257, 0.05525291785769427], [0.04980846733246438, 0.053106172000899426, 0.06452300307330748, 0.04981823298774871, 0.06632123561774914, 0.0654412812865096, 0.06968777965646653, 0.05104430012619508, 0.05901670022057068, 0.07199625696588147, 0.7572430754752116, 1.0, 0.054923205060166985, 0.049053755504671274, 0.04559099902904571, 0.04080961854546584, 0.06024021910603574, 0.0581926994242448, 0.05237882053024099, 0.05536190333323691], [0.05814570131455284, 0.05796436706047618, 0.06402931718665347, 0.06036490398055672, 0.07292732728195482, 0.07648380195684477, 0.07455151446551074, 0.06097292127248036, 0.06814446296527986, 0.07959713162543869, 0.06436732610454757, 0.054923205060166985, 1.0, 0.9105135402089409, 0.0655137603373282, 0.06402283693483879, 0.06465980327029443, 0.05875027115699429, 0.05596155936865145, 0.07980496675730907], [0.0705216843237933, 0.049257269409540935, 0.0594335715312278, 0.0517038099216287, 0.0661254840346168, 0.06914828717491854, 0.05814202350554304, 0.05925976288461526, 0.04796192760073937, 0.08489994758097458, 0.049741288139467245, 0.049053755504671274, 0.9105135402089409, 1.0, 0.04799191246780241, 0.05319955339864758, 0.07234041251144681, 0.0665150871319503, 0.05193546740602691, 0.05242758367052037], [0.07306085319627689, 0.06293972933054179, 0.071014129446371, 0.06955676386665222, 0.06106518900106399, 0.07046394192799627, 0.06773153477426089, 0.056754509289341684, 0.05602165778637572, 0.06385152252587004, 0.059257201922142774, 0.04559099902904571, 0.0655137603373282, 0.04799191246780241, 1.0, 0.7900381635517314, 0.06310939150565732, 0.060084567556258184, 0.04772685761795971, 0.07547239335834527], [0.06628681513826477, 0.052635924004665095, 0.07558877734644025, 0.057043481812896056, 0.05653141164725224, 0.06552839055036112, 0.05221597858582915, 0.04357754237229974, 0.05951304397956741, 0.06164975410439037, 0.06586501254503037, 0.04080961854546584, 0.06402283693483879, 0.05319955339864758, 0.7900381635517314, 1.0, 0.06159615023665835, 0.048263809789958374, 0.047255739021579646, 0.06811953965307868], [0.07075825561521842, 0.06984794784167167, 0.06933207594947906, 0.06832465177646405, 0.07726772019536624, 0.08776120037890552, 0.08010379231389962, 0.07607111842353098, 0.07318824360373251, 0.09036058046584759, 0.07016174200149779, 0.06024021910603574, 0.06465980327029443, 0.07234041251144681, 0.06310939150565732, 0.06159615023665835, 1.0, 0.9424477127720067, 0.06410897233392876, 0.07617749050995003], [0.05713027492815452, 0.05897364364183048, 0.07149558721382483, 0.06798790427556943, 0.06379412169764842, 0.07331924350668283, 0.06852896002453236, 0.05678488497325847, 0.06384141371432389, 0.07105970885911016, 0.06705654322988536, 0.0581926994242448, 0.05875027115699429, 0.0665150871319503, 0.060084567556258184, 0.048263809789958374, 0.9424477127720067, 1.0, 0.061051994960534234, 0.07039264168248448], [0.055585312357860225, 0.06287441525537511, 0.08536974439027208, 0.07635148979893026, 0.04774270794214579, 0.06702689039827936, 0.059356331187276436, 0.057828995092560426, 0.05384377049882058, 0.062431160629717666, 0.05187896736299257, 0.05237882053024099, 0.05596155936865145, 0.05193546740602691, 0.04772685761795971, 0.047255739021579646, 0.06410897233392876, 0.061051994960534234, 1.0, 0.8537067663145003], [0.05839267373582123, 0.062220311759751575, 0.08154035245655909, 0.07875399351277068, 0.07367509337281884, 0.0829602155051827, 0.06658377557702488, 