{"model": "LSING", "dataset": "dim20_pair_gau", "N": 5000, "seed": 123450, "metrics": {"TP": 10, "FP": 0, "FN": 0, "TN": 180, "TPR": 1.0, "FDR": 0.0, "FPR": 0.0, "Hamming": 0}, "omega": [[1.0, 0.9483147426288927, 0.06369501774991014, 0.08372930946789633, 0.06368489843653695, 0.05999881876601092, 0.05920391368167424, 0.06742016166040128, 0.05423327037303298, 0.0643290254278987, 0.06266957133474974, 0.07449913607090435, 0.06363269948319637, 0.06524076067195866, 0.0677086689173021, 0.06396756912209679, 0.0590379226286234, 0.06435231668180787, 0.06615853319031198, 0.058641977786456204], [0.9483147426288927, 1.0, 0.05452553271742992, 0.06418804131528544, 0.06564904874569719, 0.06279652242641841, 0.05643877569386248, 0.0604045025570851, 0.05708389486998074, 0.05285719590006598, 0.05079968634660545, 0.06232040322906448, 0.06378697854783257, 0.057184634803497565, 0.07989302144180857, 0.06184238706509612, 0.06695006355161873, 0.060804908184226146, 0.056373641111526616, 0.05753385146634872], [0.06369501774991014, 0.05452553271742992, 1.0, 0.9266516946580384, 0.05317858121399648, 0.06567943258297189, 0.058994133776416394, 0.06272322700306726, 0.05579467136251148, 0.05928201950159371, 0.06097704333733531, 0.08139829358465314, 0.054422693495774103, 0.049185788586502195, 0.0642603283681581, 0.058800669078900344, 0.05486308271188793, 0.055609760819054506, 0.07538331674188926, 0.04974670639980857], [0.08372930946789633, 0.06418804131528544, 0.9266516946580384, 1.0, 0.06589574828275964, 0.06531008411913934, 0.0682221026780766, 0.06936292091941117, 0.07922746131741935, 0.06913780018687388, 0.07601049404520814, 0.08217572294498304, 0.07061737102180851, 0.07594359198203358, 0.07049533229675653, 0.0697023128490289, 0.055731325302452873, 0.061416958311795534, 0.07398979729778725, 0.05613495188826517], [0.06368489843653695, 0.06564904874569719, 0.05317858121399648, 0.06589574828275964, 1.0, 1.0, 0.05507732825783622, 0.06883879487070586, 0.06694024205552972, 0.06952716391448967, 0.05133375204717011, 0.05641067242481279, 0.05980742422233433, 0.05611471649866319, 0.06719518336221729, 0.05639222879463245, 0.05360841572081624, 0.07115927384894914, 0.0794412552817248, 0.05923505501073696], [0.05999881876601092, 0.06279652242641841, 0.06567943258297189, 0.06531008411913934, 1.0, 1.0, 0.06229987649646711, 0.07031921869318812, 0.07175598962352787, 0.07007532899745897, 0.06149541374330947, 0.05622675568468453, 0.06600928788520724, 0.06127054227089046, 0.07057686948973281, 0.05735656601650996, 0.05941573622504421, 0.06557865380372235, 0.06696055837374153, 0.052284460891152185], [0.05920391368167424, 0.05643877569386248, 0.058994133776416394, 0.0682221026780766, 0.05507732825783622, 0.06229987649646711, 1.0, 0.9742748019644546, 0.06788357830315624, 0.06096445893850669, 0.061433872391250074, 0.057535531544288795, 0.06785673913899211, 0.07212558087318992, 0.07310218201660111, 0.06695220977835142, 0.0765673217265737, 0.0730014841659614, 0.07606788861529983, 0.05941649695397661], [0.06742016166040128, 0.0604045025570851, 0.06272322700306726, 0.06936292091941117, 0.06883879487070586, 0.07031921869318812, 0.9742748019644546, 1.0, 0.06799620826802934, 0.06379114475266663, 0.060177675849452585, 0.07563665242495782, 0.05882434555299231, 0.07115902135168647, 0.07701837247774658, 0.06819129801203078, 0.05844566602044632, 0.06103098711150383, 0.0644321576111221, 0.061728870122659284], [0.05423327037303298, 0.05708389486998074, 0.05579467136251148, 0.07922746131741935, 0.06694024205552972, 0.07175598962352787, 0.06788357830315624, 0.06799620826802934, 1.0, 0.8293004038920316, 0.06811754615132018, 0.05896249716426151, 0.061362995114760656, 0.05141283224755194, 0.07901999273325827, 0.06582886887959584, 0.05386509051832638, 0.05806937711903472, 0.0630830404580896, 0.05214868372529541], [0.0643290254278987, 0.05285719590006598, 0.05928201950159371, 0.06913780018687388, 0.06952716391448967, 0.07007532899745897, 0.06096445893850669, 0.06379114475266663, 0.8293004038920316, 1.0, 0.05799163547785949, 0.06072017592973376, 0.05528669704575613, 0.05805718765182207, 0.06433842933236097, 0.07585286777326937, 0.056329679072094574, 0.05890128923807462, 0.059463395083373304, 0.05188635525510252], [0.06266957133474974, 0.05079968634660545, 0.06097704333733531, 0.07601049404520814, 0.05133375204717011, 0.06149541374330947, 0.061433872391250074, 0.060177675849452585, 0.06811754615132018, 0.05799163547785949, 1.0, 0.9432668432507352, 0.06826617963613461, 0.06724263342473302, 0.07407946296033488, 0.06983190221337805, 0.06258267504923049, 0.0698075977332738, 0.06443860600275339, 0.06979418948119712], [0.07449913607090435, 0.06232040322906448, 0.08139829358465314, 0.08217572294498304, 0.05641067242481279, 0.05622675568468453, 0.057535531544288795, 0.07563665242495782, 0.05896249716426151, 0.06072017592973376, 0.9432668432507352, 1.0, 0.05704258728895113, 0.05714475804028976, 0.07645895508086646, 0.05798214740764297, 0.07915014212358744, 0.08442630550148805, 0.06227990655270537, 0.0618460725539878], [0.06363269948319637, 0.06378697854783257, 0.054422693495774103, 0.07061737102180851, 0.05980742422233433, 0.06600928788520724, 0.06785673913899211, 0.05882434555299231, 0.061362995114760656, 0.05528669704575613, 0.06826617963613461, 0.05704258728895113, 1.0, 0.8629723511612802, 0.06393749928782823, 0.052973177927958255, 0.05683336902824551, 0.06412039794604484, 0.07829886702535953, 0.061731064906557886], [0.06524076067195866, 0.057184634803497565, 0.049185788586502195, 0.07594359198203358, 0.05611471649866319, 0.06127054227089046, 0.07212558087318992, 0.07115902135168647, 0.05141283224755194, 0.05805718765182207, 0.06724263342473302, 0.05714475804028976, 0.8629723511612802, 1.0, 0.05798420623147706, 0.055742554956352934, 0.053242016295525905, 0.06176851057432639, 0.06031973631257659, 0.06366632208343649], [0.0677086689173021, 0.07989302144180857, 0.0642603283681581, 0.07049533229675653, 0.06719518336221729, 0.07057686948973281, 0.07310218201660111, 0.07701837247774658, 0.07901999273325827, 0.06433842933236097, 0.07407946296033488, 0.07645895508086646, 0.06393749928782823, 0.05798420623147706, 1.0, 0.9264523901520371, 0.06655973839211815, 0.06728350560984175, 0.06417630342971564, 0.062496018312396345], [0.06396756912209679, 0.06184238706509612, 0.058800669078900344, 0.0697023128490289, 0.05639222879463245, 0.05735656601650996, 0.06695220977835142, 0.06819129801203078, 0.06582886887959584, 0.07585286777326937, 0.06983190221337805, 0.05798214740764297, 0.052973177927958255, 0.055742554956352934, 0.9264523901520371, 1.0, 0.049890853202494, 0.06391727684680383, 0.05531346175559922, 0.05892318528275032], [0.0590379226286234, 0.06695006355161873, 0.05486308271188793, 0.055731325302452873, 0.05360841572081624, 0.05941573622504421, 0.0765673217265737, 0.05844566602044632, 0.05386509051832638, 0.056329679072094574, 0.06258267504923049, 0.07915014212358744, 0.05683336902824551, 0.053242016295525905, 0.06655973839211815, 0.049890853202494, 1.0, 0.9066972114979225, 0.058093446906170465, 0.0593687053727274], [0.06435231668180787, 0.060804908184226146, 0.055609760819054506, 0.061416958311795534, 0.07115927384894914, 0.06557865380372235, 0.0730014841659614, 0.06103098711150383, 0.05806937711903472, 0.05890128923807462, 0.0698075977332738, 0.08442630550148805, 0.06412039794604484, 0.06176851057432639, 0.06728350560984175, 0.06391727684680383, 0.9066972114979225, 1.0, 0.0651082190319229, 0.05808791462640246], [0.06615853319031198, 0.056373641111526616, 0.07538331674188926, 0.07398979729778725, 0.0794412552817248, 0.06696055837374153, 0.07606788861529983, 0.0644321576111221, 0.0630830404580896, 0.059463395083373304, 0.06443860600275339, 0.06227990655270537, 0.07829886702535953, 0.06031973631257659, 0.06417630342971564, 0.05531346175559922, 0.058093446906170465, 0.0651082190319229, 1.0, 0.8775485390378897], [0.058641977786456204, 0.05753385146634872, 0.04974670639980857, 0.05613495188826517, 0.05923505501073696, 0.052284460891152185, 