{"model": "SING", "dataset": "dim5_cop_gau", "N": 400, "seed": 1230, "metrics": {"TP": 2, "FP": 0, "FN": 2, "TN": 6, "TPR": 0.5, "FDR": 0.0, "FPR": 0.0, "Hamming": 2}, "omega": [[408.36624587032236, 6.992395290539479, 0.0, 0.0, 0.0], [6.992395290539479, 605.4032101842195, 0.0, 0.0, 0.0], [0.0, 0.0, 422.2076316852137, 0.0, 0.0], [0.0, 0.0, 0.0, 435.80781813031297, 8.941396679402132], [0.0, 0.0, 0.0, 8.941396679402132, 606.2790533262737]], "meta_info": {"source": "pretrained", "p_order": 2}}