{"model": "SING", "dataset": "dim5_cop_gau", "N": 400, "seed": 1234560, "metrics": {"TP": 1, "FP": 0, "FN": 3, "TN": 6, "TPR": 0.25, "FDR": 0.0, "FPR": 0.0, "Hamming": 3}, "omega": [[463.50729012811144, 6.740228915414318, 0.0, 0.0, 0.0], [6.740228915414318, 617.1823521861462, 0.0, 0.0, 0.0], [0.0, 0.0, 417.3951200327331, 0.0, 0.0], [0.0, 0.0, 0.0, 427.84687405407715, 0.0], [0.0, 0.0, 0.0, 0.0, 395.1236896865251]], "meta_info": {"source": "pretrained", "p_order": 2}}