{"model": "LSING", "dataset": "0.5_dim20_pair_gau", "N": 20000, "seed": 1234560, "metrics": {"TP": 10, "FP": 0, "FN": 0, "TN": 180, "TPR": 1.0, "FDR": 0.0, "FPR": 0.0, "Hamming": 0}, "omega": [[1.0, 0.9375435926700907, 0.060148687643788515, 0.07098467277348267, 0.06382331851125032, 0.051781897410681677, 0.05950504437191998, 0.055519147805690276, 0.06584578488156737, 0.056429612844173305, 0.05957542016224779, 0.06262156942539075, 0.07501841256834599, 0.059813158100347506, 0.05566877149264155, 0.057277935752077146, 0.049600682169207155, 0.076362411571127, 0.06699192584835627, 0.059966845413294174], [0.9375435926700907, 1.0, 0.06829154706434686, 0.06489974514134125, 0.06294395042102502, 0.05978618804756282, 0.06591376793528642, 0.06327873511016113, 0.0641690401923613, 0.0731936057979321, 0.06835554414097489, 0.06647406229802658, 0.06904406272779888, 0.06033875203049009, 0.06188086214717373, 0.061679501282828925, 0.0570590751253955, 0.07129999634647526, 0.07085617246440551, 0.06963294339088877], [0.060148687643788515, 0.06829154706434686, 1.0, 1.0, 0.050196221944818153, 0.06043401573261131, 0.06367937182197414, 0.07751610748872262, 0.07208773872954337, 0.06841157789107692, 0.0853753039580741, 0.06186120834671195, 0.07727909427373035, 0.061055741882249936, 0.08211321021599141, 0.06321824948954186, 0.07245804347860098, 0.04977984551250071, 0.06979417127521542, 0.06800527568513022], [0.07098467277348267, 0.06489974514134125, 1.0, 1.0, 0.06188004827162052, 0.06385829790472657, 0.07452805398547553, 0.08216952292697212, 0.059825147666359386, 0.06989771177536547, 0.08458604598342809, 0.05957177785345574, 0.07744096060460405, 0.06847615302065972, 0.057932070253691736, 0.05789068338766226, 0.0632697853549611, 0.0681175876355888, 0.0640892775122607, 0.07411638537747123], [0.06382331851125032, 0.06294395042102502, 0.050196221944818153, 0.06188004827162052, 1.0, 0.8688357928364963, 0.06312090077054401, 0.05791485232811892, 0.05840133134165619, 0.054559838730472855, 0.06488158967714529, 0.05035236670179388, 0.06809508958451878, 0.05861000558243856, 0.04973640382639076, 0.06051033310206614, 0.05493420710552585, 0.056502959424064615, 0.06340987835787222, 0.061004467722397274], [0.051781897410681677, 0.05978618804756282, 0.06043401573261131, 0.06385829790472657, 0.8688357928364963, 1.0, 0.06818396882116953, 0.06304043925030409, 0.062244097970048276, 0.051948503200607316, 0.07105966723567783, 0.05578320009471556, 0.06370725640629919, 0.05311084115367084, 0.0574460456300393, 0.058483550027843174, 0.06092440595022059, 0.05911207477044223, 0.05950048321775955, 0.06592562521057233], [0.05950504437191998, 0.06591376793528642, 0.06367937182197414, 0.07452805398547553, 0.06312090077054401, 0.06818396882116953, 1.0, 0.9605906617564031, 0.07750146923230611, 0.07455510743893529, 0.05743917226405983, 0.06402858770378178, 0.06602316948977377, 0.06149105601957774, 0.062474390240984466, 0.06082372120422016, 0.0630150336791482, 0.06373047055282062, 0.06379097918052268, 0.05579514652244723], [0.055519147805690276, 0.06327873511016113, 0.07751610748872262, 0.08216952292697212, 0.05791485232811892, 0.06304043925030409, 0.9605906617564031, 1.0, 0.06490056189277982, 0.06631672836245985, 0.07246973970430745, 0.05908010067715366, 0.06339765872103259, 0.06880196782339837, 0.05955752352773306, 0.05543578451713517, 0.05275017205846854, 0.06734708906106163, 0.07476233223350275, 0.06355453539082914], [0.06584578488156737, 0.0641690401923613, 0.07208773872954337, 0.059825147666359386, 0.05840133134165619, 0.062244097970048276, 0.07750146923230611, 0.06490056189277982, 1.0, 0.995872575364071, 0.075207030384718, 0.06643591943066857, 0.06628405830491728, 0.07603033884187314, 0.055891445543293394, 0.04973550511221981, 0.06644808154980127, 0.06600192820060041, 0.06403710895206512, 0.05882278371161119], [0.056429612844173305, 0.0731936057979321, 0.06841157789107692, 0.06989771177536547, 0.054559838730472855, 0.051948503200607316, 0.07455510743893529, 0.06631672836245985, 0.995872575364071, 1.0, 0.0550157758416244, 0.06079216123842157, 0.0663131018710372, 0.06311255495126686, 0.05654048685195835, 0.05853878140593338, 0.05858593442208371, 0.057355800347848686, 0.054122298657886425, 0.05595221875244738], [0.05957542016224779, 0.06835554414097489, 0.0853753039580741, 0.08458604598342809, 0.06488158967714529, 0.07105966723567783, 0.05743917226405983, 0.07246973970430745, 0.075207030384718, 0.0550157758416244, 1.0, 0.9750917959595697, 0.08106028244507128, 0.0672536342908237, 0.06949590745410156, 0.07685888716213064, 0.06158020846533647, 0.0772417307713014, 0.061773407567066334, 0.06590462837165346], [0.06262156942539075, 0.06647406229802658, 0.06186120834671195, 0.05957177785345574, 0.05035236670179388, 0.05578320009471556, 0.06402858770378178, 0.05908010067715366, 0.06643591943066857, 0.06079216123842157, 0.9750917959595697, 1.0, 0.06483725502863508, 0.05802981009309678, 0.0593780884132742, 0.060383308122172026, 0.05487969182288706, 0.07013125092085849, 0.06277186606951324, 0.057599974517355115], [0.07501841256834599, 0.06904406272779888, 0.07727909427373035, 0.07744096060460405, 0.06809508958451878, 0.06370725640629919, 0.06602316948977377, 0.06339765872103259, 0.06628405830491728, 0.0663131018710372, 0.08106028244507128, 0.06483725502863508, 1.0, 0.9788644053649204, 0.0683511871746741, 0.08502075043306231, 0.0643608847520927, 0.07026458846908938, 0.0737908409079552, 0.06732548828621988], [0.059813158100347506, 0.06033875203049009, 0.061055741882249936, 0.06847615302065972, 0.05861000558243856, 0.05311084115367084, 0.06149105601957774, 0.06880196782339837, 0.07603033884187314, 0.06311255495126686, 0.0672536342908237, 0.05802981009309678, 0.9788644053649204, 1.0, 0.05415283049467345, 0.05831781275529234, 0.05993740785088171, 0.06059927560819453, 0.06761409776022367, 0.058894045274625884], [0.05566877149264155, 0.06188086214717373, 0.08211321021599141, 0.057932070253691736, 0.04973640382639076, 0.0574460456300393, 0.062474390240984466, 0.05955752352773306, 0.055891445543293394, 0.05654048685195835, 0.06949590745410156, 0.0593780884132742, 0.0683511871746741, 0.05415283049467345, 1.0, 0.9905432607239004, 0.0635914042409784, 0.05823479169709354, 0.06068709364315223, 0.0607253688012362], [0.057277935752077146, 0.061679501282828925, 0.06321824948954186, 0.05789068338766226, 0.06051033310206614, 0.058483550027843174, 0.06082372120422016, 0.05543578451713517, 0.04973550511221981, 0.05853878140593338, 0.07685888716213064, 0.060383308122172026, 0.08502075043306231, 0.05831781275529234, 0.9905432607239004, 1.0, 0.06155681313803817, 0.0562417772686157, 0.061890737937455524, 0.057665855298885474], [0.049600682169207155, 0.0570590751253955, 0.07245804347860098, 0.0632697853549611, 0.05493420710552585, 0.06092440595022059, 0.0630150336791482, 0.05275017205846854, 0.06644808154980127, 0.05858593442208371, 0.06158020846533647, 0.05487969182288706, 0.0643608847520927, 0.05993740785088171, 0.0635914042409784, 0.06155681313803817, 1.0, 0.9336330327964124, 0.05789565866931266, 0.06594629995033231], [0.076362411571127, 0.07129999634647526, 0.04977984551250071, 0.0681175876355888, 0.056502959424064615, 0.05911207477044223, 0.06373047055282062, 0.06734708906106163, 0.06600192820060041, 0.057355800347848686, 0.0772417307713014, 0.07013125092085849, 0.07026458846908938, 0.06059927560819453, 0.05823479169709354, 0.0562417772686157, 0.9336330327964124, 1.0, 0.058012681319969714, 0.06473193723134055], [0.06699192584835627, 0.07085617246440551, 0.06979417127521542, 0.0640892775122607, 0.06340987835787222, 0.05950048321775955, 0.06379097918052268, 0.07476233223350275, 0.06403710895206512, 0.054122298657886425, 0.061773407567066334, 0.06277186606951324, 0.0737908409079552, 0.06761409776022367, 0.06068709364315223, 0.061890737937455524, 0.05789565866931266, 0.058012681319969714, 1.0, 0.9492025238953863], [0.059966845413294174, 0.06963294339088877, 0.06800527568513022, 0.07411638537747123, 0.061004467722397274, 0.06592562521057233, 