{"model": "LSING", "dataset": "0.5_dim20_pair_gau", "N": 20000, "seed": 123450, "metrics": {"TP": 10, "FP": 0, "FN": 0, "TN": 180, "TPR": 1.0, "FDR": 0.0, "FPR": 0.0, "Hamming": 0}, "omega": [[1.0, 0.8510045139144978, 0.05425245615386721, 0.04705837461378838, 0.056100156333765104, 0.044646209780152296, 0.05661479943056439, 0.05071943345551007, 0.0517865506660262, 0.05435629246461806, 0.06038384824631282, 0.05009859520999551, 0.05341504100298191, 0.03975139302691443, 0.046722512985679726, 0.05215743906122656, 0.052162946091312196, 0.05301907512931071, 0.06015968484364536, 0.058758463932308026], [0.8510045139144978, 1.0, 0.05227637720609596, 0.06333120969391634, 0.055122490475776616, 0.05997018713454879, 0.055491317852777895, 0.06254352649048303, 0.05992859779032704, 0.06029645000526482, 0.0538232952364398, 0.05057112184794413, 0.05269150633210153, 0.050465258781445074, 0.058386874474651206, 0.05759047806640185, 0.06814416159192328, 0.05944568962976186, 0.05786142816353221, 0.06874459259457923], [0.05425245615386721, 0.05227637720609596, 1.0, 0.8411224640357068, 0.0586202412987396, 0.053051691664761674, 0.051311567673906815, 0.06141255988496588, 0.05530790831764535, 0.06402500587521966, 0.05592928685565455, 0.05273292699964203, 0.05122292807790771, 0.05965557349713189, 0.05333615170983124, 0.05189128043607308, 0.05856082757334094, 0.05121944121463741, 0.06031783768133323, 0.057669450380106575], [0.04705837461378838, 0.06333120969391634, 0.8411224640357068, 1.0, 0.06405718885888834, 0.051142126676440636, 0.062280957515952494, 0.0757101673074483, 0.05803247422504345, 0.05936130121324498, 0.06263528660508534, 0.06187362968645493, 0.057270761959377005, 0.06900327409872148, 0.054071315847212156, 0.049971660736205396, 0.07181040724159354, 0.05499320507074153, 0.06450833045634169, 0.060402421130262805], [0.056100156333765104, 0.055122490475776616, 0.0586202412987396, 0.06405718885888834, 1.0, 0.9069511112145662, 0.06065421851735137, 0.06240979750912615, 0.061167788935880804, 0.06805808640859387, 0.051913777688435365, 0.07079996803155199, 0.0661252993852958, 0.049317653802666075, 0.05826217760246086, 0.053087235004189715, 0.06688604176004502, 0.06381070215168613, 0.06790203412270225, 0.05707352884310104], [0.044646209780152296, 0.05997018713454879, 0.053051691664761674, 0.051142126676440636, 0.9069511112145662, 1.0, 0.058503683076419774, 0.05432274425406048, 0.04832042013186553, 0.058624613714586486, 0.05851911435718139, 0.04905392781152506, 0.0505838437595131, 0.047517935549652154, 0.0496778733977771, 0.05745990123052591, 0.0473753760804743, 0.053340705980225105, 0.06076620929141161, 0.05218017878631814], [0.05661479943056439, 0.055491317852777895, 0.051311567673906815, 0.062280957515952494, 0.06065421851735137, 0.058503683076419774, 1.0, 0.9176616166133374, 0.06250928248861527, 0.06181811133816398, 0.05999345660984245, 0.05539541198161913, 0.07013426969554323, 0.0584804715837353, 0.05756929332946558, 0.056179716380281075, 0.059066883972835126, 0.0667263497476407, 0.07060873084417998, 0.06111287940498626], [0.05071943345551007, 0.06254352649048303, 0.06141255988496588, 0.0757101673074483, 0.06240979750912615, 0.05432274425406048, 0.9176616166133374, 1.0, 0.06462756905654958, 0.05228503506387596, 0.06274452320520948, 0.05972187397515738, 0.07069811367180587, 0.059782175888705776, 0.05504948509967126, 0.047912331939515745, 0.058532655931998336, 0.05143838618247857, 0.06576899625187764, 0.059151098441524455], [0.0517865506660262, 0.05992859779032704, 0.05530790831764535, 0.05803247422504345, 0.061167788935880804, 0.04832042013186553, 0.06250928248861527, 0.06462756905654958, 1.0, 0.88364952409772, 0.0627464155467273, 0.05902718169898491, 0.04991120595941462, 0.04904082901299641, 0.0431101358155119, 0.05414773692611291, 0.06722427803955695, 0.058716387007054525, 0.059641402020333384, 0.05238895571296744], [0.05435629246461806, 0.06029645000526482, 0.06402500587521966, 0.05936130121324498, 0.06805808640859387, 0.058624613714586486, 0.06181811133816398, 0.05228503506387596, 0.88364952409772, 1.0, 0.071639556212495, 0.06221495749326548, 0.06027744488731913, 0.0518160163737828, 0.054842682217307266, 0.0592043765526425, 0.06296523400705752, 0.05667903625481767, 0.07114546267950414, 0.05524662069974087], [0.06038384824631282, 0.0538232952364398, 0.05592928685565455, 0.06263528660508534, 0.051913777688435365, 0.05851911435718139, 0.05999345660984245, 0.06274452320520948, 0.0627464155467273, 0.071639556212495, 1.0, 0.8976365318606847, 0.0636826607371753, 0.05203912291161928, 0.05565361381144907, 0.05448010114865868, 0.05852814383077478, 0.05694697916299004, 0.06089803275338495, 0.06238057427409885], [0.05009859520999551, 0.05057112184794413, 0.05273292699964203, 0.06187362968645493, 0.07079996803155199, 0.04905392781152506, 0.05539541198161913, 0.05972187397515738, 0.05902718169898491, 0.06221495749326548, 0.8976365318606847, 1.0, 0.061234853730118236, 0.05392092345464856, 0.05016560729277005, 0.0648377243879535, 0.0677648499049528, 0.07116129456738374, 0.05947087780230477, 0.051416331706404576], [0.05341504100298191, 0.05269150633210153, 0.05122292807790771, 0.057270761959377005, 0.0661252993852958, 0.0505838437595131, 0.07013426969554323, 0.07069811367180587, 0.04991120595941462, 0.06027744488731913, 0.0636826607371753, 0.061234853730118236, 1.0, 0.839512445113135, 0.05651884084794274, 0.04560114645534177, 0.05854576263724642, 0.055157841418365106, 0.07791028315037606, 0.07829523232830285], [0.03975139302691443, 0.050465258781445074, 0.05965557349713189, 0.06900327409872148, 0.049317653802666075, 0.047517935549652154, 0.0584804715837353, 0.059782175888705776, 0.04904082901299641, 0.0518160163737828, 0.05203912291161928, 0.05392092345464856, 0.839512445113135, 1.0, 0.04970780296640715, 0.05161594738080325, 0.05295369973745896, 0.05387198217913995, 0.06551565441892633, 0.05501177004797207], [0.046722512985679726, 0.058386874474651206, 0.05333615170983124, 0.054071315847212156, 0.05826217760246086, 0.0496778733977771, 0.05756929332946558, 0.05504948509967126, 0.0431101358155119, 0.054842682217307266, 0.05565361381144907, 0.05016560729277005, 0.05651884084794274, 0.04970780296640715, 1.0, 0.7979078778209013, 0.06620372613535958, 0.05204340044683296, 0.05699531030331567, 0.056591429803491244], [0.05215743906122656, 0.05759047806640185, 0.05189128043607308, 0.049971660736205396, 0.053087235004189715, 0.05745990123052591, 0.056179716380281075, 0.047912331939515745, 0.05414773692611291, 0.0592043765526425, 0.05448010114865868, 0.0648377243879535, 0.04560114645534177, 0.05161594738080325, 0.7979078778209013, 1.0, 0.05382033944115813, 0.06227633735623001, 0.05945236026539083, 0.04809230995841403], [0.052162946091312196, 0.06814416159192328, 0.05856082757334094, 0.07181040724159354, 0.06688604176004502, 0.0473753760804743, 0.059066883972835126, 0.058532655931998336, 0.06722427803955695, 0.06296523400705752, 0.05852814383077478, 0.0677648499049528, 0.05854576263724642, 0.05295369973745896, 0.06620372613535958, 0.05382033944115813, 1.0, 1.0, 0.05845888887525419, 0.05398286337690632], [0.05301907512931071, 0.05944568962976186, 0.05121944121463741, 0.05499320507074153, 0.06381070215168613, 0.053340705980225105, 0.0667263497476407, 0.05143838618247857, 0.058716387007054525, 0.05667903625481767, 0.05694697916299004, 0.07116129456738374, 0.055157841418365106, 0.05387198217913995, 0.05204340044683296, 0.06227633735623001, 1.0, 1.0, 0.06276435589312257, 0.059273062224363855], [0.06015968484364536, 0.05786142816353221, 0.06031783768133323, 0.06450833045634169, 0.06790203412270225, 0.06076620929141161, 0.07060873084417998, 0.06576899625187764, 0.059641402020333384, 0.07114546267950414, 0.06089803275338495, 0.05947087780230477, 0.07791028315037606, 0.06551565441892633, 0.05699531030331567, 0.05945236026539083, 0.05845888887525419, 0.06276435589312257, 1.0, 0.9324387902896377], [0.058758463932308026, 0.06874459259457923, 0.057669450380106575, 0.060402421130262805, 0.05707352884310104, 