{"model": "LSING", "dataset": "dim5_cop_gau", "N": 50000, "seed": 1230, "metrics": {"TP": 4, "FP": 0, "FN": 0, "TN": 6, "TPR": 1.0, "FDR": 0.0, "FPR": 0.0, "Hamming": 0}, "omega": [[1.0, 0.9280758020626876, 0.05300286929685266, 0.05529544377628051, 0.04003519376707602], [0.9280758020626876, 1.0, 1.0, 0.09164108554256603, 0.06383441896279204], [0.05300286929685266, 1.0, 1.0, 0.8866730789015138, 0.06486368653707514], [0.05529544377628051, 0.09164108554256603, 0.8866730789015138, 1.0, 0.9059712767304331], [0.04003519376707602, 0.06383441896279204, 0.06486368653707514, 0.9059712767304331, 1.0]], "meta_info": {"source": "pretrained"}}