{"model": "LSING", "dataset": "dim5_cop_gau", "N": 50000, "seed": 12340, "metrics": {"TP": 4, "FP": 0, "FN": 0, "TN": 6, "TPR": 1.0, "FDR": 0.0, "FPR": 0.0, "Hamming": 0}, "omega": [[1.0, 1.0, 0.06642176152636235, 0.06578048261439831, 0.05203657945505492], [1.0, 1.0, 0.6531333285616351, 0.06104396055591192, 0.04666537046461057], [0.06642176152636235, 0.6531333285616351, 1.0, 0.6797045501673197, 0.051301028293396084], [0.06578048261439831, 0.06104396055591192, 0.6797045501673197, 1.0, 0.7602588610965211], [0.05203657945505492, 0.04666537046461057, 0.051301028293396084, 0.7602588610965211, 1.0]], "meta_info": {"source": "pretrained"}}