{"model": "LSING", "dataset": "dim5_cop_gau", "N": 50000, "seed": 1234560, "metrics": {"TP": 4, "FP": 0, "FN": 0, "TN": 6, "TPR": 1.0, "FDR": 0.0, "FPR": 0.0, "Hamming": 0}, "omega": [[1.0, 1.0, 0.0523434690257838, 0.040468500958809016, 0.03193044821374493], [1.0, 1.0, 0.7006095747539014, 0.058844585690043756, 0.033261182494694196], [0.0523434690257838, 0.7006095747539014, 1.0, 0.43495075643199776, 0.03157251835389631], [0.040468500958809016, 0.058844585690043756, 0.43495075643199776, 1.0, 0.43494788558021913], [0.03193044821374493, 0.033261182494694196, 0.03157251835389631, 0.43494788558021913, 1.0]], "meta_info": {"source": "pretrained"}}