{"model": "LSING", "dataset": "dim20_cop_gau", "N": 500, "seed": 1230, "metrics": {"TP": 19, "FP": 14, "FN": 0, "TN": 157, "TPR": 1.0, "FDR": 0.42424242424242425, "FPR": 0.08187134502923976, "Hamming": 14}, "omega": [[1.0, 0.7987132517497713, 0.2197691486555244, 0.05910954543958854, 0.11136001774996737, 0.09998039350786614, 0.07454244702364837, 0.06559627237116113, 0.08895581243020129, 0.15294904652725086, 0.08313365860742815, 0.07647186597003108, 0.10691124654471737, 0.10694157455689253, 0.14622768622511392, 0.09015092551274365, 0.08865937578175787, 0.06523325379230661, 0.11931968864585185, 0.08776763233972289], [0.7987132517497713, 1.0, 0.736150119825095, 0.15859140664043722, 0.17589327374160846, 0.1307299353697198, 0.13168078474817507, 0.12894387599929788, 0.20505034760980964, 0.2382636482273986, 0.09225101432288786, 0.13859960929114978, 0.19841181571439, 0.18675417919725082, 0.18187625036500094, 0.13774879005507307, 0.16097178338662307, 0.10863409389473416, 0.1788674543085905, 0.1671049960398787], [0.2197691486555244, 0.736150119825095, 1.0, 0.519631557385499, 0.1742573137671592, 0.10182528319117064, 0.06934689151114558, 0.11350084937280144, 0.08477267988775139, 0.0997406834815431, 0.11142889536531436, 0.08000096859293816, 0.0908168955852855, 0.07964736008435193, 0.10259355671133798, 0.10329175353598143, 0.08300797191847514, 0.09450728744864498, 0.17354626157802608, 0.09750704682222928], [0.05910954543958854, 0.15859140664043722, 0.519631557385499, 1.0, 0.6327808336235311, 0.10662086183531994, 0.08059639081860963, 0.0878805696732392, 0.05361446488156593, 0.10332706868515945, 0.0659579469907997, 0.09428618790050927, 0.12155058791584242, 0.14641010424770076, 0.11704418547788674, 0.09499822244019987, 0.07453186260864891, 0.07442080516900519, 0.13695326985253678, 0.07867515812687262], [0.11136001774996737, 0.17589327374160846, 0.1742573137671592, 0.6327808336235311, 1.0, 0.8128764004549739, 0.07888801488220104, 0.10821101647586105, 0.11031863192876584, 0.340907474431653, 0.17172417326413617, 0.14350056328970384, 0.2229455662264844, 0.17309844635770422, 0.20689305350662304, 0.1145638469062676, 0.11879787203928965, 0.08260332594027768, 0.24919611214954962, 0.18634536117387998], [0.09998039350786614, 0.1307299353697198, 0.10182528319117064, 0.10662086183531994, 0.8128764004549739, 1.0, 0.6629551185373442, 0.14098331472159875, 0.0854592475192845, 0.11596066223600966, 0.09930356104103039, 0.13677026053501007, 0.18725275155213272, 0.10795480437362634, 0.08219580122735302, 0.10344057611180504, 0.11964584080971995, 0.0808684948557623, 0.13549975381399842, 0.1145389606921447], [0.07454244702364837, 0.13168078474817507, 0.06934689151114558, 0.08059639081860963, 0.07888801488220104, 0.6629551185373442, 1.0, 0.7314971045111309, 0.14358737763681265, 0.2323580393666173, 0.09219679422593094, 0.1679787603465307, 0.16954780740674794, 0.1503890032823418, 0.14441695737018848, 0.15924219621659438, 0.09102061436024828, 0.09970368632205803, 0.201841976554529, 0.10240167325819964], [0.06559627237116113, 0.12894387599929788, 0.11350084937280144, 0.0878805696732392, 0.10821101647586105, 0.14098331472159875, 0.7314971045111309, 1.0, 0.45485184683600954, 0.15344638446560488, 0.10858730149875505, 0.10711714910617125, 0.1600287504090065, 0.13604313737344734, 0.11146164980692407, 0.11928197062480661, 0.10659586725638734, 0.06535209111855966, 0.1295170269008196, 0.07531868182369343], [0.08895581243020129, 0.20505034760980964, 0.08477267988775139, 0.05361446488156593, 0.11031863192876584, 0.0854592475192845, 0.14358737763681265, 0.45485184683600954, 1.0, 0.6754622833358707, 0.14637107407015548, 0.07026987935472469, 0.09054360660249636, 0.16505892237585568, 0.08261780677691281, 0.12062149159505575, 0.05302052560475762, 0.049378352548078826, 0.18120271124607734, 0.06683135793394179], [0.15294904652725086, 0.2382636482273986, 0.0997406834815431, 0.10332706868515945, 0.340907474431653, 0.11596066223600966, 0.2323580393666173, 0.15344638446560488, 0.6754622833358707, 1.0, 0.9091694457371791, 0.18664928206146278, 0.14263852122855314, 0.13734275653616013, 0.2290130438438743, 0.1808430201736076, 0.138722801233723, 0.09059527777066863, 0.15237637620010258, 0.11958220004158947], [0.08313365860742815, 0.09225101432288786, 0.11142889536531436, 0.0659579469907997, 0.17172417326413617, 0.09930356104103039, 0.09219679422593094, 0.10858730149875505, 0.14637107407015548, 0.9091694457371791, 1.0, 0.73629410367659, 0.22246146764096744, 0.10007560377196983, 0.12292108708712489, 0.08847508022105517, 0.07302102629729355, 0.07727076079408678, 0.1881218938640754, 0.09365346697849096], [0.07647186597003108, 0.13859960929114978, 0.08000096859293816, 0.09428618790050927, 0.14350056328970384, 0.13677026053501007, 0.1679787603465307, 0.10711714910617125, 0.07026987935472469, 0.18664928206146278, 0.73629410367659, 1.0, 0.8939391580781744, 0.14731664890928653, 0.14876634391040466, 0.08634076697710012, 0.07999866937436717, 0.13407319941126436, 0.10443591160039822, 0.09614212608288954], [0.10691124654471737, 0.19841181571439, 0.0908168955852855, 0.12155058791584242, 0.2229455662264844, 0.18725275155213272, 0.16954780740674794, 0.1600287504090065, 0.09054360660249636, 0.14263852122855314, 0.22246146764096744, 0.8939391580781744, 1.0, 0.9032004481742376, 0.23740028223096418, 0.08122508575237197, 0.0882695333788679, 0.0874245069485966, 0.15841626790615404, 0.1265309167817438], [0.10694157455689253, 0.18675417919725082, 0.07964736008435193, 0.14641010424770076, 0.17309844635770422, 0.10795480437362634, 0.1503890032823418, 0.13604313737344734, 0.16505892237585568, 0.13734275653616013, 0.10007560377196983, 0.14731664890928653, 0.9032004481742376, 1.0, 0.7359132060820136, 0.18495301000314615, 0.09733475384207904, 0.1618071629930745, 0.16018166257851785, 0.11669933096131874], [0.14622768622511392, 0.18187625036500094, 0.10259355671133798, 0.11704418547788674, 0.20689305350662304, 0.08219580122735302, 0.14441695737018848, 0.11146164980692407, 0.08261780677691281, 0.2290130438438743, 0.12292108708712489, 0.14876634391040466, 0.23740028223096418, 0.7359132060820136, 1.0, 0.5128374984305949, 0.17518437000261544, 0.09394354543951315, 0.23292457059172048, 0.1236543776198135], [0.09015092551274365, 0.13774879005507307, 0.10329175353598143, 0.09499822244019987, 0.1145638469062676, 0.10344057611180504, 0.15924219621659438, 0.11928197062480661, 0.12062149159505575, 0.1808430201736076, 0.08847508022105517, 0.08634076697710012, 0.08122508575237197, 0.18495301000314615, 0.5128374984305949, 1.0, 0.5882352453396253, 0.10014191361247832, 0.15527846118804092, 0.09261629089457053], [0.08865937578175787, 0.16097178338662307, 0.08300797191847514, 0.07453186260864891, 0.11879787203928965, 0.11964584080971995, 0.09102061436024828, 0.10659586725638734, 0.05302052560475762, 0.138722801233723, 0.07302102629729355, 0.07999866937436717, 0.0882695333788679, 0.09733475384207904, 0.17518437000261544, 0.5882352453396253, 1.0, 0.35091069597609986, 0.22657608417672878, 0.05977449075795172], [0.06523325379230661, 0.10863409389473416, 0.09450728744864498, 0.07442080516900519, 0.08260332594027768, 0.0808684948557623, 0.09970368632205803, 0.06535209111855966, 0.049378352548078826, 0.09059527777066863, 0.07727076079408678, 0.13407319941126436, 0.0874245069485966, 0.1618071629930745, 0.09394354543951315, 0.10014191361247832, 0.35091069597609986, 1.0, 0.6088383262246646, 0.1733743855668175], [0.11931968864585185, 0.1788674543085905, 0.17354626157802608, 0.13695326985253678, 0.24919611214954962, 0.13549975381399842, 0.201841976554529, 0.1295170269008196, 0.18120271124607734, 0.15237637620010258, 0.1881218938640754, 0.10443591160039822, 0.15841626790615404, 0.16018166257851785, 0.23292457059172048, 0.15527846118804092, 0.22657608417672878, 0.6088383262246646, 1.0, 1.0], [0.08776763233972289, 0.1671049960398787, 0.09750704682222928, 0.07867515812687262, 0.18634536117387998, 0.1145389606921447, 0.10240167325819964, 0.07531868182369343, 0.06683135793394179, 