{"model": "LSING", "dataset": "dim20_cop_gau", "N": 500, "seed": 120, "metrics": {"TP": 19, "FP": 17, "FN": 0, "TN": 154, "TPR": 1.0, "FDR": 0.4722222222222222, "FPR": 0.09941520467836257, "Hamming": 17}, "omega": [[1.0, 0.827641193502419, 0.2154626508944381, 0.11186450411563996, 0.15562469240867402, 0.08787755612444656, 0.0908702594786948, 0.10200681935047295, 0.15508191693187626, 0.12730840232733018, 0.2109314575284158, 0.07337544730477515, 0.08406777458798322, 0.06119906291368541, 0.067154721353097, 0.09600730713637218, 0.08639855566330647, 0.12565875226684978, 0.11526024620573079, 0.1251541170896343], [0.827641193502419, 1.0, 0.6433708744750125, 0.1755701847847321, 0.1731717503877803, 0.10115842070361765, 0.11023401853668405, 0.14124402230287267, 0.15708567900251827, 0.13352730453216416, 0.19416305793051028, 0.11242236102387561, 0.0948192047781776, 0.10503500541152039, 0.12992944563984102, 0.13853638944671165, 0.09399355288953425, 0.07269024721491729, 0.11283655419603575, 0.07776340317440583], [0.2154626508944381, 0.6433708744750125, 1.0, 0.6538750786610197, 0.25578955073834214, 0.10738669086478264, 0.08529810728338248, 0.12355030526401072, 0.10146219916422364, 0.11149701796195456, 0.09627505087485067, 0.11487715688460101, 0.08450905610726654, 0.05763394062659153, 0.045974204151349056, 0.11382535572892595, 0.07320207256647233, 0.13684921631897806, 0.07119686407591945, 0.08764561186105693], [0.11186450411563996, 0.1755701847847321, 0.6538750786610197, 1.0, 1.0, 0.1861092148491732, 0.17868651395155621, 0.10220641598145959, 0.3185243133078383, 0.17561111311109914, 0.20866742605342412, 0.10658676009542402, 0.14353353965011043, 0.1381326962116823, 0.12817587694692312, 0.14144867790977947, 0.10280875554260656, 0.11799522827701826, 0.17013298752670822, 0.13405196598698627], [0.15562469240867402, 0.1731717503877803, 0.25578955073834214, 1.0, 1.0, 0.628185729372403, 0.12692711346125854, 0.18435805452692816, 0.3411278643027255, 0.21571057798138402, 0.19812304353655918, 0.16767798669826597, 0.09274848813948716, 0.15234819028785443, 0.1842270801558679, 0.13388191731572488, 0.09417834526133645, 0.1434273570560733, 0.16719480791431782, 0.15685509963778851], [0.08787755612444656, 0.10115842070361765, 0.10738669086478264, 0.1861092148491732, 0.628185729372403, 1.0, 0.6025406717440525, 0.144321747663573, 0.13791843973058446, 0.12914638511108542, 0.11665192110278297, 0.07174212711546249, 0.10097834258930276, 0.08028555422189894, 0.0622990198369247, 0.08274488033500221, 0.06067409633646666, 0.06716566616334049, 0.08526393823331394, 0.07553353609112552], [0.0908702594786948, 0.11023401853668405, 0.08529810728338248, 0.17868651395155621, 0.12692711346125854, 0.6025406717440525, 1.0, 0.7280760753705797, 0.35977779766585744, 0.09374251634915677, 0.12586059422600723, 0.08825590556712443, 0.08027833609741616, 0.11038417136434041, 0.05153173492799708, 0.09506535004349415, 0.07088188459542391, 0.11546512075542603, 0.10015590263794942, 0.07938172578271022], [0.10200681935047295, 0.14124402230287267, 0.12355030526401072, 0.10220641598145959, 0.18435805452692816, 0.144321747663573, 0.7280760753705797, 1.0, 0.8686361902777179, 0.37449054342308163, 0.1692160830788566, 0.08264940730416993, 0.13319876457385685, 0.1269337539494484, 0.10765409454318547, 0.11143868834226359, 0.09376944398295653, 0.1386030086130416, 0.1347887783454514, 0.1303731448465116], [0.15508191693187626, 0.15708567900251827, 0.10146219916422364, 0.3185243133078383, 0.3411278643027255, 0.13791843973058446, 0.35977779766585744, 0.8686361902777179, 1.0, 0.9091783201993747, 0.28541046499572514, 0.10747980210851409, 0.16926341198801767, 0.1952058637984304, 0.1718238500733449, 0.12589608624952084, 0.10913421301005378, 0.20444872926350927, 0.19879816759979152, 0.14697885131917596], [0.12730840232733018, 0.13352730453216416, 0.11149701796195456, 0.17561111311109914, 0.21571057798138402, 0.12914638511108542, 0.09374251634915677, 0.37449054342308163, 0.9091783201993747, 1.0, 0.9766346492186221, 0.169875058946852, 0.12476338806269507, 0.163277050316295, 0.13589757450147938, 0.14074864328141537, 0.10189675401570887, 0.14630681341758922, 0.12032177490564591, 0.10769778527537263], [0.2109314575284158, 0.19416305793051028, 0.09627505087485067, 0.20866742605342412, 0.19812304353655918, 0.11665192110278297, 0.12586059422600723, 0.1692160830788566, 0.28541046499572514, 0.9766346492186221, 1.0, 0.6935876855991993, 0.22176207280348956, 0.14348942267823936, 0.14297512373901067, 0.14014750557642625, 0.1274970238687515, 0.1547000224793685, 0.1880972526350836, 0.15339986100952788], [0.07337544730477515, 0.11242236102387561, 0.11487715688460101, 0.10658676009542402, 0.16767798669826597, 0.07174212711546249, 0.08825590556712443, 0.08264940730416993, 0.10747980210851409, 0.169875058946852, 0.6935876855991993, 1.0, 0.5155875153641937, 0.1733373689613436, 0.12719693249787, 0.15423030168937374, 0.05993859763473217, 0.10966201652680788, 0.15836778002149104, 0.08163831320289486], [0.08406777458798322, 0.0948192047781776, 0.08450905610726654, 0.14353353965011043, 0.09274848813948716, 0.10097834258930276, 0.08027833609741616, 0.13319876457385685, 0.16926341198801767, 0.12476338806269507, 0.22176207280348956, 0.5155875153641937, 1.0, 0.6876316591495688, 0.2396410340748022, 0.20248356401145523, 0.06734083669834424, 0.07626921646879083, 0.11136471362991342, 0.08181505826263251], [0.06119906291368541, 0.10503500541152039, 0.05763394062659153, 0.1381326962116823, 0.15234819028785443, 0.08028555422189894, 0.11038417136434041, 0.1269337539494484, 0.1952058637984304, 0.163277050316295, 0.14348942267823936, 0.1733373689613436, 0.6876316591495688, 1.0, 0.4802074042239896, 0.26241199711077506, 0.06275441617852673, 0.11391329619616439, 0.2603645745872677, 0.06935705521614144], [0.067154721353097, 0.12992944563984102, 0.045974204151349056, 0.12817587694692312, 0.1842270801558679, 0.0622990198369247, 0.05153173492799708, 0.10765409454318547, 0.1718238500733449, 0.13589757450147938, 0.14297512373901067, 0.12719693249787, 0.2396410340748022, 0.4802074042239896, 1.0, 0.4705876543695726, 0.15531204676513613, 0.09948501302141272, 0.13254214117624785, 0.0952075999681592], [0.09600730713637218, 0.13853638944671165, 0.11382535572892595, 0.14144867790977947, 0.13388191731572488, 0.08274488033500221, 0.09506535004349415, 0.11143868834226359, 0.12589608624952084, 0.14074864328141537, 0.14014750557642625, 0.15423030168937374, 0.20248356401145523, 0.26241199711077506, 0.4705876543695726, 1.0, 0.410227344974158, 0.1328926452887574, 0.0889459387025782, 0.1076140303420792], [0.08639855566330647, 0.09399355288953425, 0.07320207256647233, 0.10280875554260656, 0.09417834526133645, 0.06067409633646666, 0.07088188459542391, 0.09376944398295653, 0.10913421301005378, 0.10189675401570887, 0.1274970238687515, 0.05993859763473217, 0.06734083669834424, 0.06275441617852673, 0.15531204676513613, 0.410227344974158, 1.0, 0.5226807586071348, 0.08180946823399145, 0.060580230438868676], [0.12565875226684978, 0.07269024721491729, 0.13684921631897806, 0.11799522827701826, 0.1434273570560733, 0.06716566616334049, 0.11546512075542603, 0.1386030086130416, 0.20444872926350927, 0.14630681341758922, 0.1547000224793685, 0.10966201652680788, 0.07626921646879083, 0.11391329619616439, 0.09948501302141272, 0.1328926452887574, 0.5226807586071348, 1.0, 0.6748286674854941, 0.21757562582047646], [0.11526024620573079, 0.11283655419603575, 0.07119686407591945, 0.17013298752670822, 0.16719480791431782, 0.08526393823331394, 0.10015590263794942, 0.1347887783454514, 0.19879816759979152, 0.12032177490564591, 0.1880972526350836, 0.15836778002149104, 0.11136471362991342, 0.2603645745872677, 0.13254214117624785, 0.0889459387025782, 0.08180946823399145, 0.6748286674854941, 1.0, 0.954212597136996], [0.1251541170896343, 0.07776340317440583, 0.08764561186105693, 0.13405196598698627, 0.15685509963778851, 0.07553353609112552, 0.07938172578271022, 0.1303731448465116, 0.14697885131917596, 0.10769778527537263, 