{"model": "LSING", "dataset": "dim20_cop_gau", "N": 500, "seed": 1234560, "metrics": {"TP": 19, "FP": 22, "FN": 0, "TN": 149, "TPR": 1.0, "FDR": 0.5365853658536586, "FPR": 0.1286549707602339, "Hamming": 22}, "omega": [[1.0, 0.5292490171689528, 0.09029290236455818, 0.10557608201183288, 0.06976451293702578, 0.1213406893256632, 0.11744519602445438, 0.08001911310753702, 0.040572700947540154, 0.05799800986915958, 0.17904642539199875, 0.08187044581944072, 0.07062018794440064, 0.05122246002848962, 0.09163028035815285, 0.16409553112966796, 0.19431382852843296, 0.09704553126478281, 0.12031478578945558, 0.09375328648389045], [0.5292490171689528, 1.0, 0.6008723311529743, 0.11659039556189514, 0.07731813003032162, 0.11442816448164961, 0.11489624955574049, 0.09239261737215071, 0.06731690955444561, 0.06519293633946746, 0.10819977429895469, 0.08113734590288987, 0.1084392075487525, 0.09371259932746856, 0.11052436300469241, 0.0747837986399153, 0.1977104842431456, 0.08613273663526165, 0.1781647083834477, 0.07758788083372754], [0.09029290236455818, 0.6008723311529743, 1.0, 0.6367801788202607, 0.10376796754637299, 0.12348841175368983, 0.12579719155803834, 0.12208586860327846, 0.10445077882241513, 0.11310879100592569, 0.13146916995387548, 0.09351217818000135, 0.07331206002298137, 0.1175323774999627, 0.11437375298701014, 0.15967259707382672, 0.09576222697867662, 0.10617974929567214, 0.1327005521903729, 0.08336051980056454], [0.10557608201183288, 0.11659039556189514, 0.6367801788202607, 1.0, 0.4820585604092803, 0.1822404712835945, 0.19285639959320433, 0.20888094106056576, 0.09811687642724326, 0.2115715846119055, 0.2261901055720887, 0.11257726441493247, 0.12232531804835062, 0.1456840352686063, 0.14121444956815624, 0.14067215774693267, 0.17023633032777422, 0.19489979900461438, 0.2009568454981561, 0.14620257093594952], [0.06976451293702578, 0.07731813003032162, 0.10376796754637299, 0.4820585604092803, 1.0, 0.7277551058332491, 0.2002263784704946, 0.1320962232138954, 0.09958619269385456, 0.13829101745672892, 0.10668795700519282, 0.09873527215631064, 0.11847404941420675, 0.11240506700345927, 0.0998807870481338, 0.11285139488324836, 0.12719597046396555, 0.13354231314345907, 0.14079501509825276, 0.11407867971533187], [0.1213406893256632, 0.11442816448164961, 0.12348841175368983, 0.1822404712835945, 0.7277551058332491, 1.0, 0.9266254493540825, 0.2832748199612994, 0.11704882825246549, 0.09255094237432643, 0.14860552394711005, 0.12186108976316883, 0.15646546077332416, 0.11153503835577727, 0.11405953227381319, 0.21506512739869135, 0.18464394254353467, 0.18908387238301488, 0.17875651609923177, 0.09630739461790498], [0.11744519602445438, 0.11489624955574049, 0.12579719155803834, 0.19285639959320433, 0.2002263784704946, 0.9266254493540825, 1.0, 0.6575618160666228, 0.238373662404527, 0.25943565373178173, 0.21638391321731693, 0.14459113188235767, 0.14980057786959994, 0.12638727794751864, 0.23109004135736314, 0.24214757778109045, 0.26613824848866624, 0.1080046698286999, 0.1939474428365118, 0.2222749951664047], [0.08001911310753702, 0.09239261737215071, 0.12208586860327846, 0.20888094106056576, 0.1320962232138954, 0.2832748199612994, 0.6575618160666228, 1.0, 0.4382990216240414, 0.16455448669623918, 0.13993407894032042, 0.08928720821714535, 0.10116445457110786, 0.08768498890188747, 0.11364523170588287, 0.09179525930448126, 0.10581681088357975, 0.14375705211654097, 0.20139702380090838, 0.07199954871636625], [0.040572700947540154, 0.06731690955444561, 0.10445077882241513, 0.09811687642724326, 0.09958619269385456, 0.11704882825246549, 0.238373662404527, 0.4382990216240414, 1.0, 0.4704375718815685, 0.1631177206174875, 0.08776884571893007, 0.05348425734191015, 0.09017751797555147, 0.06846709562611726, 0.15952290530969196, 0.12611255982210445, 0.1415728903211969, 0.1510419086317777, 0.09753835577726896], [0.05799800986915958, 0.06519293633946746, 0.11310879100592569, 0.2115715846119055, 0.13829101745672892, 0.09255094237432643, 0.25943565373178173, 0.16455448669623918, 0.4704375718815685, 1.0, 0.8512865137267629, 0.23051638160330848, 0.0878399036420044, 0.08391123085084641, 0.09027315107066682, 0.16189213628921215, 0.08667383694701421, 0.12492666779768294, 0.21844220765391997, 0.07255329753739656], [0.17904642539199875, 0.10819977429895469, 0.13146916995387548, 0.2261901055720887, 0.10668795700519282, 0.14860552394711005, 0.21638391321731693, 0.13993407894032042, 0.1631177206174875, 0.8512865137267629, 1.0, 0.7785629575835955, 0.18333862193873685, 0.0874917607698482, 0.2403324253121144, 0.2389716289517904, 0.18634988796386828, 0.24426558650788166, 0.13237322718660544, 0.15595692453109497], [0.08187044581944072, 0.08113734590288987, 0.09351217818000135, 0.11257726441493247, 0.09873527215631064, 0.12186108976316883, 0.14459113188235767, 0.08928720821714535, 0.08776884571893007, 0.23051638160330848, 0.7785629575835955, 1.0, 0.49170483599776754, 0.22643556115033905, 0.10933161112477273, 0.07915466257506787, 0.1231678262976681, 0.15286327083166676, 0.10365758981075517, 0.11033109901168847], [0.07062018794440064, 0.1084392075487525, 0.07331206002298137, 0.12232531804835062, 0.11847404941420675, 0.15646546077332416, 0.14980057786959994, 0.10116445457110786, 0.05348425734191015, 0.0878399036420044, 0.18333862193873685, 0.49170483599776754, 1.0, 0.5668362129888469, 0.08922903941885359, 0.12288586425739226, 0.07457056008959485, 0.1148493341595206, 0.16883480979325835, 0.09519977435448135], [0.05122246002848962, 0.09371259932746856, 0.1175323774999627, 0.1456840352686063, 0.11240506700345927, 0.11153503835577727, 0.12638727794751864, 0.08768498890188747, 0.09017751797555147, 0.08391123085084641, 0.0874917607698482, 0.22643556115033905, 0.5668362129888469, 1.0, 0.6291374345049223, 0.16542146600511964, 0.1278677041723432, 0.07969327344178972, 0.17180797990586602, 0.11570290609483887], [0.09163028035815285, 0.11052436300469241, 0.11437375298701014, 0.14121444956815624, 0.0998807870481338, 0.11405953227381319, 0.23109004135736314, 0.11364523170588287, 0.06846709562611726, 0.09027315107066682, 0.2403324253121144, 0.10933161112477273, 0.08922903941885359, 0.6291374345049223, 1.0, 0.7893875087903321, 0.10399713067861382, 0.10397300434703374, 0.17019984931546556, 0.12600486124758842], [0.16409553112966796, 0.0747837986399153, 0.15967259707382672, 0.14067215774693267, 0.11285139488324836, 0.21506512739869135, 0.24214757778109045, 0.09179525930448126, 0.15952290530969196, 0.16189213628921215, 0.2389716289517904, 0.07915466257506787, 0.12288586425739226, 0.16542146600511964, 0.7893875087903321, 1.0, 0.9669391334947036, 0.1633850583250133, 0.18921059809129714, 0.14045260535322115], [0.19431382852843296, 0.1977104842431456, 0.09576222697867662, 0.17023633032777422, 0.12719597046396555, 0.18464394254353467, 0.26613824848866624, 0.10581681088357975, 0.12611255982210445, 0.08667383694701421, 0.18634988796386828, 0.1231678262976681, 0.07457056008959485, 0.1278677041723432, 0.10399713067861382, 0.9669391334947036, 1.0, 0.915017898276871, 0.1828021835523903, 0.1286346869164727], [0.09704553126478281, 0.08613273663526165, 0.10617974929567214, 0.19489979900461438, 0.13354231314345907, 0.18908387238301488, 0.1080046698286999, 0.14375705211654097, 0.1415728903211969, 0.12492666779768294, 0.24426558650788166, 0.15286327083166676, 0.1148493341595206, 0.07969327344178972, 0.10397300434703374, 0.1633850583250133, 0.915017898276871, 1.0, 0.9640573741378238, 0.23128659183425754], [0.12031478578945558, 0.1781647083834477, 0.1327005521903729, 0.2009568454981561, 0.14079501509825276, 0.17875651609923177, 0.1939474428365118, 0.20139702380090838, 0.1510419086317777, 0.21844220765391997, 0.13237322718660544, 0.10365758981075517, 0.16883480979325835, 0.17180797990586602, 0.17019984931546556, 0.18921059809129714, 0.1828021835523903, 0.9640573741378238, 1.0, 1.0], [0.09375328648389045, 0.07758788083372754, 0.08336051980056454, 0.14620257093594952, 0.11407867971533187, 0.09630739461790498, 0.2222749951664047, 0.07199954871636625, 