{"model": "LSING", "dataset": "dim20_cop_gau", "N": 500, "seed": 12340, "metrics": {"TP": 19, "FP": 19, "FN": 0, "TN": 152, "TPR": 1.0, "FDR": 0.5, "FPR": 0.1111111111111111, "Hamming": 19}, "omega": [[1.0, 0.7525090693333216, 0.22920818236180082, 0.1480923451224312, 0.13219393160934784, 0.0924017383008344, 0.15701271468340613, 0.09574707618708013, 0.10233342335621907, 0.08992100574174403, 0.1352982585976937, 0.13716137472395334, 0.11548845561960173, 0.10599727185831527, 0.12229251144833694, 0.0880145481114261, 0.08089033782082147, 0.0888674487605368, 0.08675467403513984, 0.07333443461403467], [0.7525090693333216, 1.0, 0.5944629069730152, 0.26305954499726486, 0.12991303551930192, 0.23886490018122022, 0.1521648768163592, 0.11647349841711224, 0.1207392582366903, 0.09523694421236506, 0.09349774688449568, 0.12913302028352727, 0.15804455559352104, 0.1177507420543405, 0.10897798080205381, 0.1331786489335864, 0.10815982751465676, 0.13807539224967555, 0.09981086130181464, 0.16194905656092648], [0.22920818236180082, 0.5944629069730152, 1.0, 0.3968381565286164, 0.19313220579284415, 0.20547032898310977, 0.13162409176889467, 0.1439829855097981, 0.058564727388696135, 0.10635114782310456, 0.11099704806454147, 0.10739073005319337, 0.16322302486586135, 0.1223849087783289, 0.0678594076920392, 0.11183034615886991, 0.08471751622661416, 0.08084980815863768, 0.08298963836475241, 0.1061981094666645], [0.1480923451224312, 0.26305954499726486, 0.3968381565286164, 1.0, 0.7398626117168466, 0.21097943790057314, 0.13433810832561288, 0.09269942274719678, 0.048851982847443215, 0.10021235524226038, 0.0737583923901152, 0.08123435482941196, 0.10129574452678378, 0.11847057357421366, 0.08737428038683562, 0.13811586423305164, 0.14116602670106917, 0.10410420395120927, 0.07439650745920469, 0.07875925007398543], [0.13219393160934784, 0.12991303551930192, 0.19313220579284415, 0.7398626117168466, 1.0, 0.7567252912969304, 0.15373007778102574, 0.16047438248491708, 0.10171476458493522, 0.07968293703982406, 0.07508515122378115, 0.10853751658718912, 0.11569936229980633, 0.13746808590371798, 0.07579827140238901, 0.1237045422192887, 0.19372560536627806, 0.06707912878171514, 0.08384163057264213, 0.0926394656266112], [0.0924017383008344, 0.23886490018122022, 0.20547032898310977, 0.21097943790057314, 0.7567252912969304, 1.0, 1.0, 0.3095555689663361, 0.15226735557795104, 0.13061630498154064, 0.14672298842933454, 0.12158142238774246, 0.17983330198352807, 0.21958556095755127, 0.18537984650713454, 0.23493361152756126, 0.11397035764123735, 0.1396266946816481, 0.13210068557689997, 0.13314065919889806], [0.15701271468340613, 0.1521648768163592, 0.13162409176889467, 0.13433810832561288, 0.15373007778102574, 1.0, 1.0, 0.6411117138638067, 0.22849084751031734, 0.15838569690155707, 0.14200579718160253, 0.12655252810663578, 0.16012695006692884, 0.1842237386658259, 0.12298923024598891, 0.15599069565025653, 0.2155026182388366, 0.11078500016792772, 0.11823278444971434, 0.09681087733652317], [0.09574707618708013, 0.11647349841711224, 0.1439829855097981, 0.09269942274719678, 0.16047438248491708, 0.3095555689663361, 0.6411117138638067, 1.0, 0.6845936575789805, 0.21409264330538724, 0.211283158022168, 0.12833451486997566, 0.19902009144035618, 0.13690771568751178, 0.13363096614342979, 0.08794331478393864, 0.1761097394358215, 0.06600379805060791, 0.09884640983864666, 0.06951543423918835], [0.10233342335621907, 0.1207392582366903, 0.058564727388696135, 0.048851982847443215, 0.10171476458493522, 0.15226735557795104, 0.22849084751031734, 0.6845936575789805, 1.0, 0.5078482729630127, 0.18688189123734655, 0.14169329752149548, 0.13161082358317036, 0.10590674908957298, 0.058258704234708844, 0.08399908547778472, 0.1456775064812028, 0.051769475817962124, 0.09381136716143768, 0.07933227666856303], [0.08992100574174403, 0.09523694421236506, 0.10635114782310456, 0.10021235524226038, 0.07968293703982406, 0.13061630498154064, 0.15838569690155707, 0.21409264330538724, 0.5078482729630127, 1.0, 0.7476189281807547, 0.2806903909380595, 0.13061702596663666, 0.11165730149599382, 0.07086388648441504, 0.08732871824868155, 0.12164885715375255, 0.048947710098600106, 0.09667092588955471, 0.16012212152674288], [0.1352982585976937, 0.09349774688449568, 0.11099704806454147, 0.0737583923901152, 0.07508515122378115, 0.14672298842933454, 0.14200579718160253, 0.211283158022168, 0.18688189123734655, 0.7476189281807547, 1.0, 0.8466891688724416, 0.09915924321185528, 0.11522659795263963, 0.1371446231502365, 0.1684134748505402, 0.1674132748863538, 0.0628023152306363, 0.11548466941786889, 0.1254581468893341], [0.13716137472395334, 0.12913302028352727, 0.10739073005319337, 0.08123435482941196, 0.10853751658718912, 0.12158142238774246, 0.12655252810663578, 0.12833451486997566, 0.14169329752149548, 0.2806903909380595, 0.8466891688724416, 1.0, 0.8132059288672644, 0.22875986146934685, 0.0998389344014965, 0.2302347333012683, 0.13728491861009368, 0.10173103206865901, 0.13698418130683895, 0.10803064758502293], [0.11548845561960173, 0.15804455559352104, 0.16322302486586135, 0.10129574452678378, 0.11569936229980633, 0.17983330198352807, 0.16012695006692884, 0.19902009144035618, 0.13161082358317036, 0.13061702596663666, 0.09915924321185528, 0.8132059288672644, 1.0, 0.5746687267119754, 0.2023668053781566, 0.18425327021535914, 0.2021762593170638, 0.08723884024661085, 0.11720266978391508, 0.12102509792790367], [0.10599727185831527, 0.1177507420543405, 0.1223849087783289, 0.11847057357421366, 0.13746808590371798, 0.21958556095755127, 0.1842237386658259, 0.13690771568751178, 0.10590674908957298, 0.11165730149599382, 0.11522659795263963, 0.22875986146934685, 0.5746687267119754, 1.0, 0.5943429350530364, 0.27556918024208815, 0.16528421001770147, 0.11050690179668826, 0.13912904604888138, 0.11789443644393605], [0.12229251144833694, 0.10897798080205381, 0.0678594076920392, 0.08737428038683562, 0.07579827140238901, 0.18537984650713454, 0.12298923024598891, 0.13363096614342979, 0.058258704234708844, 0.07086388648441504, 0.1371446231502365, 0.0998389344014965, 0.2023668053781566, 0.5943429350530364, 1.0, 0.6880980241778356, 0.10660033263203594, 0.0732909870221694, 0.1360352454429375, 0.059167736663481366], [0.0880145481114261, 0.1331786489335864, 0.11183034615886991, 0.13811586423305164, 0.1237045422192887, 0.23493361152756126, 0.15599069565025653, 0.08794331478393864, 0.08399908547778472, 0.08732871824868155, 0.1684134748505402, 0.2302347333012683, 0.18425327021535914, 0.27556918024208815, 0.6880980241778356, 1.0, 0.9174951458339438, 0.16323808315458121, 0.21641456138743967, 0.11586721586999105], [0.08089033782082147, 0.10815982751465676, 0.08471751622661416, 0.14116602670106917, 0.19372560536627806, 0.11397035764123735, 0.2155026182388366, 0.1761097394358215, 0.1456775064812028, 0.12164885715375255, 0.1674132748863538, 0.13728491861009368, 0.2021762593170638, 0.16528421001770147, 0.10660033263203594, 0.9174951458339438, 1.0, 0.7716434864327744, 0.12835792422606493, 0.09037346714860661], [0.0888674487605368, 0.13807539224967555, 0.08084980815863768, 0.10410420395120927, 0.06707912878171514, 0.1396266946816481, 0.11078500016792772, 0.06600379805060791, 0.051769475817962124, 0.048947710098600106, 0.0628023152306363, 0.10173103206865901, 0.08723884024661085, 0.11050690179668826, 0.0732909870221694, 0.16323808315458121, 0.7716434864327744, 1.0, 0.5303179423971965, 0.1354023729654748], [0.08675467403513984, 0.09981086130181464, 0.08298963836475241, 0.07439650745920469, 0.08384163057264213, 0.13210068557689997, 0.11823278444971434, 0.09884640983864666, 0.09381136716143768, 0.09667092588955471, 0.11548466941786889, 0.13698418130683895, 0.11720266978391508, 0.13912904604888138, 0.1360352454429375, 0.21641456138743967, 0.12835792422606493, 0.5303179423971965, 1.0, 0.7957215376590044], [0.07333443461403467, 0.16194905656092648, 0.1061981094666645, 0.07875925007398543, 0.0926394656266112, 0.13314065919889806, 0.09681087733652317, 0.06951543423918835, 0.07933227666856303, 0.16012212152674288, 