{"model": "LSING", "dataset": "dim20_cop_gau", "N": 500, "seed": 123450, "metrics": {"TP": 19, "FP": 13, "FN": 0, "TN": 158, "TPR": 1.0, "FDR": 0.40625, "FPR": 0.07602339181286549, "Hamming": 13}, "omega": [[1.0, 0.7486651937948477, 0.22247889270814428, 0.05085802476576423, 0.07356295991527478, 0.08730148024391526, 0.12891212657993928, 0.10702351858226403, 0.07413149687368684, 0.13551587598116854, 0.15365761109627687, 0.062082976775534655, 0.11679171505326011, 0.08404729137357629, 0.12111787304012153, 0.113777660581219, 0.10063592322638337, 0.07087880963869493, 0.09272323392514123, 0.05395625226187006], [0.7486651937948477, 1.0, 0.6197092296433527, 0.14132207885297945, 0.11645717105909088, 0.12952680446582077, 0.2839600992989206, 0.14462857299114482, 0.1098246157106445, 0.14610580549124935, 0.13592357761333113, 0.19125721126015977, 0.1431655474885103, 0.13521321246896095, 0.13749593744010002, 0.1444394534723327, 0.0789721049498747, 0.1915140570782692, 0.1583178167740996, 0.09305474410688044], [0.22247889270814428, 0.6197092296433527, 1.0, 0.37714755742874584, 0.11527807171370616, 0.055819476310221126, 0.12580672941133736, 0.14747911464475827, 0.07123295888214966, 0.10073174537753882, 0.0880355763170584, 0.08094816289626222, 0.13005617419312093, 0.08756156603117188, 0.08595064217257457, 0.08920684425233648, 0.062175656945612216, 0.10792371843109465, 0.060188456355920524, 0.06090230580332482], [0.05085802476576423, 0.14132207885297945, 0.37714755742874584, 1.0, 0.4394831588999779, 0.0643253701118817, 0.10402334023888768, 0.09022064408774502, 0.061841055685688234, 0.0980800075181537, 0.055053347046436996, 0.0691885714371813, 0.11984007553012004, 0.13050848712081467, 0.19162994769503758, 0.2043412756370894, 0.0662880253265105, 0.09836013631957667, 0.07215426052532356, 0.04295343156967297], [0.07356295991527478, 0.11645717105909088, 0.11527807171370616, 0.4394831588999779, 1.0, 0.5651788945528651, 0.2123478120572339, 0.1821341147891189, 0.12954421834555743, 0.12252707636871465, 0.07299521958714007, 0.09617145953376778, 0.11063096335028345, 0.09501922673537228, 0.1631892745486634, 0.11951209800916342, 0.12018834803456396, 0.0821509651738287, 0.08844467014334784, 0.08401666819307475], [0.08730148024391526, 0.12952680446582077, 0.055819476310221126, 0.0643253701118817, 0.5651788945528651, 1.0, 0.43230377413189086, 0.25993900367400796, 0.09379654942318674, 0.07167878932640445, 0.09228132809394606, 0.12475211563622447, 0.12598158084920766, 0.09610983394621095, 0.09364792315585233, 0.1011146522104622, 0.08351835432086765, 0.08172321034692114, 0.10136225660832557, 0.08500354803345632], [0.12891212657993928, 0.2839600992989206, 0.12580672941133736, 0.10402334023888768, 0.2123478120572339, 0.43230377413189086, 1.0, 0.8660836099973445, 0.13982504003716156, 0.15431202378052855, 0.14261409099588496, 0.21782243857354455, 0.1717395149508109, 0.13621868204591026, 0.14572087272317977, 0.13041774762353736, 0.1148933451023537, 0.12025821225537241, 0.10762054588995584, 0.08581404680402928], [0.10702351858226403, 0.14462857299114482, 0.14747911464475827, 0.09022064408774502, 0.1821341147891189, 0.25993900367400796, 0.8660836099973445, 1.0, 0.8238571353700544, 0.2308161045025808, 0.09099396338518248, 0.21100378224784813, 0.1309761981736775, 0.09992945978877091, 0.19447893681041087, 0.1194935693560674, 0.10040226113094582, 0.13368796836006475, 0.1601834943418991, 0.1343440646575064], [0.07413149687368684, 0.1098246157106445, 0.07123295888214966, 0.061841055685688234, 0.12954421834555743, 0.09379654942318674, 0.13982504003716156, 0.8238571353700544, 1.0, 0.5926645021670583, 0.08722937375066485, 0.08347779744077356, 0.11319347098317228, 0.11233149157164149, 0.19041559809616665, 0.17865021897813785, 0.07047114872884684, 0.1128683109373499, 0.17147320119458095, 0.09998766470191], [0.13551587598116854, 0.14610580549124935, 0.10073174537753882, 0.0980800075181537, 0.12252707636871465, 0.07167878932640445, 0.15431202378052855, 0.2308161045025808, 0.5926645021670583, 1.0, 0.5819937694044374, 0.2549374839172309, 0.13830698341677403, 0.13017992930687647, 0.1586316025684541, 0.10819810538617358, 0.09397548327308534, 0.15216852331236447, 0.13783986283747143, 0.08313521587978057], [0.15365761109627687, 0.13592357761333113, 0.0880355763170584, 0.055053347046436996, 0.07299521958714007, 0.09228132809394606, 0.14261409099588496, 0.09099396338518248, 0.08722937375066485, 0.5819937694044374, 1.0, 0.6558727828379552, 0.10477819960213484, 0.09744345920424281, 0.09931183717052237, 0.08709327468532747, 0.06882167610928908, 0.0826202058586298, 0.11058749991499217, 0.05592552230745991], [0.062082976775534655, 0.19125721126015977, 0.08094816289626222, 0.0691885714371813, 0.09617145953376778, 0.12475211563622447, 0.21782243857354455, 0.21100378224784813, 0.08347779744077356, 0.2549374839172309, 0.6558727828379552, 1.0, 1.0, 0.17141850094563324, 0.09772851031543058, 0.12896079483605216, 0.07506148764071646, 0.11299847727049403, 0.21129843873496781, 0.07077932756952408], [0.11679171505326011, 0.1431655474885103, 0.13005617419312093, 0.11984007553012004, 0.11063096335028345, 0.12598158084920766, 0.1717395149508109, 0.1309761981736775, 0.11319347098317228, 0.13830698341677403, 0.10477819960213484, 1.0, 1.0, 0.7253897441095274, 0.15611852164478568, 0.09933068142155572, 0.12208416011509103, 0.14616433363775977, 0.1276879679935639, 0.12036531957793276], [0.08404729137357629, 0.13521321246896095, 0.08756156603117188, 0.13050848712081467, 0.09501922673537228, 0.09610983394621095, 0.13621868204591026, 0.09992945978877091, 0.11233149157164149, 0.13017992930687647, 0.09744345920424281, 0.17141850094563324, 0.7253897441095274, 1.0, 0.6085681134259802, 0.20420860233645907, 0.07733504500080447, 0.09593812576199086, 0.15751457930123033, 0.05435410036649676], [0.12111787304012153, 0.13749593744010002, 0.08595064217257457, 0.19162994769503758, 0.1631892745486634, 0.09364792315585233, 0.14572087272317977, 0.19447893681041087, 0.19041559809616665, 0.1586316025684541, 0.09931183717052237, 0.09772851031543058, 0.15611852164478568, 0.6085681134259802, 1.0, 0.8212462038149397, 0.1028709038289197, 0.20122852809072084, 0.13483337508049276, 0.10003071836891167], [0.113777660581219, 0.1444394534723327, 0.08920684425233648, 0.2043412756370894, 0.11951209800916342, 0.1011146522104622, 0.13041774762353736, 0.1194935693560674, 0.17865021897813785, 0.10819810538617358, 0.08709327468532747, 0.12896079483605216, 0.09933068142155572, 0.20420860233645907, 0.8212462038149397, 1.0, 0.5879030251833716, 0.1080953248095285, 0.09214211122640503, 0.07445992488524757], [0.10063592322638337, 0.0789721049498747, 0.062175656945612216, 0.0662880253265105, 0.12018834803456396, 0.08351835432086765, 0.1148933451023537, 0.10040226113094582, 0.07047114872884684, 0.09397548327308534, 0.06882167610928908, 0.07506148764071646, 0.12208416011509103, 0.07733504500080447, 0.1028709038289197, 0.5879030251833716, 1.0, 0.5662235237254923, 0.07483445310196325, 0.058608500544925654], [0.07087880963869493, 0.1915140570782692, 0.10792371843109465, 0.09836013631957667, 0.0821509651738287, 0.08172321034692114, 0.12025821225537241, 0.13368796836006475, 0.1128683109373499, 0.15216852331236447, 0.0826202058586298, 0.11299847727049403, 0.14616433363775977, 0.09593812576199086, 0.20122852809072084, 0.1080953248095285, 0.5662235237254923, 1.0, 0.6460351879076227, 0.23413118595881566], [0.09272323392514123, 0.1583178167740996, 0.060188456355920524, 0.07215426052532356, 0.08844467014334784, 0.10136225660832557, 0.10762054588995584, 0.1601834943418991, 0.17147320119458095, 0.13783986283747143, 0.11058749991499217, 0.21129843873496781, 0.1276879679935639, 0.15751457930123033, 0.13483337508049276, 0.09214211122640503, 0.07483445310196325, 0.6460351879076227, 1.0, 0.5332587083346076], [0.05395625226187006, 0.09305474410688044, 0.06090230580332482, 0.04295343156967297, 0.08401666819307475, 0.08500354803345632, 0.08581404680402928, 0.1343440646575064, 0.09998766470191, 