{"model": "SING", "dataset": "dim5_cop_gau", "N": 200, "seed": 1234560, "metrics": {"TP": 3, "FP": 0, "FN": 1, "TN": 6, "TPR": 0.75, "FDR": 0.0, "FPR": 0.0, "Hamming": 1}, "omega": [[9.648193152007874, 6.542038000707774, 0.0, 0.0, 0.0], [6.542038000707774, 9.648191671636837, 0.0, 0.0, 0.0], [0.0, 0.0, 5.776209775707227, 3.3728344859450425, 0.0], [0.0, 0.0, 3.3728344859450425, 17.78598020596645, 5.104448392994065], [0.0, 0.0, 0.0, 5.104448392994065, 7.9184143152636075]], "meta_info": {"source": "pretrained", "p_order": 1}}