{"model": "SING", "dataset": "dim5_cop_gau", "N": 200, "seed": 1230, "metrics": {"TP": 4, "FP": 0, "FN": 0, "TN": 6, "TPR": 1.0, "FDR": 0.0, "FPR": 0.0, "Hamming": 0}, "omega": [[4.412250672479591, 2.3117149606821923, 0.0, 0.0, 0.0], [2.3117149606821923, 11.598393013693768, 3.0084070441453146, 0.0, 0.0], [0.0, 3.0084070441453146, 23.318799673250787, 8.893657025233033, 0.0], [0.0, 0.0, 8.893657025233033, 23.14144719840905, 2.942325331131012], [0.0, 0.0, 0.0, 2.942325331131012, 5.229033615506173]], "meta_info": {"source": "pretrained", "p_order": 1}}