{"model": "SING", "dataset": "dim5_cop_gau", "N": 200, "seed": 123450, "metrics": {"TP": 4, "FP": 0, "FN": 0, "TN": 6, "TPR": 1.0, "FDR": 0.0, "FPR": 0.0, "Hamming": 0}, "omega": [[4.473073713583485, 2.3581098586492417, 0.0, 0.0, 0.0], [2.3581098586492417, 12.518953982907043, 3.448887818671107, 0.0, 0.0], [0.0, 3.448887818671107, 15.727024245319202, 3.9217310246381554, 0.0], [0.0, 0.0, 3.9217310246381554, 15.584900689858873, 3.380128385344154], [0.0, 0.0, 0.0, 3.380128385344154, 5.785414295741253]], "meta_info": {"source": "pretrained", "p_order": 1}}