{"model": "SING", "dataset": "dim5_cop_gau", "N": 200, "seed": 12340, "metrics": {"TP": 4, "FP": 0, "FN": 0, "TN": 6, "TPR": 1.0, "FDR": 0.0, "FPR": 0.0, "Hamming": 0}, "omega": [[6.387961897260998, 3.8605204950058574, 0.0, 0.0, 0.0], [3.8605204950058574, 16.09813364385085, 3.6894551015380914, 0.0, 0.0], [0.0, 3.6894551015380914, 15.798522401727615, 3.7098193411901628, 0.0], [0.0, 0.0, 3.7098193411901628, 15.407461656460292, 3.495402667490905], [0.0, 0.0, 0.0, 3.495402667490905, 5.930706139341712]], "meta_info": {"source": "pretrained", "p_order": 1}}