{"model": "LSING", "dataset": "0.5_dim20_pair_gau", "N": 1000, "seed": 1230, "metrics": {"TP": 10, "FP": 2, "FN": 0, "TN": 178, "TPR": 1.0, "FDR": 0.16666666666666666, "FPR": 0.011111111111111112, "Hamming": 2}, "omega": [[1.0, 0.606598991565295, 0.12146556248140893, 0.0969789895971712, 0.15349934746281393, 0.11930256997838373, 0.09460327644430307, 0.12343373189949058, 0.0831372854433593, 0.09247330196761765, 0.1009842237163005, 0.1275225102942024, 0.12030471194337722, 0.14962329580141379, 0.13925718681524477, 0.08398483430188644, 0.0849863770452135, 0.10229342268018358, 0.1326831472051474, 0.08531301368809657], [0.606598991565295, 1.0, 0.1064607934069605, 0.07957515597527055, 0.07818369330596518, 0.13017059250746368, 0.09111595539075142, 0.07679454235476375, 0.08826514158324365, 0.08715588494321058, 0.09017489753492008, 0.14352365116358748, 0.09021172685439699, 0.107084859959524, 0.1047700940377724, 0.12326107089100137, 0.09841777556945161, 0.1199200724682258, 0.10380382324593644, 0.06782434609525019], [0.12146556248140893, 0.1064607934069605, 1.0, 0.48005309700144366, 0.07817951092123768, 0.1052215801878069, 0.12391234879903568, 0.07802211941917182, 0.10325663652900052, 0.09766053276196097, 0.08550718584188977, 0.21415346489069612, 0.058522830442825906, 0.06793750317557067, 0.08609313642134747, 0.06503281873190533, 0.06659182012905908, 0.07859952576684799, 0.06608566032499934, 0.08615995419975425], [0.0969789895971712, 0.07957515597527055, 0.48005309700144366, 1.0, 0.092075382280306, 0.07747436693964732, 0.08775921599272865, 0.10362857980498638, 0.07487747407371646, 0.08045318301195747, 0.11596094495833262, 0.09046900891242764, 0.13939110221161827, 0.13081165322982546, 0.0998326109254815, 0.06508850376260106, 0.1031257628669743, 0.09161552375648059, 0.10058375201387147, 0.07053040984863941], [0.15349934746281393, 0.07818369330596518, 0.07817951092123768, 0.092075382280306, 1.0, 0.867916044043924, 0.07418357842574236, 0.10628325649831259, 0.11672052685953631, 0.07708299306465102, 0.1152089521843254, 0.08255075389264128, 0.11237514775528766, 0.09890043797567859, 0.0926851161806251, 0.11825357922097339, 0.08840374125051198, 0.10055845695103946, 0.0815090237551179, 0.05829906069296646], [0.11930256997838373, 0.13017059250746368, 0.1052215801878069, 0.07747436693964732, 0.867916044043924, 1.0, 0.11667419516195848, 0.12010865695602305, 0.11242172279161326, 0.10793304758226407, 0.22915198928452957, 0.12713740847543017, 0.12304198084943523, 0.10460500390607358, 0.10990314545992191, 0.10964651129130724, 0.15215376935613736, 0.11566911183985118, 0.184240453139576, 0.11724701457423896], [0.09460327644430307, 0.09111595539075142, 0.12391234879903568, 0.08775921599272865, 0.07418357842574236, 0.11667419516195848, 1.0, 0.6883829546463295, 0.13072779869733955, 0.16806098755234702, 0.09010701514949175, 0.08405060572367776, 0.12149909151911903, 0.13277450265453372, 0.10571643234443062, 0.06311723177548516, 0.11719375684755236, 0.1533250439177772, 0.10559257900527792, 0.06775831004257066], [0.12343373189949058, 0.07679454235476375, 0.07802211941917182, 0.10362857980498638, 0.10628325649831259, 0.12010865695602305, 0.6883829546463295, 1.0, 0.16677294689258365, 0.1571786536631631, 0.11742305190785365, 0.10543094732553196, 0.17522942463818447, 0.12035772937305037, 0.08850942022693967, 0.13461413142083353, 0.0987197254963721, 0.1088727670749826, 0.13521818031965757, 0.15795395524747355], [0.0831372854433593, 0.08826514158324365, 0.10325663652900052, 0.07487747407371646, 0.11672052685953631, 0.11242172279161326, 0.13072779869733955, 0.16677294689258365, 1.0, 0.8577964858770084, 0.1068671751992263, 0.0982895725501823, 0.13512734804857898, 0.15376931355307277, 0.11832850930488438, 0.1293718604434761, 0.11137065148790937, 0.08090989942420213, 0.11527462018714892, 0.10914246549261886], [0.09247330196761765, 0.08715588494321058, 0.09766053276196097, 0.08045318301195747, 0.07708299306465102, 0.10793304758226407, 0.16806098755234702, 0.1571786536631631, 0.8577964858770084, 1.0, 0.1231155847371708, 0.0746167883149512, 0.08268650041309186, 0.0870507078529502, 0.09687699416103808, 0.1059982064474256, 0.0796378795792459, 0.08402522853401836, 0.08250771335162721, 0.09007653697133197], [0.1009842237163005, 0.09017489753492008, 0.08550718584188977, 0.11596094495833262, 0.1152089521843254, 0.22915198928452957, 0.09010701514949175, 0.11742305190785365, 0.1068671751992263, 0.1231155847371708, 1.0, 1.0, 0.09561838228108467, 0.11021838776594005, 0.15454375736829729, 0.08205955942157017, 0.10533194799773092, 0.1401692204419343, 0.0814126190267151, 0.10709817667249641], [0.1275225102942024, 0.14352365116358748, 0.21415346489069612, 0.09046900891242764, 0.08255075389264128, 0.12713740847543017, 0.08405060572367776, 0.10543094732553196, 0.0982895725501823, 0.0746167883149512, 1.0, 1.0, 0.14350277878249643, 0.16399097057508927, 0.10022659765028212, 0.08656518317470242, 0.11393532022016511, 0.112370211020442, 0.07539223590251032, 0.11229627558366259], [0.12030471194337722, 0.09021172685439699, 0.058522830442825906, 0.13939110221161827, 0.11237514775528766, 0.12304198084943523, 0.12149909151911903, 0.17522942463818447, 0.13512734804857898, 0.08268650041309186, 0.09561838228108467, 0.14350277878249643, 1.0, 0.6013204874483927, 0.11097024974537033, 0.10788439808311362, 0.08334436367598803, 0.08656245778072726, 0.08361660194180427, 0.09335016706178391], [0.14962329580141379, 0.107084859959524, 0.06793750317557067, 0.13081165322982546, 0.09890043797567859, 0.10460500390607358, 0.13277450265453372, 0.12035772937305037, 0.15376931355307277, 0.0870507078529502, 0.11021838776594005, 0.16399097057508927, 0.6013204874483927, 1.0, 0.12662280177508803, 0.16312744044430152, 0.12313241769504867, 0.18988637443175535, 0.12517917336172674, 0.08792333276943634], [0.13925718681524477, 0.1047700940377724, 0.08609313642134747, 0.0998326109254815, 0.0926851161806251, 0.10990314545992191, 0.10571643234443062, 0.08850942022693967, 0.11832850930488438, 0.09687699416103808, 0.15454375736829729, 0.10022659765028212, 0.11097024974537033, 0.12662280177508803, 1.0, 0.6348875103370301, 0.12510321821334072, 0.0952217735812767, 0.1985115893485374, 0.12004138900093286], [0.08398483430188644, 0.12326107089100137, 0.06503281873190533, 0.06508850376260106, 0.11825357922097339, 0.10964651129130724, 0.06311723177548516, 0.13461413142083353, 0.1293718604434761, 0.1059982064474256, 0.08205955942157017, 0.08656518317470242, 0.10788439808311362, 0.16312744044430152, 0.6348875103370301, 1.0, 0.1072803887268361, 0.08404315651626126, 0.08320215042831514, 0.10306419816378527], [0.0849863770452135, 0.09841777556945161, 0.06659182012905908, 0.1031257628669743, 0.08840374125051198, 0.15215376935613736, 0.11719375684755236, 0.0987197254963721, 0.11137065148790937, 0.0796378795792459, 0.10533194799773092, 0.11393532022016511, 0.08334436367598803, 0.12313241769504867, 0.12510321821334072, 0.1072803887268361, 1.0, 0.8699844964017013, 0.09639294472394874, 0.07818402485500904], [0.10229342268018358, 0.1199200724682258, 0.07859952576684799, 0.09161552375648059, 0.10055845695103946, 0.11566911183985118, 0.1533250439177772, 0.1088727670749826, 0.08090989942420213, 0.08402522853401836, 0.1401692204419343, 0.112370211020442, 0.08656245778072726, 0.18988637443175535, 0.0952217735812767, 0.08404315651626126, 0.8699844964017013, 1.0, 0.09083669680206165, 0.14499355103650627], [0.1326831472051474, 0.10380382324593644, 0.06608566032499934, 0.10058375201387147, 0.0815090237551179, 0.184240453139576, 0.10559257900527792, 0.13521818031965757, 0.11527462018714892, 0.08250771335162721, 0.0814126190267151, 0.07539223590251032, 0.08361660194180427, 0.12517917336172674, 0.1985115893485374, 0.08320215042831514, 0.09639294472394874, 0.09083669680206165, 1.0, 0.5743099594461376], [0.08531301368809657, 0.06782434609525019, 0.08615995419975425, 0.07053040984863941, 0.05829906069296646, 0.11724701457423896, 0.06775831004257066, 0.15795395524747355, 0.10914246549261886, 