{"model": "LSING", "dataset": "0.5_dim20_pair_gau", "N": 1000, "seed": 1234560, "metrics": {"TP": 10, "FP": 1, "FN": 0, "TN": 179, "TPR": 1.0, "FDR": 0.09090909090909091, "FPR": 0.005555555555555556, "Hamming": 1}, "omega": [[1.0, 0.34443876034645116, 0.06683990835232956, 0.073159036347321, 0.062441626797314194, 0.08698544470619601, 0.048902211748277795, 0.08491589424703143, 0.18597400464349798, 0.07634299253221731, 0.0741607358545911, 0.0839290741835832, 0.06216436897061648, 0.06801418691344294, 0.06035592000119406, 0.07603523482289673, 0.05819507940166984, 0.059543908592553076, 0.07381816902398929, 0.07711613478458729], [0.34443876034645116, 1.0, 0.07656124091500459, 0.07981459370557228, 0.05367918915248276, 0.058257477353870234, 0.05476592224429172, 0.044561986929342566, 0.13642245745127438, 0.08389413715245439, 0.08057890797311656, 0.095131292930735, 0.11085884299703111, 0.058778172981961044, 0.042534326945262664, 0.0629050375590948, 0.11772055353877502, 0.05029379480571694, 0.06406487995016844, 0.06008140120950846], [0.06683990835232956, 0.07656124091500459, 1.0, 0.7910953080797775, 0.04722458698615924, 0.09962215916198125, 0.06827737686224829, 0.1061183474661659, 0.12184031801669659, 0.07543469808847643, 0.08036953278467007, 0.11467946383226442, 0.0712813638915899, 0.07193860217930857, 0.05750475436492796, 0.07343338091697282, 0.07040761172272406, 0.06762584158945822, 0.0678625145036535, 0.07972038589748236], [0.073159036347321, 0.07981459370557228, 0.7910953080797775, 1.0, 0.09961278204694782, 0.17395908642093885, 0.06470018059635488, 0.09197475576540846, 0.17606851828844416, 0.11054001667520987, 0.10681238188848781, 0.1421733834391786, 0.11170171816975792, 0.14336321848416916, 0.11226914830707524, 0.08323255213525996, 0.10341531466545859, 0.10828857400209235, 0.12825067440246607, 0.12445299574213699], [0.062441626797314194, 0.05367918915248276, 0.04722458698615924, 0.09961278204694782, 1.0, 0.49926068108094795, 0.07502977961786042, 0.05652533101921778, 0.14683180716007924, 0.08132302130611092, 0.0980807903650046, 0.11763622566374007, 0.07364370660790741, 0.09325150555183431, 0.06867187509097036, 0.12169933490054947, 0.06321139928680292, 0.06034564531188531, 0.05698149943721431, 0.09955952523816548], [0.08698544470619601, 0.058257477353870234, 0.09962215916198125, 0.17395908642093885, 0.49926068108094795, 1.0, 0.03759659884010292, 0.0718556063309623, 0.1493658379719913, 0.11071164522656504, 0.07633366834539668, 0.07991588727815008, 0.07402010779853814, 0.09885764420829679, 0.06557323256907228, 0.07933110330306274, 0.06272819337343716, 0.054676711741626485, 0.07282244158339618, 0.11095508413062923], [0.048902211748277795, 0.05476592224429172, 0.06827737686224829, 0.06470018059635488, 0.07502977961786042, 0.03759659884010292, 1.0, 0.4136170724255197, 0.12492193198879913, 0.10803927329846116, 0.10355365578165038, 0.1009503772246654, 0.04318282215383035, 0.07485687858405599, 0.045490301469573, 0.05380159226059678, 0.0833450708996346, 0.04122228506761385, 0.07181067468898412, 0.08859040895618754], [0.08491589424703143, 0.044561986929342566, 0.1061183474661659, 0.09197475576540846, 0.05652533101921778, 0.0718556063309623, 0.4136170724255197, 1.0, 0.14762517019507893, 0.10399085164070226, 0.07546256699785496, 0.10168307350109154, 0.1269545506848152, 0.07317389373772087, 0.04882787738142113, 0.0872553565380263, 0.05640159367907289, 0.05627630377801936, 0.12941768195034678, 0.0857329139878081], [0.18597400464349798, 0.13642245745127438, 0.12184031801669659, 0.17606851828844416, 0.14683180716007924, 0.1493658379719913, 0.12492193198879913, 0.14762517019507893, 1.0, 1.0, 0.15208109057382757, 0.16807960000949884, 0.17142732711149253, 0.18532421600173013, 0.12690807971398158, 0.13308219984331132, 0.173653953068836, 0.2255425477023457, 0.1770678205887431, 0.16448114755281293], [0.07634299253221731, 0.08389413715245439, 0.07543469808847643, 0.11054001667520987, 0.08132302130611092, 0.11071164522656504, 0.10803927329846116, 0.10399085164070226, 1.0, 1.0, 0.06940276519213488, 0.12198015656024203, 0.1046912947874567, 0.19711400627650977, 0.07617680897075339, 0.05680308063722604, 0.06948154442619518, 0.06462826990057577, 0.07292967414251797, 0.07443682705526514], [0.0741607358545911, 0.08057890797311656, 0.08036953278467007, 0.10681238188848781, 0.0980807903650046, 0.07633366834539668, 0.10355365578165038, 0.07546256699785496, 0.15208109057382757, 0.06940276519213488, 1.0, 0.8234272125748401, 0.0782257174269281, 0.08729877090457103, 0.07626030543177902, 0.07332015423775205, 0.08953082861975253, 0.06383808476368594, 0.08995021854588345, 0.12218928254501994], [0.0839290741835832, 0.095131292930735, 0.11467946383226442, 0.1421733834391786, 0.11763622566374007, 0.07991588727815008, 0.1009503772246654, 0.10168307350109154, 0.16807960000949884, 0.12198015656024203, 0.8234272125748401, 1.0, 0.11672793342534138, 0.16376415992887577, 0.10854795532491872, 0.11946862023876764, 0.09129821852809956, 0.08107317588295639, 0.10659565188380507, 0.10245167715921438], [0.06216436897061648, 0.11085884299703111, 0.0712813638915899, 0.11170171816975792, 0.07364370660790741, 0.07402010779853814, 0.04318282215383035, 0.1269545506848152, 0.17142732711149253, 0.1046912947874567, 0.0782257174269281, 0.11672793342534138, 1.0, 0.6864443225370482, 0.08498260584857457, 0.06646344982280164, 0.05868576142509283, 0.051931140095227736, 0.05760800848672135, 0.10503038379340947], [0.06801418691344294, 0.058778172981961044, 0.07193860217930857, 0.14336321848416916, 0.09325150555183431, 0.09885764420829679, 0.07485687858405599, 0.07317389373772087, 0.18532421600173013, 0.19711400627650977, 0.08729877090457103, 0.16376415992887577, 0.6864443225370482, 1.0, 0.09517327603019209, 0.07494685654580674, 0.0922625727705587, 0.08519687689670456, 0.0888302355097285, 0.07657211656006278], [0.06035592000119406, 0.042534326945262664, 0.05750475436492796, 0.11226914830707524, 0.06867187509097036, 0.06557323256907228, 0.045490301469573, 0.04882787738142113, 0.12690807971398158, 0.07617680897075339, 0.07626030543177902, 0.10854795532491872, 0.08498260584857457, 0.09517327603019209, 1.0, 0.5642717873606934, 0.05944138664437001, 0.06869375649627651, 0.06173413096620488, 0.12266079793938471], [0.07603523482289673, 0.0629050375590948, 0.07343338091697282, 0.08323255213525996, 0.12169933490054947, 0.07933110330306274, 0.05380159226059678, 0.0872553565380263, 0.13308219984331132, 0.05680308063722604, 0.07332015423775205, 0.11946862023876764, 0.06646344982280164, 0.07494685654580674, 0.5642717873606934, 1.0, 0.06349464461757302, 0.06652794505543401, 0.06168310816907092, 0.09871265619071488], [0.05819507940166984, 0.11772055353877502, 0.07040761172272406, 0.10341531466545859, 0.06321139928680292, 0.06272819337343716, 0.0833450708996346, 0.05640159367907289, 0.173653953068836, 0.06948154442619518, 0.08953082861975253, 0.09129821852809956, 0.05868576142509283, 0.0922625727705587, 0.05944138664437001, 0.06349464461757302, 1.0, 0.4237415338236156, 0.09782415028253257, 0.057734156265890596], [0.059543908592553076, 0.05029379480571694, 0.06762584158945822, 0.10828857400209235, 0.06034564531188531, 0.054676711741626485, 0.04122228506761385, 0.05627630377801936, 0.2255425477023457, 0.06462826990057577, 0.06383808476368594, 0.08107317588295639, 0.051931140095227736, 0.08519687689670456, 0.06869375649627651, 0.06652794505543401, 0.4237415338236156, 1.0, 0.060253742086394155, 0.10198006472979283], [0.07381816902398929, 0.06406487995016844, 0.0678625145036535, 0.12825067440246607, 0.05698149943721431, 0.07282244158339618, 0.07181067468898412, 0.12941768195034678, 0.1770678205887431, 0.07292967414251797, 0.08995021854588345, 0.10659565188380507, 0.05760800848672135, 0.0888302355097285, 0.06173413096620488, 0.06168310816907092, 0.09782415028253257, 0.060253742086394155, 1.0, 0.49985562947823403], [0.07711613478458729, 0.06008140120950846, 0.07972038589748236, 0.12445299574213699, 0.09955952523816548, 0.11095508413062923, 