{"model": "LSING", "dataset": "0.5_dim20_pair_gau", "N": 1000, "seed": 12340, "metrics": {"TP": 10, "FP": 1, "FN": 0, "TN": 179, "TPR": 1.0, "FDR": 0.09090909090909091, "FPR": 0.005555555555555556, "Hamming": 1}, "omega": [[1.0, 0.9432101778683587, 0.13967839336744048, 0.15148566011695352, 0.1292359964004683, 0.101329733038255, 0.14434890598801997, 0.09816796279814485, 0.14711300553014237, 0.11369634101779828, 0.10856458224543714, 0.08148265830516456, 0.11012356952063541, 0.15322143488277057, 0.11695904420656711, 0.18047504860658195, 0.09697426256877666, 0.10656203665090642, 0.15212359466785566, 0.17051633651067655], [0.9432101778683587, 1.0, 0.12801828299800844, 0.08788788321049584, 0.1282730527452595, 0.1149190915714225, 0.08106922104877826, 0.0762067214027551, 0.1373029802274586, 0.12269800540264465, 0.09200884814412855, 0.10803844767750888, 0.14812934849277648, 0.12440586939643633, 0.12307384294050366, 0.1598165356141231, 0.09315502574242984, 0.11765526933135304, 0.1472598481204787, 0.11717892824132806], [0.13967839336744048, 0.12801828299800844, 1.0, 0.7585266362571741, 0.07135753717681803, 0.09780895980483291, 0.07756921023679476, 0.05998575003698315, 0.1033550476570652, 0.1863778796154563, 0.2006359406097527, 0.08754501836870114, 0.16231228436864203, 0.0824155194330099, 0.13849148916333173, 0.1324227899964446, 0.07097934759214486, 0.07811272159996921, 0.10342233628950431, 0.10979926506698343], [0.15148566011695352, 0.08788788321049584, 0.7585266362571741, 1.0, 0.10728219787761865, 0.1294109864814093, 0.0910901240700428, 0.11183189043633598, 0.09279299220079443, 0.0998161324218266, 0.17968454067369094, 0.11084204068679304, 0.18597462125798023, 0.09421676912654191, 0.09740206533987701, 0.09350505545006103, 0.10181596401032014, 0.09609749548660246, 0.10973934223591907, 0.12633070523595513], [0.1292359964004683, 0.1282730527452595, 0.07135753717681803, 0.10728219787761865, 1.0, 0.9190181115917366, 0.09501060763479295, 0.11230684149284292, 0.14880324499994207, 0.10531157626079508, 0.14573010659999144, 0.09430393936710128, 0.14673753683286042, 0.12831026710796, 0.11445812342634443, 0.12301596249532123, 0.11786989876416167, 0.08688189806197728, 0.10548625805707468, 0.12406994921714853], [0.101329733038255, 0.1149190915714225, 0.09780895980483291, 0.1294109864814093, 0.9190181115917366, 1.0, 0.08553179291268537, 0.06788333557133318, 0.10886668745092494, 0.0984389752934947, 0.09492627801718528, 0.09569597123034691, 0.10996432948284324, 0.10504002701982935, 0.1074300699185208, 0.12745794259537016, 0.07628591477770011, 0.1134947173441435, 0.11835386714701528, 0.11318346819539452], [0.14434890598801997, 0.08106922104877826, 0.07756921023679476, 0.0910901240700428, 0.09501060763479295, 0.08553179291268537, 1.0, 0.45761134350147165, 0.09549981410434916, 0.10606396424479264, 0.08126100989122528, 0.1288919286979857, 0.09964690616303758, 0.10349536947630407, 0.1194568491096761, 0.11338747832263373, 0.134868015849531, 0.07834838045075357, 0.11283522213473299, 0.12343788308497994], [0.09816796279814485, 0.0762067214027551, 0.05998575003698315, 0.11183189043633598, 0.11230684149284292, 0.06788333557133318, 0.45761134350147165, 1.0, 0.0887511876116073, 0.05515175708824609, 0.10674331078436558, 0.059783458871985544, 0.08211926062592267, 0.08920280812534431, 0.10110987928145188, 0.12456095860146575, 0.08306865902382014, 0.060819837585070605, 0.0705344983307927, 0.09476515524092512], [0.14711300553014237, 0.1373029802274586, 0.1033550476570652, 0.09279299220079443, 0.14880324499994207, 0.10886668745092494, 0.09549981410434916, 0.0887511876116073, 1.0, 0.7765866783944024, 0.0999907591672738, 0.11099076326305574, 0.11984012126245035, 0.09462679047877796, 0.09259919950804815, 0.10988037696343748, 0.09447295368018559, 0.0998785132725575, 0.1308446202586975, 0.10199442779878543], [0.11369634101779828, 0.12269800540264465, 0.1863778796154563, 0.0998161324218266, 0.10531157626079508, 0.0984389752934947, 0.10606396424479264, 0.05515175708824609, 0.7765866783944024, 1.0, 0.08485889282558615, 0.07461135653750875, 0.11179920950968338, 0.11739725433753216, 0.09415145681898586, 0.151265418251782, 0.07408352640394267, 0.08283868692402241, 0.1421256698640337, 0.1137623689861755], [0.10856458224543714, 0.09200884814412855, 0.2006359406097527, 0.17968454067369094, 0.14573010659999144, 0.09492627801718528, 0.08126100989122528, 0.10674331078436558, 0.0999907591672738, 0.08485889282558615, 1.0, 0.7269764096613418, 0.11811894872992665, 0.1030253922625042, 0.09024380285072588, 0.16704152246468126, 0.12542874689287598, 0.06548298990935858, 0.12950933479348692, 0.13857190741929756], [0.08148265830516456, 0.10803844767750888, 0.08754501836870114, 0.11084204068679304, 0.09430393936710128, 0.09569597123034691, 0.1288919286979857, 0.059783458871985544, 0.11099076326305574, 0.07461135653750875, 0.7269764096613418, 1.0, 0.11467649356321445, 0.07683764247760984, 0.1543509458415636, 0.15658192486512656, 0.08418830212090599, 0.0870642484392098, 0.10079577849958472, 0.16417560916058183], [0.11012356952063541, 0.14812934849277648, 0.16231228436864203, 0.18597462125798023, 0.14673753683286042, 0.10996432948284324, 0.09964690616303758, 0.08211926062592267, 0.11984012126245035, 0.11179920950968338, 0.11811894872992665, 0.11467649356321445, 1.0, 0.8484627627581736, 0.13031724979958195, 0.13398970183896644, 0.12097606491100901, 0.07276252938228077, 0.13002706585184975, 0.12136506235035258], [0.15322143488277057, 0.12440586939643633, 0.0824155194330099, 0.09421676912654191, 0.12831026710796, 0.10504002701982935, 0.10349536947630407, 0.08920280812534431, 0.09462679047877796, 0.11739725433753216, 0.1030253922625042, 0.07683764247760984, 0.8484627627581736, 1.0, 0.13045013149882234, 0.13106743850282523, 0.08771389780724607, 0.08070085666141717, 0.09674781647479397, 0.09429840951098697], [0.11695904420656711, 0.12307384294050366, 0.13849148916333173, 0.09740206533987701, 0.11445812342634443, 0.1074300699185208, 0.1194568491096761, 0.10110987928145188, 0.09259919950804815, 0.09415145681898586, 0.09024380285072588, 0.1543509458415636, 0.13031724979958195, 0.13045013149882234, 1.0, 1.0, 0.07878005880045469, 0.11528212703820752, 0.09323971869553133, 0.13920042827785978], [0.18047504860658195, 0.1598165356141231, 0.1324227899964446, 0.09350505545006103, 0.12301596249532123, 0.12745794259537016, 0.11338747832263373, 0.12456095860146575, 0.10988037696343748, 0.151265418251782, 0.16704152246468126, 0.15658192486512656, 0.13398970183896644, 0.13106743850282523, 1.0, 1.0, 0.08842473892803346, 0.08797997637174233, 0.08674784928509008, 0.14362017885178674], [0.09697426256877666, 0.09315502574242984, 0.07097934759214486, 0.10181596401032014, 0.11786989876416167, 0.07628591477770011, 0.134868015849531, 0.08306865902382014, 0.09447295368018559, 0.07408352640394267, 0.12542874689287598, 0.08418830212090599, 0.12097606491100901, 0.08771389780724607, 0.07878005880045469, 0.08842473892803346, 1.0, 0.5629568365801066, 0.08341033476763506, 0.1281197857227824], [0.10656203665090642, 0.11765526933135304, 0.07811272159996921, 0.09609749548660246, 0.08688189806197728, 0.1134947173441435, 0.07834838045075357, 0.060819837585070605, 0.0998785132725575, 0.08283868692402241, 0.06548298990935858, 0.0870642484392098, 0.07276252938228077, 0.08070085666141717, 0.11528212703820752, 0.08797997637174233, 0.5629568365801066, 1.0, 0.07593420326713919, 0.09432877004505404], [0.15212359466785566, 0.1472598481204787, 0.10342233628950431, 0.10973934223591907, 0.10548625805707468, 0.11835386714701528, 0.11283522213473299, 0.0705344983307927, 0.1308446202586975, 0.1421256698640337, 0.12950933479348692, 0.10079577849958472, 0.13002706585184975, 0.09674781647479397, 0.09323971869553133, 0.08674784928509008, 0.08341033476763506, 0.07593420326713919, 1.0, 0.9324616569851337], [0.17051633651067655, 0.11717892824132806, 0.10979926506698343, 0.12633070523595513, 0.12406994921714853, 0.11318346819539452, 0.12343788308497994, 0.09476515524092512, 