{"model": "LSING", "dataset": "dim20_pair_gau", "N": 50000, "seed": 120, "metrics": {"TP": 10, "FP": 0, "FN": 0, "TN": 180, "TPR": 1.0, "FDR": 0.0, "FPR": 0.0, "Hamming": 0}, "omega": [[1.0, 1.0, 0.038256692134352815, 0.04351990978269602, 0.04222757731211561, 0.040879570439333233, 0.038110028438324846, 0.03810858254533224, 0.0477534761072819, 0.04334612848895818, 0.04261751710091909, 0.041574384705502385, 0.042435829363418213, 0.04099965979224393, 0.043616682648492444, 0.04484221653436707, 0.045039585106739194, 0.041572034502557184, 0.038284565273834545, 0.04266909787082177], [1.0, 1.0, 0.038803007339747314, 0.03953509890028421, 0.0374619273809087, 0.037033749154996735, 0.034462409831104185, 0.04066593097402466, 0.043761870363581146, 0.04009471632121068, 0.042645291618797855, 0.03999724474643055, 0.041768629146078935, 0.03677805175490557, 0.04109034152039289, 0.04066192760556537, 0.039898041443164486, 0.035625318999096774, 0.03567709868375798, 0.03455594657108132], [0.038256692134352815, 0.038803007339747314, 1.0, 0.9538979376196899, 0.037782320552544144, 0.03958924216031136, 0.043779291284701295, 0.03933969941686617, 0.039217390242112495, 0.0347450727176193, 0.0429760885337697, 0.03617854941756689, 0.03997481251063776, 0.038361368100807085, 0.039681404884057365, 0.039824364419540126, 0.03490948663062817, 0.039428824929551416, 0.03636182847313593, 0.04281324588019787], [0.04351990978269602, 0.03953509890028421, 0.9538979376196899, 1.0, 0.04474033707540023, 0.04481760626554611, 0.040088548292143956, 0.04304757749505033, 0.04142754048179441, 0.03654628095862498, 0.04303244492942946, 0.03824587886063124, 0.03973185902751263, 0.03723873833563856, 0.04359430223083002, 0.04331249350768973, 0.037454846684126415, 0.036396852514608835, 0.041266702019781124, 0.040989714054317915], [0.04222757731211561, 0.0374619273809087, 0.037782320552544144, 0.04474033707540023, 1.0, 0.9744500110563175, 0.03803507267696714, 0.04111195135231012, 0.04221723541622516, 0.04522899541721792, 0.044339214599752215, 0.04539478501801051, 0.0434476719658539, 0.043862755248755374, 0.03822509644724735, 0.041620262137959094, 0.04523478233229353, 0.04160799962813973, 0.039152333415208206, 0.04199591182364837], [0.040879570439333233, 0.037033749154996735, 0.03958924216031136, 0.04481760626554611, 0.9744500110563175, 1.0, 0.03667438540621724, 0.034704850147583385, 0.04255159106666665, 0.04105059701439846, 0.03663467098816947, 0.03990509372355269, 0.041008965325526975, 0.03888760461645918, 0.03826166166021064, 0.0440964617029382, 0.041142580882017055, 0.0428243650480439, 0.04066172033304388, 0.03717317168519353], [0.038110028438324846, 0.034462409831104185, 0.043779291284701295, 0.040088548292143956, 0.03803507267696714, 0.03667438540621724, 1.0, 0.9961048277969193, 0.04300805363399813, 0.044130621551720726, 0.041969815544572575, 0.04248000849844083, 0.04537898717445778, 0.03802475251126038, 0.0423643353874798, 0.04298415043192384, 0.04160265233139597, 0.04442859753153672, 0.038590994295111355, 0.0401588838821357], [0.03810858254533224, 0.04066593097402466, 0.03933969941686617, 0.04304757749505033, 0.04111195135231012, 0.034704850147583385, 0.9961048277969193, 1.0, 0.03647982337064809, 0.04019613777476714, 0.03902679312929302, 0.0423154491603564, 0.04055823451203555, 0.04258799413902846, 0.04341832786009067, 0.04297591302074747, 0.04270590545891099, 0.04049645559976537, 0.03861106629864339, 0.04121373720433177], [0.0477534761072819, 0.043761870363581146, 0.039217390242112495, 0.04142754048179441, 0.04221723541622516, 0.04255159106666665, 0.04300805363399813, 0.03647982337064809, 1.0, 0.9783763677445658, 0.04011061947257675, 0.04343200784650857, 0.04410027117129675, 0.042250703242234344, 0.04147452782517261, 0.04262661703323325, 0.038580423396515705, 0.038636920202593246, 0.037612061220118925, 0.044331680912217335], [0.04334612848895818, 0.04009471632121068, 0.0347450727176193, 0.03654628095862498, 0.04522899541721792, 0.04105059701439846, 0.044130621551720726, 0.04019613777476714, 0.9783763677445658, 1.0, 0.04432339836912096, 0.04107462892602238, 0.03645833723362272, 0.046731182958037236, 0.04424052780623726, 0.04035606356906486, 0.0411427062484615, 0.04223968938220165, 0.03458906337104606, 0.0416603727139713], [0.04261751710091909, 0.042645291618797855, 0.0429760885337697, 0.04303244492942946, 0.044339214599752215, 0.03663467098816947, 0.041969815544572575, 0.03902679312929302, 0.04011061947257675, 0.04432339836912096, 1.0, 0.9613609251661149, 0.04651991375430498, 0.038317603510827435, 0.04024872147622539, 0.040445396354271586, 0.03892962076242697, 0.04008577017173504, 0.03745337738939751, 0.04196450335043327], [0.041574384705502385, 0.03999724474643055, 0.03617854941756689, 0.03824587886063124, 0.04539478501801051, 0.03990509372355269, 0.04248000849844083, 0.0423154491603564, 0.04343200784650857, 0.04107462892602238, 0.9613609251661149, 1.0, 0.0418400445590455, 0.034523070474689915, 0.042933515760788576, 0.03996070962141393, 0.041147862988209695, 0.03996999175296068, 0.03358761782573639, 0.04414316488237565], [0.042435829363418213, 0.041768629146078935, 0.03997481251063776, 0.03973185902751263, 0.0434476719658539, 0.041008965325526975, 0.04537898717445778, 0.04055823451203555, 0.04410027117129675, 0.03645833723362272, 0.04651991375430498, 0.0418400445590455, 1.0, 0.9839115871169885, 0.04251753986880265, 0.03510499643651732, 0.039710379576697624, 0.04697206538750012, 0.04528425360282434, 0.0432105906469866], [0.04099965979224393, 0.03677805175490557, 0.038361368100807085, 0.03723873833563856, 0.043862755248755374, 0.03888760461645918, 0.03802475251126038, 0.04258799413902846, 0.042250703242234344, 0.046731182958037236, 0.038317603510827435, 0.034523070474689915, 0.9839115871169885, 1.0, 0.03910454205503297, 0.036951373371680446, 0.04534351682844265, 0.03886027974622783, 0.03552349135826031, 0.03865480247222896], [0.043616682648492444, 0.04109034152039289, 0.039681404884057365, 0.04359430223083002, 0.03822509644724735, 0.03826166166021064, 0.0423643353874798, 0.04341832786009067, 0.04147452782517261, 0.04424052780623726, 0.04024872147622539, 0.042933515760788576, 0.04251753986880265, 0.03910454205503297, 1.0, 0.9808265161623891, 0.04281229309522009, 0.0480941184670242, 0.041393760075450405, 0.044511538299629304], [0.04484221653436707, 0.04066192760556537, 0.039824364419540126, 0.04331249350768973, 0.041620262137959094, 0.0440964617029382, 0.04298415043192384, 0.04297591302074747, 0.04262661703323325, 0.04035606356906486, 0.040445396354271586, 0.03996070962141393, 0.03510499643651732, 0.036951373371680446, 0.9808265161623891, 1.0, 0.04643111252282271, 0.0477207136764668, 0.04123906122610977, 0.0368496995136825], [0.045039585106739194, 0.039898041443164486, 0.03490948663062817, 0.037454846684126415, 0.04523478233229353, 0.041142580882017055, 0.04160265233139597, 0.04270590545891099, 0.038580423396515705, 0.0411427062484615, 0.03892962076242697, 0.041147862988209695, 0.039710379576697624, 0.04534351682844265, 0.04281229309522009, 0.04643111252282271, 1.0, 0.9810632614991853, 0.0466557825636899, 0.04624916736622257], [0.041572034502557184, 0.035625318999096774, 0.039428824929551416, 0.036396852514608835, 0.04160799962813973, 0.0428243650480439, 0.04442859753153672, 0.04049645559976537, 0.038636920202593246, 0.04223968938220165, 0.04008577017173504, 0.03996999175296068, 0.04697206538750012, 0.03886027974622783, 0.0480941184670242, 0.0477207136764668, 0.9810632614991853, 1.0, 0.038020419846940344, 0.045373683338081436], [0.038284565273834545, 0.03567709868375798, 0.03636182847313593, 0.041266702019781124, 0.039152333415208206, 0.04066172033304388, 0.038590994295111355, 0.03861106629864339, 0.037612061220118925, 0.03458906337104606, 0.03745337738939751, 0.03358761782573639, 0.04528425360282434, 0.03552349135826031, 0.041393760075450405, 0.04123906122610977, 0.0466557825636899, 0.038020419846940344, 1.0, 0.9696924781845002], [0.04266909787082177, 0.03455594657108132, 0.04281324588019787, 