{"model": "LSING", "dataset": "dim20_pair_gau", "N": 50000, "seed": 1234560, "metrics": {"TP": 10, "FP": 0, "FN": 0, "TN": 180, "TPR": 1.0, "FDR": 0.0, "FPR": 0.0, "Hamming": 0}, "omega": [[1.0, 0.9556645363476381, 0.03878795247639427, 0.04547483393729847, 0.04054846953451669, 0.03980973646894844, 0.04399843000997865, 0.03988820265244301, 0.039582355578018855, 0.03794496674523544, 0.04088243202238645, 0.04110131528278267, 0.03980248412394549, 0.038154869105349404, 0.042383634450302, 0.046255555391936584, 0.04171449717672823, 0.045102130699046755, 0.04100276289109025, 0.04102049542716639], [0.9556645363476381, 1.0, 0.03983413087026609, 0.037072846280819347, 0.04513813841880102, 0.04032445833675086, 0.04606463415219879, 0.040211284148731125, 0.03770801942241658, 0.040644252609115646, 0.043449432276470884, 0.042606459740390526, 0.04626536428339271, 0.041874408332681495, 0.0421289925272576, 0.041466088278875136, 0.037064747801409635, 0.04020584612701751, 0.03851633508490083, 0.03940687752824301], [0.03878795247639427, 0.03983413087026609, 1.0, 0.969753027188512, 0.03678974752167397, 0.0380882768430912, 0.03812549851006452, 0.0407642453539337, 0.044806559291979534, 0.0352557883114617, 0.046267241283304776, 0.03901402540517072, 0.040428903980364035, 0.04065770664099855, 0.043327908902550546, 0.04270526118918903, 0.03746905325259212, 0.040681202127595566, 0.03805673565739834, 0.043803431490994256], [0.04547483393729847, 0.037072846280819347, 0.969753027188512, 1.0, 0.038453002007024215, 0.042622717726447865, 0.04331088890071168, 0.04767609135702304, 0.04504042226520651, 0.03973677593194464, 0.04195971286559208, 0.03774040509313139, 0.04061509973262548, 0.039332590885853176, 0.043901650706955356, 0.04815984767443075, 0.03895730471099136, 0.040246269249904126, 0.04172598679130421, 0.044871045289837284], [0.04054846953451669, 0.04513813841880102, 0.03678974752167397, 0.038453002007024215, 1.0, 0.9675372568318574, 0.043939692118178504, 0.03809526528652479, 0.04037107654897818, 0.0394032455828947, 0.03756218741518863, 0.03596458504275575, 0.04046819067711759, 0.037404883936617596, 0.03867591471450759, 0.04260025805351058, 0.042543116766205064, 0.038965157432064614, 0.040024230716369256, 0.03907239053600414], [0.03980973646894844, 0.04032445833675086, 0.0380882768430912, 0.042622717726447865, 0.9675372568318574, 1.0, 0.04091003777592624, 0.041446439157651525, 0.04606264994227417, 0.03866550214821155, 0.04295776715890643, 0.04014553802087968, 0.04548960582764335, 0.04573082505711622, 0.040795078953543715, 0.04553627187203012, 0.04226813298031748, 0.0384329042531327, 0.03873304445611945, 0.03544296874645382], [0.04399843000997865, 0.04606463415219879, 0.03812549851006452, 0.04331088890071168, 0.043939692118178504, 0.04091003777592624, 1.0, 0.9631933314395756, 0.04422671146501367, 0.040234042360318745, 0.04151113957553438, 0.04487158793743928, 0.04439511695273069, 0.0425684018353193, 0.04614832558676667, 0.045121248718362025, 0.04242787589902028, 0.039010116363174585, 0.04241003285416198, 0.04651921780049865], [0.03988820265244301, 0.040211284148731125, 0.0407642453539337, 0.04767609135702304, 0.03809526528652479, 0.041446439157651525, 0.9631933314395756, 1.0, 0.04149581514127865, 0.03941039731542434, 0.03883848467877215, 0.04171223422077097, 0.03922628308679121, 0.040896836099919044, 0.04515102836107942, 0.04519130798748769, 0.04116534110227885, 0.04113070732007006, 0.04187998490271902, 0.04334072957066698], [0.039582355578018855, 0.03770801942241658, 0.044806559291979534, 0.04504042226520651, 0.04037107654897818, 0.04606264994227417, 0.04422671146501367, 0.04149581514127865, 1.0, 0.9414789297292402, 0.04540237646266125, 0.037302935461604486, 0.0431701172060762, 0.04728880425829461, 0.043172604478367405, 0.041739516694888304, 0.042936993157243426, 0.041150267374514014, 0.04196912260592455, 0.038614760473963], [0.03794496674523544, 0.040644252609115646, 0.0352557883114617, 0.03973677593194464, 0.0394032455828947, 0.03866550214821155, 0.040234042360318745, 0.03941039731542434, 0.9414789297292402, 1.0, 0.041302042115206966, 0.03678164574349464, 0.040285285447549085, 0.03810051197960062, 0.03944286875414919, 0.03971763812001167, 0.03869536261078456, 0.035325986128911274, 0.03858177442717789, 0.04072942189247193], [0.04088243202238645, 0.043449432276470884, 0.046267241283304776, 0.04195971286559208, 0.03756218741518863, 0.04295776715890643, 0.04151113957553438, 0.03883848467877215, 0.04540237646266125, 0.041302042115206966, 1.0, 0.9813772579550225, 0.04449136845261526, 0.03825383714201356, 0.041709392330745935, 0.04269468038564253, 0.040042307973870366, 0.04569120683401615, 0.04410479553750891, 0.0432535035044545], [0.04110131528278267, 0.042606459740390526, 0.03901402540517072, 0.03774040509313139, 0.03596458504275575, 0.04014553802087968, 0.04487158793743928, 0.04171223422077097, 0.037302935461604486, 0.03678164574349464, 0.9813772579550225, 1.0, 0.0384932453469667, 0.040777323326080264, 0.04036534163799904, 0.04395791122277314, 0.042331182364007035, 0.04096799550871197, 0.03844388255841804, 0.03415234492642372], [0.03980248412394549, 0.04626536428339271, 0.040428903980364035, 0.04061509973262548, 0.04046819067711759, 0.04548960582764335, 0.04439511695273069, 0.03922628308679121, 0.0431701172060762, 0.040285285447549085, 0.04449136845261526, 0.0384932453469667, 1.0, 0.9660120113215884, 0.04774826018931876, 0.04448214509276615, 0.037938334568920484, 0.03950331705799575, 0.046583583393265376, 0.04024515426577358], [0.038154869105349404, 0.041874408332681495, 0.04065770664099855, 0.039332590885853176, 0.037404883936617596, 0.04573082505711622, 0.0425684018353193, 0.040896836099919044, 0.04728880425829461, 0.03810051197960062, 0.03825383714201356, 0.040777323326080264, 0.9660120113215884, 1.0, 0.045496368305358185, 0.04784762572772177, 0.03651346237117249, 0.040247689370224236, 0.04155004196562756, 0.038898530532725434], [0.042383634450302, 0.0421289925272576, 0.043327908902550546, 0.043901650706955356, 0.03867591471450759, 0.040795078953543715, 0.04614832558676667, 0.04515102836107942, 0.043172604478367405, 0.03944286875414919, 0.041709392330745935, 0.04036534163799904, 0.04774826018931876, 0.045496368305358185, 1.0, 1.0, 0.03865786879531784, 0.03787197322053547, 0.03964231731334691, 0.03887843277883391], [0.046255555391936584, 0.041466088278875136, 0.04270526118918903, 0.04815984767443075, 0.04260025805351058, 0.04553627187203012, 0.045121248718362025, 0.04519130798748769, 0.041739516694888304, 0.03971763812001167, 0.04269468038564253, 0.04395791122277314, 0.04448214509276615, 0.04784762572772177, 1.0, 1.0, 0.0399513378041426, 0.03844475178421212, 0.040099835217221075, 0.042890487103183085], [0.04171449717672823, 0.037064747801409635, 0.03746905325259212, 0.03895730471099136, 0.042543116766205064, 0.04226813298031748, 0.04242787589902028, 0.04116534110227885, 0.042936993157243426, 0.03869536261078456, 0.040042307973870366, 0.042331182364007035, 0.037938334568920484, 0.03651346237117249, 0.03865786879531784, 0.0399513378041426, 1.0, 0.9603237713349905, 0.03827672070684663, 0.03692970606959887], [0.045102130699046755, 0.04020584612701751, 0.040681202127595566, 0.040246269249904126, 0.038965157432064614, 0.0384329042531327, 0.039010116363174585, 0.04113070732007006, 0.041150267374514014, 0.035325986128911274, 0.04569120683401615, 0.04096799550871197, 0.03950331705799575, 0.040247689370224236, 0.03787197322053547, 0.03844475178421212, 0.9603237713349905, 1.0, 0.035328174862552145, 0.0378180845200723], [0.04100276289109025, 0.03851633508490083, 0.03805673565739834, 0.04172598679130421, 0.040024230716369256, 0.03873304445611945, 0.04241003285416198, 0.04187998490271902, 0.04196912260592455, 0.03858177442717789, 0.04410479553750891, 0.03844388255841804, 0.046583583393265376, 0.04155004196562756, 0.03964231731334691, 0.040099835217221075, 0.03827672070684663, 0.035328174862552145, 1.0, 0.9411267266947733], [0.04102049542716639, 0.03940687752824301, 0.043803431490994256, 