{"model": "LSING", "dataset": "dim20_pair_gau", "N": 50000, "seed": 123450, "metrics": {"TP": 10, "FP": 0, "FN": 0, "TN": 180, "TPR": 1.0, "FDR": 0.0, "FPR": 0.0, "Hamming": 0}, "omega": [[1.0, 0.9446421668537018, 0.04010808516364706, 0.03321309029742055, 0.03842608763676899, 0.03701469516961023, 0.03463012674047204, 0.03516920288401117, 0.03626747505056872, 0.030470645001502372, 0.034374574993976725, 0.03501640565539006, 0.03696001366369154, 0.03742470480737406, 0.03932195251456009, 0.03603037276186916, 0.03863251076890118, 0.03766483565028465, 0.04146592817307773, 0.03778410733680172], [0.9446421668537018, 1.0, 0.04062295564458225, 0.04093699654759133, 0.040200891970697074, 0.038346889805596356, 0.03669475818227517, 0.0387815214915055, 0.03974590781494765, 0.03509642975162134, 0.04136897702868631, 0.0387058336603261, 0.04123561492050966, 0.042920026182322844, 0.03584762017186001, 0.041569777329504044, 0.042961607808748706, 0.044151701119707565, 0.04691377834329874, 0.04197337365402723], [0.04010808516364706, 0.04062295564458225, 1.0, 0.9450233157686297, 0.03937243600843868, 0.038746694744584684, 0.03796617679428207, 0.0427409755200174, 0.03701086962744893, 0.031734280782198976, 0.04147493413691579, 0.03550570095565166, 0.040045700525213106, 0.037359678723162065, 0.038751040768672695, 0.04515200232259855, 0.0395750514899758, 0.04274685696578919, 0.04575418527324494, 0.03776467058985124], [0.03321309029742055, 0.04093699654759133, 0.9450233157686297, 1.0, 0.04112983672794248, 0.042502736303609186, 0.03631728354444861, 0.04083667202971244, 0.03796178522802547, 0.034513639632262866, 0.03899739299711346, 0.03907406811744758, 0.03926195721347093, 0.04558315653863488, 0.038089324444647084, 0.036852885471126966, 0.03757678149382789, 0.036430395652664295, 0.03634398426728871, 0.03717584613315499], [0.03842608763676899, 0.040200891970697074, 0.03937243600843868, 0.04112983672794248, 1.0, 0.954665451653657, 0.0378342801680303, 0.040294066368107825, 0.03953689528523008, 0.03797396938462849, 0.04234213997861756, 0.03922242661113749, 0.042931832989529, 0.04116049473993157, 0.0365249167970604, 0.04009023751307906, 0.04020972064537885, 0.04092863142712553, 0.03873319474461071, 0.03172402566173682], [0.03701469516961023, 0.038346889805596356, 0.038746694744584684, 0.042502736303609186, 0.954665451653657, 1.0, 0.03512362818530385, 0.03991432275438203, 0.03655512751989373, 0.03447442619860352, 0.041570014799383104, 0.03824582685398395, 0.03922883504486008, 0.0371578130609006, 0.03478234981246776, 0.042203898352378026, 0.0317907189146203, 0.037688076794818164, 0.040355048958351715, 0.03701922336237258], [0.03463012674047204, 0.03669475818227517, 0.03796617679428207, 0.03631728354444861, 0.0378342801680303, 0.03512362818530385, 1.0, 0.9428295885439429, 0.032617800479290984, 0.029208783738874634, 0.037104403482690305, 0.03438664692166429, 0.0464129641273967, 0.03891568546715048, 0.030931938374107106, 0.03436930674097483, 0.03160967252942714, 0.03302097065923668, 0.04574938220096505, 0.037511940831302285], [0.03516920288401117, 0.0387815214915055, 0.0427409755200174, 0.04083667202971244, 0.040294066368107825, 0.03991432275438203, 0.9428295885439429, 1.0, 0.040687415704698957, 0.03179823499894316, 0.04048387799424795, 0.03958597998393064, 0.048032946232707575, 0.041276001065010115, 0.03563075812408528, 0.03684798643499183, 0.03595628378610837, 0.03572605511185339, 0.0403504231752281, 0.03887572221421547], [0.03626747505056872, 0.03974590781494765, 0.03701086962744893, 0.03796178522802547, 0.03953689528523008, 0.03655512751989373, 0.032617800479290984, 0.040687415704698957, 1.0, 0.921796705692922, 0.0383240796851584, 0.03509921758294127, 0.04599513912820214, 0.040804280162305, 0.036151316496575776, 0.03859781251595602, 0.0346805533066399, 0.03727488245826529, 0.043546182205212176, 0.04166322010040825], [0.030470645001502372, 0.03509642975162134, 0.031734280782198976, 0.034513639632262866, 0.03797396938462849, 0.03447442619860352, 0.029208783738874634, 0.03179823499894316, 0.921796705692922, 1.0, 0.036628809869149286, 0.0341146544523091, 0.040322777452389824, 0.03440285830717521, 0.0314419358430035, 0.03622364884583393, 0.036947152880583804, 0.0348535094508848, 0.03657862565237855, 0.03277331071995506], [0.034374574993976725, 0.04136897702868631, 0.04147493413691579, 0.03899739299711346, 0.04234213997861756, 0.041570014799383104, 0.037104403482690305, 0.04048387799424795, 0.0383240796851584, 0.036628809869149286, 1.0, 0.9647993909112301, 0.04149948136578413, 0.03716067245848545, 0.04117775522182601, 0.04604005997148904, 0.03582167414781364, 0.037833875168031085, 0.04074055365640375, 0.044028667324764015], [0.03501640565539006, 0.0387058336603261, 0.03550570095565166, 0.03907406811744758, 0.03922242661113749, 0.03824582685398395, 0.03438664692166429, 0.03958597998393064, 0.03509921758294127, 0.0341146544523091, 0.9647993909112301, 1.0, 0.0402286889585953, 0.04030446462109983, 0.03531418312469555, 0.03687760185662149, 0.03519057029360854, 0.03539428691972186, 0.03702466077200065, 0.03645000155624096], [0.03696001366369154, 0.04123561492050966, 0.040045700525213106, 0.03926195721347093, 0.042931832989529, 0.03922883504486008, 0.0464129641273967, 0.048032946232707575, 0.04599513912820214, 0.040322777452389824, 0.04149948136578413, 0.0402286889585953, 1.0, 1.0, 0.0387834456481283, 0.03352334632091885, 0.03258070475647093, 0.03324002198411562, 0.04406183991506151, 0.03953176040572191], [0.03742470480737406, 0.042920026182322844, 0.037359678723162065, 0.04558315653863488, 0.04116049473993157, 0.0371578130609006, 0.03891568546715048, 0.041276001065010115, 0.040804280162305, 0.03440285830717521, 0.03716067245848545, 0.04030446462109983, 1.0, 1.0, 0.040049609019181476, 0.04064466787345606, 0.04266493148401941, 0.03998567432050954, 0.049817695024447814, 0.038287514203301176], [0.03932195251456009, 0.03584762017186001, 0.038751040768672695, 0.038089324444647084, 0.0365249167970604, 0.03478234981246776, 0.030931938374107106, 0.03563075812408528, 0.036151316496575776, 0.0314419358430035, 0.04117775522182601, 0.03531418312469555, 0.0387834456481283, 0.040049609019181476, 1.0, 0.9420088926419106, 0.040044004079433246, 0.035505847341193546, 0.04109317040271196, 0.03420799963285205], [0.03603037276186916, 0.041569777329504044, 0.04515200232259855, 0.036852885471126966, 0.04009023751307906, 0.042203898352378026, 0.03436930674097483, 0.03684798643499183, 0.03859781251595602, 0.03622364884583393, 0.04604005997148904, 0.03687760185662149, 0.03352334632091885, 0.04064466787345606, 0.9420088926419106, 1.0, 0.03384726174198118, 0.0337471860795235, 0.03596096812344873, 0.03525090716096211], [0.03863251076890118, 0.042961607808748706, 0.0395750514899758, 0.03757678149382789, 0.04020972064537885, 0.0317907189146203, 0.03160967252942714, 0.03595628378610837, 0.0346805533066399, 0.036947152880583804, 0.03582167414781364, 0.03519057029360854, 0.03258070475647093, 0.04266493148401941, 0.040044004079433246, 0.03384726174198118, 1.0, 0.8887130006964569, 0.03481345348710659, 0.03483027806538742], [0.03766483565028465, 0.044151701119707565, 0.04274685696578919, 0.036430395652664295, 0.04092863142712553, 0.037688076794818164, 0.03302097065923668, 0.03572605511185339, 0.03727488245826529, 0.0348535094508848, 0.037833875168031085, 0.03539428691972186, 0.03324002198411562, 0.03998567432050954, 0.035505847341193546, 0.0337471860795235, 0.8887130006964569, 1.0, 0.04267927401411224, 0.03552177246164478], [0.04146592817307773, 0.04691377834329874, 0.04575418527324494, 0.03634398426728871, 0.03873319474461071, 0.040355048958351715, 0.04574938220096505, 0.0403504231752281, 0.043546182205212176, 0.03657862565237855, 0.04074055365640375, 0.03702466077200065, 0.04406183991506151, 0.049817695024447814, 0.04109317040271196, 0.03596096812344873, 0.03481345348710659, 0.04267927401411224, 1.0, 0.9644948569359135], [0.03778410733680172, 0.04197337365402723, 0.03776467058985124, 0.03717584613315499, 0.03172402566173682, 