{"model": "LSING", "dataset": "dim20_pair_gau", "N": 50000, "seed": 1230, "metrics": {"TP": 10, "FP": 0, "FN": 0, "TN": 180, "TPR": 1.0, "FDR": 0.0, "FPR": 0.0, "Hamming": 0}, "omega": [[1.0, 1.0, 0.04893359544021401, 0.04398717370364279, 0.0438581526419086, 0.04776200225394842, 0.04160847529148079, 0.04781662549239619, 0.04691554842620372, 0.04954134225697707, 0.04200917548757302, 0.040111248131423714, 0.04444551663072997, 0.04559172235143415, 0.03840759429078159, 0.04056762095241619, 0.048886271119002615, 0.04311942969629446, 0.0461132908122834, 0.0426064117298359], [1.0, 1.0, 0.04143976803827135, 0.04767818668855023, 0.03805652105050508, 0.04078476374019833, 0.039812697685692476, 0.04854850904509629, 0.043893168395271284, 0.04052712766913115, 0.04303019341489013, 0.038981627061262354, 0.04169264343735903, 0.03963252070539731, 0.03959082931687909, 0.042140348794133316, 0.04405706317557762, 0.042227409436746036, 0.043678433514938234, 0.03879065376588838], [0.04893359544021401, 0.04143976803827135, 1.0, 0.9766199906702192, 0.03797281075795165, 0.038190478238960025, 0.04160138859093146, 0.04105357878478001, 0.04203193280301308, 0.040271219409515994, 0.03940119281953376, 0.04258976859437933, 0.042536813011472295, 0.03875928747114388, 0.03928512031770449, 0.036493177530949016, 0.03516518733032022, 0.03594621826254328, 0.041270527736847994, 0.037174100671799826], [0.04398717370364279, 0.04767818668855023, 0.9766199906702192, 1.0, 0.03582792166299386, 0.03932039173369015, 0.044477713411249765, 0.04193783893177218, 0.04102073031522125, 0.04228311882359207, 0.03510942614255058, 0.042869667365615975, 0.036948499294491476, 0.04063956408032252, 0.042240394758596735, 0.041086183288698536, 0.038990942872524435, 0.04276214702917492, 0.03974104364035984, 0.038575551266097456], [0.0438581526419086, 0.03805652105050508, 0.03797281075795165, 0.03582792166299386, 1.0, 0.9638168342868803, 0.03858768772119997, 0.03371099671179768, 0.039858387771313855, 0.03738713781863651, 0.03989016513145216, 0.03637940265073147, 0.04063417511326957, 0.03629554698139241, 0.03937108478593372, 0.03673886429863769, 0.04370750051707348, 0.035639419772975335, 0.04183377254723763, 0.040668590978516904], [0.04776200225394842, 0.04078476374019833, 0.038190478238960025, 0.03932039173369015, 0.9638168342868803, 1.0, 0.04349097265638451, 0.03913523016774569, 0.036852254849422, 0.03738139460010596, 0.04092861490506274, 0.04180118141129939, 0.03801616813101305, 0.03767864166775928, 0.040816342251629875, 0.03654082936767742, 0.03801908067971795, 0.04269853048198948, 0.041146404368891235, 0.040650360395401326], [0.04160847529148079, 0.039812697685692476, 0.04160138859093146, 0.044477713411249765, 0.03858768772119997, 0.04349097265638451, 1.0, 0.9618087497601784, 0.03644932721361455, 0.041009175367261196, 0.04703604572950779, 0.0414181269491852, 0.0342998144684752, 0.03697610751577796, 0.03790359302702621, 0.036267663045512516, 0.04230385256101627, 0.036125339172395826, 0.034435725053049496, 0.040841502461526416], [0.04781662549239619, 0.04854850904509629, 0.04105357878478001, 0.04193783893177218, 0.03371099671179768, 0.03913523016774569, 0.9618087497601784, 1.0, 0.034998709187823544, 0.041250370493573635, 0.045485070933711715, 0.04622543312790847, 0.039319322295267245, 0.0382397526142957, 0.03915285752075085, 0.04092444743720846, 0.04626757902775642, 0.039520497030597276, 0.037008785543588066, 0.0424330106445484], [0.04691554842620372, 0.043893168395271284, 0.04203193280301308, 0.04102073031522125, 0.039858387771313855, 0.036852254849422, 0.03644932721361455, 0.034998709187823544, 1.0, 0.9708070046505599, 0.03836398626808982, 0.03731695759313044, 0.03837410248717155, 0.03951233420763489, 0.03604231398883207, 0.03795284400839637, 0.037093199326104075, 0.03909062957251766, 0.037595482804392656, 0.03984582521183971], [0.04954134225697707, 0.04052712766913115, 0.040271219409515994, 0.04228311882359207, 0.03738713781863651, 0.03738139460010596, 0.041009175367261196, 0.041250370493573635, 0.9708070046505599, 1.0, 0.04391462901662357, 0.03790150762210153, 0.03671261125635273, 0.03770809299932775, 0.03592323870443096, 0.034068347889816185, 0.03702863198132076, 0.03692332905860972, 0.03933095912210655, 0.03977321201392152], [0.04200917548757302, 0.04303019341489013, 0.03940119281953376, 0.03510942614255058, 0.03989016513145216, 0.04092861490506274, 0.04703604572950779, 0.045485070933711715, 0.03836398626808982, 0.04391462901662357, 1.0, 0.970273034046, 0.04080731050994888, 0.040194557384568556, 0.03907639935750278, 0.03742920518160027, 0.03956367059392974, 0.03676932491271778, 0.04195082592462042, 0.03985631072137685], [0.040111248131423714, 0.038981627061262354, 0.04258976859437933, 0.042869667365615975, 0.03637940265073147, 0.04180118141129939, 0.0414181269491852, 0.04622543312790847, 0.03731695759313044, 0.03790150762210153, 0.970273034046, 1.0, 0.04252349349011443, 0.04061955221383379, 0.03806484596022844, 0.03333756886648724, 0.04061310884733574, 0.036849118387047304, 0.046222996813501276, 0.046397539190105724], [0.04444551663072997, 0.04169264343735903, 0.042536813011472295, 0.036948499294491476, 0.04063417511326957, 0.03801616813101305, 0.0342998144684752, 0.039319322295267245, 0.03837410248717155, 0.03671261125635273, 0.04080731050994888, 0.04252349349011443, 1.0, 0.9702429828263162, 0.03760969798042971, 0.039467873976199865, 0.03729308405133647, 0.04109693448684387, 0.04008906898113104, 0.040972568824244424], [0.04559172235143415, 0.03963252070539731, 0.03875928747114388, 0.04063956408032252, 0.03629554698139241, 0.03767864166775928, 0.03697610751577796, 0.0382397526142957, 0.03951233420763489, 0.03770809299932775, 0.040194557384568556, 0.04061955221383379, 0.9702429828263162, 1.0, 0.042950241195794714, 0.03800425224758526, 0.03611281337486747, 0.03522616203040157, 0.03725702559551144, 0.03806965007814386], [0.03840759429078159, 0.03959082931687909, 0.03928512031770449, 0.042240394758596735, 0.03937108478593372, 0.040816342251629875, 0.03790359302702621, 0.03915285752075085, 0.03604231398883207, 0.03592323870443096, 0.03907639935750278, 0.03806484596022844, 0.03760969798042971, 0.042950241195794714, 1.0, 0.9427179371131708, 0.03222301685210372, 0.03197004453515896, 0.043457746541382666, 0.03687928323456357], [0.04056762095241619, 0.042140348794133316, 0.036493177530949016, 0.041086183288698536, 0.03673886429863769, 0.03654082936767742, 0.036267663045512516, 0.04092444743720846, 0.03795284400839637, 0.034068347889816185, 0.03742920518160027, 0.03333756886648724, 0.039467873976199865, 0.03800425224758526, 0.9427179371131708, 1.0, 0.03636783767678619, 0.03378445209247391, 0.03935684955792624, 0.03894792304096527], [0.048886271119002615, 0.04405706317557762, 0.03516518733032022, 0.038990942872524435, 0.04370750051707348, 0.03801908067971795, 0.04230385256101627, 0.04626757902775642, 0.037093199326104075, 0.03702863198132076, 0.03956367059392974, 0.04061310884733574, 0.03729308405133647, 0.03611281337486747, 0.03222301685210372, 0.03636783767678619, 1.0, 0.953569261430853, 0.039551154822386594, 0.0387341205772572], [0.04311942969629446, 0.042227409436746036, 0.03594621826254328, 0.04276214702917492, 0.035639419772975335, 0.04269853048198948, 0.036125339172395826, 0.039520497030597276, 0.03909062957251766, 0.03692332905860972, 0.03676932491271778, 0.036849118387047304, 0.04109693448684387, 0.03522616203040157, 0.03197004453515896, 0.03378445209247391, 0.953569261430853, 1.0, 0.038419361455428694, 0.037275167615757616], [0.0461132908122834, 0.043678433514938234, 0.041270527736847994, 0.03974104364035984, 0.04183377254723763, 0.041146404368891235, 0.034435725053049496, 0.037008785543588066, 0.037595482804392656, 0.03933095912210655, 0.04195082592462042, 0.046222996813501276, 0.04008906898113104, 0.03725702559551144, 0.043457746541382666, 0.03935684955792624, 0.039551154822386594, 0.038419361455428694, 1.0, 0.9825552669735385], [0.0426064117298359, 0.03879065376588838, 0.037174100671799826, 