{"model": "LSING", "dataset": "dim20_pair_gau", "N": 50000, "seed": 12340, "metrics": {"TP": 10, "FP": 0, "FN": 0, "TN": 180, "TPR": 1.0, "FDR": 0.0, "FPR": 0.0, "Hamming": 0}, "omega": [[1.0, 0.9244407207990011, 0.037798740002433454, 0.03912480989958594, 0.0369111227060474, 0.038852792322979904, 0.0332995419505002, 0.03686036373202273, 0.040277745462463495, 0.04040246080412915, 0.042585067538632594, 0.03931373789389158, 0.037887796942184186, 0.03429857474954523, 0.03813928745690677, 0.041688870850178174, 0.03481788868733345, 0.03717555032217318, 0.03673340233207115, 0.03685765777427523], [0.9244407207990011, 1.0, 0.03941165923382771, 0.03926998105110579, 0.03738934041659688, 0.04258018029717123, 0.038377897547976714, 0.0366887175935407, 0.04762787323160236, 0.04758603047742072, 0.03925006448956393, 0.04007140768255443, 0.04228334110455466, 0.038247103112723925, 0.045149544665850264, 0.0403326160024492, 0.03730065754999975, 0.03761913468841047, 0.04050613412606355, 0.03338471079656349], [0.037798740002433454, 0.03941165923382771, 1.0, 0.9659161383825302, 0.03490194664948603, 0.04344091776551978, 0.03983549059431758, 0.03875384430607674, 0.03773483502901072, 0.03949187120576467, 0.04068628516585607, 0.03670170165650863, 0.038392568988546615, 0.037690990740552655, 0.0399507925712997, 0.039493620119210086, 0.04147414800191691, 0.043774929465673, 0.03739089986441905, 0.03743698211434152], [0.03912480989958594, 0.03926998105110579, 0.9659161383825302, 1.0, 0.034484208956862, 0.03663266167888643, 0.0375555487297551, 0.040561574682283316, 0.03739185690872113, 0.04339456184303038, 0.03698455601901906, 0.037599684503787395, 0.04070438480065185, 0.03675261770887053, 0.04067751306943585, 0.04037392598577571, 0.04092309290445865, 0.04362283067367213, 0.036435455494272476, 0.03737385281641912], [0.0369111227060474, 0.03738934041659688, 0.03490194664948603, 0.034484208956862, 1.0, 0.934873468832756, 0.037206935221696935, 0.036945657269137205, 0.03613393957755372, 0.03864771764722587, 0.035439088168867414, 0.032596600197764544, 0.03381988742334836, 0.03628132763880206, 0.03849612733561561, 0.036440941900525325, 0.039284696214511826, 0.03515657387286026, 0.03815036390872776, 0.03862552749820497], [0.038852792322979904, 0.04258018029717123, 0.04344091776551978, 0.03663266167888643, 0.934873468832756, 1.0, 0.041270631154620735, 0.03906389427266343, 0.04277325386408823, 0.04199014386225174, 0.040027505096981525, 0.03906794754150962, 0.038301129963908644, 0.033337273138720806, 0.041756649343009655, 0.04247678226716806, 0.04353697197841649, 0.04044342424349518, 0.03938273414867764, 0.039044824638651165], [0.0332995419505002, 0.038377897547976714, 0.03983549059431758, 0.0375555487297551, 0.037206935221696935, 0.041270631154620735, 1.0, 0.9653137866820992, 0.035265660729653946, 0.038177166007278794, 0.03833642886694868, 0.03764429637092428, 0.03784290168629457, 0.04244407110828153, 0.04082632940999796, 0.03434546506225406, 0.03668749983158611, 0.04010685718647449, 0.04103582333093028, 0.03659213708724606], [0.03686036373202273, 0.0366887175935407, 0.03875384430607674, 0.040561574682283316, 0.036945657269137205, 0.03906389427266343, 0.9653137866820992, 1.0, 0.03812981417574409, 0.04125988991121013, 0.03482688587539155, 0.03996997394144876, 0.03736713245456867, 0.036748504523545195, 0.03994602516279663, 0.03581495072002378, 0.0399467182507176, 0.04166598113577911, 0.04194615059227796, 0.039526687538242906], [0.040277745462463495, 0.04762787323160236, 0.03773483502901072, 0.03739185690872113, 0.03613393957755372, 0.04277325386408823, 0.035265660729653946, 0.03812981417574409, 1.0, 0.9751490022435839, 0.03713183720222352, 0.0352026075418537, 0.03645858973268104, 0.034873769710643175, 0.04106794018311823, 0.037540909676471224, 0.04389496646387216, 0.041462668328384904, 0.03725834679953503, 0.035271739823241076], [0.04040246080412915, 0.04758603047742072, 0.03949187120576467, 0.04339456184303038, 0.03864771764722587, 0.04199014386225174, 0.038177166007278794, 0.04125988991121013, 0.9751490022435839, 1.0, 0.04212330904684165, 0.03798435963547151, 0.03887505048530146, 0.03626246366405606, 0.04195078845163692, 0.04214846910999116, 0.044449415748905985, 0.04514454083015921, 0.04068505768771567, 0.04089479289392889], [0.042585067538632594, 0.03925006448956393, 0.04068628516585607, 0.03698455601901906, 0.035439088168867414, 0.040027505096981525, 0.03833642886694868, 0.03482688587539155, 0.03713183720222352, 0.04212330904684165, 1.0, 0.9279702095006575, 0.03843141753813512, 0.04154274751244916, 0.04245486255198548, 0.03655475730107884, 0.04094479562482485, 0.037733955714195105, 0.04378114782459004, 0.03528550118107364], [0.03931373789389158, 0.04007140768255443, 0.03670170165650863, 0.037599684503787395, 0.032596600197764544, 0.03906794754150962, 0.03764429637092428, 0.03996997394144876, 0.0352026075418537, 0.03798435963547151, 0.9279702095006575, 1.0, 0.036588283000208936, 0.03891501315752927, 0.03878725826907005, 0.034599872052083314, 0.040419559671786724, 0.03819133382555099, 0.042976022565077196, 0.04088326140073924], [0.037887796942184186, 0.04228334110455466, 0.038392568988546615, 0.04070438480065185, 0.03381988742334836, 0.038301129963908644, 0.03784290168629457, 0.03736713245456867, 0.03645858973268104, 0.03887505048530146, 0.03843141753813512, 0.036588283000208936, 1.0, 0.950887867650107, 0.03989848872373158, 0.0372527567539669, 0.04061466068280897, 0.03437486785987301, 0.034922603260513586, 0.03619349493846312], [0.03429857474954523, 0.038247103112723925, 0.037690990740552655, 0.03675261770887053, 0.03628132763880206, 0.033337273138720806, 0.04244407110828153, 0.036748504523545195, 0.034873769710643175, 0.03626246366405606, 0.04154274751244916, 0.03891501315752927, 0.950887867650107, 1.0, 0.03920849378858492, 0.033149106245636786, 0.04513192112415907, 0.04019738288964651, 0.03879392033380565, 0.03704928686823546], [0.03813928745690677, 0.045149544665850264, 0.0399507925712997, 0.04067751306943585, 0.03849612733561561, 0.041756649343009655, 0.04082632940999796, 0.03994602516279663, 0.04106794018311823, 0.04195078845163692, 0.04245486255198548, 0.03878725826907005, 0.03989848872373158, 0.03920849378858492, 1.0, 0.9661385483531298, 0.046979931567996513, 0.040266077942672535, 0.0423145867387485, 0.03482421068556578], [0.041688870850178174, 0.0403326160024492, 0.039493620119210086, 0.04037392598577571, 0.036440941900525325, 0.04247678226716806, 0.03434546506225406, 0.03581495072002378, 0.037540909676471224, 0.04214846910999116, 0.03655475730107884, 0.034599872052083314, 0.0372527567539669, 0.033149106245636786, 0.9661385483531298, 1.0, 0.04276540318595547, 0.03963376476393866, 0.03700634942378613, 0.03662993790813163], [0.03481788868733345, 0.03730065754999975, 0.04147414800191691, 0.04092309290445865, 0.039284696214511826, 0.04353697197841649, 0.03668749983158611, 0.0399467182507176, 0.04389496646387216, 0.044449415748905985, 0.04094479562482485, 0.040419559671786724, 0.04061466068280897, 0.04513192112415907, 0.046979931567996513, 0.04276540318595547, 1.0, 1.0, 0.040105827270778854, 0.038399564642328285], [0.03717555032217318, 0.03761913468841047, 0.043774929465673, 0.04362283067367213, 0.03515657387286026, 0.04044342424349518, 0.04010685718647449, 0.04166598113577911, 0.041462668328384904, 0.04514454083015921, 0.037733955714195105, 0.03819133382555099, 0.03437486785987301, 0.04019738288964651, 0.040266077942672535, 0.03963376476393866, 1.0, 1.0, 0.04056122328022993, 0.036600206379559505], [0.03673340233207115, 0.04050613412606355, 0.03739089986441905, 0.036435455494272476, 0.03815036390872776, 0.03938273414867764, 0.04103582333093028, 0.04194615059227796, 0.03725834679953503, 0.04068505768771567, 0.04378114782459004, 0.042976022565077196, 0.034922603260513586, 0.03879392033380565, 0.0423145867387485, 0.03700634942378613, 0.040105827270778854, 0.04056122328022993, 1.0, 0.9348852318950407], [0.03685765777427523, 0.03338471079656349, 0.03743698211434152, 0.03737385281641912, 