{"model": "LSING", "dataset": "0.1_dim20_pair_gau", "N": 400, "seed": 1230, "metrics": {"TP": 8, "FP": 142, "FN": 2, "TN": 38, "TPR": 0.8, "FDR": 0.9466666666666667, "FPR": 0.7888888888888889, "Hamming": 144}, "omega": [[1.0, 0.524188285019835, 0.14046483380402283, 0.18011251721483282, 0.5018558727007395, 0.29618007670468494, 0.17200291069556017, 0.3172985007813396, 0.3335593569883416, 0.22524120484722912, 0.15583514496769316, 0.13908992078763052, 0.21816347685974252, 0.2004424621708851, 0.11529935161259483, 0.24182652843984895, 0.20055505894078615, 0.21935224716549373, 0.15855523559383505, 0.16762712695914556], [0.524188285019835, 1.0, 0.3584068951397565, 0.36169438934141596, 0.6000199635624188, 0.3696695809433382, 0.40426790162424253, 0.595805516824401, 0.3957581781590196, 0.6668274200345772, 0.24643727586039485, 0.350652052377969, 0.5027622607619309, 0.27079402043708506, 0.2512101889779649, 0.3648631544033322, 0.4166116864083362, 0.5293511794616829, 0.5667078341479455, 0.34081401425762814], [0.14046483380402283, 0.3584068951397565, 1.0, 0.1555959527956943, 0.31309209879461153, 0.1536830741288686, 0.1541454369660716, 0.2930108526712212, 0.24671652604911717, 0.19768114485046842, 0.16918128111402117, 0.22981460133323414, 0.19416948554525207, 0.16256583096900656, 0.13230957236498994, 0.24147560644420532, 0.15930844190106966, 0.41709160915696514, 0.14276922795002092, 0.16181009606852453], [0.18011251721483282, 0.36169438934141596, 0.1555959527956943, 1.0, 0.45764437171010897, 0.22039182197017243, 0.2869770937160064, 0.43542806644330506, 0.2661675192431471, 0.28061726097475764, 0.16608011236167447, 0.19504148898801466, 0.36110522286502417, 0.21364528020178972, 0.24533269283570572, 0.2732389703697488, 0.1875307170957858, 0.27305715814065257, 0.16440733956020598, 0.26668853694421774], [0.5018558727007395, 0.6000199635624188, 0.31309209879461153, 0.45764437171010897, 1.0, 0.49842013493899484, 0.39552502061292216, 0.6059983909477483, 0.36044037708014404, 0.3667577039564163, 0.28006210089024164, 0.47408424806929367, 0.7758616187865282, 0.5035123562620106, 0.3785194958194152, 0.3638059134438138, 0.4862569129614517, 0.6443512943745592, 0.5106451395865067, 0.3832356239571996], [0.29618007670468494, 0.3696695809433382, 0.1536830741288686, 0.22039182197017243, 0.49842013493899484, 1.0, 0.3321020373305018, 0.6084136522208715, 0.35654654746642944, 0.3886065175047668, 0.21268093848326156, 0.19321520720287508, 0.36277782567703065, 0.1944436615485333, 0.1991296335557566, 0.27708283158110464, 0.3256256938119892, 0.3282297878789898, 0.15978134833465404, 0.27945834931800906], [0.17200291069556017, 0.40426790162424253, 0.1541454369660716, 0.2869770937160064, 0.39552502061292216, 0.3321020373305018, 1.0, 0.7841775032682174, 0.6546564125396739, 0.4986204845189237, 0.18386940331794951, 0.22450695236500898, 0.28742342654694153, 0.24323733473114534, 0.24118545143149486, 0.3204157887844217, 0.3483072602363234, 0.304334003726441, 0.20426375728115861, 0.240176640469704], [0.3172985007813396, 0.595805516824401, 0.2930108526712212, 0.43542806644330506, 0.6059983909477483, 0.6084136522208715, 0.7841775032682174, 1.0, 0.9408002689097298, 0.38550539974925874, 0.5525619740781029, 0.44128873362882487, 0.43366043952203315, 0.38770077115379464, 0.29517010131507926, 0.5227153433304362, 0.37759053740740506, 0.6508890890835896, 0.36769572705648834, 0.5315420716438947], [0.3335593569883416, 0.3957581781590196, 0.24671652604911717, 0.2661675192431471, 0.36044037708014404, 0.35654654746642944, 0.6546564125396739, 0.9408002689097298, 1.0, 1.0, 0.2605835524044193, 0.2728327635513219, 0.3126509421427947, 0.4216666630402248, 0.2696661913534656, 0.5333616558442309, 0.3554234270909078, 0.2818116664311746, 0.35906468636196304, 0.31590772774814146], [0.22524120484722912, 0.6668274200345772, 0.19768114485046842, 0.28061726097475764, 0.3667577039564163, 0.3886065175047668, 0.4986204845189237, 0.38550539974925874, 1.0, 1.0, 0.43525018947025435, 0.20635578359226356, 0.3554645730401881, 0.19751882191319195, 0.2338080532711616, 0.6372056853451541, 0.2936947627742661, 0.4490267559333462, 0.24267645450123257, 0.23321579298656117], [0.15583514496769316, 0.24643727586039485, 0.16918128111402117, 0.16608011236167447, 0.28006210089024164, 0.21268093848326156, 0.18386940331794951, 0.5525619740781029, 0.2605835524044193, 0.43525018947025435, 1.0, 0.1986476369356911, 0.3604757773856083, 0.1729539592381589, 0.1641960936557621, 0.2179705345706209, 0.2644436561088705, 0.35800524403891154, 0.1879366179331811, 0.1727371631777803], [0.13908992078763052, 0.350652052377969, 0.22981460133323414, 0.19504148898801466, 0.47408424806929367, 0.19321520720287508, 0.22450695236500898, 0.44128873362882487, 0.2728327635513219, 0.20635578359226356, 0.1986476369356911, 1.0, 0.4002632813786608, 0.14913124930559304, 0.1994842315735163, 0.2701978843927507, 0.21061200524057114, 0.42172766375866827, 0.20211704536012404, 0.2542185094861599], [0.21816347685974252, 0.5027622607619309, 0.19416948554525207, 0.36110522286502417, 0.7758616187865282, 0.36277782567703065, 0.28742342654694153, 0.43366043952203315, 0.3126509421427947, 0.3554645730401881, 0.3604757773856083, 0.4002632813786608, 1.0, 0.288982382904119, 0.23278862646746803, 0.3521664035003142, 0.4500813960540958, 0.4924986030266012, 0.3560671134375038, 0.2646112657184156], [0.2004424621708851, 0.27079402043708506, 0.16256583096900656, 0.21364528020178972, 0.5035123562620106, 0.1944436615485333, 0.24323733473114534, 0.38770077115379464, 0.4216666630402248, 0.19751882191319195, 0.1729539592381589, 0.14913124930559304, 0.288982382904119, 1.0, 0.16761243561989106, 0.2439000046509117, 0.27922139250743566, 0.30086270841897966, 0.15656329057849047, 0.22408926275842309], [0.11529935161259483, 0.2512101889779649, 0.13230957236498994, 0.24533269283570572, 0.3785194958194152, 0.1991296335557566, 0.24118545143149486, 0.29517010131507926, 0.2696661913534656, 0.2338080532711616, 0.1641960936557621, 0.1994842315735163, 0.23278862646746803, 0.16761243561989106, 1.0, 0.20630109373259733, 0.23697786801800583, 0.43566745410318525, 0.209361520260636, 0.18449419533584274], [0.24182652843984895, 0.3648631544033322, 0.24147560644420532, 0.2732389703697488, 0.3638059134438138, 0.27708283158110464, 0.3204157887844217, 0.5227153433304362, 0.5333616558442309, 0.6372056853451541, 0.2179705345706209, 0.2701978843927507, 0.3521664035003142, 0.2439000046509117, 0.20630109373259733, 1.0, 0.3698317083927333, 0.27724480603998397, 0.3228334936560613, 0.2498883594208228], [0.20055505894078615, 0.4166116864083362, 0.15930844190106966, 0.1875307170957858, 0.4862569129614517, 0.3256256938119892, 0.3483072602363234, 0.37759053740740506, 0.3554234270909078, 0.2936947627742661, 0.2644436561088705, 0.21061200524057114, 0.4500813960540958, 0.27922139250743566, 0.23697786801800583, 0.3698317083927333, 1.0, 0.37832319198868225, 0.20275591675520852, 0.1950638511017425], [0.21935224716549373, 0.5293511794616829, 0.41709160915696514, 0.27305715814065257, 0.6443512943745592, 0.3282297878789898, 0.304334003726441, 0.6508890890835896, 0.2818116664311746, 0.4490267559333462, 0.35800524403891154, 0.42172766375866827, 0.4924986030266012, 0.30086270841897966, 0.43566745410318525, 0.27724480603998397, 0.37832319198868225, 1.0, 0.23655713135031334, 0.2496682740643542], [0.15855523559383505, 0.5667078341479455, 0.14276922795002092, 0.16440733956020598, 0.5106451395865067, 0.15978134833465404, 0.20426375728115861, 0.36769572705648834, 0.35906468636196304, 0.24267645450123257, 0.1879366179331811, 0.20211704536012404, 0.3560671134375038, 0.15656329057849047, 0.209361520260636, 0.3228334936560613, 0.20275591675520852, 0.23655713135031334, 1.0, 0.2568810544296738], [0.16762712695914556, 0.34081401425762814, 0.16181009606852453, 0.26668853694421774, 0.3832356239571996, 0.27945834931800906, 0.240176640469704, 0.5315420716438947, 0.31590772774814146, 0.23321579298656117, 0.1727371631777803, 0.2542185094861599, 0.2646112657184156, 0.22408926275842309, 