{"model": "LSING", "dataset": "0.1_dim20_pair_gau", "N": 400, "seed": 1234560, "metrics": {"TP": 9, "FP": 145, "FN": 1, "TN": 35, "TPR": 0.9, "FDR": 0.9415584415584416, "FPR": 0.8055555555555556, "Hamming": 146}, "omega": [[1.0, 0.14371026894961472, 0.30838186059814693, 0.20851513816428816, 0.17730095609596355, 0.2875110613351152, 0.20452929025492736, 0.14995612004964212, 0.3333955339492665, 0.3910271544843717, 0.1342886284617682, 0.23555925553972817, 0.18195002192427823, 0.5012287833707773, 0.25056803336111055, 0.46786963495052086, 0.2982382650782586, 0.2052907231150366, 0.20955153797752235, 0.20601225956175756], [0.14371026894961472, 1.0, 0.36208606511851604, 0.15641363143328793, 0.13563879285504857, 0.2353198421772883, 0.1788597416690228, 0.11381764794431615, 0.18867710225451623, 0.36143014628109355, 0.11546101391375863, 0.2516403704682405, 0.1911105785388062, 0.28939417640730697, 0.1992495427958231, 0.28615237262618737, 0.3215359740683603, 0.15823433805030737, 0.17584962922322722, 0.24778428400832628], [0.30838186059814693, 0.36208606511851604, 1.0, 0.2998836018869198, 0.338519349655847, 0.522341860689538, 0.5064018526167713, 0.38350672852357753, 0.6068621203149903, 0.502479184929268, 0.30272328906345913, 0.367299200828185, 0.6040865246554341, 0.587385031399393, 0.3306498671401471, 0.4594619737996634, 0.4503217621758316, 0.2219975358928628, 0.40187393846108604, 0.35497426999635706], [0.20851513816428816, 0.15641363143328793, 0.2998836018869198, 1.0, 0.16568353038208242, 0.3652728728928524, 0.37885121386516435, 0.2213772273295542, 0.241625594580827, 0.31473369226908315, 0.20872067663758992, 0.27791244210158367, 0.24424998501377346, 0.5927766893881173, 0.28392678063710114, 0.6096630839890923, 0.31184165140559816, 0.15514343863759827, 0.18571129008850482, 0.24058823550956598], [0.17730095609596355, 0.13563879285504857, 0.338519349655847, 0.16568353038208242, 1.0, 0.28276822367441484, 0.15955609096493875, 0.21136063757241721, 0.22008622299494623, 0.33383750772486126, 0.13661686978025195, 0.2478935129757351, 0.14144401314071875, 0.41682631191049124, 0.18294065640910548, 0.6751253109282285, 0.24678997818141457, 0.19366196943591146, 0.21709110549621538, 0.2244190388928725], [0.2875110613351152, 0.2353198421772883, 0.522341860689538, 0.3652728728928524, 0.28276822367441484, 1.0, 0.2894771347855721, 0.3343094190714204, 0.25241216331503946, 0.3924151223644364, 0.30669067561606733, 0.5594101372399994, 0.1847547267046848, 0.954923697913183, 0.31621525757098323, 0.5144728403617965, 0.3626876812310929, 0.19406034057392338, 0.27619289360375643, 0.4061947854349959], [0.20452929025492736, 0.1788597416690228, 0.5064018526167713, 0.37885121386516435, 0.15955609096493875, 0.2894771347855721, 1.0, 0.20997547770221286, 0.19846809632506332, 0.4418654230403767, 0.13130669640064238, 0.2699960169862621, 0.15713678117759947, 0.6137065658648101, 0.2924390096334098, 0.3455249243925904, 0.29520118440111803, 0.3285705794412064, 0.2863590273270113, 0.21169313384556898], [0.14995612004964212, 0.11381764794431615, 0.38350672852357753, 0.2213772273295542, 0.21136063757241721, 0.3343094190714204, 0.20997547770221286, 1.0, 0.16942679501725103, 0.3321973596300724, 0.17332139568694221, 0.2554625253555878, 0.16351159579880564, 0.3872075198294767, 0.3202046198529332, 0.3050913090682097, 0.29790637052150554, 0.15931390883501234, 0.32149308651403385, 0.21366918793976858], [0.3333955339492665, 0.18867710225451623, 0.6068621203149903, 0.241625594580827, 0.22008622299494623, 0.25241216331503946, 0.19846809632506332, 0.16942679501725103, 1.0, 0.5010528380076029, 0.2090529200154437, 0.40743014408352063, 0.2144048080384288, 0.765469766707227, 0.16875091925260685, 0.615155952420174, 0.33921613724547595, 0.2536238806134668, 0.2651769837163857, 0.36112123031434656], [0.3910271544843717, 0.36143014628109355, 0.502479184929268, 0.31473369226908315, 0.33383750772486126, 0.3924151223644364, 0.4418654230403767, 0.3321973596300724, 0.5010528380076029, 1.0, 0.3925837076023867, 0.6121169881090899, 0.26492391400785487, 1.0, 0.3845315823583798, 0.359581464211801, 0.3680703134738377, 0.35044293564977985, 0.38947368843309754, 0.34524285893006695], [0.1342886284617682, 0.11546101391375863, 0.30272328906345913, 0.20872067663758992, 0.13661686978025195, 0.30669067561606733, 0.13130669640064238, 0.17332139568694221, 0.2090529200154437, 0.3925837076023867, 1.0, 0.2252234508728472, 0.1965245828792918, 0.4171116868132072, 0.2507002932416906, 0.3406428155471867, 0.2367640967022087, 0.14628109354229066, 0.2452229865919622, 0.20345753306287723], [0.23555925553972817, 0.2516403704682405, 0.367299200828185, 0.27791244210158367, 0.2478935129757351, 0.5594101372399994, 0.2699960169862621, 0.2554625253555878, 0.40743014408352063, 0.6121169881090899, 0.2252234508728472, 1.0, 0.23806568339695802, 0.923231853310402, 0.24302360850859078, 0.394331702460973, 0.30478361397531506, 0.3185433768020817, 0.19815749729650567, 0.3025326278101006], [0.18195002192427823, 0.1911105785388062, 0.6040865246554341, 0.24424998501377346, 0.14144401314071875, 0.1847547267046848, 0.15713678117759947, 0.16351159579880564, 0.2144048080384288, 0.26492391400785487, 0.1965245828792918, 0.23806568339695802, 1.0, 0.5008517252020158, 0.26489116842703014, 0.5381234254978562, 0.2179922891700414, 0.22684280923003655, 0.29139368436026236, 0.2023838311931909], [0.5012287833707773, 0.28939417640730697, 0.587385031399393, 0.5927766893881173, 0.41682631191049124, 0.954923697913183, 0.6137065658648101, 0.3872075198294767, 0.765469766707227, 1.0, 0.4171116868132072, 0.923231853310402, 0.5008517252020158, 1.0, 0.8275309443122635, 0.9355187626422578, 0.6937608253358393, 0.8370749730435414, 0.6896803248208137, 0.5071354669941027], [0.25056803336111055, 0.1992495427958231, 0.3306498671401471, 0.28392678063710114, 0.18294065640910548, 0.31621525757098323, 0.2924390096334098, 0.3202046198529332, 0.16875091925260685, 0.3845315823583798, 0.2507002932416906, 0.24302360850859078, 0.26489116842703014, 0.8275309443122635, 1.0, 0.6826485972220481, 0.2326120747807559, 0.21206451495091713, 0.42328062722080223, 0.2734803909607825], [0.46786963495052086, 0.28615237262618737, 0.4594619737996634, 0.6096630839890923, 0.6751253109282285, 0.5144728403617965, 0.3455249243925904, 0.3050913090682097, 0.615155952420174, 0.359581464211801, 0.3406428155471867, 0.394331702460973, 0.5381234254978562, 0.9355187626422578, 0.6826485972220481, 1.0, 0.45739683079635457, 0.5513874742982072, 0.32416659095795364, 0.5578694031588994], [0.2982382650782586, 0.3215359740683603, 0.4503217621758316, 0.31184165140559816, 0.24678997818141457, 0.3626876812310929, 0.29520118440111803, 0.29790637052150554, 0.33921613724547595, 0.3680703134738377, 0.2367640967022087, 0.30478361397531506, 0.2179922891700414, 0.6937608253358393, 0.2326120747807559, 0.45739683079635457, 1.0, 0.21407630140661585, 0.20950948759383745, 0.4390593229755675], [0.2052907231150366, 0.15823433805030737, 0.2219975358928628, 0.15514343863759827, 0.19366196943591146, 0.19406034057392338, 0.3285705794412064, 0.15931390883501234, 0.2536238806134668, 0.35044293564977985, 0.14628109354229066, 0.3185433768020817, 0.22684280923003655, 0.8370749730435414, 0.21206451495091713, 0.5513874742982072, 0.21407630140661585, 1.0, 0.2889257053088531, 0.2446961446425762], [0.20955153797752235, 0.17584962922322722, 0.40187393846108604, 0.18571129008850482, 0.21709110549621538, 0.27619289360375643, 0.2863590273270113, 0.32149308651403385, 0.2651769837163857, 0.38947368843309754, 0.2452229865919622, 0.19815749729650567, 0.29139368436026236, 0.6896803248208137, 0.42328062722080223, 0.32416659095795364, 0.20950948759383745, 0.2889257053088531, 1.0, 0.30846842055427637], [0.20601225956175756, 0.24778428400832628, 0.35497426999635706, 0.24058823550956598, 0.2244190388928725, 0.4061947854349959, 0.21169313384556898, 0.21366918793976858, 0.36112123031434656, 0.34524285893006695, 0.20345753306287723, 0.3025326278101006, 0.2023838311931909, 0.5071354669941027, 