{"model": "LSING", "dataset": "0.1_dim20_pair_gau", "N": 400, "seed": 123450, "metrics": {"TP": 10, "FP": 176, "FN": 0, "TN": 4, "TPR": 1.0, "FDR": 0.946236559139785, "FPR": 0.9777777777777777, "Hamming": 176}, "omega": [[1.0, 0.7703879358209964, 1.0, 0.44936853262052995, 0.2402918261419573, 0.39195760809724806, 0.32285945666411203, 0.40341076946836996, 0.23426022078946512, 0.21239130185591493, 0.3822279865301819, 0.5036576368898307, 0.30352941889389656, 0.3303349870475754, 0.81155055484042, 0.47567961163300004, 0.4036676493520673, 0.451617040725518, 0.41883875439672735, 0.2539395082013306], [0.7703879358209964, 1.0, 0.6693336408158261, 0.4767258614960451, 0.3382066034874049, 0.47859583263332967, 0.6231938608255672, 0.5481153846699849, 0.4382350581190009, 0.39736920038639567, 0.4844396844549908, 0.6229577294418067, 0.5662010845241446, 0.7658386484347686, 0.6949329143841992, 0.5784081310134762, 0.5334162934320346, 0.6986033807013589, 0.5026372047925994, 0.4873578017951155], [1.0, 0.6693336408158261, 1.0, 0.8251496418682841, 0.34752343213856934, 0.8125213960628977, 0.5578358105781563, 0.37024169941878565, 0.5276978225124689, 0.4522815542095851, 0.8735212125099184, 0.5904443162278611, 0.3883037691840461, 0.6639178638662369, 0.7574190692497315, 0.9791795874679102, 0.5767387057550819, 0.5082838584637236, 0.3997162016258815, 0.6520101954007594], [0.44936853262052995, 0.4767258614960451, 0.8251496418682841, 1.0, 0.36860057094023896, 0.48429088004849885, 0.49104608734990285, 0.2928305875922212, 0.3750480997584063, 0.37270507659485935, 0.5268828413518102, 0.6623229679400133, 0.7060434315207228, 0.4671255512336665, 0.33148887273362765, 0.29536429884594695, 0.32047943368640636, 0.38649971969131486, 0.255636679347565, 0.3047513927132624], [0.2402918261419573, 0.3382066034874049, 0.34752343213856934, 0.36860057094023896, 1.0, 0.2696715219533749, 0.3145251174231611, 0.17428352733525082, 0.21119935694799727, 0.27668979078244527, 0.33394089305908486, 0.30034756200517315, 0.31422419266405505, 0.29345205734116253, 0.4758195487969864, 0.30970900761190795, 0.17642233377220357, 0.3190236485861579, 0.23271205004014836, 0.21381002357754228], [0.39195760809724806, 0.47859583263332967, 0.8125213960628977, 0.48429088004849885, 0.2696715219533749, 1.0, 0.3720965422140176, 0.26637793463085774, 0.25586166576225033, 0.31591447766019554, 0.4602364136099735, 0.45596647084786496, 0.316400470351596, 0.37123739434606395, 0.41922196335241774, 0.5245135183919428, 0.44770089776116007, 0.5951358185046447, 0.3008202485357767, 0.3200270877837727], [0.32285945666411203, 0.6231938608255672, 0.5578358105781563, 0.49104608734990285, 0.3145251174231611, 0.3720965422140176, 1.0, 0.43152022484530156, 0.34539556938322746, 0.2630845327046893, 0.6844042451483842, 0.5369582535943638, 0.3690021076492563, 0.3079913475206247, 0.5111197233894953, 0.35454080047108893, 0.33644029009718857, 0.47053535028457705, 0.26105518956903784, 0.42933407347793356], [0.40341076946836996, 0.5481153846699849, 0.37024169941878565, 0.2928305875922212, 0.17428352733525082, 0.26637793463085774, 0.43152022484530156, 1.0, 0.19135292678223575, 0.20016459275954582, 0.815031546089225, 0.252779059484535, 0.4255770005807461, 0.23937917288777358, 0.3069995618077843, 0.3975668011118611, 0.2007668448526865, 0.34431790808167684, 0.27193068769989304, 0.2278572612535213], [0.23426022078946512, 0.4382350581190009, 0.5276978225124689, 0.3750480997584063, 0.21119935694799727, 0.25586166576225033, 0.34539556938322746, 0.19135292678223575, 1.0, 0.29621701610912055, 0.6333592697528103, 0.5146490236297288, 0.35257617125520513, 0.2759045683842696, 0.7790489222401735, 0.4115978245528881, 0.23672287227125974, 0.21368020375715552, 0.25144899959388667, 0.20807651966261764], [0.21239130185591493, 0.39736920038639567, 0.4522815542095851, 0.37270507659485935, 0.27668979078244527, 0.31591447766019554, 0.2630845327046893, 0.20016459275954582, 0.29621701610912055, 1.0, 0.5929830808563481, 0.2976329992618259, 0.21927582575904497, 0.32847942385510287, 0.4614221027153827, 0.36233586940706625, 0.1653131250041979, 0.28850709177053574, 0.3149085806367011, 0.22718905043655754], [0.3822279865301819, 0.4844396844549908, 0.8735212125099184, 0.5268828413518102, 0.33394089305908486, 0.4602364136099735, 0.6844042451483842, 0.815031546089225, 0.6333592697528103, 0.5929830808563481, 1.0, 0.7316568587760582, 0.6090550797296468, 0.45831941536458576, 0.4614673606126156, 0.5158778941932656, 0.6219151080501574, 0.34138685537345254, 0.30048408787634373, 0.5129688136008795], [0.5036576368898307, 0.6229577294418067, 0.5904443162278611, 0.6623229679400133, 0.30034756200517315, 0.45596647084786496, 0.5369582535943638, 0.252779059484535, 0.5146490236297288, 0.2976329992618259, 0.7316568587760582, 1.0, 0.42860832622841555, 0.3330925405556632, 0.35680818722141155, 0.45074977779453057, 0.4965834737101515, 0.2656087463683239, 0.4599091837575085, 0.38322413700277413], [0.30352941889389656, 0.5662010845241446, 0.3883037691840461, 0.7060434315207228, 0.31422419266405505, 0.316400470351596, 0.3690021076492563, 0.4255770005807461, 0.35257617125520513, 0.21927582575904497, 0.6090550797296468, 0.42860832622841555, 1.0, 0.4667288030474837, 0.6431908699057295, 0.33410573689825723, 0.3118737748347149, 0.2694797691584508, 0.47115942617647705, 0.23807266363044655], [0.3303349870475754, 0.7658386484347686, 0.6639178638662369, 0.4671255512336665, 0.29345205734116253, 0.37123739434606395, 0.3079913475206247, 0.23937917288777358, 0.2759045683842696, 0.32847942385510287, 0.45831941536458576, 0.3330925405556632, 0.4667288030474837, 1.0, 0.6765713447631984, 0.34087235402066307, 0.3121231964881567, 0.43514402425297827, 0.26398188811158735, 0.29431448937300714], [0.81155055484042, 0.6949329143841992, 0.7574190692497315, 0.33148887273362765, 0.4758195487969864, 0.41922196335241774, 0.5111197233894953, 0.3069995618077843, 0.7790489222401735, 0.4614221027153827, 0.4614673606126156, 0.35680818722141155, 0.6431908699057295, 0.6765713447631984, 1.0, 0.46889815220862247, 0.35636033850449306, 0.6036750683842378, 0.44414568440841923, 0.586984311845727], [0.47567961163300004, 0.5784081310134762, 0.9791795874679102, 0.29536429884594695, 0.30970900761190795, 0.5245135183919428, 0.35454080047108893, 0.3975668011118611, 0.4115978245528881, 0.36233586940706625, 0.5158778941932656, 0.45074977779453057, 0.33410573689825723, 0.34087235402066307, 0.46889815220862247, 1.0, 0.27739931849997274, 0.34226781644608845, 0.5251056743296381, 0.230537583939786], [0.4036676493520673, 0.5334162934320346, 0.5767387057550819, 0.32047943368640636, 0.17642233377220357, 0.44770089776116007, 0.33644029009718857, 0.2007668448526865, 0.23672287227125974, 0.1653131250041979, 0.6219151080501574, 0.4965834737101515, 0.3118737748347149, 0.3121231964881567, 0.35636033850449306, 0.27739931849997274, 1.0, 0.31176828431231396, 0.2284791759536995, 0.30844706233976593], [0.451617040725518, 0.6986033807013589, 0.5082838584637236, 0.38649971969131486, 0.3190236485861579, 0.5951358185046447, 0.47053535028457705, 0.34431790808167684, 0.21368020375715552, 0.28850709177053574, 0.34138685537345254, 0.2656087463683239, 0.2694797691584508, 0.43514402425297827, 0.6036750683842378, 0.34226781644608845, 0.31176828431231396, 1.0, 0.3837784614912608, 0.3894289184360523], [0.41883875439672735, 0.5026372047925994, 0.3997162016258815, 0.255636679347565, 0.23271205004014836, 0.3008202485357767, 0.26105518956903784, 0.27193068769989304, 0.25144899959388667, 0.3149085806367011, 0.30048408787634373, 0.4599091837575085, 0.47115942617647705, 0.26398188811158735, 0.44414568440841923, 0.5251056743296381, 0.2284791759536995, 0.3837784614912608, 1.0, 0.2760532032855284], [0.2539395082013306, 0.4873578017951155, 0.6520101954007594, 0.3047513927132624, 0.21381002357754228, 0.3200270877837727, 0.42933407347793356, 0.2278572612535213, 0.20807651966261764, 0.22718905043655754, 0.5129688136008795, 0.38322413700277413, 0.23807266363044655, 0.29431448937300714, 0.586984311845727, 