{"model": "LSING", "dataset": "0.1_dim20_pair_gau", "N": 400, "seed": 12340, "metrics": {"TP": 7, "FP": 132, "FN": 3, "TN": 48, "TPR": 0.7, "FDR": 0.9496402877697842, "FPR": 0.7333333333333333, "Hamming": 135}, "omega": [[1.0, 0.13155588716435096, 0.21099040795038346, 0.16917652180107248, 0.35513621569237025, 0.197467433304558, 0.7612571740783614, 0.28928841168850034, 0.137086994855344, 0.3729087549579883, 0.5761227911168149, 0.2132519785921684, 0.20782511279861055, 0.19461538814260124, 0.1823265032000632, 0.20154433520177564, 0.1397390294033864, 0.29932500338927237, 0.14495917090897406, 0.18941562759194028], [0.13155588716435096, 1.0, 0.1746175614002149, 0.19830418102916011, 0.36784197936066415, 0.21290843042671562, 0.5211715155951673, 0.22620393104410705, 0.18842803769624455, 0.3347183822119611, 0.4196211483060996, 0.18349745059891126, 0.6275277271628268, 0.14230222218256913, 0.26427044516804216, 0.2758022267324052, 0.17229174209737916, 0.2966760835238992, 0.16919289943348143, 0.14293749748070603], [0.21099040795038346, 0.1746175614002149, 1.0, 0.1996137384715864, 0.2621800043450934, 0.3074316648397416, 0.5361161540435139, 0.35614601269788143, 0.2330170972174127, 0.38329890979530645, 0.4133728105069363, 0.23541577610143177, 0.3867409762711122, 0.20794646989952895, 0.32523868333148376, 0.18477489704040986, 0.18973827494815498, 0.27067086479088776, 0.23786501859283382, 0.1698643868054471], [0.16917652180107248, 0.19830418102916011, 0.1996137384715864, 1.0, 0.274900768254031, 0.27769470969948973, 0.37460165830148506, 0.25629852817780985, 0.1606365862196415, 0.5377604710032907, 0.48548390811862074, 0.1509762268579522, 0.4002912588194839, 0.20094011342314663, 0.15505321317595544, 0.1474757056529082, 0.1501932551737856, 0.2565984930018901, 0.2005656850229564, 0.15198788556394613], [0.35513621569237025, 0.36784197936066415, 0.2621800043450934, 0.274900768254031, 1.0, 0.391411249654408, 0.37222693714778315, 0.412021491434827, 0.502833383725137, 0.5298244239605455, 0.47123693192897903, 0.31315033774357, 0.34890421109362346, 0.4582023892895154, 0.5774808816245701, 0.31551632356756054, 0.3301594465152913, 0.3565675745556392, 0.246620955862254, 0.396233311610236], [0.197467433304558, 0.21290843042671562, 0.3074316648397416, 0.27769470969948973, 0.391411249654408, 1.0, 0.36086841369469363, 0.32961464808333535, 0.3096008524828704, 0.33155665494918013, 0.45968380523545366, 0.2228119571965645, 0.3162282307230379, 0.2787735717940309, 0.28802840924722894, 0.20553024037850087, 0.18334141432790285, 0.42515980054940694, 0.16372703123697033, 0.2659741010537065], [0.7612571740783614, 0.5211715155951673, 0.5361161540435139, 0.37460165830148506, 0.37222693714778315, 0.36086841369469363, 1.0, 0.6147817703141826, 0.27602420008017664, 0.49098689924480543, 0.7249283596326889, 0.728862821448581, 0.4678815522704002, 0.416785027570229, 0.4142178181389308, 0.2822310872736039, 0.5828060914626522, 0.5080993301717186, 0.3904283251179172, 0.30724401964931997], [0.28928841168850034, 0.22620393104410705, 0.35614601269788143, 0.25629852817780985, 0.412021491434827, 0.32961464808333535, 0.6147817703141826, 1.0, 0.22154935548373608, 0.45017864682331515, 0.3887941253228162, 0.32461868819554285, 0.36366977972608705, 0.3253919470461647, 0.3895764660726903, 0.4321380049153869, 0.2545488096455955, 0.5583545439816653, 0.1905120003346973, 0.3406686968651132], [0.137086994855344, 0.18842803769624455, 0.2330170972174127, 0.1606365862196415, 0.502833383725137, 0.3096008524828704, 0.27602420008017664, 0.22154935548373608, 1.0, 0.36259961741566327, 0.3874931743573232, 0.18723432778767565, 0.28510072306136286, 0.22775987721414392, 0.21905179320056864, 0.21457638076326485, 0.13740639423291223, 0.31807964964272056, 0.12615233039402077, 0.15851433653331357], [0.3729087549579883, 0.3347183822119611, 0.38329890979530645, 0.5377604710032907, 0.5298244239605455, 0.33155665494918013, 0.49098689924480543, 0.45017864682331515, 0.36259961741566327, 1.0, 0.46560505247915945, 0.2615673004991099, 0.5606336208284668, 0.555802210381432, 0.4989052490249666, 0.2441897349869807, 0.29192566371266193, 0.44776550088256156, 0.2408247580180374, 0.25455366606236784], [0.5761227911168149, 0.4196211483060996, 0.4133728105069363, 0.48548390811862074, 0.47123693192897903, 0.45968380523545366, 0.7249283596326889, 0.3887941253228162, 0.3874931743573232, 0.46560505247915945, 1.0, 0.5436431557207683, 0.7263631219865778, 0.338468335736097, 0.5326597804661464, 0.3073706686005366, 0.276342137645194, 0.6044992653081188, 0.5048055243682463, 1.0], [0.2132519785921684, 0.18349745059891126, 0.23541577610143177, 0.1509762268579522, 0.31315033774357, 0.2228119571965645, 0.728862821448581, 0.32461868819554285, 0.18723432778767565, 0.2615673004991099, 0.5436431557207683, 1.0, 0.3181378822119966, 0.23266674207071994, 0.16649517991082463, 0.16408184735570283, 0.16223878165059663, 0.2710390549393411, 0.1551380338495004, 0.19079488550088824], [0.20782511279861055, 0.6275277271628268, 0.3867409762711122, 0.4002912588194839, 0.34890421109362346, 0.3162282307230379, 0.4678815522704002, 0.36366977972608705, 0.28510072306136286, 0.5606336208284668, 0.7263631219865778, 0.3181378822119966, 1.0, 0.32959899913560226, 0.29471337134958303, 0.46380897804924504, 0.27425284316764986, 0.34539991316922314, 0.2777206313238722, 0.33610059929160474], [0.19461538814260124, 0.14230222218256913, 0.20794646989952895, 0.20094011342314663, 0.4582023892895154, 0.2787735717940309, 0.416785027570229, 0.3253919470461647, 0.22775987721414392, 0.555802210381432, 0.338468335736097, 0.23266674207071994, 0.32959899913560226, 1.0, 0.3675936845005784, 0.19398252550165318, 0.17649233821831692, 0.27033662957104787, 0.17020634874877022, 0.32041974938792267], [0.1823265032000632, 0.26427044516804216, 0.32523868333148376, 0.15505321317595544, 0.5774808816245701, 0.28802840924722894, 0.4142178181389308, 0.3895764660726903, 0.21905179320056864, 0.4989052490249666, 0.5326597804661464, 0.16649517991082463, 0.29471337134958303, 0.3675936845005784, 1.0, 0.23024020432744857, 0.1770309072849344, 0.5268841501912246, 0.1970633865382153, 0.186744251797594], [0.20154433520177564, 0.2758022267324052, 0.18477489704040986, 0.1474757056529082, 0.31551632356756054, 0.20553024037850087, 0.2822310872736039, 0.4321380049153869, 0.21457638076326485, 0.2441897349869807, 0.3073706686005366, 0.16408184735570283, 0.46380897804924504, 0.19398252550165318, 0.23024020432744857, 1.0, 0.12602711215296036, 0.24065013140139713, 0.1489018215410707, 0.15952635958164543], [0.1397390294033864, 0.17229174209737916, 0.18973827494815498, 0.1501932551737856, 0.3301594465152913, 0.18334141432790285, 0.5828060914626522, 0.2545488096455955, 0.13740639423291223, 0.29192566371266193, 0.276342137645194, 0.16223878165059663, 0.27425284316764986, 0.17649233821831692, 0.1770309072849344, 0.12602711215296036, 1.0, 0.2003556283355541, 0.14510220637899807, 0.14331381424057443], [0.29932500338927237, 0.2966760835238992, 0.27067086479088776, 0.2565984930018901, 0.3565675745556392, 0.42515980054940694, 0.5080993301717186, 0.5583545439816653, 0.31807964964272056, 0.44776550088256156, 0.6044992653081188, 0.2710390549393411, 0.34539991316922314, 0.27033662957104787, 0.5268841501912246, 0.24065013140139713, 0.2003556283355541, 1.0, 0.3477908697729582, 0.2674458574844909], [0.14495917090897406, 0.16919289943348143, 0.23786501859283382, 0.2005656850229564, 0.246620955862254, 0.16372703123697033, 0.3904283251179172, 0.1905120003346973, 0.12615233039402077, 0.2408247580180374, 0.5048055243682463, 0.1551380338495004, 0.2777206313238722, 0.17020634874877022, 0.1970633865382153, 0.1489018215410707, 0.14510220637899807, 0.3477908697729582, 1.0, 0.17520967990410652], [0.18941562759194028, 0.14293749748070603, 0.1698643868054471, 0.15198788556394613, 0.396233311610236, 0.2659741010537065, 0.30724401964931997, 0.3406686968651132, 0.15851433653331357, 0.25455366606236784, 1.0, 0.19079488550088824, 0.33610059929160474, 0.32041974938792267, 0.186744251797594, 