{"model": "LSING", "dataset": "dim6_butterfly", "N": 200, "seed": 1234560, "metrics": {"TP": 3, "FP": 9, "FN": 0, "TN": 3, "TPR": 1.0, "FDR": 0.75, "FPR": 0.75, "Hamming": 9}, "omega": [[1.0, 0.8931334969047042, 0.0712360550632787, 0.3077017833031276, 0.04713908316297099, 0.2358319274319767], [0.8931334969047042, 1.0, 0.2990079138950797, 0.5541479520582546, 0.29894469393751444, 0.6124368230177554], [0.0712360550632787, 0.2990079138950797, 1.0, 0.9233398345502912, 0.047293529554345085, 0.22328919122541252], [0.3077017833031276, 0.5541479520582546, 0.9233398345502912, 1.0, 0.28862395312654227, 0.7630449293534982], [0.04713908316297099, 0.29894469393751444, 0.047293529554345085, 0.28862395312654227, 1.0, 1.0], [0.2358319274319767, 0.6124368230177554, 0.22328919122541252, 0.7630449293534982, 1.0, 1.0]], "meta_info": {"source": "pretrained"}}