{"model": "LSING", "dataset": "dim6_butterfly", "N": 200, "seed": 123450, "metrics": {"TP": 2, "FP": 4, "FN": 1, "TN": 8, "TPR": 0.6666666666666666, "FDR": 0.6666666666666666, "FPR": 0.3333333333333333, "Hamming": 5}, "omega": [[1.0, 1.0, 0.14369348984565364, 0.13454370043457425, 0.1222593186880652, 0.10554563501669045], [1.0, 1.0, 0.4677343136753562, 0.4438636073142297, 0.8195882900279552, 0.3811266997454373], [0.14369348984565364, 0.4677343136753562, 1.0, 0.3313318421142388, 0.0342443997826926, 0.08512054877887684], [0.13454370043457425, 0.4438636073142297, 0.3313318421142388, 1.0, 0.10484077679060023, 0.15454937015187759], [0.1222593186880652, 0.8195882900279552, 0.0342443997826926, 0.10484077679060023, 1.0, 0.051725916295066114], [0.10554563501669045, 0.3811266997454373, 0.08512054877887684, 0.15454937015187759, 0.051725916295066114, 1.0]], "meta_info": {"source": "pretrained"}}