{"model": "LSING", "dataset": "0.5_dim20_pair_gau", "N": 5000, "seed": 1234560, "metrics": {"TP": 10, "FP": 0, "FN": 0, "TN": 180, "TPR": 1.0, "FDR": 0.0, "FPR": 0.0, "Hamming": 0}, "omega": [[1.0, 0.7617011287537214, 0.08102446703903604, 0.05989499063755938, 0.06341191218683453, 0.06773823811706634, 0.07003167180017217, 0.06870329190639002, 0.059857891049065984, 0.05551302676519083, 0.06431870127149585, 0.07518163193378816, 0.07554893936820704, 0.06730710813288511, 0.0684334790054678, 0.06415848935051896, 0.053525311172512476, 0.06708489958243812, 0.055462546247037295, 0.06654657572125317], [0.7617011287537214, 1.0, 0.07695385461017691, 0.07339793433225482, 0.06870827543320257, 0.08993837651724824, 0.06850668971432648, 0.06411980180628273, 0.060626999336957546, 0.0680083233043479, 0.0759358651492241, 0.07835350259837152, 0.07958649531779122, 0.07418244167223473, 0.06412538710883067, 0.07201182057780502, 0.060489762435597186, 0.07767234966891626, 0.07677485950664531, 0.07738484501899744], [0.08102446703903604, 0.07695385461017691, 1.0, 0.7541430817866217, 0.06918828653919114, 0.06184356563810944, 0.05174583286548893, 0.10680895104018515, 0.0660866634672028, 0.07376832157709139, 0.07823845589123893, 0.07590242655379777, 0.0763709581584004, 0.06657143157605788, 0.07006423862162439, 0.07316234942838902, 0.06931937526031949, 0.05264147422626101, 0.0630196047460089, 0.051074727073882095], [0.05989499063755938, 0.07339793433225482, 0.7541430817866217, 1.0, 0.08403764738288602, 0.07154111983481014, 0.07199987887604438, 0.07623827690528788, 0.09030644818396988, 0.07506771327014435, 0.07786066428792422, 0.07940481624871733, 0.0863692697999227, 0.1016326500614516, 0.06898033298049902, 0.07592809926768057, 0.07655589093506265, 0.08601434567455317, 0.06921996099358327, 0.07312766151907855], [0.06341191218683453, 0.06870827543320257, 0.06918828653919114, 0.08403764738288602, 1.0, 0.78079598995321, 0.08715431942450068, 0.07230094750527669, 0.08298163622081103, 0.08464408630820444, 0.07011113594281353, 0.06679903551503748, 0.0848217634542319, 0.07501059262581543, 0.06179853999962585, 0.06095125578102839, 0.0770905149051292, 0.06686802235314503, 0.06862264022912253, 0.07065513663137311], [0.06773823811706634, 0.08993837651724824, 0.06184356563810944, 0.07154111983481014, 0.78079598995321, 1.0, 0.0627243593838739, 0.07301447047780682, 0.08076399882291752, 0.07434176580239285, 0.07249117956940351, 0.08351481867485742, 0.07987924662839928, 0.09203904061040763, 0.07213618908853464, 0.08605582243788237, 0.07299767109587031, 0.06663412608233141, 0.08077119267429429, 0.0759444822116557], [0.07003167180017217, 0.06850668971432648, 0.05174583286548893, 0.07199987887604438, 0.08715431942450068, 0.0627243593838739, 1.0, 0.7823057834940687, 0.07147961743940406, 0.07062544140135786, 0.06856117444364712, 0.0822380816645276, 0.07946979887565778, 0.06651153772948065, 0.06407006721546661, 0.06675642842009881, 0.061368284077539394, 0.07353734952449008, 0.06995337917531226, 0.06418149182758348], [0.06870329190639002, 0.06411980180628273, 0.10680895104018515, 0.07623827690528788, 0.07230094750527669, 0.07301447047780682, 0.7823057834940687, 1.0, 0.05561512499746934, 0.06362117912678945, 0.07646747566437231, 0.05908265746214909, 0.08306309789279463, 0.06255002518214081, 0.055775867762440944, 0.06419183413299795, 0.06291055291502363, 0.06310669748295378, 0.08696499116803727, 0.06579113666622576], [0.059857891049065984, 0.060626999336957546, 0.0660866634672028, 0.09030644818396988, 0.08298163622081103, 0.08076399882291752, 0.07147961743940406, 0.05561512499746934, 1.0, 0.7367886200812865, 0.08179337168418824, 0.07648778731153254, 0.08354057604920492, 0.08543799095976339, 0.06951238967917729, 0.05396970768032047, 0.061640094507803826, 0.05196873242837734, 0.06887961448498266, 0.06691550314510424], [0.05551302676519083, 0.0680083233043479, 0.07376832157709139, 0.07506771327014435, 0.08464408630820444, 0.07434176580239285, 0.07062544140135786, 0.06362117912678945, 0.7367886200812865, 1.0, 0.08034604612565707, 0.07867516431360609, 0.06898864343476127, 0.10041931916292272, 0.06676375269435361, 0.06417710778838567, 0.07379149795132658, 0.06394963656040475, 0.05928663655524276, 0.06618488562307155], [0.06431870127149585, 0.0759358651492241, 0.07823845589123893, 0.07786066428792422, 0.07011113594281353, 0.07249117956940351, 0.06856117444364712, 0.07646747566437231, 0.08179337168418824, 0.08034604612565707, 1.0, 1.0, 0.06719602216262695, 0.06398240016023435, 0.06617881981518355, 0.07206984731791805, 0.08041335119507444, 0.07288759647494693, 0.08117249014122024, 0.06799824870905147], [0.07518163193378816, 0.07835350259837152, 0.07590242655379777, 0.07940481624871733, 0.06679903551503748, 0.08351481867485742, 0.0822380816645276, 0.05908265746214909, 0.07648778731153254, 0.07867516431360609, 1.0, 1.0, 0.06795511305823874, 0.06984041465798654, 0.07563779166994478, 0.09504676607458769, 0.07457147023614467, 0.06370085148841151, 0.08365651969963894, 0.07594023088345657], [0.07554893936820704, 0.07958649531779122, 0.0763709581584004, 0.0863692697999227, 0.0848217634542319, 0.07987924662839928, 0.07946979887565778, 0.08306309789279463, 0.08354057604920492, 0.06898864343476127, 0.06719602216262695, 0.06795511305823874, 1.0, 0.8053448887942237, 0.07167951452522796, 0.08061446327297246, 0.059954236945987865, 0.07615717446824899, 0.08002063418064943, 0.06439321849725534], [0.06730710813288511, 0.07418244167223473, 0.06657143157605788, 0.1016326500614516, 0.07501059262581543, 0.09203904061040763, 0.06651153772948065, 0.06255002518214081, 0.08543799095976339, 0.10041931916292272, 0.06398240016023435, 0.06984041465798654, 0.8053448887942237, 1.0, 0.06233491895824392, 0.07073699643635274, 0.06783943025356075, 0.06971415844770672, 0.06889250118057874, 0.06749554402228841], [0.0684334790054678, 0.06412538710883067, 0.07006423862162439, 0.06898033298049902, 0.06179853999962585, 0.07213618908853464, 0.06407006721546661, 0.055775867762440944, 0.06951238967917729, 0.06676375269435361, 0.06617881981518355, 0.07563779166994478, 0.07167951452522796, 0.06233491895824392, 1.0, 0.7628279458098342, 0.07141867792168206, 0.07302026628745613, 0.07246963691332449, 0.05965373805880163], [0.06415848935051896, 0.07201182057780502, 0.07316234942838902, 0.07592809926768057, 0.06095125578102839, 0.08605582243788237, 0.06675642842009881, 0.06419183413299795, 0.05396970768032047, 0.06417710778838567, 0.07206984731791805, 0.09504676607458769, 0.08061446327297246, 0.07073699643635274, 0.7628279458098342, 1.0, 0.05575821491149568, 0.06346251397538341, 0.0717459363800679, 0.06438123332120202], [0.053525311172512476, 0.060489762435597186, 0.06931937526031949, 0.07655589093506265, 0.0770905149051292, 0.07299767109587031, 0.061368284077539394, 0.06291055291502363, 0.061640094507803826, 0.07379149795132658, 0.08041335119507444, 0.07457147023614467, 0.059954236945987865, 0.06783943025356075, 0.07141867792168206, 0.05575821491149568, 1.0, 0.7649609135905691, 0.07065941541702024, 0.05192536338925659], [0.06708489958243812, 0.07767234966891626, 0.05264147422626101, 0.08601434567455317, 0.06686802235314503, 0.06663412608233141, 0.07353734952449008, 0.06310669748295378, 0.05196873242837734, 0.06394963656040475, 0.07288759647494693, 0.06370085148841151, 0.07615717446824899, 0.06971415844770672, 0.07302026628745613, 0.06346251397538341, 0.7649609135905691, 1.0, 0.08523261382494222, 0.059192375136248435], [0.055462546247037295, 0.07677485950664531, 0.0630196047460089, 0.06921996099358327, 0.06862264022912253, 0.08077119267429429, 0.06995337917531226, 0.08696499116803727, 0.06887961448498266, 0.05928663655524276, 0.08117249014122024, 0.08365651969963894, 0.08002063418064943, 0.06889250118057874, 0.07246963691332449, 0.0717459363800679, 0.07065941541702024, 0.08523261382494222, 1.0, 0.8124061023921917], [0.06654657572125317, 0.07738484501899744, 0.051074727073882095, 0.07312766151907855, 0.07065513663137311, 0.0759444822116557, 0.06418149182758348, 