{"model": "LSING", "dataset": "0.5_dim20_pair_gau", "N": 5000, "seed": 120, "metrics": {"TP": 10, "FP": 0, "FN": 0, "TN": 180, "TPR": 1.0, "FDR": 0.0, "FPR": 0.0, "Hamming": 0}, "omega": [[1.0, 0.8332356501746345, 0.0797662990812064, 0.0683152903363635, 0.07328351641464356, 0.0746145683110947, 0.08007867922430383, 0.06819576138101804, 0.07659136911615828, 0.07404110313534205, 0.08395652762814824, 0.08544448405260315, 0.05930436251015595, 0.06483241011851493, 0.07824353340126873, 0.06588217178937585, 0.10017997795778205, 0.08705186792492903, 0.07445901461332836, 0.07756952377065598], [0.8332356501746345, 1.0, 0.08544234198461584, 0.0801466085467836, 0.09091142155856347, 0.08148808708279387, 0.06948749084350525, 0.07128955824363543, 0.10590041086061264, 0.09425651188668142, 0.07658773046361118, 0.07644360286361435, 0.07964752492503022, 0.08087883401539415, 0.08361300290967272, 0.09530689821892382, 0.09457422767907897, 0.08199187908971012, 0.07810078265906689, 0.08522799723982957], [0.0797662990812064, 0.08544234198461584, 1.0, 0.8846561926222494, 0.10160109040890751, 0.09086322633022682, 0.07060951021966842, 0.08782175787208683, 0.06751991680759721, 0.09081699097697457, 0.107476473170169, 0.09578887392709202, 0.09800147919815133, 0.09695700372423116, 0.07757892752720297, 0.10538356082806778, 0.11458870108328777, 0.09879881780751351, 0.0998746564882953, 0.08739943732584961], [0.0683152903363635, 0.0801466085467836, 0.8846561926222494, 1.0, 0.07930271184245541, 0.08988143302318202, 0.06682765144811084, 0.06369329844530111, 0.06847208294586976, 0.06491684091248869, 0.08673671324419555, 0.065488260322217, 0.07666114379246916, 0.07746451819242986, 0.07605591718822421, 0.08768621416057379, 0.0841082396584185, 0.09059573331289997, 0.08418110120305618, 0.0662540014766995], [0.07328351641464356, 0.09091142155856347, 0.10160109040890751, 0.07930271184245541, 1.0, 1.0, 0.07232339365202446, 0.07593298903386123, 0.07926025569056107, 0.08588755376772841, 0.08423010068292147, 0.10781768924428882, 0.0806621441876716, 0.06893472017876975, 0.0912534679117695, 0.0749692354269623, 0.10453117393446303, 0.111034330973085, 0.08792092286639618, 0.0749795163121991], [0.0746145683110947, 0.08148808708279387, 0.09086322633022682, 0.08988143302318202, 1.0, 1.0, 0.08364634941642052, 0.08590954445111212, 0.10494577210437175, 0.10228776504902967, 0.10598289219052505, 0.07943324785189362, 0.09903074416743257, 0.08493793572734114, 0.09383155735161898, 0.0640288951697434, 0.10455735245185839, 0.07812732816502388, 0.10210132965421662, 0.09261423286793284], [0.08007867922430383, 0.06948749084350525, 0.07060951021966842, 0.06682765144811084, 0.07232339365202446, 0.08364634941642052, 1.0, 0.8260200616249275, 0.08003632718263974, 0.07990291252533523, 0.06590941743663123, 0.07396126099976638, 0.07899610981713663, 0.07558268153388517, 0.06760376718703737, 0.06790811782862706, 0.07425320430466652, 0.07380540538233232, 0.07751596165995017, 0.06574886384505732], [0.06819576138101804, 0.07128955824363543, 0.08782175787208683, 0.06369329844530111, 0.07593298903386123, 0.08590954445111212, 0.8260200616249275, 1.0, 0.07504694850832944, 0.06740160333918988, 0.07678223179851255, 0.0662245252677611, 0.08854271601102902, 0.06967078991763215, 0.06849394088870991, 0.09950901615415976, 0.06991387168872207, 0.07346260943546852, 0.09735198752676154, 0.07323692968936422], [0.07659136911615828, 0.10590041086061264, 0.06751991680759721, 0.06847208294586976, 0.07926025569056107, 0.10494577210437175, 0.08003632718263974, 0.07504694850832944, 1.0, 0.870631128708979, 0.08489058118911373, 0.06940319799558656, 0.06945016732596206, 0.06756421310781115, 0.10889366326836994, 0.13414005053927017, 0.07914996651814996, 0.06284912584886276, 0.08257178608595923, 0.06703034886088832], [0.07404110313534205, 0.09425651188668142, 0.09081699097697457, 0.06491684091248869, 0.08588755376772841, 0.10228776504902967, 0.07990291252533523, 0.06740160333918988, 0.870631128708979, 1.0, 0.06815785484618546, 0.06911760801748719, 0.06794578490993007, 0.07059020558022505, 0.07413389398080457, 0.08318531808382205, 0.08683439206496811, 0.0836887483076882, 0.08088288390335073, 0.07379437750619351], [0.08395652762814824, 0.07658773046361118, 0.107476473170169, 0.08673671324419555, 0.08423010068292147, 0.10598289219052505, 0.06590941743663123, 0.07678223179851255, 0.08489058118911373, 0.06815785484618546, 1.0, 0.8612224373370935, 0.06610752358825486, 0.06779584795908551, 0.07204449015346265, 0.08175469776591938, 0.0733018554317014, 0.10680016790897934, 0.08700262638877841, 0.08056333837365662], [0.08544448405260315, 0.07644360286361435, 0.09578887392709202, 0.065488260322217, 0.10781768924428882, 0.07943324785189362, 0.07396126099976638, 0.0662245252677611, 0.06940319799558656, 0.06911760801748719, 0.8612224373370935, 1.0, 0.07565070976108368, 0.08343470112659762, 0.07024078041445034, 0.06702902145545268, 0.07752112292461462, 0.0726389491571444, 0.07229436511707611, 0.06600678913222457], [0.05930436251015595, 0.07964752492503022, 0.09800147919815133, 0.07666114379246916, 0.0806621441876716, 0.09903074416743257, 0.07899610981713663, 0.08854271601102902, 0.06945016732596206, 0.06794578490993007, 0.06610752358825486, 0.07565070976108368, 1.0, 0.9522112804683794, 0.07729970128692738, 0.07550907299834549, 0.0831971033618859, 0.08549584423193927, 0.08589009666010217, 0.07760196191564489], [0.06483241011851493, 0.08087883401539415, 0.09695700372423116, 0.07746451819242986, 0.06893472017876975, 0.08493793572734114, 0.07558268153388517, 0.06967078991763215, 0.06756421310781115, 0.07059020558022505, 0.06779584795908551, 0.08343470112659762, 0.9522112804683794, 1.0, 0.08074979979602724, 0.07876337660293316, 0.07551002560695223, 0.07529130042422837, 0.1088976246626308, 0.07692351979197944], [0.07824353340126873, 0.08361300290967272, 0.07757892752720297, 0.07605591718822421, 0.0912534679117695, 0.09383155735161898, 0.06760376718703737, 0.06849394088870991, 0.10889366326836994, 0.07413389398080457, 0.07204449015346265, 0.07024078041445034, 0.07729970128692738, 0.08074979979602724, 1.0, 0.8696634865849804, 0.0814832537653547, 0.07828857408962892, 0.06585828109429014, 0.08749227502091575], [0.06588217178937585, 0.09530689821892382, 0.10538356082806778, 0.08768621416057379, 0.0749692354269623, 0.0640288951697434, 0.06790811782862706, 0.09950901615415976, 0.13414005053927017, 0.08318531808382205, 0.08175469776591938, 0.06702902145545268, 0.07550907299834549, 0.07876337660293316, 0.8696634865849804, 1.0, 0.07025912723977544, 0.08626574979563162, 0.08204114405066254, 0.0758731178432025], [0.10017997795778205, 0.09457422767907897, 0.11458870108328777, 0.0841082396584185, 0.10453117393446303, 0.10455735245185839, 0.07425320430466652, 0.06991387168872207, 0.07914996651814996, 0.08683439206496811, 0.0733018554317014, 0.07752112292461462, 0.0831971033618859, 0.07551002560695223, 0.0814832537653547, 0.07025912723977544, 1.0, 0.9551108753130074, 0.0851484466128986, 0.08579214194721944], [0.08705186792492903, 0.08199187908971012, 0.09879881780751351, 0.09059573331289997, 0.111034330973085, 0.07812732816502388, 0.07380540538233232, 0.07346260943546852, 0.06284912584886276, 0.0836887483076882, 0.10680016790897934, 0.0726389491571444, 0.08549584423193927, 0.07529130042422837, 0.07828857408962892, 0.08626574979563162, 0.9551108753130074, 1.0, 0.08499628951139403, 0.09810327818128589], [0.07445901461332836, 0.07810078265906689, 0.0998746564882953, 0.08418110120305618, 0.08792092286639618, 0.10210132965421662, 0.07751596165995017, 0.09735198752676154, 0.08257178608595923, 0.08088288390335073, 0.08700262638877841, 0.07229436511707611, 0.08589009666010217, 0.1088976246626308, 0.06585828109429014, 0.08204114405066254, 0.0851484466128986, 0.08499628951139403, 1.0, 0.9330034010730017], [0.07756952377065598, 0.08522799723982957, 0.08739943732584961, 0.0662540014766995, 0.0749795163121991, 0.09261423286793284, 0.06574886384505732, 0.07323692968936422, 0.06703034886088832, 