{"model": "LSING", "dataset": "dim20_butterfly", "N": 10000, "seed": 120, "metrics": {"TP": 10, "FP": 0, "FN": 0, "TN": 180, "TPR": 1.0, "FDR": 0.0, "FPR": 0.0, "Hamming": 0}, "omega": [[1.0, 0.5837832031709037, 0.009039968424507104, 0.02263593997667698, 0.006721943316448858, 0.026553986207767034, 0.017476864815813477, 0.02984944512912228, 0.005756086415425295, 0.03544796775300506, 0.006769779649300067, 0.01874392564757841, 0.007072380639239859, 0.030933463622806412, 0.007197302266009308, 0.026853722669849173, 0.007950213374443451, 0.027257410595266766, 0.0063741839727378905, 0.021942717944244898], [0.5837832031709037, 1.0, 0.02640419141064816, 0.03980682632604378, 0.021858853985535706, 0.046388368822405046, 0.029793623492369883, 0.04355735199678734, 0.021091025507728477, 0.05431368579863571, 0.027036071559425872, 0.034471836151797754, 0.027139659603482486, 0.04538119608529824, 0.024943572067622488, 0.042417676880963436, 0.024769625857616752, 0.03986156665736533, 0.02113507690863634, 0.04001314975800612], [0.009039968424507104, 0.02640419141064816, 1.0, 0.5297456308553548, 0.010423725315928655, 0.03331202586583632, 0.018962320793695163, 0.0326645104615335, 0.009015113158969015, 0.04256019869532421, 0.009510111025044565, 0.0242418955768407, 0.009819348409112218, 0.03126320879065302, 0.012692989815739438, 0.03198806668906942, 0.009441573100929477, 0.030748599833107026, 0.008991605835376615, 0.02642237060112514], [0.02263593997667698, 0.03980682632604378, 0.5297456308553548, 1.0, 0.02038636351063403, 0.042807844980120184, 0.030015681866104243, 0.044328100894498436, 0.020748947554221547, 0.04832773378586063, 0.021721344550522784, 0.031327261559527184, 0.02177662952684877, 0.043189941396758864, 0.026763662436631436, 0.04136926791159678, 0.023529437486148694, 0.03667781633788059, 0.02071145391144579, 0.03829548991119628], [0.006721943316448858, 0.021858853985535706, 0.010423725315928655, 0.02038636351063403, 1.0, 0.8373992772580632, 0.01703253974344523, 0.033499654739103345, 0.007793175113309485, 0.03220118911020315, 0.009601412497210672, 0.021810954743887896, 0.008465792821155513, 0.03255051681860483, 0.009832545222898196, 0.025301741849343716, 0.00741794253029408, 0.02403635898874973, 0.007794479019097551, 0.02278003983400486], [0.026553986207767034, 0.046388368822405046, 0.03331202586583632, 0.042807844980120184, 0.8373992772580632, 1.0, 0.03650295117553062, 0.05049487988788623, 0.02835173500157603, 0.05651315927949444, 0.03128408773633194, 0.047486563813403805, 0.03534790986026555, 0.05757711930338151, 0.029078453306673527, 0.054790168638043174, 0.032329826953153507, 0.0467845848764845, 0.03262060858999603, 0.04982803115864566], [0.017476864815813477, 0.029793623492369883, 0.018962320793695163, 0.030015681866104243, 0.01703253974344523, 0.03650295117553062, 1.0, 0.924090912819685, 0.015148205701560119, 0.044478211929298704, 0.01566465667706205, 0.03193914445360607, 0.01558250819284486, 0.042292368365094875, 0.015946782305448826, 0.036427472233537955, 0.017221613825335765, 0.03471476476076228, 0.016167538951007313, 0.029375430976067686], [0.02984944512912228, 0.04355735199678734, 0.0326645104615335, 0.044328100894498436, 0.033499654739103345, 0.05049487988788623, 0.924090912819685, 1.0, 0.03235242330897971, 0.06349674221667302, 0.03247946617197925, 0.04280575834372822, 0.039020695259735456, 0.05071966172859971, 0.032241344762902885, 0.04772646892882079, 0.03290956562978014, 0.03983500559561164, 0.033338323436515, 0.047499346880873664], [0.005756086415425295, 0.021091025507728477, 0.009015113158969015, 0.020748947554221547, 0.007793175113309485, 0.02835173500157603, 0.015148205701560119, 0.03235242330897971, 1.0, 1.0, 0.006787665104088294, 0.021514156848477878, 0.006928357482252451, 0.029477740761768696, 0.008180788873367213, 0.029185230584761034, 0.007807731966886652, 0.023100794608946085, 0.005898361433737853, 0.023424853789407372], [0.03544796775300506, 0.05431368579863571, 0.04256019869532421, 0.04832773378586063, 0.03220118911020315, 0.05651315927949444, 0.044478211929298704, 0.06349674221667302, 1.0, 1.0, 0.040997464825823914, 0.06166766024497413, 0.04011831366741765, 0.06538456745481272, 0.03987067149588915, 0.05725153821395624, 0.032743345829781875, 0.06042946801801369, 0.033406972902765605, 0.051694175121992834], [0.006769779649300067, 0.027036071559425872, 0.009510111025044565, 0.021721344550522784, 0.009601412497210672, 0.03128408773633194, 0.01566465667706205, 0.03247946617197925, 0.006787665104088294, 0.040997464825823914, 1.0, 0.5618728784177716, 0.0093273353234786, 0.027982614250107576, 0.008517642251316213, 0.030018248786962583, 0.006471674944619064, 0.026393888885419766, 0.006543405974075606, 0.02411155871246823], [0.01874392564757841, 0.034471836151797754, 0.0242418955768407, 0.031327261559527184, 0.021810954743887896, 0.047486563813403805, 0.03193914445360607, 0.04280575834372822, 0.021514156848477878, 0.06166766024497413, 0.5618728784177716, 1.0, 0.022119643611640545, 0.04054226500013509, 0.021854923395532532, 0.04170807339789577, 0.020709185323457502, 0.03804027763382417, 0.024575486649771983, 0.03758858666724437], [0.007072380639239859, 0.027139659603482486, 0.009819348409112218, 0.02177662952684877, 0.008465792821155513, 0.03534790986026555, 0.01558250819284486, 0.039020695259735456, 0.006928357482252451, 0.04011831366741765, 0.0093273353234786, 0.022119643611640545, 1.0, 0.8682304177875385, 0.00907504975689002, 0.028957509451504704, 0.009385340621343875, 0.02461631760420756, 0.0073414430140549825, 0.02462835399265311], [0.030933463622806412, 0.04538119608529824, 0.03126320879065302, 0.043189941396758864, 0.03255051681860483, 0.05757711930338151, 0.042292368365094875, 0.05071966172859971, 0.029477740761768696, 0.06538456745481272, 0.027982614250107576, 0.04054226500013509, 0.8682304177875385, 1.0, 0.030055224883907817, 0.05321008742592252, 0.03918398496155345, 0.04408115967213824, 0.028335854159787267, 0.046887083630532234], [0.007197302266009308, 0.024943572067622488, 0.012692989815739438, 0.026763662436631436, 0.009832545222898196, 0.029078453306673527, 0.015946782305448826, 0.032241344762902885, 0.008180788873367213, 0.03987067149588915, 0.008517642251316213, 0.021854923395532532, 0.00907504975689002, 0.030055224883907817, 1.0, 0.7387472586911183, 0.010565477707315581, 0.027285018604570083, 0.006538215030528168, 0.022802580539741758], [0.026853722669849173, 0.042417676880963436, 0.03198806668906942, 0.04136926791159678, 0.025301741849343716, 0.054790168638043174, 0.036427472233537955, 0.04772646892882079, 0.029185230584761034, 0.05725153821395624, 0.030018248786962583, 0.04170807339789577, 0.028957509451504704, 0.05321008742592252, 0.7387472586911183, 1.0, 0.024663603243131577, 0.05508023626004425, 0.02749581364218639, 0.03993400081360237], [0.007950213374443451, 0.024769625857616752, 0.009441573100929477, 0.023529437486148694, 0.00741794253029408, 0.032329826953153507, 0.017221613825335765, 0.03290956562978014, 0.007807731966886652, 0.032743345829781875, 0.006471674944619064, 0.020709185323457502, 0.009385340621343875, 0.03918398496155345, 0.010565477707315581, 0.024663603243131577, 1.0, 0.6030059518651233, 0.006630332139437933, 0.025474471983919722], [0.027257410595266766, 0.03986156665736533, 0.030748599833107026, 0.03667781633788059, 0.02403635898874973, 0.0467845848764845, 0.03471476476076228, 0.03983500559561164, 0.023100794608946085, 0.06042946801801369, 0.026393888885419766, 0.03804027763382417, 0.02461631760420756, 0.04408115967213824, 0.027285018604570083, 0.05508023626004425, 0.6030059518651233, 1.0, 0.02344849007603281, 0.040893272857319904], [0.0063741839727378905, 0.02113507690863634, 0.008991605835376615, 0.02071145391144579, 0.007794479019097551, 0.03262060858999603, 0.016167538951007313, 0.033338323436515, 0.005898361433737853, 0.033406972902765605, 0.006543405974075606, 0.024575486649771983, 0.0073414430140549825, 0.028335854159787267, 0.006538215030528168, 0.02749581364218639, 0.006630332139437933, 