{"model": "LSING", "dataset": "dim20_butterfly", "N": 10000, "seed": 1230, "metrics": {"TP": 10, "FP": 0, "FN": 0, "TN": 180, "TPR": 1.0, "FDR": 0.0, "FPR": 0.0, "Hamming": 0}, "omega": [[1.0, 0.26508662842512165, 0.007005163861662283, 0.02136990913238934, 0.009060240560212223, 0.03327156489449667, 0.005468803045554596, 0.019257426113038975, 0.007380641178465887, 0.02298481670539395, 0.0068980985469949616, 0.02171666445178969, 0.006316398374733804, 0.03680700531779322, 0.008555126988472602, 0.016597708210252356, 0.006058296196780188, 0.03377623324812909, 0.007169523804782583, 0.031657469971964475], [0.26508662842512165, 1.0, 0.011914067574217695, 0.02553104720514668, 0.014929612475457956, 0.04084929276033287, 0.01144944535938206, 0.03075213258010709, 0.012362099486444613, 0.027012336823995762, 0.013258161094780448, 0.030312020408794486, 0.013655025280002698, 0.0373502737932242, 0.014077865249196459, 0.023681343924022994, 0.011497746094523717, 0.040147231895045446, 0.012221145738469079, 0.03669157349282178], [0.007005163861662283, 0.011914067574217695, 1.0, 0.5587338446282787, 0.008209555962534103, 0.029964744523274776, 0.006273219753137007, 0.02179835011822883, 0.006985562962743833, 0.02152917333376904, 0.007031328902111419, 0.019100948015215106, 0.005970556760786901, 0.03759317583939361, 0.007259376309293598, 0.020384147931684832, 0.005628362212240756, 0.034483088241496644, 0.006929431353019858, 0.026193117112975634], [0.02136990913238934, 0.02553104720514668, 0.5587338446282787, 1.0, 0.023465185989937413, 0.04841747314658011, 0.022522998766281787, 0.04127969212965334, 0.022599612403442985, 0.03277098151118278, 0.022860612155688083, 0.038124482596281026, 0.024385112751456838, 0.05122935813283555, 0.023596208648297333, 0.03390925772588289, 0.01907724508186948, 0.04703185688779386, 0.02663209972894111, 0.043705220875818844], [0.009060240560212223, 0.014929612475457956, 0.008209555962534103, 0.023465185989937413, 1.0, 0.7343872261568245, 0.0089385136304359, 0.024068435028843378, 0.01001972325522574, 0.021847199564188517, 0.009674123641364978, 0.027145935054701042, 0.008039063577670485, 0.03625246965520143, 0.008877061786217421, 0.020500479278954487, 0.007950016632054272, 0.035518585778586416, 0.009601795533201769, 0.029818465222121525], [0.03327156489449667, 0.04084929276033287, 0.029964744523274776, 0.04841747314658011, 0.7343872261568245, 1.0, 0.03353546886938726, 0.04954423263923206, 0.03238142874248249, 0.0437388154518796, 0.03378133763272991, 0.0476832342478607, 0.029225213756371327, 0.062293165939196676, 0.032172855693880675, 0.04640264248067101, 0.031307503719186745, 0.0569796099379142, 0.029179271192398746, 0.05105249241420148], [0.005468803045554596, 0.01144944535938206, 0.006273219753137007, 0.022522998766281787, 0.0089385136304359, 0.03353546886938726, 1.0, 0.4862520353847172, 0.006875715755144887, 0.021998860043081405, 0.0069213972604164845, 0.02954523227687726, 0.00550945462779034, 0.0342296257281982, 0.007784009005197286, 0.014339584353345968, 0.005685420824126205, 0.03487269020801664, 0.005752694188731907, 0.023905101148359375], [0.019257426113038975, 0.03075213258010709, 0.02179835011822883, 0.04127969212965334, 0.024068435028843378, 0.04954423263923206, 0.4862520353847172, 1.0, 0.02263039428253185, 0.03341655086918222, 0.022564103987873146, 0.036170706867855715, 0.021473286826696414, 0.04551230022968237, 0.02294802072526323, 0.03498447208663392, 0.019784736765939854, 0.05346523327303117, 0.022785565313956393, 0.043988231555312785], [0.007380641178465887, 0.012362099486444613, 0.006985562962743833, 0.022599612403442985, 0.01001972325522574, 0.03238142874248249, 0.006875715755144887, 0.02263039428253185, 1.0, 0.4800508656169338, 0.0068939734649405325, 0.02877140043549307, 0.006842404398965165, 0.04138058001538184, 0.009104623863556515, 0.02007965752842784, 0.005730489572769431, 0.030462865799485154, 0.006239556477418096, 0.025613868853675163], [0.02298481670539395, 0.027012336823995762, 0.02152917333376904, 0.03277098151118278, 0.021847199564188517, 0.0437388154518796, 0.021998860043081405, 0.03341655086918222, 0.4800508656169338, 1.0, 0.021547392926335, 0.036590203823039, 0.025189976006817247, 0.05366479381293041, 0.021464543797943252, 0.036311481775108255, 0.019715217365736126, 0.04472930496195948, 0.01853564755941424, 0.03982551981716012], [0.0068980985469949616, 0.013258161094780448, 0.007031328902111419, 0.022860612155688083, 0.009674123641364978, 0.03378133763272991, 0.0069213972604164845, 0.022564103987873146, 0.0068939734649405325, 0.021547392926335, 1.0, 0.5618109333426347, 0.005455616478589696, 0.03925543720031636, 0.009278486742293875, 0.01620611927232911, 0.006816240688186832, 0.03384109326022739, 0.008268183807578863, 0.024673404218544793], [0.02171666445178969, 0.030312020408794486, 0.019100948015215106, 0.038124482596281026, 0.027145935054701042, 0.0476832342478607, 0.02954523227687726, 0.036170706867855715, 0.02877140043549307, 0.036590203823039, 0.5618109333426347, 1.0, 0.02157328760038753, 0.04131080997223176, 0.02897503552995624, 0.03427174548861223, 0.02186005703762968, 0.04795055835766835, 0.023768306610655543, 0.04842366941252197], [0.006316398374733804, 0.013655025280002698, 0.005970556760786901, 0.024385112751456838, 0.008039063577670485, 0.029225213756371327, 0.00550945462779034, 0.021473286826696414, 0.006842404398965165, 0.025189976006817247, 0.005455616478589696, 0.02157328760038753, 1.0, 0.924659267335857, 0.007619927406498409, 0.0210259729367031, 0.0058129446753798966, 0.039912215018349476, 0.006320566006253928, 0.033315580765475736], [0.03680700531779322, 0.0373502737932242, 0.03759317583939361, 0.05122935813283555, 0.03625246965520143, 0.062293165939196676, 0.0342296257281982, 0.04551230022968237, 0.04138058001538184, 0.05366479381293041, 0.03925543720031636, 0.04131080997223176, 0.924659267335857, 1.0, 0.03332357895696743, 0.05151329603610277, 0.03222687489992233, 0.06018272307808168, 0.03511836927165807, 0.05169621264333758], [0.008555126988472602, 0.014077865249196459, 0.007259376309293598, 0.023596208648297333, 0.008877061786217421, 0.032172855693880675, 0.007784009005197286, 0.02294802072526323, 0.009104623863556515, 0.021464543797943252, 0.009278486742293875, 0.02897503552995624, 0.007619927406498409, 0.03332357895696743, 1.0, 0.48433571736925884, 0.008617787060227382, 0.03413466972553357, 0.008907615626763576, 0.032866337523147306], [0.016597708210252356, 0.023681343924022994, 0.020384147931684832, 0.03390925772588289, 0.020500479278954487, 0.04640264248067101, 0.014339584353345968, 0.03498447208663392, 0.02007965752842784, 0.036311481775108255, 0.01620611927232911, 0.03427174548861223, 0.0210259729367031, 0.05151329603610277, 0.48433571736925884, 1.0, 0.01640048678290734, 0.05092663286756951, 0.016408426912107303, 0.04071950891193772], [0.006058296196780188, 0.011497746094523717, 0.005628362212240756, 0.01907724508186948, 0.007950016632054272, 0.031307503719186745, 0.005685420824126205, 0.019784736765939854, 0.005730489572769431, 0.019715217365736126, 0.006816240688186832, 0.02186005703762968, 0.0058129446753798966, 0.03222687489992233, 0.008617787060227382, 0.01640048678290734, 1.0, 1.0, 0.006375241183225045, 0.026572400169229154], [0.03377623324812909, 0.040147231895045446, 0.034483088241496644, 0.04703185688779386, 0.035518585778586416, 0.0569796099379142, 0.03487269020801664, 0.05346523327303117, 0.030462865799485154, 0.04472930496195948, 0.03384109326022739, 0.04795055835766835, 0.039912215018349476, 0.06018272307808168, 0.03413466972553357, 0.05092663286756951, 1.0, 1.0, 0.03447873711540571, 0.06222877796023343], [0.007169523804782583, 0.012221145738469079, 0.006929431353019858, 0.02663209972894111, 0.009601795533201769, 0.029179271192398746, 0.005752694188731907, 0.022785565313956393, 0.006239556477418096, 0.01853564755941424, 0.008268183807578863, 0.023768306610655543, 0.006320566006253928, 0.03511836927165807, 0.008907615626763576, 0.016408426912107303, 0.006375241183225045, 