{"model": "LSING", "dataset": "dim5_cop_gau", "N": 5000, "seed": 123450, "metrics": {"TP": 4, "FP": 0, "FN": 0, "TN": 6, "TPR": 1.0, "FDR": 0.0, "FPR": 0.0, "Hamming": 0}, "omega": [[1.0, 1.0, 0.09725508668417669, 0.11399460765295935, 0.08403017993647573], [1.0, 1.0, 0.7512638076855369, 0.11023298470933776, 0.07738113790510845], [0.09725508668417669, 0.7512638076855369, 1.0, 0.7388188437513974, 0.09641170347185864], [0.11399460765295935, 0.11023298470933776, 0.7388188437513974, 1.0, 0.822759710202571], [0.08403017993647573, 0.07738113790510845, 0.09641170347185864, 0.822759710202571, 1.0]], "meta_info": {"source": "pretrained"}}