{"model": "LSING", "dataset": "dim5_cop_gau", "N": 5000, "seed": 12340, "metrics": {"TP": 4, "FP": 0, "FN": 0, "TN": 6, "TPR": 1.0, "FDR": 0.0, "FPR": 0.0, "Hamming": 0}, "omega": [[1.0, 1.0, 0.12233273124956644, 0.10231228545182033, 0.09056441937192695], [1.0, 1.0, 0.6406828807106866, 0.07680796584676766, 0.07117293608067117], [0.12233273124956644, 0.6406828807106866, 1.0, 0.7121656043926013, 0.09165926543327958], [0.10231228545182033, 0.07680796584676766, 0.7121656043926013, 1.0, 0.7323514217725542], [0.09056441937192695, 0.07117293608067117, 0.09165926543327958, 0.7323514217725542, 1.0]], "meta_info": {"source": "pretrained"}}