{"model": "LSING", "dataset": "dim5_cop_gau", "N": 5000, "seed": 1234560, "metrics": {"TP": 4, "FP": 0, "FN": 0, "TN": 6, "TPR": 1.0, "FDR": 0.0, "FPR": 0.0, "Hamming": 0}, "omega": [[1.0, 1.0, 0.07191575473698193, 0.055798490934464755, 0.05635634621528276], [1.0, 1.0, 0.7006599574516177, 0.10801925754794364, 0.10010199055102975], [0.07191575473698193, 0.7006599574516177, 1.0, 0.44399134745023466, 0.06946165984412879], [0.055798490934464755, 0.10801925754794364, 0.44399134745023466, 1.0, 0.45419305687901057], [0.05635634621528276, 0.10010199055102975, 0.06946165984412879, 0.45419305687901057, 1.0]], "meta_info": {"source": "pretrained"}}