{"model": "LSING", "dataset": "0.3_dim20_pair_gau", "N": 50000, "seed": 1234560, "metrics": {"TP": 10, "FP": 0, "FN": 0, "TN": 180, "TPR": 1.0, "FDR": 0.0, "FPR": 0.0, "Hamming": 0}, "omega": [[1.0, 0.9429011779546436, 0.07039145024864298, 0.060801184628732796, 0.06565396018795296, 0.06026699229739388, 0.06373790542329416, 0.06631693260628486, 0.0576995701842358, 0.06303005693749472, 0.07882757357962343, 0.0684213287316004, 0.07376047577858112, 0.06454403650240599, 0.0641695913689441, 0.06570151583593409, 0.06552769945913357, 0.06114425104564414, 0.059704122929651125, 0.056335710664531545], [0.9429011779546436, 1.0, 0.06731959572257182, 0.055185753493620496, 0.06488630457007152, 0.059225127194438315, 0.0518081671183095, 0.0600689989219799, 0.049649079925975066, 0.059936406648276826, 0.07441310556862135, 0.06213257702495623, 0.05677582485775571, 0.06526846523794012, 0.06981498960654255, 0.06666527254814515, 0.061471074232225593, 0.06071122254728327, 0.05715735292362676, 0.06866064289600664], [0.07039145024864298, 0.06731959572257182, 1.0, 0.9121356157245077, 0.06261231033542382, 0.06676699439685903, 0.05742012170488946, 0.0677291626979409, 0.055732657257674206, 0.060864676874634524, 0.06540933934914812, 0.058792927432318766, 0.06091009162065891, 0.0675076415006358, 0.07199513498676895, 0.06061074380293138, 0.06991084400266787, 0.058401531880267726, 0.05799887104024299, 0.07295480050440202], [0.060801184628732796, 0.055185753493620496, 0.9121356157245077, 1.0, 0.05777130559328454, 0.06811934553262547, 0.05772458696890714, 0.05848148835283037, 0.05654464888323924, 0.06374786959536898, 0.05671495694328483, 0.06253988707529477, 0.05099058566679676, 0.04797390701844568, 0.06001670290269841, 0.06266046543595283, 0.05674361188005557, 0.053173653723500885, 0.0651677793095279, 0.06972711870287529], [0.06565396018795296, 0.06488630457007152, 0.06261231033542382, 0.05777130559328454, 1.0, 0.9297088461737358, 0.0647965330979575, 0.05972314518884358, 0.05238722584852646, 0.05322885031962699, 0.06367013966084135, 0.06326666942175425, 0.0679779769421268, 0.056889046803044976, 0.06497131357125209, 0.05880017887443033, 0.0626211750507518, 0.05243722212473829, 0.054264469513777135, 0.06298107033827025], [0.06026699229739388, 0.059225127194438315, 0.06676699439685903, 0.06811934553262547, 0.9297088461737358, 1.0, 0.05766862517298488, 0.064931059089557, 0.06206586099507576, 0.05610011200094056, 0.06643256341158224, 0.06913308056509646, 0.06810223489169633, 0.05910063167381295, 0.07043337877754553, 0.05815184746302842, 0.0906015564329601, 0.04727330030616832, 0.05067505263027623, 0.0645965756176516], [0.06373790542329416, 0.0518081671183095, 0.05742012170488946, 0.05772458696890714, 0.0647965330979575, 0.05766862517298488, 1.0, 0.8921903874551874, 0.0612129643298662, 0.05719147475713608, 0.05686454107238911, 0.060934765861017176, 0.04491156914687902, 0.05592153867811486, 0.05789695996342069, 0.06162773024392249, 0.06029715829657796, 0.05673322229004354, 0.04638103866949601, 0.056938375946582534], [0.06631693260628486, 0.0600689989219799, 0.0677291626979409, 0.05848148835283037, 0.05972314518884358, 0.064931059089557, 0.8921903874551874, 1.0, 0.054450918593349516, 0.059465286669810706, 0.06866584735960214, 0.07671570501586533, 0.0605285442176089, 0.06394734364620079, 0.07099001052384528, 0.06485451148540032, 0.06953745412668659, 0.05980475084652644, 0.06289247290916476, 0.06850664436519024], [0.0576995701842358, 0.049649079925975066, 0.055732657257674206, 0.05654464888323924, 0.05238722584852646, 0.06206586099507576, 0.0612129643298662, 0.054450918593349516, 1.0, 0.8645911722573582, 0.053622243126019625, 0.06029320246225272, 0.05225020397961353, 0.06510130637561155, 0.06721952858388645, 0.06654457816441331, 0.05587457972022748, 0.060214801251369625, 0.046004005116507055, 0.0561141038311482], [0.06303005693749472, 0.059936406648276826, 0.060864676874634524, 0.06374786959536898, 0.05322885031962699, 0.05610011200094056, 0.05719147475713608, 0.059465286669810706, 0.8645911722573582, 1.0, 0.06167271680955553, 0.07445887390877537, 0.05098094884553726, 0.050368736521986264, 0.05225934217790116, 0.061163671098232425, 0.05562142013568291, 0.05213977625668459, 0.05120113992117503, 0.05945157937237926], [0.07882757357962343, 0.07441310556862135, 0.06540933934914812, 0.05671495694328483, 0.06367013966084135, 0.06643256341158224, 0.05686454107238911, 0.06866584735960214, 0.053622243126019625, 0.06167271680955553, 1.0, 1.0, 0.05364467701607218, 0.057516753731854546, 0.0633218908799676, 0.06742928725147306, 0.05702858941135859, 0.06393900103470482, 0.06780121302676133, 0.06506541933390822], [0.0684213287316004, 0.06213257702495623, 0.058792927432318766, 0.06253988707529477, 0.06326666942175425, 0.06913308056509646, 0.060934765861017176, 0.07671570501586533, 0.06029320246225272, 0.07445887390877537, 1.0, 1.0, 0.05305103805291624, 0.06730576411470417, 0.05718446641098864, 0.06852595391961303, 0.07580043766113395, 0.05463353891148699, 0.05362563680092783, 0.05329539783980506], [0.07376047577858112, 0.05677582485775571, 0.06091009162065891, 0.05099058566679676, 0.0679779769421268, 0.06810223489169633, 0.04491156914687902, 0.0605285442176089, 0.05225020397961353, 0.05098094884553726, 0.05364467701607218, 0.05305103805291624, 1.0, 0.8955158076465615, 0.07324396867863199, 0.0680476736600219, 0.05787253296270775, 0.05698432660870964, 0.06542590026170386, 0.06749561101286597], [0.06454403650240599, 0.06526846523794012, 0.0675076415006358, 0.04797390701844568, 0.056889046803044976, 0.05910063167381295, 0.05592153867811486, 0.06394734364620079, 0.06510130637561155, 0.050368736521986264, 0.057516753731854546, 0.06730576411470417, 0.8955158076465615, 1.0, 0.06313461582660805, 0.051683340103187606, 0.06816118013808735, 0.05078941546912438, 0.07760770698184868, 0.06282500272930469], [0.0641695913689441, 0.06981498960654255, 0.07199513498676895, 0.06001670290269841, 0.06497131357125209, 0.07043337877754553, 0.05789695996342069, 0.07099001052384528, 0.06721952858388645, 0.05225934217790116, 0.0633218908799676, 0.05718446641098864, 0.07324396867863199, 0.06313461582660805, 1.0, 0.9334794855735805, 0.058305014495149354, 0.04927967074640627, 0.06592008396976594, 0.067987507408902], [0.06570151583593409, 0.06666527254814515, 0.06061074380293138, 0.06266046543595283, 0.05880017887443033, 0.05815184746302842, 0.06162773024392249, 0.06485451148540032, 0.06654457816441331, 0.061163671098232425, 0.06742928725147306, 0.06852595391961303, 0.0680476736600219, 0.051683340103187606, 0.9334794855735805, 1.0, 0.05823117409604766, 0.05148945587830351, 0.05883765156480872, 0.06824466978949216], [0.06552769945913357, 0.061471074232225593, 0.06991084400266787, 0.05674361188005557, 0.0626211750507518, 0.0906015564329601, 0.06029715829657796, 0.06953745412668659, 0.05587457972022748, 0.05562142013568291, 0.05702858941135859, 0.07580043766113395, 0.05787253296270775, 0.06816118013808735, 0.058305014495149354, 0.05823117409604766, 1.0, 0.9158304091835467, 0.05897871904780637, 0.06179549408370722], [0.06114425104564414, 0.06071122254728327, 0.058401531880267726, 0.053173653723500885, 0.05243722212473829, 0.04727330030616832, 0.05673322229004354, 0.05980475084652644, 0.060214801251369625, 0.05213977625668459, 0.06393900103470482, 0.05463353891148699, 0.05698432660870964, 0.05078941546912438, 0.04927967074640627, 0.05148945587830351, 0.9158304091835467, 1.0, 0.050118600443495434, 0.0612644564749936], [0.059704122929651125, 0.05715735292362676, 0.05799887104024299, 0.0651677793095279, 0.054264469513777135, 0.05067505263027623, 0.04638103866949601, 0.06289247290916476, 0.046004005116507055, 0.05120113992117503, 0.06780121302676133, 0.05362563680092783, 0.06542590026170386, 0.07760770698184868, 0.06592008396976594, 0.05883765156480872, 0.05897871904780637, 0.050118600443495434, 1.0, 0.8612790560451116], [0.056335710664531545, 0.06866064289600664, 0.07295480050440202, 0.06972711870287529, 0.06298107033827025, 0.0645965756176516, 