{"model": "LSING", "dataset": "0.3_dim20_pair_gau", "N": 50000, "seed": 120, "metrics": {"TP": 10, "FP": 0, "FN": 0, "TN": 180, "TPR": 1.0, "FDR": 0.0, "FPR": 0.0, "Hamming": 0}, "omega": [[1.0, 0.8763837718859794, 0.0672689163884249, 0.0523847819513033, 0.06423347498368719, 0.06393754396280497, 0.06930324690874458, 0.05858365531070684, 0.07130691138461706, 0.05722136783167721, 0.0676586801661635, 0.05538484437394239, 0.058894899473991284, 0.058507546834587164, 0.07220679705860435, 0.0665561197133307, 0.08351199991457357, 0.05734515095941154, 0.058399386406473505, 0.051747761475314485], [0.8763837718859794, 1.0, 0.05893682885723062, 0.0659528182543563, 0.05107932378162823, 0.06313837230384182, 0.04966810212230157, 0.062419304965093306, 0.07183392544907949, 0.06318464116808832, 0.057780132810838616, 0.05812464159522048, 0.05476556237856269, 0.0639463876433392, 0.06624799668200101, 0.0634483327986608, 0.06427920993273123, 0.06498369400251917, 0.0629050655602429, 0.05777623920582499], [0.0672689163884249, 0.05893682885723062, 1.0, 0.9220928203627533, 0.05167200657601771, 0.05965924168591791, 0.06091000620704823, 0.06262755745381975, 0.05724287495842277, 0.055876600155221647, 0.0796878464768867, 0.047604925981177104, 0.055657618242905514, 0.062287220591950646, 0.059632511846101556, 0.05810311174867907, 0.05631205912236155, 0.0676808575268866, 0.06960757005421853, 0.05558651948177055], [0.0523847819513033, 0.0659528182543563, 0.9220928203627533, 1.0, 0.061615609226781734, 0.05786177071727304, 0.0646354847313884, 0.06508495613261818, 0.0727205825219337, 0.06687926620966554, 0.08377543026749379, 0.04946385541758076, 0.06273119948253393, 0.05857359044114573, 0.07240403896626746, 0.06272520145642979, 0.056678472629916335, 0.06240285015294966, 0.06354902977383807, 0.05547229002819072], [0.06423347498368719, 0.05107932378162823, 0.05167200657601771, 0.061615609226781734, 1.0, 0.9657156463054886, 0.0634412612622028, 0.05719716840912354, 0.0644463197111496, 0.05572149778890947, 0.06283436155556081, 0.04851648963023078, 0.06061200768474375, 0.0653739348959706, 0.05716792803186588, 0.05330673280702169, 0.042716037710771544, 0.058855323009609564, 0.062286209561035366, 0.05835665047048153], [0.06393754396280497, 0.06313837230384182, 0.05965924168591791, 0.05786177071727304, 0.9657156463054886, 1.0, 0.05997341670286688, 0.06428815869232125, 0.07701576844711104, 0.07361558343981345, 0.0729543124217303, 0.05327541498843108, 0.07665768174473492, 0.06657175945279827, 0.06889359762968914, 0.08228180248863556, 0.06437147218369954, 0.0724800196435355, 0.06595306249216167, 0.05575533892482656], [0.06930324690874458, 0.04966810212230157, 0.06091000620704823, 0.0646354847313884, 0.0634412612622028, 0.05997341670286688, 1.0, 0.9496379373333503, 0.06300493894282064, 0.05656202515626676, 0.06724260118488279, 0.07430967320300047, 0.06479706223951755, 0.060380921801189064, 0.07984161689516722, 0.06538375836770081, 0.05758601771507922, 0.08485952520625031, 0.07295334683040672, 0.06379262290500763], [0.05858365531070684, 0.062419304965093306, 0.06262755745381975, 0.06508495613261818, 0.05719716840912354, 0.06428815869232125, 0.9496379373333503, 1.0, 0.06457476039703297, 0.06300057674201763, 0.060704264255763106, 0.06051502255621332, 0.0562939202053506, 0.062382550015358584, 0.06225357541427276, 0.06420910232269017, 0.06425885299565053, 0.05986278549695464, 0.05821148801485329, 0.0608903138239961], [0.07130691138461706, 0.07183392544907949, 0.05724287495842277, 0.0727205825219337, 0.0644463197111496, 0.07701576844711104, 0.06300493894282064, 0.06457476039703297, 1.0, 0.9395454405004898, 0.07507216091159091, 0.06425384612064029, 0.06866630027209228, 0.07513667093192967, 0.07135983430907283, 0.055572978483444536, 0.06888634433486435, 0.07041737741761347, 0.06213137415232442, 0.06394754919290198], [0.05722136783167721, 0.06318464116808832, 0.055876600155221647, 0.06687926620966554, 0.05572149778890947, 0.07361558343981345, 0.05656202515626676, 0.06300057674201763, 0.9395454405004898, 1.0, 0.07551581604508334, 0.05563381073683024, 0.06203829114873105, 0.08365116150412319, 0.07218601412535147, 0.06110621152402573, 0.06072473763179754, 0.06848610389126487, 0.06811175549500982, 0.06110842386414653], [0.0676586801661635, 0.057780132810838616, 0.0796878464768867, 0.08377543026749379, 0.06283436155556081, 0.0729543124217303, 0.06724260118488279, 0.060704264255763106, 0.07507216091159091, 0.07551581604508334, 1.0, 0.8910496273044689, 0.07688845523109668, 0.06643768141756985, 0.07086401452431108, 0.05589972606742145, 0.074899038907196, 0.062267988284764465, 0.07722980596385554, 0.06753330239275802], [0.05538484437394239, 0.05812464159522048, 0.047604925981177104, 0.04946385541758076, 0.04851648963023078, 0.05327541498843108, 0.07430967320300047, 0.06051502255621332, 0.06425384612064029, 0.05563381073683024, 0.8910496273044689, 1.0, 0.06564516949876495, 0.05739015319503945, 0.06250707437643248, 0.06925081813984853, 0.059826678061401614, 0.0640801192016809, 0.056856039194374215, 0.05418759065198544], [0.058894899473991284, 0.05476556237856269, 0.055657618242905514, 0.06273119948253393, 0.06061200768474375, 0.07665768174473492, 0.06479706223951755, 0.0562939202053506, 0.06866630027209228, 0.06203829114873105, 0.07688845523109668, 0.06564516949876495, 1.0, 1.0, 0.06546823340864188, 0.06525842461389979, 0.06465399568505638, 0.06380870568049424, 0.07251047552987108, 0.06463071641423458], [0.058507546834587164, 0.0639463876433392, 0.062287220591950646, 0.05857359044114573, 0.0653739348959706, 0.06657175945279827, 0.060380921801189064, 0.062382550015358584, 0.07513667093192967, 0.08365116150412319, 0.06643768141756985, 0.05739015319503945, 1.0, 1.0, 0.07117307474721955, 0.05661031892231829, 0.07101741574590907, 0.06725265753452046, 0.0633720028045316, 0.06293070768983298], [0.07220679705860435, 0.06624799668200101, 0.059632511846101556, 0.07240403896626746, 0.05716792803186588, 0.06889359762968914, 0.07984161689516722, 0.06225357541427276, 0.07135983430907283, 0.07218601412535147, 0.07086401452431108, 0.06250707437643248, 0.06546823340864188, 0.07117307474721955, 1.0, 0.9398057639213278, 0.06065849238705081, 0.07462406121803553, 0.051165241529605714, 0.07273265241347847], [0.0665561197133307, 0.0634483327986608, 0.05810311174867907, 0.06272520145642979, 0.05330673280702169, 0.08228180248863556, 0.06538375836770081, 0.06420910232269017, 0.055572978483444536, 0.06110621152402573, 0.05589972606742145, 0.06925081813984853, 0.06525842461389979, 0.05661031892231829, 0.9398057639213278, 1.0, 0.06597286563421856, 0.0707090655166209, 0.05992949081756731, 0.0634313469112892], [0.08351199991457357, 0.06427920993273123, 0.05631205912236155, 0.056678472629916335, 0.042716037710771544, 0.06437147218369954, 0.05758601771507922, 0.06425885299565053, 0.06888634433486435, 0.06072473763179754, 0.074899038907196, 0.059826678061401614, 0.06465399568505638, 0.07101741574590907, 0.06065849238705081, 0.06597286563421856, 1.0, 0.972448430607382, 0.07884666591539875, 0.060879811598364905], [0.05734515095941154, 0.06498369400251917, 0.0676808575268866, 0.06240285015294966, 0.058855323009609564, 0.0724800196435355, 0.08485952520625031, 0.05986278549695464, 0.07041737741761347, 0.06848610389126487, 0.062267988284764465, 0.0640801192016809, 0.06380870568049424, 0.06725265753452046, 0.07462406121803553, 0.0707090655166209, 0.972448430607382, 1.0, 0.06899336593321106, 0.07638592174666155], [0.058399386406473505, 0.0629050655602429, 0.06960757005421853, 0.06354902977383807, 0.062286209561035366, 0.06595306249216167, 0.07295334683040672, 0.05821148801485329, 0.06213137415232442, 0.06811175549500982, 0.07722980596385554, 0.056856039194374215, 0.07251047552987108, 0.0633720028045316, 0.051165241529605714, 0.05992949081756731, 0.07884666591539875, 0.06899336593321106, 1.0, 0.893758872080279], [0.051747761475314485, 0.05777623920582499, 0.05558651948177055, 0.05547229002819072, 0.05835665047048153, 0.05575533892482656, 0.06379262290500763, 