{"model": "LSING", "dataset": "dim20_butterfly", "N": 500, "seed": 12340, "metrics": {"TP": 7, "FP": 84, "FN": 3, "TN": 96, "TPR": 0.7, "FDR": 0.9230769230769231, "FPR": 0.4666666666666667, "Hamming": 87}, "omega": [[1.0, 0.28196661749345125, 0.5904084368484814, 0.5062940032174778, 0.2553859839340102, 0.20303074762786572, 0.18704475366239331, 0.16853361570730938, 0.26820880267620406, 0.23007351294081055, 0.17952597503262427, 0.21155853717888667, 0.20481561855137345, 0.13816837295946427, 0.2665044509338638, 0.24968944915626148, 0.17811897440443675, 0.1721872161258596, 0.20585036852997063, 0.1855603074212867], [0.28196661749345125, 1.0, 0.3601238611453574, 0.4576075316510659, 0.2767755434745679, 0.15250772350319594, 0.3085178361740608, 0.18469221960422508, 0.3006799463976343, 0.30034991993022436, 0.11514474255269014, 0.19274638059510496, 0.11644690127584151, 0.11339001336537, 0.27004630637923077, 0.18853289649233926, 0.19581945873399856, 0.15057929617513371, 0.1747181002118486, 0.10745993308891764], [0.5904084368484814, 0.3601238611453574, 1.0, 1.0, 0.20291494056042977, 0.23857668902502047, 0.3387628276409216, 0.1878047557138755, 0.17031947515682133, 0.36009626548665125, 0.20522807894990028, 0.21186001268935112, 0.31333575408676173, 0.17686072617253182, 0.2794016500276696, 0.2118303319884008, 0.2180453029671879, 0.36799104950343847, 0.33710007706017087, 0.2466929983965776], [0.5062940032174778, 0.4576075316510659, 1.0, 1.0, 0.29525924360282874, 0.4272445276238774, 0.4144117073244643, 0.2684229722345308, 0.48922706852679904, 0.4014086777996182, 0.3606176257309963, 0.2638037895833848, 0.5803723144468989, 0.489907855586884, 0.3437201609479828, 0.3341827208412366, 0.40229802307924123, 0.36081547214984155, 0.2527442852522536, 0.4710614910191914], [0.2553859839340102, 0.2767755434745679, 0.20291494056042977, 0.29525924360282874, 1.0, 0.48607146092696457, 0.2788057183720648, 0.202211350946718, 0.23969097381225155, 0.1908027806389191, 0.14953591113114673, 0.17460428681030354, 0.18615380514311639, 0.12422896010038241, 0.1544176928078852, 0.16538899819069836, 0.17905154900612683, 0.1375248009960089, 0.1367252786717108, 0.20676210516963048], [0.20303074762786572, 0.15250772350319594, 0.23857668902502047, 0.4272445276238774, 0.48607146092696457, 1.0, 0.26369969530305776, 0.21221746036970174, 0.2773499767663161, 0.2814616219232938, 0.14902540805896572, 0.17557504426727438, 0.2578766541175921, 0.22913211636755337, 0.24045006210020042, 0.13365724284613284, 0.20110195064091957, 0.10846437103903238, 0.22375245401580549, 0.3163119899050063], [0.18704475366239331, 0.3085178361740608, 0.3387628276409216, 0.4144117073244643, 0.2788057183720648, 0.26369969530305776, 1.0, 0.48044143152055885, 0.36297500273589106, 0.3971607489651171, 0.38763096785816836, 0.21271478447964998, 0.3413945039981059, 0.2409398684283518, 0.22911276534800012, 0.22005348108435555, 0.27132001382873117, 0.25534314919165074, 0.3821282340188947, 0.22517157862469184], [0.16853361570730938, 0.18469221960422508, 0.1878047557138755, 0.2684229722345308, 0.202211350946718, 0.21221746036970174, 0.48044143152055885, 1.0, 0.24046360241437592, 0.14904328044298326, 0.11786659906367149, 0.15522279739667771, 0.12578700168715637, 0.11664520872992401, 0.1640362128143307, 0.08727659748418969, 0.15382455228452763, 0.12789447682610117, 0.1601395097612125, 0.10813532479068544], [0.26820880267620406, 0.3006799463976343, 0.17031947515682133, 0.48922706852679904, 0.23969097381225155, 0.2773499767663161, 0.36297500273589106, 0.24046360241437592, 1.0, 0.47806107751627175, 0.21183169017328893, 0.14362315498059192, 0.1721670759468912, 0.21108066377178628, 0.16523519517415894, 0.17896516927793427, 0.392591059069712, 0.1479810261820333, 0.20617518239177007, 0.21070224521834605], [0.23007351294081055, 0.30034991993022436, 0.36009626548665125, 0.4014086777996182, 0.1908027806389191, 0.2814616219232938, 0.3971607489651171, 0.14904328044298326, 0.47806107751627175, 1.0, 0.12828856227066715, 0.2897370258329424, 0.14674653580199457, 0.14780701653099576, 0.19924120411638177, 0.2467832325454925, 0.1877337562873369, 0.14517902430223895, 0.141889832780775, 0.30423078164645134], [0.17952597503262427, 0.11514474255269014, 0.20522807894990028, 0.3606176257309963, 0.14953591113114673, 0.14902540805896572, 0.38763096785816836, 0.11786659906367149, 0.21183169017328893, 0.12828856227066715, 1.0, 0.10158868672359901, 0.09742869932223833, 0.0794869066574103, 0.11422146964842217, 0.07332816744042224, 0.06811435109323583, 0.15286320659194993, 0.09119903751791786, 0.09853790441491829], [0.21155853717888667, 0.19274638059510496, 0.21186001268935112, 0.2638037895833848, 0.17460428681030354, 0.17557504426727438, 0.21271478447964998, 0.15522279739667771, 0.14362315498059192, 0.2897370258329424, 0.10158868672359901, 1.0, 0.16093900716468695, 0.1177121231848939, 0.1641183850767994, 0.09484410670784339, 0.17994776827960274, 0.14259660395297094, 0.12494431649632093, 0.11942037088266251], [0.20481561855137345, 0.11644690127584151, 0.31333575408676173, 0.5803723144468989, 0.18615380514311639, 0.2578766541175921, 0.3413945039981059, 0.12578700168715637, 0.1721670759468912, 0.14674653580199457, 0.09742869932223833, 0.16093900716468695, 1.0, 0.21649095796925324, 0.2722947295431895, 0.12615839256833128, 0.12207075447145616, 0.11449502760620853, 0.12281808428411951, 0.11996100323061928], [0.13816837295946427, 0.11339001336537, 0.17686072617253182, 0.489907855586884, 0.12422896010038241, 0.22913211636755337, 0.2409398684283518, 0.11664520872992401, 0.21108066377178628, 0.14780701653099576, 0.0794869066574103, 0.1177121231848939, 0.21649095796925324, 1.0, 0.16935247659074892, 0.14403046092209673, 0.0982628574379197, 0.17541499027747293, 0.11453458110678927, 0.10682870524010325], [0.2665044509338638, 0.27004630637923077, 0.2794016500276696, 0.3437201609479828, 0.1544176928078852, 0.24045006210020042, 0.22911276534800012, 0.1640362128143307, 0.16523519517415894, 0.19924120411638177, 0.11422146964842217, 0.1641183850767994, 0.2722947295431895, 0.16935247659074892, 1.0, 0.26978575916811764, 0.1910167259098331, 0.15770207876385803, 0.1203569909647228, 0.16006897552338173], [0.24968944915626148, 0.18853289649233926, 0.2118303319884008, 0.3341827208412366, 0.16538899819069836, 0.13365724284613284, 0.22005348108435555, 0.08727659748418969, 0.17896516927793427, 0.2467832325454925, 0.07332816744042224, 0.09484410670784339, 0.12615839256833128, 0.14403046092209673, 0.26978575916811764, 1.0, 0.08732533638501556, 0.12473817559667555, 0.11578303130153471, 0.13222553322131037], [0.17811897440443675, 0.19581945873399856, 0.2180453029671879, 0.40229802307924123, 0.17905154900612683, 0.20110195064091957, 0.27132001382873117, 0.15382455228452763, 0.392591059069712, 0.1877337562873369, 0.06811435109323583, 0.17994776827960274, 0.12207075447145616, 0.0982628574379197, 0.1910167259098331, 0.08732533638501556, 1.0, 0.19565252244340303, 0.17793408266041155, 0.12451378434718748], [0.1721872161258596, 0.15057929617513371, 0.36799104950343847, 0.36081547214984155, 0.1375248009960089, 0.10846437103903238, 0.25534314919165074, 0.12789447682610117, 0.1479810261820333, 0.14517902430223895, 0.15286320659194993, 0.14259660395297094, 0.11449502760620853, 0.17541499027747293, 0.15770207876385803, 0.12473817559667555, 0.19565252244340303, 1.0, 0.22001111568417456, 0.09086707968667614], [0.20585036852997063, 0.1747181002118486, 0.33710007706017087, 0.2527442852522536, 0.1367252786717108, 0.22375245401580549, 0.3821282340188947, 0.1601395097612125, 0.20617518239177007, 0.141889832780775, 0.09119903751791786, 0.12494431649632093, 0.12281808428411951, 0.11453458110678927, 0.1203569909647228, 0.11578303130153471, 0.17793408266041155, 0.22001111568417456, 1.0, 0.17694842255090648], [0.1855603074212867, 0.10745993308891764, 0.2466929983965776, 0.4710614910191914, 0.20676210516963048, 0.3163119899050063, 0.22517157862469184, 0.10813532479068544, 0.21070224521834605, 0.30423078164645134, 0.09853790441491829, 