{"model": "LSING", "dataset": "dim20_butterfly", "N": 500, "seed": 1234560, "metrics": {"TP": 9, "FP": 119, "FN": 1, "TN": 61, "TPR": 0.9, "FDR": 0.9296875, "FPR": 0.6611111111111111, "Hamming": 120}, "omega": [[1.0, 0.2454621686668023, 0.2772437466955259, 0.24333549476946617, 0.1399964540652536, 0.34450002460120605, 0.299505364043232, 0.19515370595462156, 0.1706669456981827, 0.2539737016375067, 0.19870489821682802, 0.15798056588749154, 0.3427320054781798, 0.14705003880641856, 0.28083589623127264, 0.3359636395108253, 0.1770036410251766, 0.20953213057554593, 0.19128932096656692, 0.3790420318374151], [0.2454621686668023, 1.0, 0.25190834402886714, 0.18249790843066993, 0.12272460434305117, 0.3556043297935917, 0.28959726331889224, 0.1904112983209467, 0.12449705821859072, 0.21369268117387805, 0.26112650813095534, 0.2328622315189158, 0.24906123291534935, 0.17264405756700887, 0.3146296673552826, 0.3086405924381214, 0.14005323640302544, 0.12989355100156785, 0.24950114869426415, 0.28817704549691964], [0.2772437466955259, 0.25190834402886714, 1.0, 0.29376924507534735, 0.19584585411792912, 0.38462044867184764, 0.33233588941575826, 0.37293228497028763, 0.1987789585837996, 0.33324333897838426, 0.3033442958859408, 0.3274051273394837, 0.38981815367341754, 0.1831409300394917, 0.5993662318524092, 0.702975074730248, 0.2667767329448988, 0.14588872883841134, 0.19681629467184558, 0.2856076199131405], [0.24333549476946617, 0.18249790843066993, 0.29376924507534735, 1.0, 0.20745198656839503, 0.20935327000444504, 0.19146884091534414, 0.10626716774390696, 0.15710075767046466, 0.1631913475737749, 0.23210978822702982, 0.1670350992922415, 0.2168501316001138, 0.2588213996321676, 0.33395586366245017, 0.3850338201228903, 0.17358735860258429, 0.19295259240226995, 0.16605611016933566, 0.25008919687752346], [0.1399964540652536, 0.12272460434305117, 0.19584585411792912, 0.20745198656839503, 1.0, 0.38688699232937196, 0.19843535862723216, 0.10858964179990453, 0.15665310441545433, 0.2644422850571154, 0.1578224319491895, 0.17572503185319344, 0.18054128978661557, 0.2291201815130199, 0.22650094665627596, 0.580125567916741, 0.1532882651220159, 0.16301624487190894, 0.15281676923704612, 0.35050463865776565], [0.34450002460120605, 0.3556043297935917, 0.38462044867184764, 0.20935327000444504, 0.38688699232937196, 1.0, 0.22594431519345276, 0.3827755916263283, 0.2409030271807382, 0.30624371373831244, 0.2933253963711774, 0.2788785131759298, 0.275176615185881, 0.33186135339123657, 0.5451643248528105, 0.47490708493260625, 0.31079812287662884, 0.25030281190384673, 0.36186705811682485, 0.6120630450019079], [0.299505364043232, 0.28959726331889224, 0.33233588941575826, 0.19146884091534414, 0.19843535862723216, 0.22594431519345276, 1.0, 0.3725548992018099, 0.16050727780232713, 0.2364593934920427, 0.4074423153067957, 0.20623034646060534, 0.21288629728694913, 0.1716759394229612, 0.25403427102051684, 0.41765435996391326, 0.2122536098185234, 0.26898996620905313, 0.3248684372314932, 0.3953598729308028], [0.19515370595462156, 0.1904112983209467, 0.37293228497028763, 0.10626716774390696, 0.10858964179990453, 0.3827755916263283, 0.3725548992018099, 1.0, 0.20131910313058984, 0.23289554467957138, 0.2608460041992905, 0.43731261420071244, 0.5189383421886783, 0.12628169015793975, 0.22619239875016536, 0.20794917484193842, 0.15161559317802487, 0.1212399133888166, 0.13264218143328774, 0.2993914959372532], [0.1706669456981827, 0.12449705821859072, 0.1987789585837996, 0.15710075767046466, 0.15665310441545433, 0.2409030271807382, 0.16050727780232713, 0.20131910313058984, 1.0, 0.2755434917579424, 0.17560890552455327, 0.1835637778564311, 0.25834644347319735, 0.1327170237171498, 0.32656739675452673, 0.367767449654122, 0.11503713883492236, 0.1615327559690135, 0.19550348538870418, 0.7273912348937158], [0.2539737016375067, 0.21369268117387805, 0.33324333897838426, 0.1631913475737749, 0.2644422850571154, 0.30624371373831244, 0.2364593934920427, 0.23289554467957138, 0.2755434917579424, 1.0, 0.3746511950444302, 0.18918079454333112, 0.19542292460818028, 0.2831125873027714, 0.5004367764409514, 0.26135294309316237, 0.1611464190026998, 0.13606881550187813, 0.24811568532751394, 0.49564534145120226], [0.19870489821682802, 0.26112650813095534, 0.3033442958859408, 0.23210978822702982, 0.1578224319491895, 0.2933253963711774, 0.4074423153067957, 0.2608460041992905, 0.17560890552455327, 0.3746511950444302, 1.0, 0.49438241729863447, 0.29044832733739234, 0.20291714869314378, 0.4249336677728029, 0.37375194977395365, 0.30146356986187006, 0.27715555930771923, 0.2604325802314418, 0.5436571742111765], [0.15798056588749154, 0.2328622315189158, 0.3274051273394837, 0.1670350992922415, 0.17572503185319344, 0.2788785131759298, 0.20623034646060534, 0.43731261420071244, 0.1835637778564311, 0.18918079454333112, 0.49438241729863447, 1.0, 0.20412449255927886, 0.13382487157656944, 0.3528553434146306, 0.3584812471121592, 0.13631968828451355, 0.18455206828921347, 0.18322097732235618, 0.39151346619602895], [0.3427320054781798, 0.24906123291534935, 0.38981815367341754, 0.2168501316001138, 0.18054128978661557, 0.275176615185881, 0.21288629728694913, 0.5189383421886783, 0.25834644347319735, 0.19542292460818028, 0.29044832733739234, 0.20412449255927886, 1.0, 0.5326372576909578, 0.26624382157282095, 0.6082977300509194, 0.23851845491915352, 0.18556942385655975, 0.2096972842602604, 0.36060781597588315], [0.14705003880641856, 0.17264405756700887, 0.1831409300394917, 0.2588213996321676, 0.2291201815130199, 0.33186135339123657, 0.1716759394229612, 0.12628169015793975, 0.1327170237171498, 0.2831125873027714, 0.20291714869314378, 0.13382487157656944, 0.5326372576909578, 1.0, 0.2418941535210488, 0.2424919931710413, 0.15397977724844986, 0.2458944344976317, 0.16854472405896184, 0.6409046563687668], [0.28083589623127264, 0.3146296673552826, 0.5993662318524092, 0.33395586366245017, 0.22650094665627596, 0.5451643248528105, 0.25403427102051684, 0.22619239875016536, 0.32656739675452673, 0.5004367764409514, 0.4249336677728029, 0.3528553434146306, 0.26624382157282095, 0.2418941535210488, 1.0, 0.6799835904820688, 0.23620075989250908, 0.26382368959832064, 0.3156144041508537, 0.6253432148333229], [0.3359636395108253, 0.3086405924381214, 0.702975074730248, 0.3850338201228903, 0.580125567916741, 0.47490708493260625, 0.41765435996391326, 0.20794917484193842, 0.367767449654122, 0.26135294309316237, 0.37375194977395365, 0.3584812471121592, 0.6082977300509194, 0.2424919931710413, 0.6799835904820688, 1.0, 0.32297903426401825, 0.26407675641641, 0.3068969761243195, 1.0], [0.1770036410251766, 0.14005323640302544, 0.2667767329448988, 0.17358735860258429, 0.1532882651220159, 0.31079812287662884, 0.2122536098185234, 0.15161559317802487, 0.11503713883492236, 0.1611464190026998, 0.30146356986187006, 0.13631968828451355, 0.23851845491915352, 0.15397977724844986, 0.23620075989250908, 0.32297903426401825, 1.0, 0.19158616929532343, 0.13874380570107508, 0.3390799634427012], [0.20953213057554593, 0.12989355100156785, 0.14588872883841134, 0.19295259240226995, 0.16301624487190894, 0.25030281190384673, 0.26898996620905313, 0.1212399133888166, 0.1615327559690135, 0.13606881550187813, 0.27715555930771923, 0.18455206828921347, 0.18556942385655975, 0.2458944344976317, 0.26382368959832064, 0.26407675641641, 0.19158616929532343, 1.0, 0.22739377320600956, 0.4192115999681445], [0.19128932096656692, 0.24950114869426415, 0.19681629467184558, 0.16605611016933566, 0.15281676923704612, 0.36186705811682485, 0.3248684372314932, 0.13264218143328774, 0.19550348538870418, 0.24811568532751394, 0.2604325802314418, 0.18322097732235618, 0.2096972842602604, 0.16854472405896184, 0.3156144041508537, 0.3068969761243195, 0.13874380570107508, 0.22739377320600956, 1.0, 0.5959666556093504], [0.3790420318374151, 0.28817704549691964, 0.2856076199131405, 0.25008919687752346, 0.35050463865776565, 0.6120630450019079, 0.3953598729308028, 0.2993914959372532, 0.7273912348937158, 0.49564534145120226, 0.5436571742111765, 0.39151346619602895, 