{"model": "LSING", "dataset": "0.1_dim20_pair_gau", "N": 5000, "seed": 1230, "metrics": {"TP": 9, "FP": 45, "FN": 1, "TN": 135, "TPR": 0.9, "FDR": 0.8333333333333334, "FPR": 0.25, "Hamming": 46}, "omega": [[1.0, 0.4944819909782955, 0.0994644628544596, 0.20999115097297624, 0.2402768356074451, 0.12422389662044771, 0.1604503206171001, 0.13227371145362346, 0.09728021718778804, 0.16237355710574988, 0.08868104815423995, 0.07158532416634183, 0.13785976973082684, 0.14407350869184543, 0.09615865656909761, 0.1840819178450244, 0.13958302182033563, 0.14066476806825806, 0.11938350553957056, 0.1434631567223898], [0.4944819909782955, 1.0, 0.11821647778535219, 0.1127641681667651, 0.11945317152437618, 0.1105261363469394, 0.18969133187996956, 0.17298258883630432, 0.10123661811159103, 0.11512944700109755, 0.10305679293011297, 0.08038340685348762, 0.11111533578641973, 0.17681853570966868, 0.11052375562621798, 0.18376838039870289, 0.14814138483769365, 0.09137413332505238, 0.10062317544959429, 0.16051508239439047], [0.0994644628544596, 0.11821647778535219, 1.0, 0.291461243008784, 0.10493217963324214, 0.16893385877833236, 0.13665504787494323, 0.2702832389358918, 0.2310132043337174, 0.2424104166818436, 0.10470629862612427, 0.14332365883545112, 0.2177305306279991, 0.19164500069330292, 0.2031773739265998, 0.1794850200884983, 0.1809622862352022, 0.14368591038081283, 0.2418600496140655, 0.11779197637386647], [0.20999115097297624, 0.1127641681667651, 0.291461243008784, 1.0, 0.15027058260781415, 0.21168924922393906, 0.26381042971445673, 0.17244177551975184, 0.11237386887598373, 0.16789515457197773, 0.10105832257983263, 0.13577602559133553, 0.25789905386068473, 0.13771277083727163, 0.11911612012007043, 0.23132006264297444, 0.15327619428681355, 0.15265912845341098, 0.14173159719088227, 0.14479693910775435], [0.2402768356074451, 0.11945317152437618, 0.10493217963324214, 0.15027058260781415, 1.0, 0.6746704465154768, 0.16245858780678346, 0.1347653498376881, 0.13589925972164413, 0.1787622147564741, 0.1842472525325312, 0.0903513340308755, 0.18555244697652637, 0.2619657724437835, 0.20395717764840787, 0.19298910853839274, 0.25776969236488895, 0.21850602821637916, 0.18681466111563366, 0.11401137643409677], [0.12422389662044771, 0.1105261363469394, 0.16893385877833236, 0.21168924922393906, 0.6746704465154768, 1.0, 0.20047201087355798, 0.1827436132478519, 0.11355454043647586, 0.14873136370275863, 0.10352838785278963, 0.2142807351122305, 0.1493124370517377, 0.14275579327744353, 0.17269048945210302, 0.18736383975232232, 0.2402633307087013, 0.16808453183779107, 0.1475775514565967, 0.11200124170984427], [0.1604503206171001, 0.18969133187996956, 0.13665504787494323, 0.26381042971445673, 0.16245858780678346, 0.20047201087355798, 1.0, 1.0, 0.2576951761921631, 0.19640189677306077, 0.19959282267262285, 0.1471714128488601, 0.25575237689304725, 0.2896360134995894, 0.22007570645591576, 0.26374048591459126, 0.21262986927998856, 0.2173081900003124, 0.18061013249555835, 0.23749443289488356], [0.13227371145362346, 0.17298258883630432, 0.2702832389358918, 0.17244177551975184, 0.1347653498376881, 0.1827436132478519, 1.0, 1.0, 0.11640618469416822, 0.13754516346823334, 0.12032997128750487, 0.2409375338394177, 0.20136070266466624, 0.18909230473274624, 0.12866384044377313, 0.19518805332271133, 0.24967261038610983, 0.12196303766320246, 0.21558087872409545, 0.28564670499609024], [0.09728021718778804, 0.10123661811159103, 0.2310132043337174, 0.11237386887598373, 0.13589925972164413, 0.11355454043647586, 0.2576951761921631, 0.11640618469416822, 1.0, 0.3380175601960411, 0.09345714820001154, 0.12668010972583604, 0.12223959483822089, 0.13243725963595362, 0.11684269003136594, 0.17625465602606177, 0.1285463632588719, 0.0972332220694308, 0.13142008609673916, 0.11572135513741165], [0.16237355710574988, 0.11512944700109755, 0.2424104166818436, 0.16789515457197773, 0.1787622147564741, 0.14873136370275863, 0.19640189677306077, 0.13754516346823334, 0.3380175601960411, 1.0, 0.13402786275145812, 0.17366865698520284, 0.2670114109757692, 0.20856521887566887, 0.11762998704270561, 0.17022604607556593, 0.12891137752066234, 0.11194665876766426, 0.16054999062837197, 0.11860518349808177], [0.08868104815423995, 0.10305679293011297, 0.10470629862612427, 0.10105832257983263, 0.1842472525325312, 0.10352838785278963, 0.19959282267262285, 0.12032997128750487, 0.09345714820001154, 0.13402786275145812, 1.0, 0.17843254088542498, 0.14843943409442725, 0.12701423249638563, 0.08666003234014244, 0.21723115034079266, 0.1238618688705509, 0.11650056850221752, 0.08327255228572032, 0.09888179206888628], [0.07158532416634183, 0.08038340685348762, 0.14332365883545112, 0.13577602559133553, 0.0903513340308755, 0.2142807351122305, 0.1471714128488601, 0.2409375338394177, 0.12668010972583604, 0.17366865698520284, 0.17843254088542498, 1.0, 0.10308010624388729, 0.2089769948139954, 0.10214585278295989, 0.1705658756304704, 0.13754646379705524, 0.08265231473038419, 0.12374095758282624, 0.08542208071626402], [0.13785976973082684, 0.11111533578641973, 0.2177305306279991, 0.25789905386068473, 0.18555244697652637, 0.1493124370517377, 0.25575237689304725, 0.20136070266466624, 0.12223959483822089, 0.2670114109757692, 0.14843943409442725, 0.10308010624388729, 1.0, 0.5762166169706971, 0.22948801508918543, 0.33618435893804516, 0.2013564119654082, 0.13235418521596665, 0.16437427312776418, 0.2167501560085903], [0.14407350869184543, 0.17681853570966868, 0.19164500069330292, 0.13771277083727163, 0.2619657724437835, 0.14275579327744353, 0.2896360134995894, 0.18909230473274624, 0.13243725963595362, 0.20856521887566887, 0.12701423249638563, 0.2089769948139954, 0.5762166169706971, 1.0, 0.1427576453778427, 0.23536870781301145, 0.27735963610178305, 0.18497978139165094, 0.1554188352189979, 0.13299189425173477], [0.09615865656909761, 0.11052375562621798, 0.2031773739265998, 0.11911612012007043, 0.20395717764840787, 0.17269048945210302, 0.22007570645591576, 0.12866384044377313, 0.11684269003136594, 0.11762998704270561, 0.08666003234014244, 0.10214585278295989, 0.22948801508918543, 0.1427576453778427, 1.0, 0.48203041259981433, 0.13346279077821924, 0.12187125837133947, 0.12386030230229662, 0.14476549198639374], [0.1840819178450244, 0.18376838039870289, 0.1794850200884983, 0.23132006264297444, 0.19298910853839274, 0.18736383975232232, 0.26374048591459126, 0.19518805332271133, 0.17625465602606177, 0.17022604607556593, 0.21723115034079266, 0.1705658756304704, 0.33618435893804516, 0.23536870781301145, 0.48203041259981433, 1.0, 0.19524233529857649, 0.20130522454062663, 0.2143995820797186, 0.19327134934651108], [0.13958302182033563, 0.14814138483769365, 0.1809622862352022, 0.15327619428681355, 0.25776969236488895, 0.2402633307087013, 0.21262986927998856, 0.24967261038610983, 0.1285463632588719, 0.12891137752066234, 0.1238618688705509, 0.13754646379705524, 0.2013564119654082, 0.27735963610178305, 0.13346279077821924, 0.19524233529857649, 1.0, 0.49424171181984544, 0.2413229945179063, 0.12269593308385952], [0.14066476806825806, 0.09137413332505238, 0.14368591038081283, 0.15265912845341098, 0.21850602821637916, 0.16808453183779107, 0.2173081900003124, 0.12196303766320246, 0.0972332220694308, 0.11194665876766426, 0.11650056850221752, 0.08265231473038419, 0.13235418521596665, 0.18497978139165094, 0.12187125837133947, 0.20130522454062663, 0.49424171181984544, 1.0, 0.13465133376540778, 0.13820836589428728], [0.11938350553957056, 0.10062317544959429, 0.2418600496140655, 0.14173159719088227, 0.18681466111563366, 0.1475775514565967, 0.18061013249555835, 0.21558087872409545, 0.13142008609673916, 0.16054999062837197, 0.08327255228572032, 0.12374095758282624, 0.16437427312776418, 0.1554188352189979, 0.12386030230229662, 0.2143995820797186, 0.2413229945179063, 0.13465133376540778, 1.0, 0.32384341269007333], [0.1434631567223898, 0.16051508239439047, 0.11779197637386647, 0.14479693910775435, 0.11401137643409677, 0.11200124170984427, 0.23749443289488356, 0.28564670499609024, 0.11572135513741165, 