{"model": "LSING", "dataset": "0.1_dim20_pair_gau", "N": 5000, "seed": 1234560, "metrics": {"TP": 10, "FP": 23, "FN": 0, "TN": 157, "TPR": 1.0, "FDR": 0.696969696969697, "FPR": 0.12777777777777777, "Hamming": 23}, "omega": [[1.0, 0.23039551255711088, 0.12808917424345814, 0.11875794170127735, 0.12826022224269282, 0.19492444180199564, 0.1934986505915617, 0.1608386451335019, 0.08834158622140058, 0.12371389783491868, 0.14981757159612663, 0.2458473351986551, 0.13718023046773364, 0.17021128812922265, 0.10790062166384473, 0.10572584432720344, 0.124333298783036, 0.09194244125007806, 0.11080822201952058, 0.07398200549295511], [0.23039551255711088, 1.0, 0.10477364109022995, 0.06899958061557787, 0.13935052883394816, 0.08987937325563508, 0.10023956762151169, 0.082481731345464, 0.06225508903453901, 0.0853870798941371, 0.12258481531190318, 0.20067253804857654, 0.10091197382694224, 0.1083401060048466, 0.07236732279209183, 0.10076698333172411, 0.13596991038756906, 0.06169071257696374, 0.08659950391983227, 0.06928397059409902], [0.12808917424345814, 0.10477364109022995, 1.0, 0.31375815018595304, 0.18107651259451982, 0.09924656694001817, 0.15052990964037577, 0.3178661977880811, 0.08047332280855375, 0.12977928323757085, 0.15094373077462014, 0.21434830721532933, 0.13522195929166667, 0.12319909655654782, 0.10630012288274078, 0.17545560801844878, 0.14777035866412286, 0.0945409217960181, 0.15106770645811102, 0.06253429153974607], [0.11875794170127735, 0.06899958061557787, 0.31375815018595304, 1.0, 0.10241596835389914, 0.1455235789514463, 0.10272731532705898, 0.10913785253193796, 0.11546299665621138, 0.08730281009249179, 0.1932121258630366, 0.1942360172704171, 0.12923334787797347, 0.13009011269557821, 0.08414663611947226, 0.09570374137825917, 0.13024929173122668, 0.12271468389114813, 0.11311288641809084, 0.09950567260680417], [0.12826022224269282, 0.13935052883394816, 0.18107651259451982, 0.10241596835389914, 1.0, 0.3083857021702269, 0.22569201756535145, 0.1771257218289025, 0.08724413835230371, 0.158365159899121, 0.1463425713238151, 0.22962414082011168, 0.15040186160550648, 0.12867729632932418, 0.12252915470898619, 0.17662839592826965, 0.10715323428980483, 0.12495154456340228, 0.13831145082120044, 0.13386110083063155], [0.19492444180199564, 0.08987937325563508, 0.09924656694001817, 0.1455235789514463, 0.3083857021702269, 1.0, 0.13160676478063937, 0.1274277929590437, 0.15586443734939384, 0.15153005695968916, 0.11908023658426987, 0.20346421192965086, 0.10058809867446626, 0.12539862836798246, 0.12485404840521298, 0.12793675062881787, 0.14339512230139875, 0.0844996122579329, 0.1049532157676911, 0.08540307665715376], [0.1934986505915617, 0.10023956762151169, 0.15052990964037577, 0.10272731532705898, 0.22569201756535145, 0.13160676478063937, 1.0, 0.5967065532845184, 0.14529459697916056, 0.12216771042079846, 0.23833915143582607, 0.2787097198858056, 0.23111936531350255, 0.1478770776816366, 0.12223841592850523, 0.1983910663380002, 0.17477164397461298, 0.11017505147181063, 0.11810127966218188, 0.15403720532255955], [0.1608386451335019, 0.082481731345464, 0.3178661977880811, 0.10913785253193796, 0.1771257218289025, 0.1274277929590437, 0.5967065532845184, 1.0, 0.09056290295639649, 0.10445043747527324, 0.3309552772769792, 0.21065156402197202, 0.18397460977016364, 0.1554785558724884, 0.10707970709233816, 0.12259896688696548, 0.11782409176953267, 0.09240524457741463, 0.17040960116782963, 0.09216453534212014], [0.08834158622140058, 0.06225508903453901, 0.08047332280855375, 0.11546299665621138, 0.08724413835230371, 0.15586443734939384, 0.14529459697916056, 0.09056290295639649, 1.0, 0.2974518391773855, 0.20620194101697445, 0.20009682400458056, 0.11747234781000648, 0.1022996907083013, 0.0899567448513773, 0.11291057187839419, 0.10343379744092207, 0.05965050920287338, 0.07993636387249392, 0.05523751579715003], [0.12371389783491868, 0.0853870798941371, 0.12977928323757085, 0.08730281009249179, 0.158365159899121, 0.15153005695968916, 0.12216771042079846, 0.10445043747527324, 0.2974518391773855, 1.0, 0.1847532113170608, 0.23354889564484385, 0.11409504084451376, 0.13205366991927403, 0.11167004801209862, 0.07904971563528115, 0.12666091251426062, 0.0783978729560431, 0.08791475327760828, 0.0828737275103317], [0.14981757159612663, 0.12258481531190318, 0.15094373077462014, 0.1932121258630366, 0.1463425713238151, 0.11908023658426987, 0.23833915143582607, 0.3309552772769792, 0.20620194101697445, 0.1847532113170608, 1.0, 1.0, 0.1762864878370878, 0.1413512670569914, 0.18557634997154407, 0.21456171444588346, 0.23575604848298812, 0.11376461974144844, 0.18129430638208066, 0.12731629308726425], [0.2458473351986551, 0.20067253804857654, 0.21434830721532933, 0.1942360172704171, 0.22962414082011168, 0.20346421192965086, 0.2787097198858056, 0.21065156402197202, 0.20009682400458056, 0.23354889564484385, 1.0, 1.0, 0.3000632760848214, 0.21874755566503876, 0.25061473098995574, 0.2752316730510786, 0.2755309754751541, 0.1487541241645026, 0.23036598030849917, 0.19261737157405584], [0.13718023046773364, 0.10091197382694224, 0.13522195929166667, 0.12923334787797347, 0.15040186160550648, 0.10058809867446626, 0.23111936531350255, 0.18397460977016364, 0.11747234781000648, 0.11409504084451376, 0.1762864878370878, 0.3000632760848214, 1.0, 0.24973356594900128, 0.14103473877141212, 0.13393875274708134, 0.1240155383185223, 0.07341985773902755, 0.09585140878221242, 0.07550212154104578], [0.17021128812922265, 0.1083401060048466, 0.12319909655654782, 0.13009011269557821, 0.12867729632932418, 0.12539862836798246, 0.1478770776816366, 0.1554785558724884, 0.1022996907083013, 0.13205366991927403, 0.1413512670569914, 0.21874755566503876, 0.24973356594900128, 1.0, 0.11078627999314514, 0.12983561229755977, 0.12078019376851626, 0.10049809108375116, 0.12585863156869045, 0.10853434669207518], [0.10790062166384473, 0.07236732279209183, 0.10630012288274078, 0.08414663611947226, 0.12252915470898619, 0.12485404840521298, 0.12223841592850523, 0.10707970709233816, 0.0899567448513773, 0.11167004801209862, 0.18557634997154407, 0.25061473098995574, 0.14103473877141212, 0.11078627999314514, 1.0, 0.3254979321326686, 0.10007942132539968, 0.07337323670881853, 0.07840404463228108, 0.0966817649248043], [0.10572584432720344, 0.10076698333172411, 0.17545560801844878, 0.09570374137825917, 0.17662839592826965, 0.12793675062881787, 0.1983910663380002, 0.12259896688696548, 0.11291057187839419, 0.07904971563528115, 0.21456171444588346, 0.2752316730510786, 0.13393875274708134, 0.12983561229755977, 0.3254979321326686, 1.0, 0.099864322929258, 0.07412676803507037, 0.13761644029321718, 0.08425774785488738], [0.124333298783036, 0.13596991038756906, 0.14777035866412286, 0.13024929173122668, 0.10715323428980483, 0.14339512230139875, 0.17477164397461298, 0.11782409176953267, 0.10343379744092207, 0.12666091251426062, 0.23575604848298812, 0.2755309754751541, 0.1240155383185223, 0.12078019376851626, 0.10007942132539968, 0.099864322929258, 1.0, 0.33793594059438636, 0.1643034768491568, 0.11659101334444857], [0.09194244125007806, 0.06169071257696374, 0.0945409217960181, 0.12271468389114813, 0.12495154456340228, 0.0844996122579329, 0.11017505147181063, 0.09240524457741463, 0.05965050920287338, 0.0783978729560431, 0.11376461974144844, 0.1487541241645026, 0.07341985773902755, 0.10049809108375116, 0.07337323670881853, 0.07412676803507037, 0.33793594059438636, 1.0, 0.07629178805477439, 0.08126894690743049], [0.11080822201952058, 0.08659950391983227, 0.15106770645811102, 0.11311288641809084, 0.13831145082120044, 0.1049532157676911, 0.11810127966218188, 0.17040960116782963, 0.07993636387249392, 0.08791475327760828, 0.18129430638208066, 0.23036598030849917, 0.09585140878221242, 0.12585863156869045, 0.07840404463228108, 0.13761644029321718, 0.1643034768491568, 0.07629178805477439, 1.0, 0.3496811071630455], [0.07398200549295511, 0.06928397059409902, 0.06253429153974607, 0.09950567260680417, 0.13386110083063155, 0.08540307665715376, 0.15403720532255955, 0.09216453534212014, 