{"model": "LSING", "dataset": "0.1_dim20_pair_gau", "N": 5000, "seed": 12340, "metrics": {"TP": 10, "FP": 95, "FN": 0, "TN": 85, "TPR": 1.0, "FDR": 0.9047619047619048, "FPR": 0.5277777777777778, "Hamming": 95}, "omega": [[1.0, 0.6794306647632764, 0.22572297913169492, 0.33279986149096585, 0.20677694830792506, 0.21237516980182705, 0.23097609096337846, 0.16583795286032116, 0.22510432285840448, 0.2704739650044599, 0.2075956612264848, 0.2614290878244947, 0.22366510578550705, 0.27003665322864484, 0.35769291923295066, 0.26788092498406835, 0.2989970665133003, 0.2265270256705377, 0.2765337427745969, 0.23985164804494336], [0.6794306647632764, 1.0, 0.1697540757105242, 0.15396897902246295, 0.14341686317683555, 0.1483447667617338, 0.16132475743907984, 0.14622289500982696, 0.25275819015504375, 0.21609286560450716, 0.21634362042816163, 0.15375553182573537, 0.16446139062179066, 0.20399845780589815, 0.18592450264074623, 0.1555338143715196, 0.21023569989966195, 0.17036160329897423, 0.23273698987870012, 0.17017882490602226], [0.22572297913169492, 0.1697540757105242, 1.0, 0.25419852122547676, 0.1495670629226153, 0.12363218038402084, 0.1349238927421495, 0.10926396060206207, 0.19849075237526856, 0.16511541631683632, 0.1284762406003447, 0.14369769969745633, 0.14966576084616603, 0.1805049385016155, 0.21112792912856068, 0.1635658946703889, 0.26760731815691335, 0.14570714802239243, 0.15713425247965312, 0.1358001233104948], [0.33279986149096585, 0.15396897902246295, 0.25419852122547676, 1.0, 0.17286158689009162, 0.17787039830951779, 0.12277737545070985, 0.16442659325282402, 0.20378436704978348, 0.2917830066480362, 0.2951555062278785, 0.16149672704513238, 0.17703381626832623, 0.178192960812156, 0.21098182985716926, 0.2380414622656819, 0.24845812955959945, 0.24519992010530106, 0.20155239771711195, 0.191471224329658], [0.20677694830792506, 0.14341686317683555, 0.1495670629226153, 0.17286158689009162, 1.0, 0.47526434709899085, 0.1939637561805035, 0.14275736158174163, 0.19412255351839863, 0.23326172035301798, 0.27151881942274575, 0.21398411343168505, 0.25575830595057136, 0.17704911868041995, 0.18064373280943735, 0.20266124677761158, 0.3370563331693248, 0.25858713709799064, 0.21181167522407457, 0.15844245440995194], [0.21237516980182705, 0.1483447667617338, 0.12363218038402084, 0.17787039830951779, 0.47526434709899085, 1.0, 0.15395538524172453, 0.19259361448182344, 0.31732582603368886, 0.19753058058721398, 0.14866978306975448, 0.2216232085188415, 0.23924474519835448, 0.17073173650718657, 0.16358585630190514, 0.19626192556942887, 0.36176999967302664, 0.12624256263631792, 0.21285327044686778, 0.13566869041882032], [0.23097609096337846, 0.16132475743907984, 0.1349238927421495, 0.12277737545070985, 0.1939637561805035, 0.15395538524172453, 1.0, 0.3448462243823471, 0.18649794039920492, 0.1647179788784863, 0.20932316279676969, 0.1614073814319734, 0.2707633860804141, 0.17531913319671108, 0.19817749702095983, 0.18546419584823357, 0.28110978120546454, 0.15151246391626497, 0.23521355694053886, 0.16760701105489004], [0.16583795286032116, 0.14622289500982696, 0.10926396060206207, 0.16442659325282402, 0.14275736158174163, 0.19259361448182344, 0.3448462243823471, 1.0, 0.16006759240263316, 0.17017815876560402, 0.1469480923514796, 0.15161195593941035, 0.19869012782609885, 0.16802194502885826, 0.16208399192165115, 0.16855724718924872, 0.1528600622188699, 0.1492264732301274, 0.1982641592549199, 0.12939053902366485], [0.22510432285840448, 0.25275819015504375, 0.19849075237526856, 0.20378436704978348, 0.19412255351839863, 0.31732582603368886, 0.18649794039920492, 0.16006759240263316, 1.0, 0.4730580147636588, 0.1860075406192104, 0.2971848409142271, 0.2762727662708523, 0.17521365720031706, 0.18058262101219744, 0.28791954276242127, 0.28515708479249446, 0.2036859814971633, 0.23998587722097237, 0.22178423385180787], [0.2704739650044599, 0.21609286560450716, 0.16511541631683632, 0.2917830066480362, 0.23326172035301798, 0.19753058058721398, 0.1647179788784863, 0.17017815876560402, 0.4730580147636588, 1.0, 0.2370641853465487, 0.21549295535055726, 0.27029068230181275, 0.35855440815147527, 0.2322128690922227, 0.234655986119952, 0.3404116561114898, 0.22376594514350967, 0.3307635643200198, 0.19353661339570596], [0.2075956612264848, 0.21634362042816163, 0.1284762406003447, 0.2951555062278785, 0.27151881942274575, 0.14866978306975448, 0.20932316279676969, 0.1469480923514796, 0.1860075406192104, 0.2370641853465487, 1.0, 0.5336668571702813, 0.16180464198557956, 0.22202799608282336, 0.17752304183470216, 0.2104779642556127, 0.3732869954516986, 0.1366227653284706, 0.23531066290139513, 0.13478422530112408], [0.2614290878244947, 0.15375553182573537, 0.14369769969745633, 0.16149672704513238, 0.21398411343168505, 0.2216232085188415, 0.1614073814319734, 0.15161195593941035, 0.2971848409142271, 0.21549295535055726, 0.5336668571702813, 1.0, 0.24766613752787328, 0.29115730132952894, 0.2261192498834367, 0.28421943005597866, 0.18325632800278488, 0.21124036760955217, 0.23524617900350692, 0.1818241562115991], [0.22366510578550705, 0.16446139062179066, 0.14966576084616603, 0.17703381626832623, 0.25575830595057136, 0.23924474519835448, 0.2707633860804141, 0.19869012782609885, 0.2762727662708523, 0.27029068230181275, 0.16180464198557956, 0.24766613752787328, 1.0, 1.0, 0.2537171086958708, 0.25707051225039, 0.2144420191078879, 0.3295186494929595, 0.271494078139641, 0.16074902394245655], [0.27003665322864484, 0.20399845780589815, 0.1805049385016155, 0.178192960812156, 0.17704911868041995, 0.17073173650718657, 0.17531913319671108, 0.16802194502885826, 0.17521365720031706, 0.35855440815147527, 0.22202799608282336, 0.29115730132952894, 1.0, 1.0, 0.2091789452779722, 0.25662635842214354, 0.3154918097395781, 0.1943011619476025, 0.2768685818311578, 0.205085049496717], [0.35769291923295066, 0.18592450264074623, 0.21112792912856068, 0.21098182985716926, 0.18064373280943735, 0.16358585630190514, 0.19817749702095983, 0.16208399192165115, 0.18058262101219744, 0.2322128690922227, 0.17752304183470216, 0.2261192498834367, 0.2537171086958708, 0.2091789452779722, 1.0, 0.32964350754107086, 0.2544951607043812, 0.28364615036473784, 0.22037736034249464, 0.2600958058956242], [0.26788092498406835, 0.1555338143715196, 0.1635658946703889, 0.2380414622656819, 0.20266124677761158, 0.19626192556942887, 0.18546419584823357, 0.16855724718924872, 0.28791954276242127, 0.234655986119952, 0.2104779642556127, 0.28421943005597866, 0.25707051225039, 0.25662635842214354, 0.32964350754107086, 1.0, 0.22325857195511806, 0.2085103736353756, 0.2142283950264165, 0.22143039662105882], [0.2989970665133003, 0.21023569989966195, 0.26760731815691335, 0.24845812955959945, 0.3370563331693248, 0.36176999967302664, 0.28110978120546454, 0.1528600622188699, 0.28515708479249446, 0.3404116561114898, 0.3732869954516986, 0.18325632800278488, 0.2144420191078879, 0.3154918097395781, 0.2544951607043812, 0.22325857195511806, 1.0, 0.5889131864129152, 0.2629631527551357, 0.1799521812041639], [0.2265270256705377, 0.17036160329897423, 0.14570714802239243, 0.24519992010530106, 0.25858713709799064, 0.12624256263631792, 0.15151246391626497, 0.1492264732301274, 0.2036859814971633, 0.22376594514350967, 0.1366227653284706, 0.21124036760955217, 0.3295186494929595, 0.1943011619476025, 0.28364615036473784, 0.2085103736353756, 0.5889131864129152, 1.0, 0.19837711333612215, 0.1673192685022496], [0.2765337427745969, 0.23273698987870012, 0.15713425247965312, 0.20155239771711195, 0.21181167522407457, 0.21285327044686778, 0.23521355694053886, 0.1982641592549199, 0.23998587722097237, 0.3307635643200198, 0.23531066290139513, 0.23524617900350692, 0.271494078139641, 0.2768685818311578, 0.22037736034249464, 0.2142283950264165, 0.2629631527551357, 0.19837711333612215, 1.0, 0.3644388291608907], [0.23985164804494336, 0.17017882490602226, 0.1358001233104948, 0.191471224329658, 0.15844245440995194, 0.13566869041882032, 0.16760701105489004, 0.12939053902366485, 0.22178423385180787, 0.19353661339570596, 0.13478422530112408, 