{"model": "LSING", "dataset": "0.1_dim20_pair_gau", "N": 5000, "seed": 123450, "metrics": {"TP": 9, "FP": 69, "FN": 1, "TN": 111, "TPR": 0.9, "FDR": 0.8846153846153846, "FPR": 0.38333333333333336, "Hamming": 70}, "omega": [[1.0, 0.4061557911889937, 0.11605498396493669, 0.18136877366489654, 0.16060094873239705, 0.13453537479130545, 0.29905484938016247, 0.1561485118878474, 0.1368044513600814, 0.1358285790099063, 0.16925440778409281, 0.20306799871824835, 0.1540991311052364, 0.14236214203572034, 0.15568000842041524, 0.34396157493196855, 0.12286948235344489, 0.13357109304244502, 0.1739321366098535, 0.1883292456685875], [0.4061557911889937, 1.0, 0.14545030723216992, 0.17506055040564025, 0.20438649731369896, 0.18790199688380074, 0.30410556407479794, 0.14234447738589262, 0.1383742106179295, 0.15683055214120403, 0.19406871711253157, 0.20456078109205617, 0.1748210077721486, 0.17288957184414314, 0.21557088601508523, 0.2004456610098161, 0.16949334513652634, 0.21119870731504883, 0.1803168642091661, 0.12207511733320217], [0.11605498396493669, 0.14545030723216992, 1.0, 0.41680320533061893, 0.26124257532521006, 0.11184394010869234, 0.20098152057815427, 0.1598120763722826, 0.08982164098108711, 0.17928266718861008, 0.12947700382223307, 0.18588903915433613, 0.19747062496692191, 0.10712092670271509, 0.15077340371244147, 0.264681654869845, 0.07651585367013974, 0.11360887861511014, 0.1516157584944719, 0.10625523674304932], [0.18136877366489654, 0.17506055040564025, 0.41680320533061893, 1.0, 0.1992201792464459, 0.1494721396986983, 0.29677799972832436, 0.23277714163092536, 0.12751395523264838, 0.16031042975294935, 0.2370811253317471, 0.33496551087292914, 0.3301670762614206, 0.20153900567061275, 0.20162206722213202, 0.30770920573447946, 0.11851472672176126, 0.13384212090992476, 0.27628375652461123, 0.13768351059785544], [0.16060094873239705, 0.20438649731369896, 0.26124257532521006, 0.1992201792464459, 1.0, 0.5430334019148629, 0.2291991235360375, 0.1827007477281147, 0.12203343523717801, 0.2004549685334554, 0.18468644657203215, 0.1761251176687615, 0.18356447848856605, 0.19394163994722458, 0.21028224276977972, 0.34361323568302166, 0.13584506495451557, 0.1446594969107729, 0.2298561932910053, 0.17047394292654114], [0.13453537479130545, 0.18790199688380074, 0.11184394010869234, 0.1494721396986983, 0.5430334019148629, 1.0, 0.29398791952454895, 0.11706417066598161, 0.088069458507495, 0.1300269494488799, 0.1879329511694922, 0.17900681300111432, 0.1389943263714543, 0.11208599678236837, 0.13668672684901895, 0.2020942979466063, 0.0885212264846185, 0.14053608341614002, 0.16017652990203113, 0.11134702559790938], [0.29905484938016247, 0.30410556407479794, 0.20098152057815427, 0.29677799972832436, 0.2291991235360375, 0.29398791952454895, 1.0, 0.9871578048847414, 0.2809835064309732, 0.29184465115465114, 0.32725229754070695, 0.3093503350623558, 0.24273251776276908, 0.21025358218072954, 0.5250572553405116, 0.4225348452871882, 0.23607865247191262, 0.3144766939608072, 0.35359835022895764, 0.2352229018643591], [0.1561485118878474, 0.14234447738589262, 0.1598120763722826, 0.23277714163092536, 0.1827007477281147, 0.11706417066598161, 0.9871578048847414, 1.0, 0.14657806796155187, 0.33693307783251786, 0.23249084369043557, 0.44077569082532386, 0.23848476148655667, 0.11894375418334163, 0.20508935604976505, 0.5762097487034455, 0.19451850465250878, 0.12137190286177733, 0.16504410460072222, 0.13659265608456977], [0.1368044513600814, 0.1383742106179295, 0.08982164098108711, 0.12751395523264838, 0.12203343523717801, 0.088069458507495, 0.2809835064309732, 0.14657806796155187, 1.0, 0.27491580009533284, 0.15642357496238124, 0.33894121986093234, 0.14460569591987896, 0.10199574119999921, 0.1553972227029074, 0.37810092653875826, 0.07405444639040534, 0.09121137425475036, 0.11731500391500035, 0.09036141894785417], [0.1358285790099063, 0.15683055214120403, 0.17928266718861008, 0.16031042975294935, 0.2004549685334554, 0.1300269494488799, 0.29184465115465114, 0.33693307783251786, 0.27491580009533284, 1.0, 0.17279691074742143, 0.2839857774667412, 0.2390283357336444, 0.14843870724368938, 0.15680817797998553, 0.2771927028420006, 0.09794163238652084, 0.11686749679795701, 0.180089708599434, 0.12362373422987988], [0.16925440778409281, 0.19406871711253157, 0.12947700382223307, 0.2370811253317471, 0.18468644657203215, 0.1879329511694922, 0.32725229754070695, 0.23249084369043557, 0.15642357496238124, 0.17279691074742143, 1.0, 1.0, 0.19426857667033573, 0.15698562355544898, 0.24561264679764694, 0.33447965070568125, 0.24201730916932418, 0.1916138511158112, 0.232090848481713, 0.15313856599445214], [0.20306799871824835, 0.20456078109205617, 0.18588903915433613, 0.33496551087292914, 0.1761251176687615, 0.17900681300111432, 0.3093503350623558, 0.44077569082532386, 0.33894121986093234, 0.2839857774667412, 1.0, 1.0, 0.22569373385864083, 0.20131403756786262, 0.22258182996385048, 0.5135226584521744, 0.23655276009861537, 0.2199688688023361, 0.27006028854194036, 0.18382197779344853], [0.1540991311052364, 0.1748210077721486, 0.19747062496692191, 0.3301670762614206, 0.18356447848856605, 0.1389943263714543, 0.24273251776276908, 0.23848476148655667, 0.14460569591987896, 0.2390283357336444, 0.19426857667033573, 0.22569373385864083, 1.0, 0.3360831782751928, 0.21514007456722828, 0.21069713638770474, 0.15100703689139203, 0.12729792298972994, 0.22437465122006398, 0.14019569777267615], [0.14236214203572034, 0.17288957184414314, 0.10712092670271509, 0.20153900567061275, 0.19394163994722458, 0.11208599678236837, 0.21025358218072954, 0.11894375418334163, 0.10199574119999921, 0.14843870724368938, 0.15698562355544898, 0.20131403756786262, 0.3360831782751928, 1.0, 0.11445514914082797, 0.2796940852189856, 0.0869009952816961, 0.1216807501764235, 0.24626087095399346, 0.11842971128051052], [0.15568000842041524, 0.21557088601508523, 0.15077340371244147, 0.20162206722213202, 0.21028224276977972, 0.13668672684901895, 0.5250572553405116, 0.20508935604976505, 0.1553972227029074, 0.15680817797998553, 0.24561264679764694, 0.22258182996385048, 0.21514007456722828, 0.11445514914082797, 1.0, 0.9475504636622809, 0.13244498090752402, 0.17221408880224945, 0.16611626973396773, 0.13237379932414103], [0.34396157493196855, 0.2004456610098161, 0.264681654869845, 0.30770920573447946, 0.34361323568302166, 0.2020942979466063, 0.4225348452871882, 0.5762097487034455, 0.37810092653875826, 0.2771927028420006, 0.33447965070568125, 0.5135226584521744, 0.21069713638770474, 0.2796940852189856, 0.9475504636622809, 1.0, 0.17802204195748828, 0.19864393044118575, 0.3459085145502345, 0.20764631809443762], [0.12286948235344489, 0.16949334513652634, 0.07651585367013974, 0.11851472672176126, 0.13584506495451557, 0.0885212264846185, 0.23607865247191262, 0.19451850465250878, 0.07405444639040534, 0.09794163238652084, 0.24201730916932418, 0.23655276009861537, 0.15100703689139203, 0.0869009952816961, 0.13244498090752402, 0.17802204195748828, 1.0, 0.12751792938064838, 0.11929112179690574, 0.12981887877566892], [0.13357109304244502, 0.21119870731504883, 0.11360887861511014, 0.13384212090992476, 0.1446594969107729, 0.14053608341614002, 0.3144766939608072, 0.12137190286177733, 0.09121137425475036, 0.11686749679795701, 0.1916138511158112, 0.2199688688023361, 0.12729792298972994, 0.1216807501764235, 0.17221408880224945, 0.19864393044118575, 0.12751792938064838, 1.0, 0.16747854501647255, 0.13171454737167426], [0.1739321366098535, 0.1803168642091661, 0.1516157584944719, 0.27628375652461123, 0.2298561932910053, 0.16017652990203113, 0.35359835022895764, 0.16504410460072222, 0.11731500391500035, 0.180089708599434, 0.232090848481713, 0.27006028854194036, 0.22437465122006398, 0.24626087095399346, 0.16611626973396773, 0.3459085145502345, 0.11929112179690574, 0.16747854501647255, 1.0, 0.41067051888769984], [0.1883292456685875, 0.12207511733320217, 0.10625523674304932, 0.13768351059785544, 0.17047394292654114, 0.11134702559790938, 0.2352229018643591, 0.13659265608456977, 0.09036141894785417, 0.12362373422987988, 