{"model": "LSING", "dataset": "dim20_pair_gau", "N": 10000, "seed": 12340, "metrics": {"TP": 10, "FP": 0, "FN": 0, "TN": 180, "TPR": 1.0, "FDR": 0.0, "FPR": 0.0, "Hamming": 0}, "omega": [[1.0, 0.9354350572500736, 0.045348440475455484, 0.05810937059576916, 0.04753401083682037, 0.05050843605541868, 0.05382350045362458, 0.05109043124487874, 0.05128667468457452, 0.05622485572936392, 0.04895671018309109, 0.04901977083383887, 0.0470540552609035, 0.050806120785978175, 0.05684612584337261, 0.06606176691713542, 0.05774224363914521, 0.05515350937816727, 0.05380879355417954, 0.05939339346303484], [0.9354350572500736, 1.0, 0.06007461422969263, 0.064013660391484, 0.045588475056074676, 0.052647612412225105, 0.06180830058748504, 0.052016428379380246, 0.055288755900421496, 0.05663602659424646, 0.05655617451343504, 0.06983176292507531, 0.05092264812728969, 0.05767331174713089, 0.05024738499073451, 0.06441816171826294, 0.06443212151425526, 0.06229538964155109, 0.055036018961312855, 0.05828520067345921], [0.045348440475455484, 0.06007461422969263, 1.0, 0.9161641780026737, 0.051305873803495425, 0.06094426344596799, 0.05847025835867662, 0.053419162305758223, 0.060986419598179034, 0.05979619900895751, 0.05507451158695703, 0.045504197947104336, 0.056209636896075485, 0.06039523519622987, 0.044256970324833285, 0.05698662928628129, 0.05268963258200898, 0.04733640757285305, 0.049683765026666125, 0.05307876309513973], [0.05810937059576916, 0.064013660391484, 0.9161641780026737, 1.0, 0.044707420913644234, 0.043005260081845936, 0.04711726149283799, 0.051488686978768156, 0.05722516806020178, 0.0650666347168755, 0.05332755174448112, 0.060400040975184824, 0.05779842677866551, 0.06278120685997493, 0.04614971772735776, 0.06051832648928978, 0.05984572860830682, 0.051066394351137676, 0.05517080634290127, 0.05015037672699602], [0.04753401083682037, 0.045588475056074676, 0.051305873803495425, 0.044707420913644234, 1.0, 0.8050557716087019, 0.040442797625794176, 0.046785096418132, 0.046950691018540505, 0.04380894022322568, 0.04921428329722664, 0.04801346567744666, 0.04653735403358306, 0.05159781047686945, 0.04379565074060957, 0.05691673271893081, 0.05284047868834768, 0.05018743753767193, 0.04834282791436002, 0.04942860280097435], [0.05050843605541868, 0.052647612412225105, 0.06094426344596799, 0.043005260081845936, 0.8050557716087019, 1.0, 0.05139980726458697, 0.05139455834289882, 0.04636916136891929, 0.048766643545174626, 0.05792216278840945, 0.04819337042857156, 0.04789174700700438, 0.05127191979133167, 0.05215855881203499, 0.05856157135840724, 0.057652968776028636, 0.04475723527619394, 0.04404313395865028, 0.04898769017958332], [0.05382350045362458, 0.06180830058748504, 0.05847025835867662, 0.04711726149283799, 0.040442797625794176, 0.05139980726458697, 1.0, 0.9665268472953562, 0.05559863585500682, 0.05838823375861726, 0.06096430085655747, 0.057078257445284254, 0.05706201474430901, 0.060302079234663, 0.05596749378793878, 0.0639344258308712, 0.06131985490873397, 0.055038762606754846, 0.053322605183719236, 0.05283524416479888], [0.05109043124487874, 0.052016428379380246, 0.053419162305758223, 0.051488686978768156, 0.046785096418132, 0.05139455834289882, 0.9665268472953562, 1.0, 0.049422574779968274, 0.06360230235078997, 0.056255283797181234, 0.05080439620884321, 0.05113500308491334, 0.05889703840640319, 0.05812940320697885, 0.06490035220536493, 0.06250307160306043, 0.06137792740409508, 0.04658887857512839, 0.04881215766343974], [0.05128667468457452, 0.055288755900421496, 0.060986419598179034, 0.05722516806020178, 0.046950691018540505, 0.04636916136891929, 0.05559863585500682, 0.049422574779968274, 1.0, 0.8887396772379982, 0.05198589152562121, 0.06199518203701958, 0.054241107286794654, 0.04953431713963723, 0.0470374206105794, 0.055745839232091046, 0.04928667394227045, 0.04453713571939555, 0.04849994361048715, 0.04729155896858436], [0.05622485572936392, 0.05663602659424646, 0.05979619900895751, 0.0650666347168755, 0.04380894022322568, 0.048766643545174626, 0.05838823375861726, 0.06360230235078997, 0.8887396772379982, 1.0, 0.059467425495964066, 0.048934402665864775, 0.054843029501109204, 0.05775607065229689, 0.05663488914123815, 0.05246350020482473, 0.05531504850266006, 0.05809245118224466, 0.04933919995439693, 0.04972620274249103], [0.04895671018309109, 0.05655617451343504, 0.05507451158695703, 0.05332755174448112, 0.04921428329722664, 0.05792216278840945, 0.06096430085655747, 0.056255283797181234, 0.05198589152562121, 0.059467425495964066, 1.0, 0.8763677208510757, 0.05088443386567286, 0.04775208025597102, 0.05034769842734947, 0.05357420147023304, 0.05677561175582353, 0.05056230109450432, 0.056870183534426064, 0.049494651865533], [0.04901977083383887, 0.06983176292507531, 0.045504197947104336, 0.060400040975184824, 0.04801346567744666, 0.04819337042857156, 0.057078257445284254, 0.05080439620884321, 0.06199518203701958, 0.048934402665864775, 0.8763677208510757, 1.0, 0.056121189126074666, 0.04561823121072252, 0.05637657052344314, 0.052766992184920335, 0.05569442347648744, 0.05537095007856649, 0.05321471192663538, 0.0496338050829297], [0.0470540552609035, 0.05092264812728969, 0.056209636896075485, 0.05779842677866551, 0.04653735403358306, 0.04789174700700438, 0.05706201474430901, 0.05113500308491334, 0.054241107286794654, 0.054843029501109204, 0.05088443386567286, 0.056121189126074666, 1.0, 0.9056803872103772, 0.06129085705609167, 0.0509718689665397, 0.05570237604878606, 0.051227365549022935, 0.04366622746582406, 0.04793815380990893], [0.050806120785978175, 0.05767331174713089, 0.06039523519622987, 0.06278120685997493, 0.05159781047686945, 0.05127191979133167, 0.060302079234663, 0.05889703840640319, 0.04953431713963723, 0.05775607065229689, 0.04775208025597102, 0.04561823121072252, 0.9056803872103772, 1.0, 0.0600645771267754, 0.05545392335602941, 0.06075322733333559, 0.05553427617213141, 0.05744417815778968, 0.050410733481405075], [0.05684612584337261, 0.05024738499073451, 0.044256970324833285, 0.04614971772735776, 0.04379565074060957, 0.05215855881203499, 0.05596749378793878, 0.05812940320697885, 0.0470374206105794, 0.05663488914123815, 0.05034769842734947, 0.05637657052344314, 0.06129085705609167, 0.0600645771267754, 1.0, 1.0, 0.057865846866048516, 0.056629721809006286, 0.05406152089452863, 0.05616934770259961], [0.06606176691713542, 0.06441816171826294, 0.05698662928628129, 0.06051832648928978, 0.05691673271893081, 0.05856157135840724, 0.0639344258308712, 0.06490035220536493, 0.055745839232091046, 0.05246350020482473, 0.05357420147023304, 0.052766992184920335, 0.0509718689665397, 0.05545392335602941, 1.0, 1.0, 0.0628850638386622, 0.05867934333887553, 0.052299906945785284, 0.050039371872020226], [0.05774224363914521, 0.06443212151425526, 0.05268963258200898, 0.05984572860830682, 0.05284047868834768, 0.057652968776028636, 0.06131985490873397, 0.06250307160306043, 0.04928667394227045, 0.05531504850266006, 0.05677561175582353, 0.05569442347648744, 0.05570237604878606, 0.06075322733333559, 0.057865846866048516, 0.0628850638386622, 1.0, 0.9403717376887846, 0.048936640776636404, 0.06293926643412584], [0.05515350937816727, 0.06229538964155109, 0.04733640757285305, 0.051066394351137676, 0.05018743753767193, 0.04475723527619394, 0.055038762606754846, 0.06137792740409508, 0.04453713571939555, 0.05809245118224466, 0.05056230109450432, 0.05537095007856649, 0.051227365549022935, 0.05553427617213141, 0.056629721809006286, 0.05867934333887553, 0.9403717376887846, 1.0, 0.04561187043271822, 0.040620169904187486], [0.05380879355417954, 0.055036018961312855, 0.049683765026666125, 0.05517080634290127, 0.04834282791436002, 0.04404313395865028, 0.053322605183719236, 0.04658887857512839, 0.04849994361048715, 0.04933919995439693, 0.056870183534426064, 0.05321471192663538, 0.04366622746582406, 0.05744417815778968, 0.05406152089452863, 0.052299906945785284, 0.048936640776636404, 0.04561187043271822, 1.0, 0.8351491626758863], [0.05939339346303484, 0.05828520067345921, 0.05307876309513973, 0.05015037672699602, 