{"model": "LSING", "dataset": "dim20_pair_gau", "N": 10000, "seed": 123450, "metrics": {"TP": 10, "FP": 0, "FN": 0, "TN": 180, "TPR": 1.0, "FDR": 0.0, "FPR": 0.0, "Hamming": 0}, "omega": [[1.0, 0.894056116528508, 0.047049523070749534, 0.04995499936781778, 0.04906459747241075, 0.05419322062984856, 0.0597149620513566, 0.051849011388160754, 0.04632022433048875, 0.05287634599242932, 0.05331014670939531, 0.059375269986467756, 0.06911317334785479, 0.05342178763780122, 0.05664144765261733, 0.0495670770999987, 0.06367770567700658, 0.05841792010972404, 0.04662463206763934, 0.0492939945307383], [0.894056116528508, 1.0, 0.042747069734036344, 0.04999318729333763, 0.04542961549358236, 0.0559899316447523, 0.050974829535388934, 0.04804998094726512, 0.04823472355926751, 0.04333212543665619, 0.04588344943104371, 0.04188478140278539, 0.0619155394547155, 0.0458506676516697, 0.05260293456264669, 0.04614493204695674, 0.05409280748093071, 0.05258855774313361, 0.04954795185538422, 0.05076639613220498], [0.047049523070749534, 0.042747069734036344, 1.0, 0.8564648113722779, 0.04379891006190252, 0.056070521723069484, 0.052127010823277836, 0.045803138483120995, 0.04901823134717235, 0.04840886563307056, 0.04680334610480016, 0.04965503204981606, 0.05943898871789596, 0.06155403350991828, 0.04923735351942745, 0.05123217973810562, 0.05010119952661538, 0.054547191658192655, 0.046047372765692735, 0.04633083770226944], [0.04995499936781778, 0.04999318729333763, 0.8564648113722779, 1.0, 0.0475360329105387, 0.057713927587697895, 0.05421272927770602, 0.04472910087210345, 0.04703695418200986, 0.051713283431748934, 0.053232747380242536, 0.05851157316966308, 0.06603549124357044, 0.0679152644053999, 0.050192435060666646, 0.04740383418899954, 0.045220776228388056, 0.051965054234971476, 0.05097046932612353, 0.05449626479898017], [0.04906459747241075, 0.04542961549358236, 0.04379891006190252, 0.0475360329105387, 1.0, 0.9155437411316745, 0.05509262849097155, 0.05701309212668511, 0.04291064495779112, 0.04990041654211676, 0.042978690210333674, 0.05022027591121893, 0.05894281037875338, 0.048387987000403435, 0.04825403328661396, 0.04828163029912049, 0.051601475666785405, 0.055373250789278086, 0.05349649351906708, 0.05241342427517087], [0.05419322062984856, 0.0559899316447523, 0.056070521723069484, 0.057713927587697895, 0.9155437411316745, 1.0, 0.05790743874416117, 0.05729909811237012, 0.0512096551986297, 0.05489293796508578, 0.05340427942443749, 0.0569692365707993, 0.06895071945827091, 0.04900712388250949, 0.0600004867777408, 0.06561533262358495, 0.05662442390694976, 0.06334012152785531, 0.058464244525823036, 0.05150006791531253], [0.0597149620513566, 0.050974829535388934, 0.052127010823277836, 0.05421272927770602, 0.05509262849097155, 0.05790743874416117, 1.0, 0.9103365411639945, 0.05888664741834801, 0.056760918669847546, 0.05242890959527351, 0.052287502779112045, 0.061552647483131925, 0.06114040076605187, 0.05599179893083947, 0.04963770671498664, 0.061901387222876136, 0.07021601432802624, 0.05523234929538248, 0.05359563935182611], [0.051849011388160754, 0.04804998094726512, 0.045803138483120995, 0.04472910087210345, 0.05701309212668511, 0.05729909811237012, 0.9103365411639945, 1.0, 0.04848569707624836, 0.046959261284683584, 0.04888307769352617, 0.04625261221131693, 0.05486177321696253, 0.048798968005522345, 0.05185245720475461, 0.05379404972797171, 0.055096964637271914, 0.05815497767393186, 0.03994710151768393, 0.04848186625221386], [0.04632022433048875, 0.04823472355926751, 0.04901823134717235, 0.04703695418200986, 0.04291064495779112, 0.0512096551986297, 0.05888664741834801, 0.04848569707624836, 1.0, 0.8788232971390405, 0.047821132524540504, 0.052179944533774725, 0.05609803210890187, 0.04814264742563748, 0.053338221772807316, 0.04499664254261378, 0.06117623533359073, 0.05992855455424532, 0.049371328087786624, 0.052248527192536524], [0.05287634599242932, 0.04333212543665619, 0.04840886563307056, 0.051713283431748934, 0.04990041654211676, 0.05489293796508578, 0.056760918669847546, 0.046959261284683584, 0.8788232971390405, 1.0, 0.0524815914467363, 0.05591413490907125, 0.06213205961835085, 0.04516667145359251, 0.051122500743449366, 0.056878899387442894, 0.056048542610801166, 0.06467120454403236, 0.059096579142155166, 0.052377448538237115], [0.05331014670939531, 0.04588344943104371, 0.04680334610480016, 0.053232747380242536, 0.042978690210333674, 0.05340427942443749, 0.05242890959527351, 0.04888307769352617, 0.047821132524540504, 0.0524815914467363, 1.0, 0.871844985942865, 0.06380637516367307, 0.04534612663007659, 0.05013092851782454, 0.051359426301439366, 0.050833733933575334, 0.05533700554713587, 0.04632764695310502, 0.04980753670545437], [0.059375269986467756, 0.04188478140278539, 0.04965503204981606, 0.05851157316966308, 0.05022027591121893, 0.0569692365707993, 0.052287502779112045, 0.04625261221131693, 0.052179944533774725, 0.05591413490907125, 0.871844985942865, 1.0, 0.07089323599934559, 0.049910460423724816, 0.05793134128943509, 0.0500090688502646, 0.05521380156192899, 0.05736257300575258, 0.054632554224576274, 0.048233964773769886], [0.06911317334785479, 0.0619155394547155, 0.05943898871789596, 0.06603549124357044, 0.05894281037875338, 0.06895071945827091, 0.061552647483131925, 0.05486177321696253, 0.05609803210890187, 0.06213205961835085, 0.06380637516367307, 0.07089323599934559, 1.0, 0.9656746872956733, 0.05480545785777856, 0.05218132895636341, 0.060559495122802745, 0.06925009482733263, 0.06342973200966749, 0.06283037488482503], [0.05342178763780122, 0.0458506676516697, 0.06155403350991828, 0.0679152644053999, 0.048387987000403435, 0.04900712388250949, 0.06114040076605187, 0.048798968005522345, 0.04814264742563748, 0.04516667145359251, 0.04534612663007659, 0.049910460423724816, 0.9656746872956733, 1.0, 0.04805668007673249, 0.05000854427762671, 0.06041125763296502, 0.05683758808906074, 0.046749384103597184, 0.048407907927061934], [0.05664144765261733, 0.05260293456264669, 0.04923735351942745, 0.050192435060666646, 0.04825403328661396, 0.0600004867777408, 0.05599179893083947, 0.05185245720475461, 0.053338221772807316, 0.051122500743449366, 0.05013092851782454, 0.05793134128943509, 0.05480545785777856, 0.04805668007673249, 1.0, 0.860973761845588, 0.055852747076856675, 0.06267033691693126, 0.042663802249808945, 0.044766302216056625], [0.0495670770999987, 0.04614493204695674, 0.05123217973810562, 0.04740383418899954, 0.04828163029912049, 0.06561533262358495, 0.04963770671498664, 0.05379404972797171, 0.04499664254261378, 0.056878899387442894, 0.051359426301439366, 0.0500090688502646, 0.05218132895636341, 0.05000854427762671, 0.860973761845588, 1.0, 0.05763096971362069, 0.05764195365506301, 0.04549685543889488, 0.048556057186027846], [0.06367770567700658, 0.05409280748093071, 0.05010119952661538, 0.045220776228388056, 0.051601475666785405, 0.05662442390694976, 0.061901387222876136, 0.055096964637271914, 0.06117623533359073, 0.056048542610801166, 0.050833733933575334, 0.05521380156192899, 0.060559495122802745, 0.06041125763296502, 0.055852747076856675, 0.05763096971362069, 1.0, 1.0, 0.05388052239914255, 0.04750490987155485], [0.05841792010972404, 0.05258855774313361, 0.054547191658192655, 0.051965054234971476, 0.055373250789278086, 0.06334012152785531, 0.07021601432802624, 0.05815497767393186, 0.05992855455424532, 0.06467120454403236, 0.05533700554713587, 0.05736257300575258, 0.06925009482733263, 0.05683758808906074, 0.06267033691693126, 0.05764195365506301, 1.0, 1.0, 0.047088139317047105, 0.05929060043347731], [0.04662463206763934, 0.04954795185538422, 0.046047372765692735, 0.05097046932612353, 0.05349649351906708, 0.058464244525823036, 0.05523234929538248, 0.03994710151768393, 0.049371328087786624, 0.059096579142155166, 0.04632764695310502, 0.054632554224576274, 0.06342973200966749, 0.046749384103597184, 0.042663802249808945, 0.04549685543889488, 0.05388052239914255, 0.047088139317047105, 1.0, 0.8297275076471461], [0.0492939945307383, 0.05076639613220498, 0.04633083770226944, 