{"model": "LSING", "dataset": "dim20_cop_gau", "N": 20000, "seed": 123450, "metrics": {"TP": 19, "FP": 0, "FN": 0, "TN": 171, "TPR": 1.0, "FDR": 0.0, "FPR": 0.0, "Hamming": 0}, "omega": [[1.0, 0.9066559711096939, 0.05169538814219126, 0.05064304403417471, 0.045118113395458154, 0.04748556784823866, 0.048361081924182515, 0.045540666416333225, 0.049110860762133925, 0.05854025219183893, 0.041988118201748435, 0.06273032237933457, 0.04230514043790086, 0.048554527069703514, 0.05063838523185527, 0.05087055994819607, 0.04405347745866632, 0.060900320013935166, 0.044638919054410614, 0.048599390322496765], [0.9066559711096939, 1.0, 0.7370666195450772, 0.07494092442940331, 0.050827812903058045, 0.05438806928607157, 0.05632411794507744, 0.05722840790166425, 0.060112210032369065, 0.070067160147885, 0.06502010624445871, 0.0757575604008653, 0.0651706960006017, 0.06951071811121459, 0.0643569748386929, 0.06796264493313832, 0.056474036665927596, 0.06399053364920455, 0.05896136353532707, 0.0608969036754001], [0.05169538814219126, 0.7370666195450772, 1.0, 0.7947262217944994, 0.0596351965560232, 0.04768515191819633, 0.060270733382859466, 0.049817214529703516, 0.046335824015961695, 0.06313972730244091, 0.04780115190197964, 0.05915828618145409, 0.05123719685631149, 0.04894809975386984, 0.05021525204504995, 0.04849231126363495, 0.049684449148526114, 0.05113178140577979, 0.058298571142183155, 0.05160489448948614], [0.05064304403417471, 0.07494092442940331, 0.7947262217944994, 1.0, 0.7179223461183265, 0.06814093411747535, 0.08795967665046023, 0.06018041972139174, 0.06235920491264938, 0.07814863739293841, 0.059363661425787834, 0.06725180186956024, 0.04666004240663452, 0.0732027333224663, 0.05613443164568889, 0.08181872862298245, 0.05711571241720054, 0.0641493855273904, 0.07831649058048187, 0.05892407913686967], [0.045118113395458154, 0.050827812903058045, 0.0596351965560232, 0.7179223461183265, 1.0, 0.6547177835256921, 0.07724815870711631, 0.05898891792203856, 0.060870899310315515, 0.053428041460474765, 0.048040131335586704, 0.06784933608047726, 0.04395106593956265, 0.05126396836851469, 0.05821338460974964, 0.06060056470415871, 0.05293208521700862, 0.05274441726596176, 0.0628195805582063, 0.046943995184762576], [0.04748556784823866, 0.05438806928607157, 0.04768515191819633, 0.06814093411747535, 0.6547177835256921, 1.0, 0.824649335129844, 0.06521695899107607, 0.055589982617389934, 0.06260357359845192, 0.047554929131683125, 0.0647279000817265, 0.04722076578827215, 0.05198666289395713, 0.04371188554486528, 0.05362372164281742, 0.042512853820833016, 0.04494884998530712, 0.05325705502741039, 0.051804090617165136], [0.048361081924182515, 0.05632411794507744, 0.060270733382859466, 0.08795967665046023, 0.07724815870711631, 0.824649335129844, 1.0, 1.0, 0.06736753274023133, 0.06849912716482276, 0.07225137653104391, 0.061220099785744025, 0.05935318873175168, 0.05976910828915917, 0.0748767339621866, 0.05929260857420937, 0.051100300414112655, 0.06450469696745172, 0.06642297192863651, 0.07557299249307226], [0.045540666416333225, 0.05722840790166425, 0.049817214529703516, 0.06018041972139174, 0.05898891792203856, 0.06521695899107607, 1.0, 1.0, 0.916735508363756, 0.06833490001434338, 0.059191247295238475, 0.059593186950712175, 0.050338236737336936, 0.04749744901739463, 0.05603288163804188, 0.05049929045007735, 0.05408761498119843, 0.050647311399239996, 0.05432349611903942, 0.06266320836512596], [0.049110860762133925, 0.060112210032369065, 0.046335824015961695, 0.06235920491264938, 0.060870899310315515, 0.055589982617389934, 0.06736753274023133, 0.916735508363756, 1.0, 0.9302430294111973, 0.06707482330102951, 0.059756300951500085, 0.04942589435723626, 0.04392938136417561, 0.05160009239317188, 0.06058200114187839, 0.05064659492926589, 0.047712421464405914, 0.05948970422162283, 0.058223748959545796], [0.05854025219183893, 0.070067160147885, 0.06313972730244091, 0.07814863739293841, 0.053428041460474765, 0.06260357359845192, 0.06849912716482276, 0.06833490001434338, 0.9302430294111973, 1.0, 0.8452669783812, 0.09579535925971386, 0.05751534713634291, 0.059744147174256405, 0.05366168406651861, 0.0628286360396839, 0.04378618872364334, 0.04864423784790035, 0.06714953713942687, 0.051504427924238996], [0.041988118201748435, 0.06502010624445871, 0.04780115190197964, 0.059363661425787834, 0.048040131335586704, 0.047554929131683125, 0.07225137653104391, 0.059191247295238475, 0.06707482330102951, 0.8452669783812, 1.0, 0.8847870707156563, 0.0528662818186063, 0.055492142526218605, 0.05511892982173109, 0.06071137290186137, 0.045462492552207245, 0.049225759828639956, 0.06665053152985143, 0.0495091341883255], [0.06273032237933457, 0.0757575604008653, 0.05915828618145409, 0.06725180186956024, 0.06784933608047726, 0.0647279000817265, 0.061220099785744025, 0.059593186950712175, 0.059756300951500085, 0.09579535925971386, 0.8847870707156563, 1.0, 0.9466820240549376, 0.060237508398426086, 0.05749346159986557, 0.054013561693167435, 0.05420007455481701, 0.06787038981278955, 0.07992032084993331, 0.05580527660214569], [0.04230514043790086, 0.0651706960006017, 0.05123719685631149, 0.04666004240663452, 0.04395106593956265, 0.04722076578827215, 0.05935318873175168, 0.050338236737336936, 0.04942589435723626, 0.05751534713634291, 0.0528662818186063, 0.9466820240549376, 1.0, 0.794901334046122, 0.056302672775511015, 0.05095700641929137, 0.04467409947762698, 0.04937469296640378, 0.06019953548979844, 0.04925053396235436], [0.048554527069703514, 0.06951071811121459, 0.04894809975386984, 0.0732027333224663, 0.05126396836851469, 0.05198666289395713, 0.05976910828915917, 0.04749744901739463, 0.04392938136417561, 0.059744147174256405, 0.055492142526218605, 0.060237508398426086, 0.794901334046122, 1.0, 0.7297177485759373, 0.07880729697757316, 0.045966356177704684, 0.05056031446950606, 0.0516541684013395, 0.04793330915742292], [0.05063838523185527, 0.0643569748386929, 0.05021525204504995, 0.05613443164568889, 0.05821338460974964, 0.04371188554486528, 0.0748767339621866, 0.05603288163804188, 0.05160009239317188, 0.05366168406651861, 0.05511892982173109, 0.05749346159986557, 0.056302672775511015, 0.7297177485759373, 1.0, 0.8682094513643406, 0.045534461087362366, 0.06109097791650811, 0.06702867739223382, 0.05186812206299735], [0.05087055994819607, 0.06796264493313832, 0.04849231126363495, 0.08181872862298245, 0.06060056470415871, 0.05362372164281742, 0.05929260857420937, 0.05049929045007735, 0.06058200114187839, 0.0628286360396839, 0.06071137290186137, 0.054013561693167435, 0.05095700641929137, 0.07880729697757316, 0.8682094513643406, 1.0, 0.7902688978217356, 0.058692404202023006, 0.0605177739774191, 0.05105572549679679], [0.04405347745866632, 0.056474036665927596, 0.049684449148526114, 0.05711571241720054, 0.05293208521700862, 0.042512853820833016, 0.051100300414112655, 0.05408761498119843, 0.05064659492926589, 0.04378618872364334, 0.045462492552207245, 0.05420007455481701, 0.04467409947762698, 0.045966356177704684, 0.045534461087362366, 0.7902688978217356, 1.0, 0.7094634150160364, 0.051847889649923685, 0.0459202434711761], [0.060900320013935166, 0.06399053364920455, 0.05113178140577979, 0.0641493855273904, 0.05274441726596176, 0.04494884998530712, 0.06450469696745172, 0.050647311399239996, 0.047712421464405914, 0.04864423784790035, 0.049225759828639956, 0.06787038981278955, 0.04937469296640378, 0.05056031446950606, 0.06109097791650811, 0.058692404202023006, 0.7094634150160364, 1.0, 0.9450360583610579, 0.06758017753357064], [0.044638919054410614, 0.05896136353532707, 0.058298571142183155, 0.07831649058048187, 0.0628195805582063, 0.05325705502741039, 0.06642297192863651, 0.05432349611903942, 0.05948970422162283, 0.06714953713942687, 0.06665053152985143, 0.07992032084993331, 0.06019953548979844, 0.0516541684013395, 0.06702867739223382, 0.0605177739774191, 0.051847889649923685, 0.9450360583610579, 1.0, 0.935541915520571], [0.048599390322496765, 0.0608969036754001, 0.05160489448948614, 0.05892407913686967, 0.046943995184762576, 