{"model": "LSING", "dataset": "dim20_cop_gau", "N": 20000, "seed": 120, "metrics": {"TP": 19, "FP": 0, "FN": 0, "TN": 171, "TPR": 1.0, "FDR": 0.0, "FPR": 0.0, "Hamming": 0}, "omega": [[1.0, 0.6401419687054236, 0.05375295212459904, 0.0429209633747347, 0.04019692007255729, 0.03714454105418344, 0.03732680717315909, 0.03248338427010897, 0.04067324170250029, 0.03272203790697552, 0.03736279787305894, 0.03111517901459389, 0.030507849856347084, 0.043203221841739574, 0.0393974248919489, 0.044184042241415034, 0.03626822574258787, 0.03483918414896196, 0.03159828126018243, 0.03115376485962203], [0.6401419687054236, 1.0, 0.7075288519797945, 0.08467294810082013, 0.04754829761956823, 0.03665271375169807, 0.03693257522504996, 0.03948133117537257, 0.03935556635158656, 0.0348107321539003, 0.029877298623590252, 0.044484916719926375, 0.04276633235538379, 0.0503494512487644, 0.05191350814408188, 0.04546242223717935, 0.039247948367749336, 0.038436117938203576, 0.0380452315540357, 0.032983853533711194], [0.05375295212459904, 0.7075288519797945, 1.0, 1.0, 0.06842236152131734, 0.04089757474048651, 0.044605422220038604, 0.04757181628209292, 0.05132255141128236, 0.04411793251726766, 0.04160748116471791, 0.037484328647256336, 0.035073305869828625, 0.04872444040284752, 0.05944235398757267, 0.052078239775087284, 0.038107647990362564, 0.03632795498923017, 0.0487701405250377, 0.046702975755504784], [0.0429209633747347, 0.08467294810082013, 1.0, 1.0, 0.9707731534092711, 0.05067398117823823, 0.05278366925437323, 0.05063887257200267, 0.05365968542116091, 0.041979431938225585, 0.03644462402110103, 0.05513750679442233, 0.05406231643503007, 0.07046004902170341, 0.0730899511971581, 0.056774120368016226, 0.03917563074963991, 0.04284584351124537, 0.05300156428700671, 0.0436026466368985], [0.04019692007255729, 0.04754829761956823, 0.06842236152131734, 0.9707731534092711, 1.0, 0.6248011684176882, 0.04604948753068305, 0.037289022882808505, 0.0482264998077496, 0.040404751567038114, 0.055033657523805894, 0.05378479954106993, 0.03995903986564277, 0.05456184479872372, 0.05647072361298365, 0.051506359276575604, 0.04195352011723776, 0.039472616345648665, 0.03812581272786397, 0.041441133640391245], [0.03714454105418344, 0.03665271375169807, 0.04089757474048651, 0.05067398117823823, 0.6248011684176882, 1.0, 0.5566564107213008, 0.04308226378922566, 0.03554819697395953, 0.03449636292072186, 0.031208141459637663, 0.03476369994243738, 0.030646541826703174, 0.03837626724388285, 0.04182005934582993, 0.04469056726978214, 0.03246558898922927, 0.03459437375399795, 0.03322963934529239, 0.033965316966883964], [0.03732680717315909, 0.03693257522504996, 0.044605422220038604, 0.05278366925437323, 0.04604948753068305, 0.5566564107213008, 1.0, 0.670245774919642, 0.04640705378547965, 0.04003797062944118, 0.038666461997073145, 0.035728161979028325, 0.035239308227069256, 0.042589573569025214, 0.03837066275312304, 0.053798171569662, 0.033339807730376377, 0.03587007167366417, 0.037564794765389264, 0.03833461963896198], [0.03248338427010897, 0.03948133117537257, 0.04757181628209292, 0.05063887257200267, 0.037289022882808505, 0.04308226378922566, 0.670245774919642, 1.0, 0.8906064357635565, 0.0419107935455739, 0.035351064380748976, 0.030714405511006217, 0.028151745719099733, 0.04294580773454906, 0.04767306145880476, 0.044810431014793685, 0.03312277050187151, 0.03306112110351359, 0.03262375733201368, 0.03076965142072], [0.04067324170250029, 0.03935556635158656, 0.05132255141128236, 0.05365968542116091, 0.0482264998077496, 0.03554819697395953, 0.04640705378547965, 0.8906064357635565, 1.0, 0.6746470796941814, 0.05824466766453874, 0.04631631958573568, 0.0420109814882852, 0.03945189609331404, 0.048292948306999935, 0.05324153595078324, 0.0404001148225158, 0.04031611777293246, 0.041725634415058686, 0.03981957702212788], [0.03272203790697552, 0.0348107321539003, 0.04411793251726766, 0.041979431938225585, 0.040404751567038114, 0.03449636292072186, 0.04003797062944118, 0.0419107935455739, 0.6746470796941814, 1.0, 0.5777219733223785, 0.04289076125470721, 0.03352628616619819, 0.0421827046703776, 0.04373700867791986, 0.04828099018506397, 0.03615543280925345, 0.04238611163417419, 0.03630207384976111, 0.03647867283654282], [0.03736279787305894, 0.029877298623590252, 0.04160748116471791, 0.03644462402110103, 0.055033657523805894, 0.031208141459637663, 0.038666461997073145, 0.035351064380748976, 0.05824466766453874, 0.5777219733223785, 1.0, 0.6516946855068646, 0.03934183765033893, 0.05900780141022897, 0.05131268730300164, 0.05762506462039209, 0.037775142144408254, 0.035952085930097764, 0.03574169380719725, 0.05131893610565537], [0.03111517901459389, 0.044484916719926375, 0.037484328647256336, 0.05513750679442233, 0.05378479954106993, 0.03476369994243738, 0.035728161979028325, 0.030714405511006217, 0.04631631958573568, 0.04289076125470721, 0.6516946855068646, 1.0, 0.5984912751783281, 0.048421305719121004, 0.05184910763620866, 0.05419044501415707, 0.04130197761206394, 0.035255010772690325, 0.03760091714014045, 0.04745272724543002], [0.030507849856347084, 0.04276633235538379, 0.035073305869828625, 0.05406231643503007, 0.03995903986564277, 0.030646541826703174, 0.035239308227069256, 0.028151745719099733, 0.0420109814882852, 0.03352628616619819, 0.03934183765033893, 0.5984912751783281, 1.0, 0.6696581624723872, 0.06069013300356564, 0.05660373566717965, 0.03527783398745649, 0.030418330133387288, 0.03631256309398653, 0.03809756527626069], [0.043203221841739574, 0.0503494512487644, 0.04872444040284752, 0.07046004902170341, 0.05456184479872372, 0.03837626724388285, 0.042589573569025214, 0.04294580773454906, 0.03945189609331404, 0.0421827046703776, 0.05900780141022897, 0.048421305719121004, 0.6696581624723872, 1.0, 0.6814618336429235, 0.0778877302274691, 0.045671953999158015, 0.034834254651614834, 0.032253444184569706, 0.049191551185180024], [0.0393974248919489, 0.05191350814408188, 0.05944235398757267, 0.0730899511971581, 0.05647072361298365, 0.04182005934582993, 0.03837066275312304, 0.04767306145880476, 0.048292948306999935, 0.04373700867791986, 0.05131268730300164, 0.05184910763620866, 0.06069013300356564, 0.6814618336429235, 1.0, 0.6317288917184977, 0.06414573109825152, 0.047073056234764835, 0.03989891687284306, 0.061046856794993005], [0.044184042241415034, 0.04546242223717935, 0.052078239775087284, 0.056774120368016226, 0.051506359276575604, 0.04469056726978214, 0.053798171569662, 0.044810431014793685, 0.05324153595078324, 0.04828099018506397, 0.05762506462039209, 0.05419044501415707, 0.05660373566717965, 0.0778877302274691, 0.6317288917184977, 1.0, 0.6239894581574242, 0.05981095919713911, 0.05337933560030212, 0.05079621634897045], [0.03626822574258787, 0.039247948367749336, 0.038107647990362564, 0.03917563074963991, 0.04195352011723776, 0.03246558898922927, 0.033339807730376377, 0.03312277050187151, 0.0404001148225158, 0.03615543280925345, 0.037775142144408254, 0.04130197761206394, 0.03527783398745649, 0.045671953999158015, 0.06414573109825152, 0.6239894581574242, 1.0, 0.5179785313640598, 0.029296470627170744, 0.02579038992855829], [0.03483918414896196, 0.038436117938203576, 0.03632795498923017, 0.04284584351124537, 0.039472616345648665, 0.03459437375399795, 0.03587007167366417, 0.03306112110351359, 0.04031611777293246, 0.04238611163417419, 0.035952085930097764, 0.035255010772690325, 0.030418330133387288, 0.034834254651614834, 0.047073056234764835, 0.05981095919713911, 0.5179785313640598, 1.0, 0.5610265430727819, 0.03314754454987205], [0.03159828126018243, 0.0380452315540357, 0.0487701405250377, 0.05300156428700671, 0.03812581272786397, 0.03322963934529239, 0.037564794765389264, 0.03262375733201368, 0.041725634415058686, 0.03630207384976111, 0.03574169380719725, 0.03760091714014045, 0.03631256309398653, 0.032253444184569706, 0.03989891687284306, 0.05337933560030212, 0.029296470627170744, 0.5610265430727819, 1.0, 0.8283589114246235], [0.03115376485962203, 0.032983853533711194, 0.046702975755504784, 0.0436026466368985, 0.041441133640391245, 