{"model": "LSING", "dataset": "dim20_cop_gau", "N": 20000, "seed": 12340, "metrics": {"TP": 19, "FP": 0, "FN": 0, "TN": 171, "TPR": 1.0, "FDR": 0.0, "FPR": 0.0, "Hamming": 0}, "omega": [[1.0, 0.928362518523323, 0.08358265015679242, 0.039703728358175115, 0.04050774786372681, 0.042116690021130304, 0.04906731562538189, 0.036331463121505314, 0.03136977328993193, 0.04067619502968901, 0.03510010618924291, 0.045479463138281, 0.04159909376224049, 0.04085047501550609, 0.035282968660159, 0.03549095442923085, 0.044236775353299417, 0.03753361572814956, 0.03598042987853783, 0.030563852765228428], [0.928362518523323, 1.0, 0.9905396774592581, 0.05742124372214702, 0.04663483899517479, 0.06537351826392276, 0.05836389878001337, 0.042767039702768114, 0.03912322199041236, 0.04756407143044297, 0.055816473425885554, 0.07065510225546982, 0.052919704335230966, 0.046406346874119306, 0.04966217760739479, 0.04966682958941474, 0.05892803562108665, 0.06184274825633593, 0.05236249291341584, 0.043691136142266426], [0.08358265015679242, 0.9905396774592581, 1.0, 0.9306781025888657, 0.05299496652690668, 0.054571823633424416, 0.05332229477474431, 0.038322895522748764, 0.03546803968711358, 0.036610299160671884, 0.03782926897428367, 0.05354296352073751, 0.04990932956148988, 0.040557151004441946, 0.04773937653921563, 0.03859131034361623, 0.041592459010757074, 0.04101783477256098, 0.04416504659176047, 0.030282405906585107], [0.039703728358175115, 0.05742124372214702, 0.9306781025888657, 1.0, 0.7236829085313774, 0.06186037258542799, 0.06405134062829168, 0.05166823423105522, 0.04320220050454112, 0.040178208464602704, 0.03727130493055179, 0.04891509654509376, 0.0500419610075824, 0.03745450867657841, 0.04014259128120417, 0.03820124067802494, 0.03983880971836909, 0.04200554593076119, 0.04153398028782505, 0.03767566792444149], [0.04050774786372681, 0.04663483899517479, 0.05299496652690668, 0.7236829085313774, 1.0, 0.9559860889724924, 0.06110338027105767, 0.036673034090305576, 0.03165398149243535, 0.03666378332884944, 0.041082058076916256, 0.06059727836551033, 0.04595895596619899, 0.032351139066799484, 0.03860177568113114, 0.038942705623678166, 0.0351784839761292, 0.03955703975135116, 0.02959830502485272, 0.03171831769007814], [0.042116690021130304, 0.06537351826392276, 0.054571823633424416, 0.06186037258542799, 0.9559860889724924, 1.0, 1.0, 0.06960415398715007, 0.041227148010979105, 0.06076546341142566, 0.06299355128627342, 0.06063120344722015, 0.07099739989370694, 0.046699620277847666, 0.04679975921912019, 0.05753167282169521, 0.04997988397331388, 0.04669294659764442, 0.04319114734335675, 0.04431058680134938], [0.04906731562538189, 0.05836389878001337, 0.05332229477474431, 0.06405134062829168, 0.06110338027105767, 1.0, 1.0, 0.8109740953972467, 0.05215709849946083, 0.054382012386018266, 0.058878567599171795, 0.08631075278302976, 0.06429078599348398, 0.0471225899021932, 0.0664521552330352, 0.04768027625439028, 0.056052734421795564, 0.040113096287811255, 0.03838825554572314, 0.03924674541368813], [0.036331463121505314, 0.042767039702768114, 0.038322895522748764, 0.05166823423105522, 0.036673034090305576, 0.06960415398715007, 0.8109740953972467, 1.0, 0.572927195155216, 0.04223623103636723, 0.03731179079917735, 0.04492286549261523, 0.054606431265355304, 0.04190107422297133, 0.045718381668131566, 0.04009257955483566, 0.03936731025425665, 0.03806414410776765, 0.03544588665028103, 0.03704084950439276], [0.03136977328993193, 0.03912322199041236, 0.03546803968711358, 0.04320220050454112, 0.03165398149243535, 0.041227148010979105, 0.05215709849946083, 0.572927195155216, 1.0, 0.5931443430839776, 0.03408659177791387, 0.045966553554686256, 0.03773942538178278, 0.029242705443048904, 0.03474082005767098, 0.04329365055554709, 0.0416590621575181, 0.028853653114669225, 0.036628717635648525, 0.027549533214544335], [0.04067619502968901, 0.04756407143044297, 0.036610299160671884, 0.040178208464602704, 0.03666378332884944, 0.06076546341142566, 0.054382012386018266, 0.04223623103636723, 0.5931443430839776, 1.0, 0.7616715672561423, 0.055318558230118935, 0.05057708816663668, 0.033602489789567744, 0.037505707728901806, 0.03613877244645557, 0.04215907431365968, 0.0380661048176232, 0.03326939230545097, 0.02986356532178978], [0.03510010618924291, 0.055816473425885554, 0.03782926897428367, 0.03727130493055179, 0.041082058076916256, 0.06299355128627342, 0.058878567599171795, 0.03731179079917735, 0.03408659177791387, 0.7616715672561423, 1.0, 0.8657730265869246, 0.06615525107737048, 0.039636122148066416, 0.03766579430346804, 0.034160104772445125, 0.03259251918936744, 0.03872124402942438, 0.03166127413928393, 0.028361461738341948], [0.045479463138281, 0.07065510225546982, 0.05354296352073751, 0.04891509654509376, 0.06059727836551033, 0.06063120344722015, 0.08631075278302976, 0.04492286549261523, 0.045966553554686256, 0.055318558230118935, 0.8657730265869246, 1.0, 0.8770862316197789, 0.07237544283754532, 0.047538156581650635, 0.05036088324718425, 0.05249715773630761, 0.05151599698403117, 0.042178272660656956, 0.03459690317569908], [0.04159909376224049, 0.052919704335230966, 0.04990932956148988, 0.0500419610075824, 0.04595895596619899, 0.07099739989370694, 0.06429078599348398, 0.054606431265355304, 0.03773942538178278, 0.05057708816663668, 0.06615525107737048, 0.8770862316197789, 1.0, 0.5888620593305248, 0.05092462820581122, 0.05597893594998554, 0.05311432717240839, 0.05419170804149424, 0.041389626106567025, 0.04026306658571707], [0.04085047501550609, 0.046406346874119306, 0.040557151004441946, 0.03745450867657841, 0.032351139066799484, 0.046699620277847666, 0.0471225899021932, 0.04190107422297133, 0.029242705443048904, 0.033602489789567744, 0.039636122148066416, 0.07237544283754532, 0.5888620593305248, 1.0, 0.5507459220245492, 0.04370335976029376, 0.04562385754588284, 0.03423836447554793, 0.026755803867268304, 0.035878977741782954], [0.035282968660159, 0.04966217760739479, 0.04773937653921563, 0.04014259128120417, 0.03860177568113114, 0.04679975921912019, 0.0664521552330352, 0.045718381668131566, 0.03474082005767098, 0.037505707728901806, 0.03766579430346804, 0.047538156581650635, 0.05092462820581122, 0.5507459220245492, 1.0, 0.6029922295783777, 0.04258359330105454, 0.04230348039987747, 0.03566974625367648, 0.03236033013755188], [0.03549095442923085, 0.04966682958941474, 0.03859131034361623, 0.03820124067802494, 0.038942705623678166, 0.05753167282169521, 0.04768027625439028, 0.04009257955483566, 0.04329365055554709, 0.03613877244645557, 0.034160104772445125, 0.05036088324718425, 0.05597893594998554, 0.04370335976029376, 0.6029922295783777, 1.0, 0.6392535535277372, 0.05111968185415479, 0.033927679553062584, 0.03169639043982062], [0.044236775353299417, 0.05892803562108665, 0.041592459010757074, 0.03983880971836909, 0.0351784839761292, 0.04997988397331388, 0.056052734421795564, 0.03936731025425665, 0.0416590621575181, 0.04215907431365968, 0.03259251918936744, 0.05249715773630761, 0.05311432717240839, 0.04562385754588284, 0.04258359330105454, 0.6392535535277372, 1.0, 0.6772591332693892, 0.04265781220303875, 0.03251450863007157], [0.03753361572814956, 0.06184274825633593, 0.04101783477256098, 0.04200554593076119, 0.03955703975135116, 0.04669294659764442, 0.040113096287811255, 0.03806414410776765, 0.028853653114669225, 0.0380661048176232, 0.03872124402942438, 0.05151599698403117, 0.05419170804149424, 0.03423836447554793, 0.04230348039987747, 0.05111968185415479, 0.6772591332693892, 1.0, 0.6732094667836701, 0.03873930306255457], [0.03598042987853783, 0.05236249291341584, 0.04416504659176047, 0.04153398028782505, 0.02959830502485272, 0.04319114734335675, 0.03838825554572314, 0.03544588665028103, 0.036628717635648525, 0.03326939230545097, 0.03166127413928393, 0.042178272660656956, 0.041389626106567025, 0.026755803867268304, 0.03566974625367648, 0.033927679553062584, 0.04265781220303875, 0.6732094667836701, 1.0, 0.665174412914419], [0.030563852765228428, 0.043691136142266426, 0.030282405906585107, 0.03767566792444149, 