{"model": "LSING", "dataset": "dim20_cop_gau", "N": 20000, "seed": 1230, "metrics": {"TP": 19, "FP": 0, "FN": 0, "TN": 171, "TPR": 1.0, "FDR": 0.0, "FPR": 0.0, "Hamming": 0}, "omega": [[1.0, 0.8718739153025654, 0.06091504742856169, 0.03592104986467235, 0.0493985286179118, 0.03858541113892432, 0.04201946506182908, 0.04799546250433879, 0.05195713189228728, 0.05680132908043211, 0.05791490575243664, 0.03769079029324895, 0.05008636154682379, 0.04380633106616042, 0.05253716053628506, 0.038435250417375603, 0.04944934802364135, 0.04345035399732965, 0.037966030603640115, 0.04389350114512107], [0.8718739153025654, 1.0, 0.8364002099654814, 0.05029814206634994, 0.06561584329036778, 0.057636003756380415, 0.0589696292703806, 0.05603754071275402, 0.05880885781227042, 0.05738625549934945, 0.06522353551206236, 0.05738419091420163, 0.06011356915232293, 0.04627871586730011, 0.08229544868941932, 0.0664407922896246, 0.049609264367516254, 0.060141065899561544, 0.06803923204220179, 0.05147890010615395], [0.06091504742856169, 0.8364002099654814, 1.0, 0.735282825206931, 0.0684151878403155, 0.04637594435222668, 0.051849745182612476, 0.043520090725956716, 0.048546725038916015, 0.04132607721768054, 0.05302745542226273, 0.06358472738026537, 0.07061566295110104, 0.048905202568244106, 0.06163975507931201, 0.05069610457867424, 0.05778141975847581, 0.05118015247252455, 0.06165576268470468, 0.05342266626348752], [0.03592104986467235, 0.05029814206634994, 0.735282825206931, 1.0, 0.7376987059226876, 0.04700358156445578, 0.04178513880666779, 0.047504804943451995, 0.05721943668667656, 0.040177560644568476, 0.04644513041390457, 0.04501847545842109, 0.045988083500673974, 0.04049953444519922, 0.05464976517298728, 0.04375082516860058, 0.049610317455669815, 0.04390262790911859, 0.05086413119861329, 0.04041987240231601], [0.0493985286179118, 0.06561584329036778, 0.0684151878403155, 0.7376987059226876, 1.0, 0.6763685820515715, 0.07240047934310191, 0.046041596349880004, 0.063553467464933, 0.051018722210451, 0.05591957820309156, 0.0433669687138656, 0.05000106806097091, 0.06426839620230791, 0.07101988576472366, 0.06774188020787861, 0.052694316890828596, 0.05794983068072683, 0.05723143656795875, 0.06137447668339718], [0.03858541113892432, 0.057636003756380415, 0.04637594435222668, 0.04700358156445578, 0.6763685820515715, 1.0, 0.7434172840347444, 0.055450127142510346, 0.0580452025363021, 0.038634325669557774, 0.04922173790888435, 0.05617567327103222, 0.057754115994216364, 0.03757710335476287, 0.05370145845888318, 0.048910491300061115, 0.05100683046618299, 0.04954366679106305, 0.056026790229897296, 0.04470423262248164], [0.04201946506182908, 0.0589696292703806, 0.051849745182612476, 0.04178513880666779, 0.07240047934310191, 0.7434172840347444, 1.0, 0.8151147729668378, 0.07687643339771423, 0.0460213048550791, 0.0649241656746898, 0.057369805364021795, 0.053979259121041054, 0.04756881207397344, 0.07811638231179235, 0.04969181450050149, 0.052104100076447876, 0.06046351716670109, 0.09355625839808689, 0.06059747729987798], [0.04799546250433879, 0.05603754071275402, 0.043520090725956716, 0.047504804943451995, 0.046041596349880004, 0.055450127142510346, 0.8151147729668378, 1.0, 0.825636524411149, 0.057424684066899344, 0.05882700985783676, 0.06039203693667603, 0.04754015742885982, 0.05011705582238964, 0.07472933471713221, 0.04584277563559277, 0.0420234162219629, 0.04225511058856348, 0.05296102768626983, 0.04246714730963094], [0.05195713189228728, 0.05880885781227042, 0.048546725038916015, 0.05721943668667656, 0.063553467464933, 0.0580452025363021, 0.07687643339771423, 0.825636524411149, 1.0, 0.8558729644953907, 0.05804632882489603, 0.056132485011211646, 0.06254510644408764, 0.05879608433542518, 0.07822054653844433, 0.05919504337192638, 0.05400582921725039, 0.05691504263726014, 0.05863979307699515, 0.06707245552607426], [0.05680132908043211, 0.05738625549934945, 0.04132607721768054, 0.040177560644568476, 0.051018722210451, 0.038634325669557774, 0.0460213048550791, 0.057424684066899344, 0.8558729644953907, 1.0, 0.8572278381008558, 0.05128899154548223, 0.07049863873799246, 0.049076330225020816, 0.07160479055623817, 0.044579540663243905, 0.04176443805485934, 0.05833137466700454, 0.06012062634023352, 0.059787753992218924], [0.05791490575243664, 0.06522353551206236, 0.05302745542226273, 0.04644513041390457, 0.05591957820309156, 0.04922173790888435, 0.0649241656746898, 0.05882700985783676, 0.05804632882489603, 0.8572278381008558, 1.0, 0.9259380303704634, 0.05610891114211852, 0.05091143698320489, 0.05841417933788472, 0.04785903851088477, 0.05348552381436581, 0.05831813204188237, 0.051502289310499764, 0.054021658812481235], [0.03769079029324895, 0.05738419091420163, 0.06358472738026537, 0.04501847545842109, 0.0433669687138656, 0.05617567327103222, 0.057369805364021795, 0.06039203693667603, 0.056132485011211646, 0.05128899154548223, 0.9259380303704634, 1.0, 0.9755071858875939, 0.05833348749789715, 0.0706348581029427, 0.04789632581702339, 0.05102175836508014, 0.05251620191928893, 0.0633369671806491, 0.04969082463091007], [0.05008636154682379, 0.06011356915232293, 0.07061566295110104, 0.045988083500673974, 0.05000106806097091, 0.057754115994216364, 0.053979259121041054, 0.04754015742885982, 0.06254510644408764, 0.07049863873799246, 0.05610891114211852, 0.9755071858875939, 1.0, 0.9136841169418294, 0.08165391337539742, 0.05290987555126586, 0.05203575249254154, 0.06805965330141972, 0.07090215616555332, 0.056361271323953736], [0.04380633106616042, 0.04627871586730011, 0.048905202568244106, 0.04049953444519922, 0.06426839620230791, 0.03757710335476287, 0.04756881207397344, 0.05011705582238964, 0.05879608433542518, 0.049076330225020816, 0.05091143698320489, 0.05833348749789715, 0.9136841169418294, 1.0, 0.8007626421153277, 0.07405401074529228, 0.04648360057261377, 0.048114373292433364, 0.049402990517481864, 0.05166930110615182], [0.05253716053628506, 0.08229544868941932, 0.06163975507931201, 0.05464976517298728, 0.07101988576472366, 0.05370145845888318, 0.07811638231179235, 0.07472933471713221, 0.07822054653844433, 0.07160479055623817, 0.05841417933788472, 0.0706348581029427, 0.08165391337539742, 0.8007626421153277, 1.0, 0.7968363302037261, 0.07252322816337699, 0.061242106996152054, 0.05642437343084874, 0.06624713553367646], [0.038435250417375603, 0.0664407922896246, 0.05069610457867424, 0.04375082516860058, 0.06774188020787861, 0.048910491300061115, 0.04969181450050149, 0.04584277563559277, 0.05919504337192638, 0.044579540663243905, 0.04785903851088477, 0.04789632581702339, 0.05290987555126586, 0.07405401074529228, 0.7968363302037261, 1.0, 0.7021346313146692, 0.05522275825647731, 0.0635046394439109, 0.0492720316023603], [0.04944934802364135, 0.049609264367516254, 0.05778141975847581, 0.049610317455669815, 0.052694316890828596, 0.05100683046618299, 0.052104100076447876, 0.0420234162219629, 0.05400582921725039, 0.04176443805485934, 0.05348552381436581, 0.05102175836508014, 0.05203575249254154, 0.04648360057261377, 0.07252322816337699, 0.7021346313146692, 1.0, 0.7294072787323707, 0.07545706354969431, 0.05027072850142994], [0.04345035399732965, 0.060141065899561544, 0.05118015247252455, 0.04390262790911859, 0.05794983068072683, 0.04954366679106305, 0.06046351716670109, 0.04225511058856348, 0.05691504263726014, 0.05833137466700454, 0.05831813204188237, 0.05251620191928893, 0.06805965330141972, 0.048114373292433364, 0.061242106996152054, 0.05522275825647731, 0.7294072787323707, 1.0, 0.8906149848488397, 0.048434631873654446], [0.037966030603640115, 0.06803923204220179, 0.06165576268470468, 0.05086413119861329, 0.05723143656795875, 0.056026790229897296, 0.09355625839808689, 0.05296102768626983, 0.05863979307699515, 0.06012062634023352, 0.051502289310499764, 0.0633369671806491, 0.07090215616555332, 0.049402990517481864, 0.05642437343084874, 0.0635046394439109, 0.07545706354969431, 0.8906149848488397, 1.0, 1.0], [0.04389350114512107, 0.05147890010615395, 0.05342266626348752, 0.04041987240231601, 0.06137447668339718, 