{"model": "LSING", "dataset": "0.3_dim20_pair_gau", "N": 10000, "seed": 123450, "metrics": {"TP": 10, "FP": 0, "FN": 0, "TN": 180, "TPR": 1.0, "FDR": 0.0, "FPR": 0.0, "Hamming": 0}, "omega": [[1.0, 0.8461839603176831, 0.10047321794119979, 0.08421791164256, 0.13698717846884986, 0.10465082677811074, 0.09496219614249289, 0.10771228846622251, 0.07464204244834481, 0.08993002317005126, 0.09789080738022543, 0.0992233552396075, 0.09262244281582542, 0.10100894259293244, 0.11074191438550429, 0.09682322575001345, 0.09901282923987811, 0.10019830170334353, 0.11470038878820457, 0.08093602452125073], [0.8461839603176831, 1.0, 0.08490826869252606, 0.0741906000665506, 0.09048847472765938, 0.0935317985454695, 0.07104953830894954, 0.06952891186108753, 0.07291928814880179, 0.09693248153024979, 0.09168934069038431, 0.08206330886543325, 0.08656495312433254, 0.07471783340535955, 0.09559367299124497, 0.08287953166198174, 0.08026870049032195, 0.0755779927571177, 0.08805942153705307, 0.07858491306535267], [0.10047321794119979, 0.08490826869252606, 1.0, 0.877142680334937, 0.09560733894753035, 0.08410448207590848, 0.08137108319425326, 0.08258061349038469, 0.07033655017983696, 0.0852248935141446, 0.07691343138948885, 0.08812811865427415, 0.08224037004194101, 0.09539658402839299, 0.07082354427806038, 0.08418079209437153, 0.09000146998202163, 0.08265847270763192, 0.11073538219681626, 0.07956853450990953], [0.08421791164256, 0.0741906000665506, 0.877142680334937, 1.0, 0.09618614836132673, 0.0863088828098305, 0.0733129097471073, 0.07732004017141655, 0.09270111123656131, 0.08539727249020321, 0.07466017233308571, 0.10912611602470354, 0.1148740321447142, 0.11126724183714916, 0.090290060161724, 0.08504057878662832, 0.10205702614566285, 0.0661773241037571, 0.09246407583701773, 0.0739618084275477], [0.13698717846884986, 0.09048847472765938, 0.09560733894753035, 0.09618614836132673, 1.0, 1.0, 0.11332570378663365, 0.10600273962229532, 0.11276361879888734, 0.12027537492846535, 0.10651382083357414, 0.12387914137036225, 0.11699306457243668, 0.10556777677602172, 0.08108041410690404, 0.10035981499308408, 0.10720822390098347, 0.12917176340644684, 0.13756975706731708, 0.10036619545611798], [0.10465082677811074, 0.0935317985454695, 0.08410448207590848, 0.0863088828098305, 1.0, 1.0, 0.09402493886361168, 0.0809539308102908, 0.1104441434728007, 0.07903495531216323, 0.08847519241900693, 0.08710744154601478, 0.08364870885833782, 0.09133066124403792, 0.0728228145894619, 0.10513216443747432, 0.08973576908126316, 0.09077535599736268, 0.10292117029223191, 0.07366731425660243], [0.09496219614249289, 0.07104953830894954, 0.08137108319425326, 0.0733129097471073, 0.11332570378663365, 0.09402493886361168, 1.0, 0.9199207542764595, 0.08070377513444596, 0.08115608528050762, 0.0693067296045265, 0.08356962785029684, 0.09087108157584628, 0.07773506307251413, 0.0706232850475933, 0.08501856525751261, 0.09660753043062956, 0.11656059322111498, 0.09570523393668255, 0.07223197625933252], [0.10771228846622251, 0.06952891186108753, 0.08258061349038469, 0.07732004017141655, 0.10600273962229532, 0.0809539308102908, 0.9199207542764595, 1.0, 0.0917092167510744, 0.08033533467101768, 0.08204372827049067, 0.09279161692017238, 0.10069218201678126, 0.0880373441234514, 0.07244204708209953, 0.0766838145758758, 0.08991166170404881, 0.09236088908294629, 0.09665951909292207, 0.07498850664860751], [0.07464204244834481, 0.07291928814880179, 0.07033655017983696, 0.09270111123656131, 0.11276361879888734, 0.1104441434728007, 0.08070377513444596, 0.0917092167510744, 1.0, 0.9509120127918887, 0.07973965442922427, 0.08371479735904942, 0.08639984367040392, 0.10376927144726768, 0.09747205256040714, 0.0964811615937203, 0.09134640078426298, 0.11548753083437951, 0.10255959208733571, 0.08165750662514061], [0.08993002317005126, 0.09693248153024979, 0.0852248935141446, 0.08539727249020321, 0.12027537492846535, 0.07903495531216323, 0.08115608528050762, 0.08033533467101768, 0.9509120127918887, 1.0, 0.08354993279565026, 0.09428416613646093, 0.09246988133967811, 0.08872550248235947, 0.08165540109895797, 0.08046447449750486, 0.08580870188896629, 0.10473846032170779, 0.1311862967862824, 0.09412701562473981], [0.09789080738022543, 0.09168934069038431, 0.07691343138948885, 0.07466017233308571, 0.10651382083357414, 0.08847519241900693, 0.0693067296045265, 0.08204372827049067, 0.07973965442922427, 0.08354993279565026, 1.0, 0.971338182790465, 0.0815650364935867, 0.09665946851770403, 0.08153133210354278, 0.0852992098042754, 0.1054702225041279, 0.07146602256766314, 0.09817385025706478, 0.09586121057097441], [0.0992233552396075, 0.08206330886543325, 0.08812811865427415, 0.10912611602470354, 0.12387914137036225, 0.08710744154601478, 0.08356962785029684, 0.09279161692017238, 0.08371479735904942, 0.09428416613646093, 0.971338182790465, 1.0, 0.0876912179785935, 0.08022036921484987, 0.10014306824153565, 0.09479490663048136, 0.12164041603451194, 0.0812761960996477, 0.09469794329008255, 0.06833051609848585], [0.09262244281582542, 0.08656495312433254, 0.08224037004194101, 0.1148740321447142, 0.11699306457243668, 0.08364870885833782, 0.09087108157584628, 0.10069218201678126, 0.08639984367040392, 0.09246988133967811, 0.0815650364935867, 0.0876912179785935, 1.0, 0.9438783308891839, 0.06836331279645862, 0.07273593701228188, 0.09521041665078428, 0.08028152530087569, 0.11700124711034499, 0.07508718156085899], [0.10100894259293244, 0.07471783340535955, 0.09539658402839299, 0.11126724183714916, 0.10556777677602172, 0.09133066124403792, 0.07773506307251413, 0.0880373441234514, 0.10376927144726768, 0.08872550248235947, 0.09665946851770403, 0.08022036921484987, 0.9438783308891839, 1.0, 0.0799140031769329, 0.09723175106651955, 0.08898205725421328, 0.09283112681287668, 0.1453929181236411, 0.09425162497643196], [0.11074191438550429, 0.09559367299124497, 0.07082354427806038, 0.090290060161724, 0.08108041410690404, 0.0728228145894619, 0.0706232850475933, 0.07244204708209953, 0.09747205256040714, 0.08165540109895797, 0.08153133210354278, 0.10014306824153565, 0.06836331279645862, 0.0799140031769329, 1.0, 0.8836266575309012, 0.11096663871223528, 0.08663084997158631, 0.11405120528943101, 0.07588003328296539], [0.09682322575001345, 0.08287953166198174, 0.08418079209437153, 0.08504057878662832, 0.10035981499308408, 0.10513216443747432, 0.08501856525751261, 0.0766838145758758, 0.0964811615937203, 0.08046447449750486, 0.0852992098042754, 0.09479490663048136, 0.07273593701228188, 0.09723175106651955, 0.8836266575309012, 1.0, 0.07017964722049888, 0.08630071624304367, 0.09909684000075128, 0.08532432705466668], [0.09901282923987811, 0.08026870049032195, 0.09000146998202163, 0.10205702614566285, 0.10720822390098347, 0.08973576908126316, 0.09660753043062956, 0.08991166170404881, 0.09134640078426298, 0.08580870188896629, 0.1054702225041279, 0.12164041603451194, 0.09521041665078428, 0.08898205725421328, 0.11096663871223528, 0.07017964722049888, 1.0, 0.9843226193797677, 0.11143232999624914, 0.08261290443617704], [0.10019830170334353, 0.0755779927571177, 0.08265847270763192, 0.0661773241037571, 0.12917176340644684, 0.09077535599736268, 0.11656059322111498, 0.09236088908294629, 0.11548753083437951, 0.10473846032170779, 0.07146602256766314, 0.0812761960996477, 0.08028152530087569, 0.09283112681287668, 0.08663084997158631, 0.08630071624304367, 0.9843226193797677, 1.0, 0.09119529268017097, 0.08490698834095355], [0.11470038878820457, 0.08805942153705307, 0.11073538219681626, 0.09246407583701773, 0.13756975706731708, 0.10292117029223191, 0.09570523393668255, 0.09665951909292207, 0.10255959208733571, 0.1311862967862824, 0.09817385025706478, 0.09469794329008255, 0.11700124711034499, 0.1453929181236411, 0.11405120528943101, 0.09909684000075128, 0.11143232999624914, 0.09119529268017097, 1.0, 0.9696610446757413], [0.08093602452125073, 0.07858491306535267, 0.07956853450990953, 0.0739618084275477, 0.10036619545611798, 0.07366731425660243, 0.07223197625933252, 0.07498850664860751, 0.08165750662514061, 0.09412701562473981, 