{"model": "LSING", "dataset": "0.3_dim20_pair_gau", "N": 10000, "seed": 12340, "metrics": {"TP": 10, "FP": 0, "FN": 0, "TN": 180, "TPR": 1.0, "FDR": 0.0, "FPR": 0.0, "Hamming": 0}, "omega": [[1.0, 0.9778367470120908, 0.09046163135045561, 0.08778941544245099, 0.09327457491648224, 0.06342976720834302, 0.09417826396719824, 0.07453159001999957, 0.10806052472210434, 0.07892909744246687, 0.0939687984433356, 0.08553269041512826, 0.0751432522659379, 0.09507265829220701, 0.08007853063825318, 0.08182271442613016, 0.08923218221542872, 0.0929080075215965, 0.07740323740397978, 0.07952194925877468], [0.9778367470120908, 1.0, 0.10427986571333864, 0.12095161906210254, 0.07172879781128334, 0.09303313575443688, 0.07146498255876231, 0.08203039029925492, 0.0840345044880512, 0.08595804619987744, 0.08013693163420692, 0.09297238038563743, 0.08266154773448113, 0.07958058214544902, 0.07424227224446385, 0.07328038407912736, 0.08465225045524787, 0.10553847033226132, 0.08100721478052465, 0.08541331307215898], [0.09046163135045561, 0.10427986571333864, 1.0, 0.8948677531039746, 0.09143371997937275, 0.07394245391147375, 0.08033319575575161, 0.07976740695060189, 0.08031926594375835, 0.06646780027654905, 0.07342307871608536, 0.0734185745798533, 0.09019766059474546, 0.0786835224412163, 0.09150774768176936, 0.0803861923338521, 0.09652823361734073, 0.08135689780282396, 0.06215742101812968, 0.09119493255592069], [0.08778941544245099, 0.12095161906210254, 0.8948677531039746, 1.0, 0.09205564543579262, 0.08409195063986125, 0.08613198060909061, 0.09032168120837916, 0.10226430430732267, 0.10964114643629468, 0.09838510538292895, 0.10026455512032607, 0.0911441348474768, 0.10934536845809542, 0.08749900368833922, 0.17818496612191154, 0.0878017220194, 0.13177335334890358, 0.0894826405624427, 0.08312085504885354], [0.09327457491648224, 0.07172879781128334, 0.09143371997937275, 0.09205564543579262, 1.0, 0.71544778065412, 0.07108162627570451, 0.0818987445731024, 0.08467403727048056, 0.07036446193626765, 0.06543797085820038, 0.09804310749192321, 0.0828773506953317, 0.06753358366909655, 0.08029717903465192, 0.08123650832506238, 0.0971251066915565, 0.11014094459861146, 0.0728361714866035, 0.08031546293594037], [0.06342976720834302, 0.09303313575443688, 0.07394245391147375, 0.08409195063986125, 0.71544778065412, 1.0, 0.07354986019335735, 0.09133097056513416, 0.06816215756888257, 0.08290961624300977, 0.08180074209832097, 0.07528711726900345, 0.0790232177937727, 0.07175403843419005, 0.06934005330452898, 0.07778872435354105, 0.08566905852760283, 0.08114914281404158, 0.07390709739689626, 0.08260557477077848], [0.09417826396719824, 0.07146498255876231, 0.08033319575575161, 0.08613198060909061, 0.07108162627570451, 0.07354986019335735, 1.0, 0.8980343436595599, 0.1070130579683588, 0.07352565625837808, 0.09289063754255986, 0.09660202397276449, 0.10407514167268091, 0.08635087999309282, 0.0855166053834964, 0.09533535501301688, 0.10654339741534276, 0.10107164668121493, 0.07884019599643781, 0.06552849826739983], [0.07453159001999957, 0.08203039029925492, 0.07976740695060189, 0.09032168120837916, 0.0818987445731024, 0.09133097056513416, 0.8980343436595599, 1.0, 0.08678049438272284, 0.09648537475592, 0.06757233124444717, 0.09598544564354924, 0.0973039080777763, 0.08082224237301053, 0.10241815970825725, 0.10123744309019779, 0.10630421168547648, 0.1046573347002191, 0.08048620816571363, 0.08277307625858935], [0.10806052472210434, 0.0840345044880512, 0.08031926594375835, 0.10226430430732267, 0.08467403727048056, 0.06816215756888257, 0.1070130579683588, 0.08678049438272284, 1.0, 0.9113818644127427, 0.09219251279534803, 0.08898044710538834, 0.07489706616443538, 0.10267914862211297, 0.10239109396897304, 0.08900304417408011, 0.08394844029319193, 0.10342953608149773, 0.08373403413291727, 0.07421570848038661], [0.07892909744246687, 0.08595804619987744, 0.06646780027654905, 0.10964114643629468, 0.07036446193626765, 0.08290961624300977, 0.07352565625837808, 0.09648537475592, 0.9113818644127427, 1.0, 0.08733252251969903, 0.09557065043502917, 0.09120191383067407, 0.09155345197873825, 0.09077704092424897, 0.07694361635510302, 0.08868080337247022, 0.08982641991980793, 0.08092064315420618, 0.08560716553020935], [0.0939687984433356, 0.08013693163420692, 0.07342307871608536, 0.09838510538292895, 0.06543797085820038, 0.08180074209832097, 0.09289063754255986, 0.06757233124444717, 0.09219251279534803, 0.08733252251969903, 1.0, 0.9155996347017293, 0.07391791987323336, 0.09935596635508993, 0.08396491271873352, 0.0830805442572334, 0.08697235530870209, 0.10946583159526237, 0.0865101780056464, 0.07073551982675483], [0.08553269041512826, 0.09297238038563743, 0.0734185745798533, 0.10026455512032607, 0.09804310749192321, 0.07528711726900345, 0.09660202397276449, 0.09598544564354924, 0.08898044710538834, 0.09557065043502917, 0.9155996347017293, 1.0, 0.09179194749269495, 0.07974896754612432, 0.09520900457967259, 0.08457801268713963, 0.09112360842651375, 0.10592803037412692, 0.10225228691174289, 0.07209560528126806], [0.0751432522659379, 0.08266154773448113, 0.09019766059474546, 0.0911441348474768, 0.0828773506953317, 0.0790232177937727, 0.10407514167268091, 0.0973039080777763, 0.07489706616443538, 0.09120191383067407, 0.07391791987323336, 0.09179194749269495, 1.0, 0.9446412138755724, 0.10805590873270117, 0.09888787174646953, 0.07331447747130906, 0.09144839456979809, 0.06798257866671718, 0.07727984971560704], [0.09507265829220701, 0.07958058214544902, 0.0786835224412163, 0.10934536845809542, 0.06753358366909655, 0.07175403843419005, 0.08635087999309282, 0.08082224237301053, 0.10267914862211297, 0.09155345197873825, 0.09935596635508993, 0.07974896754612432, 0.9446412138755724, 1.0, 0.08610857328693977, 0.0848202102682477, 0.09659449980091227, 0.10195322154156324, 0.11155072559861416, 0.08094071943435863], [0.08007853063825318, 0.07424227224446385, 0.09150774768176936, 0.08749900368833922, 0.08029717903465192, 0.06934005330452898, 0.0855166053834964, 0.10241815970825725, 0.10239109396897304, 0.09077704092424897, 0.08396491271873352, 0.09520900457967259, 0.10805590873270117, 0.08610857328693977, 1.0, 1.0, 0.10856452965490558, 0.1167289272335867, 0.09107658371650047, 0.0849279439689163], [0.08182271442613016, 0.07328038407912736, 0.0803861923338521, 0.17818496612191154, 0.08123650832506238, 0.07778872435354105, 0.09533535501301688, 0.10123744309019779, 0.08900304417408011, 0.07694361635510302, 0.0830805442572334, 0.08457801268713963, 0.09888787174646953, 0.0848202102682477, 1.0, 1.0, 0.08939163027491916, 0.08737411825872396, 0.08666286849672568, 0.07006143805508092], [0.08923218221542872, 0.08465225045524787, 0.09652823361734073, 0.0878017220194, 0.0971251066915565, 0.08566905852760283, 0.10654339741534276, 0.10630421168547648, 0.08394844029319193, 0.08868080337247022, 0.08697235530870209, 0.09112360842651375, 0.07331447747130906, 0.09659449980091227, 0.10856452965490558, 0.08939163027491916, 1.0, 0.9369153789402107, 0.08614324231373381, 0.08117768446955931], [0.0929080075215965, 0.10553847033226132, 0.08135689780282396, 0.13177335334890358, 0.11014094459861146, 0.08114914281404158, 0.10107164668121493, 0.1046573347002191, 0.10342953608149773, 0.08982641991980793, 0.10946583159526237, 0.10592803037412692, 0.09144839456979809, 0.10195322154156324, 0.1167289272335867, 0.08737411825872396, 0.9369153789402107, 1.0, 0.07018583242199371, 0.07703355176093339], [0.07740323740397978, 0.08100721478052465, 0.06215742101812968, 0.0894826405624427, 0.0728361714866035, 0.07390709739689626, 0.07884019599643781, 0.08048620816571363, 0.08373403413291727, 0.08092064315420618, 0.0865101780056464, 0.10225228691174289, 0.06798257866671718, 0.11155072559861416, 0.09107658371650047, 0.08666286849672568, 0.08614324231373381, 0.07018583242199371, 1.0, 0.7696147248621511], [0.07952194925877468, 0.08541331307215898, 0.09119493255592069, 0.08312085504885354, 0.08031546293594037, 0.08260557477077848, 0.06552849826739983, 0.08277307625858935, 0.07421570848038661, 