{"model": "GLASSO", "dataset": "dim6_butterfly", "N": 100, "seed": 123450, "metrics": {"TP": 1, "FP": 0, "FN": 2, "TN": 12, "TPR": 0.3333333333333333, "FDR": 0.0, "FPR": 0.0, "Hamming": 2}, "omega": [[1.0000000000000002, 0.0, 0.0, 0.0, 0.0, 0.0], [0.0, 1.0000000000000002, 0.0, 0.0, 0.0, 0.0], [0.0, 0.0, 1.0, 0.0, 0.0, 0.0], [0.0, 0.0, 0.0, 1.0, 0.0, 0.0], [0.0, 0.0, 0.0, 0.0, 1.1074772182136938, 0.34500517481430326], [0.0, 0.0, 0.0, 0.0, 0.3450051748143032, 1.1074772182136943]], "meta_info": {"source": "pretrained"}}