{"model": "SING", "dataset": "dim6_butterfly", "N": 20000, "seed": 1230, "metrics": {"TP": 3, "FP": 0, "FN": 0, "TN": 12, "TPR": 1.0, "FDR": 0.0, "FPR": 0.0, "Hamming": 0}, "omega": [[455.69190690921045, 0.6462490739601595, 0.0, 0.0, 0.0, 0.0], [0.6462490739601595, 817.1261317540889, 0.0, 0.0, 0.0, 0.0], [0.0, 0.0, 453.9684391462912, 0.6352642158891244, 0.0, 0.0], [0.0, 0.0, 0.6352642158891244, 799.2945907883935, 0.0, 0.0], [0.0, 0.0, 0.0, 0.0, 455.15508110877016, 0.6246278546276411], [0.0, 0.0, 0.0, 0.0, 0.6246278546276411, 803.9308134186384]], "meta_info": {"source": "pretrained", "p_order": 3}}