{"model": "SING", "dataset": "dim6_butterfly", "N": 20000, "seed": 120, "metrics": {"TP": 3, "FP": 0, "FN": 0, "TN": 12, "TPR": 1.0, "FDR": 0.0, "FPR": 0.0, "Hamming": 0}, "omega": [[455.08224633226206, 0.626258000526974, 0.0, 0.0, 0.0, 0.0], [0.626258000526974, 801.6933623445437, 0.0, 0.0, 0.0, 0.0], [0.0, 0.0, 452.24164250881364, 0.6329394017294389, 0.0, 0.0], [0.0, 0.0, 0.6329394017294389, 802.8361465046158, 0.0, 0.0], [0.0, 0.0, 0.0, 0.0, 405.1396933827856, 0.6665981443584885], [0.0, 0.0, 0.0, 0.0, 0.6665981443584885, 820.216093681683]], "meta_info": {"source": "pretrained", "p_order": 3}}