{"model": "SING", "dataset": "dim6_butterfly", "N": 20000, "seed": 12340, "metrics": {"TP": 3, "FP": 0, "FN": 0, "TN": 12, "TPR": 1.0, "FDR": 0.0, "FPR": 0.0, "Hamming": 0}, "omega": [[456.15820782986975, 0.661712672849416, 0.0, 0.0, 0.0, 0.0], [0.661712672849416, 817.8393599101842, 0.0, 0.0, 0.0, 0.0], [0.0, 0.0, 453.2142240205287, 0.6211476085820352, 0.0, 0.0], [0.0, 0.0, 0.6211476085820352, 792.6660652212895, 0.0, 0.0], [0.0, 0.0, 0.0, 0.0, 404.8615195815869, 0.6500316342831819], [0.0, 0.0, 0.0, 0.0, 0.6500316342831819, 803.0592004384221]], "meta_info": {"source": "pretrained", "p_order": 3}}