{"model": "SING", "dataset": "dim5_cop_gau", "N": 2000, "seed": 120, "metrics": {"TP": 4, "FP": 0, "FN": 0, "TN": 6, "TPR": 1.0, "FDR": 0.0, "FPR": 0.0, "Hamming": 0}, "omega": [[6.788644168003877, 4.183134978535416, 0.0, 0.0, 0.0], [4.183134978535416, 19.44720832170486, 5.060250812908625, 0.0, 0.0], [0.0, 5.060250812908625, 18.139445787267416, 3.570646166571349, 0.0], [0.0, 0.0, 3.570646166571349, 16.022013523987845, 3.9447221285261045], [0.0, 0.0, 0.0, 3.9447221285261045, 6.492822180340793]], "meta_info": {"source": "pretrained", "p_order": 1}}