{"model": "SING", "dataset": "dim5_cop_gau", "N": 2000, "seed": 1230, "metrics": {"TP": 4, "FP": 0, "FN": 0, "TN": 6, "TPR": 1.0, "FDR": 0.0, "FPR": 0.0, "Hamming": 0}, "omega": [[6.4593076233049596, 3.917791346333627, 0.0, 0.0, 0.0], [3.917791346333627, 18.257696146728193, 4.729082048706174, 0.0, 0.0], [0.0, 4.729082048706174, 19.934271128254416, 4.738053272015519, 0.0], [0.0, 0.0, 4.738053272015519, 18.63179395834112, 4.089146227052024], [0.0, 0.0, 0.0, 4.089146227052024, 6.67220882048241]], "meta_info": {"source": "pretrained", "p_order": 1}}