{"model": "SING", "dataset": "dim5_cop_gau", "N": 2000, "seed": 123450, "metrics": {"TP": 4, "FP": 0, "FN": 0, "TN": 6, "TPR": 1.0, "FDR": 0.0, "FPR": 0.0, "Hamming": 0}, "omega": [[5.9568024879676535, 3.5161470441535134, 0.0, 0.0, 0.0], [3.5161470441535134, 18.033607832086503, 5.067367510206343, 0.0, 0.0], [0.0, 5.067367510206343, 18.251092261110742, 3.6158954841636994, 0.0], [0.0, 0.0, 3.6158954841636994, 18.12904309858989, 5.001585908596101], [0.0, 0.0, 0.0, 5.001585908596101, 7.79322013393721]], "meta_info": {"source": "pretrained", "p_order": 1}}