{"model": "SING", "dataset": "dim5_cop_gau", "N": 2000, "seed": 12340, "metrics": {"TP": 4, "FP": 0, "FN": 0, "TN": 6, "TPR": 1.0, "FDR": 0.0, "FPR": 0.0, "Hamming": 0}, "omega": [[7.980443087750269, 5.155476387879387, 0.0, 0.0, 0.0], [5.155476387879387, 21.66781545348151, 5.1784426941432224, 0.0, 0.0], [0.0, 5.1784426941432224, 19.547581513936322, 4.12379793574088, 0.0], [0.0, 0.0, 4.12379793574088, 17.17979233027209, 3.966815698884379], [0.0, 0.0, 0.0, 3.966815698884379, 6.520304105261483]], "meta_info": {"source": "pretrained", "p_order": 1}}