{"model": "SING", "dataset": "dim5_cop_gau", "N": 2000, "seed": 1234560, "metrics": {"TP": 4, "FP": 0, "FN": 0, "TN": 6, "TPR": 1.0, "FDR": 0.0, "FPR": 0.0, "Hamming": 0}, "omega": [[6.27421343818286, 3.7693749591471244, 0.0, 0.0, 0.0], [3.7693749591471244, 17.750597819532352, 4.626625047803826, 0.0, 0.0], [0.0, 4.626625047803826, 17.865511461854954, 3.8241521283261926, 0.0], [0.0, 0.0, 3.8241521283261926, 17.266809601489715, 4.316265824531012], [0.0, 0.0, 0.0, 4.316265824531012, 6.953148550826856]], "meta_info": {"source": "pretrained", "p_order": 1}}