{"model": "NPN", "dataset": "dim5_cop_gau", "N": 100, "seed": 1230, "metrics": {"TP": 4, "FP": 0, "FN": 0, "TN": 6, "TPR": 1.0, "FDR": 0.0, "FPR": 0.0, "Hamming": 0}, "omega": [[2.2465971288228466, -1.6735063312105762, -0.0, -0.0, -0.0], [-1.6734996849726338, 3.75681929320958, -1.947037622231834, -0.0, -0.0], [-0.0, -1.9470345245437188, 3.517474534620789, -1.4219360264603849, -0.0], [-0.0, -0.0, -1.4218964621642094, 3.5100575193695756, -1.9393569161384772], [-0.0, -0.0, -0.0, -1.9393571567191223, 2.5027743877367077]], "meta_info": {"source": "pretrained"}}