{"model": "NPN", "dataset": "dim5_cop_gau", "N": 100, "seed": 12340, "metrics": {"TP": 4, "FP": 0, "FN": 0, "TN": 6, "TPR": 1.0, "FDR": 0.0, "FPR": 0.0, "Hamming": 0}, "omega": [[2.59846729033227, -2.038029498162228, -0.0, -0.0, -0.0], [-2.0380301926416085, 3.943393234275623, -1.775889149695275, -0.0, -0.0], [-0.0, -1.775883601385468, 4.604393045060012, -2.713783438954519, -0.0], [-0.0, -0.0, -2.713786637530271, 4.936468973629137, -2.1188103682306285], [-0.0, -0.0, -0.0, -2.118813861478056, 2.6770065173355846]], "meta_info": {"source": "pretrained"}}