{"model": "GLASSO", "dataset": "dim5_cop_gau", "N": 10000, "seed": 1234560, "metrics": {"TP": 4, "FP": 0, "FN": 0, "TN": 6, "TPR": 1.0, "FDR": 0.0, "FPR": 0.0, "Hamming": 0}, "omega": [[2.6327326157675626, -2.073281089037629, -0.0, -0.0, -0.0], [-2.0732945413920336, 4.272587789422413, -2.0807069221323236, -0.0, -0.0], [-0.0, -2.0806150469985587, 4.1844193399206, -1.982395095408549, -0.0], [-0.0, -0.0, -1.9823993705969793, 4.1939381852769175, -2.0904967647743216], [-0.0, -0.0, -0.0, -2.090497678605899, 2.649459635241356]], "meta_info": {"source": "pretrained"}}