{"model": "GLASSO", "dataset": "dim5_cop_gau", "N": 10000, "seed": 120, "metrics": {"TP": 4, "FP": 1, "FN": 0, "TN": 5, "TPR": 1.0, "FDR": 0.2, "FPR": 0.16666666666666666, "Hamming": 1}, "omega": [[2.6652762212325447, -2.106819721268126, -0.0, -0.0, -0.0], [-2.106754412287214, 4.370361412334495, -2.1474825655217145, -0.0, -0.0], [-0.0, -2.1475989694365856, 4.212361347300302, -1.7527068194897673, -0.2373257444921555], [-0.0, -0.0, -1.7525893689177363, 3.8153870707211284, -1.86370923850128], [-0.0, -0.0, -0.23730768181209505, -1.8637183437009879, 2.612738048188076]], "meta_info": {"source": "pretrained"}}