{"model": "GLASSO", "dataset": "dim5_cop_gau", "N": 500, "seed": 1230, "metrics": {"TP": 4, "FP": 0, "FN": 0, "TN": 6, "TPR": 1.0, "FDR": 0.0, "FPR": 0.0, "Hamming": 0}, "omega": [[2.498434138132445, -1.934926664258661, -0.0, -0.0, -0.0], [-1.93487268624156, 4.218720788712595, -2.1630966936527605, -0.0, -0.0], [-0.0, -2.163212027802822, 4.535368190240884, -2.260705518746562, -0.0], [-0.0, -0.0, -2.260554710811244, 4.563752979607892, -2.1921091631464003], [-0.0, -0.0, -0.0, -2.19211909577465, 2.7484089003449554]], "meta_info": {"source": "pretrained"}}