{"model": "GLASSO", "dataset": "dim5_cop_gau", "N": 500, "seed": 123450, "metrics": {"TP": 4, "FP": 0, "FN": 0, "TN": 6, "TPR": 1.0, "FDR": 0.0, "FPR": 0.0, "Hamming": 0}, "omega": [[2.5730245223584625, -2.011821989653886, -0.0, -0.0, -0.0], [-2.011822753682266, 4.470144838245654, -2.3444077972169493, -0.0, -0.0], [-0.0, -2.344376218305772, 4.582800551320947, -2.127775557676668, -0.0], [-0.0, -0.0, -2.1276770191104513, 4.262646352564977, -2.0158265961707946], [-0.0, -0.0, -0.0, -2.015831438607617, 2.5769104135300425]], "meta_info": {"source": "pretrained"}}