{"model": "GLASSO", "dataset": "dim5_cop_gau", "N": 500, "seed": 1234560, "metrics": {"TP": 4, "FP": 0, "FN": 0, "TN": 6, "TPR": 1.0, "FDR": 0.0, "FPR": 0.0, "Hamming": 0}, "omega": [[2.493562373126414, -1.929884241022379, -0.0, -0.0, -0.0], [-1.9298422677179916, 4.392627065420677, -2.3464764060186654, -0.0, -0.0], [-0.0, -2.346323445185731, 4.3474372309422025, -1.8830335032306011, -0.0], [-0.0, -0.0, -1.8830287987119285, 3.8411797977755135, -1.8256632187560662], [-0.0, -0.0, -0.0, -1.825664995515545, 2.392893601954098]], "meta_info": {"source": "pretrained"}}