{"model": "GLASSO", "dataset": "dim5_cop_gau", "N": 500, "seed": 12340, "metrics": {"TP": 4, "FP": 0, "FN": 0, "TN": 6, "TPR": 1.0, "FDR": 0.0, "FPR": 0.0, "Hamming": 0}, "omega": [[2.3309030012059564, -1.7613001970256852, -0.0, -0.0, -0.0], [-1.7613079884014589, 3.928498545587603, -2.037194284849224, -0.0, -0.0], [-0.0, -2.037125545356715, 4.2652933193527724, -2.1091880417034257, -0.0], [-0.0, -0.0, -2.1091828780324673, 4.593426657923551, -2.3736934891049564], [-0.0, -0.0, -0.0, -2.3736960618931726, 2.9257825088451894]], "meta_info": {"source": "pretrained"}}