{"model": "GLASSO", "dataset": "dim5_cop_gau", "N": 500, "seed": 120, "metrics": {"TP": 4, "FP": 0, "FN": 0, "TN": 6, "TPR": 1.0, "FDR": 0.0, "FPR": 0.0, "Hamming": 0}, "omega": [[2.9208072011248354, -2.3686191826416496, -0.0, -0.0, -0.0], [-2.368608409115861, 4.503306269047389, -2.021552339655894, -0.0, -0.0], [-0.0, -2.0215637846529546, 3.943330885370349, -1.792475913797143, -0.0], [-0.0, -0.0, -1.7924020713059892, 3.7920266277983496, -1.865268671949058], [-0.0, -0.0, -0.0, -1.8652691087583915, 2.431120715686775]], "meta_info": {"source": "pretrained"}}