{"model": "LSING", "dataset": "0.5_dim20_pair_gau", "N": 10000, "seed": 123450, "metrics": {"TP": 10, "FP": 0, "FN": 0, "TN": 180, "TPR": 1.0, "FDR": 0.0, "FPR": 0.0, "Hamming": 0}, "omega": [[1.0, 0.9364479935735437, 0.08293391866020086, 0.0614599576514081, 0.08178843573452321, 0.06007450492112609, 0.0751195667852563, 0.06534178949351352, 0.0627004404695777, 0.07230230392339926, 0.08523563803583943, 0.06398942432099967, 0.07506566858727386, 0.06753626198290265, 0.07899984803063988, 0.05454804762788952, 0.07359633129468493, 0.0716238199251657, 0.06090576894232894, 0.0712578274122519], [0.9364479935735437, 1.0, 0.0619386948680711, 0.06504081866980259, 0.0752150291364197, 0.10146528234614402, 0.07048133481981696, 0.06625365462045614, 0.06014973878593217, 0.0708216635968116, 0.07827311599125067, 0.06346258596181785, 0.07107082272725175, 0.0527522525981037, 0.07750348410922364, 0.07191112373496335, 0.07556453907821475, 0.0846818573785292, 0.06881201679597664, 0.08243197417926752], [0.08293391866020086, 0.0619386948680711, 1.0, 0.849294272833467, 0.07414846614319393, 0.06933918703726386, 0.07159593638762367, 0.06943130608426733, 0.06801549430237859, 0.07987833180254073, 0.08297565419512475, 0.0768418444880106, 0.06685856144406539, 0.07851584694615797, 0.06909921995300462, 0.08652823722593393, 0.07334159273639125, 0.0704301188821288, 0.07232573969666019, 0.060727719633483765], [0.0614599576514081, 0.06504081866980259, 0.849294272833467, 1.0, 0.07450728510601033, 0.06850531692543024, 0.05677977796412505, 0.06311371258078229, 0.06202238356552894, 0.07940244822791495, 0.07040847581630594, 0.07401831395098313, 0.08351630918720179, 0.07670618359691954, 0.06303922681088588, 0.0758880887664719, 0.06483191792688286, 0.06788738780970259, 0.06960741034634738, 0.05337782044294531], [0.08178843573452321, 0.0752150291364197, 0.07414846614319393, 0.07450728510601033, 1.0, 1.0, 0.07134697040168747, 0.09488656563435445, 0.08300419333584215, 0.08228128882204529, 0.06460275061277407, 0.07111856206386882, 0.08318337430825976, 0.07303084227195217, 0.06810542619190071, 0.08514571158700757, 0.08083988403321067, 0.06766070417069386, 0.09112391211222133, 0.07365330620300495], [0.06007450492112609, 0.10146528234614402, 0.06933918703726386, 0.06850531692543024, 1.0, 1.0, 0.08257994735239908, 0.08456531779332915, 0.06203771271031423, 0.06880540907766546, 0.07488195279953111, 0.07397830311486916, 0.06867254198101887, 0.06606224025600667, 0.06329638919668687, 0.07490277160078078, 0.07118034110168145, 0.08071997122005434, 0.0662740436071759, 0.06636896188931407], [0.0751195667852563, 0.07048133481981696, 0.07159593638762367, 0.05677977796412505, 0.07134697040168747, 0.08257994735239908, 1.0, 0.9133506094835322, 0.058889212464873816, 0.07284891103061211, 0.06793869623912505, 0.0673456229168141, 0.07955895784405206, 0.07195963564959622, 0.0646394480685245, 0.06781823935694349, 0.06804560852292398, 0.07936537536453712, 0.07507189273692226, 0.06649121147893369], [0.06534178949351352, 0.06625365462045614, 0.06943130608426733, 0.06311371258078229, 0.09488656563435445, 0.08456531779332915, 0.9133506094835322, 1.0, 0.07856810205568429, 0.06593533615587638, 0.07315851078906287, 0.07774886195993859, 0.07798932958770101, 0.08526426150725575, 0.08091917121225456, 0.08595535430514856, 0.0722867081847916, 0.07459329969855094, 0.0802547323559068, 0.07300700116726745], [0.0627004404695777, 0.06014973878593217, 0.06801549430237859, 0.06202238356552894, 0.08300419333584215, 0.06203771271031423, 0.058889212464873816, 0.07856810205568429, 1.0, 0.9267199958772625, 0.0585713265351691, 0.061840620985586695, 0.0691371551657874, 0.05763992116918606, 0.07994971637899344, 0.06719214648549256, 0.0762813554596195, 0.08425112337196049, 0.06647736492224209, 0.060278786518021786], [0.07230230392339926, 0.0708216635968116, 0.07987833180254073, 0.07940244822791495, 0.08228128882204529, 0.06880540907766546, 0.07284891103061211, 0.06593533615587638, 0.9267199958772625, 1.0, 0.06631182376028649, 0.07134891816879772, 0.07625815091569428, 0.06096824166814871, 0.07036330720583298, 0.0656753772552858, 0.06985362606336115, 0.07263197982888028, 0.08276521373686367, 0.07077328225874478], [0.08523563803583943, 0.07827311599125067, 0.08297565419512475, 0.07040847581630594, 0.06460275061277407, 0.07488195279953111, 0.06793869623912505, 0.07315851078906287, 0.0585713265351691, 0.06631182376028649, 1.0, 0.9866110706468841, 0.06942273427677514, 0.06764409102300907, 0.0641247587706756, 0.06890201397378179, 0.06127849430942973, 0.06422803123269588, 0.0835645218638708, 0.07786942221523492], [0.06398942432099967, 0.06346258596181785, 0.0768418444880106, 0.07401831395098313, 0.07111856206386882, 0.07397830311486916, 0.0673456229168141, 0.07774886195993859, 0.061840620985586695, 0.07134891816879772, 0.9866110706468841, 1.0, 0.07564272179713746, 0.06165882304115782, 0.08701584548805298, 0.07583774877991432, 0.0823119471116159, 0.08104030818071761, 0.0754315930915595, 0.06578567364842156], [0.07506566858727386, 0.07107082272725175, 0.06685856144406539, 0.08351630918720179, 0.08318337430825976, 0.06867254198101887, 0.07955895784405206, 0.07798932958770101, 0.0691371551657874, 0.07625815091569428, 0.06942273427677514, 0.07564272179713746, 1.0, 0.89833043061627, 0.06929297925495274, 0.05886555634365767, 0.06739844385812664, 0.09498429947369809, 0.08522529256332506, 0.0822256958490493], [0.06753626198290265, 0.0527522525981037, 0.07851584694615797, 0.07670618359691954, 0.07303084227195217, 0.06606224025600667, 0.07195963564959622, 0.08526426150725575, 0.05763992116918606, 0.06096824166814871, 0.06764409102300907, 0.06165882304115782, 0.89833043061627, 1.0, 0.06399660331178733, 0.0752704670497435, 0.07554194117125265, 0.08630970646126798, 0.07179870547262927, 0.06616575210839805], [0.07899984803063988, 0.07750348410922364, 0.06909921995300462, 0.06303922681088588, 0.06810542619190071, 0.06329638919668687, 0.0646394480685245, 0.08091917121225456, 0.07994971637899344, 0.07036330720583298, 0.0641247587706756, 0.08701584548805298, 0.06929297925495274, 0.06399660331178733, 1.0, 0.8919595564331462, 0.07027317401077152, 0.07136895623099622, 0.0624188004183325, 0.06868378516742484], [0.05454804762788952, 0.07191112373496335, 0.08652823722593393, 0.0758880887664719, 0.08514571158700757, 0.07490277160078078, 0.06781823935694349, 0.08595535430514856, 0.06719214648549256, 0.0656753772552858, 0.06890201397378179, 0.07583774877991432, 0.05886555634365767, 0.0752704670497435, 0.8919595564331462, 1.0, 0.06126951717051376, 0.09442989041666373, 0.0695747390013835, 0.07474943118671552], [0.07359633129468493, 0.07556453907821475, 0.07334159273639125, 0.06483191792688286, 0.08083988403321067, 0.07118034110168145, 0.06804560852292398, 0.0722867081847916, 0.0762813554596195, 0.06985362606336115, 0.06127849430942973, 0.0823119471116159, 0.06739844385812664, 0.07554194117125265, 0.07027317401077152, 0.06126951717051376, 1.0, 0.8911186868733032, 0.07899519624047432, 0.07141013137482412], [0.0716238199251657, 0.0846818573785292, 0.0704301188821288, 0.06788738780970259, 0.06766070417069386, 0.08071997122005434, 0.07936537536453712, 0.07459329969855094, 0.08425112337196049, 0.07263197982888028, 0.06422803123269588, 0.08104030818071761, 0.09498429947369809, 0.08630970646126798, 0.07136895623099622, 0.09442989041666373, 0.8911186868733032, 1.0, 0.06067597322849602, 0.07505642757488065], [0.06090576894232894, 0.06881201679597664, 0.07232573969666019, 0.06960741034634738, 0.09112391211222133, 0.0662740436071759, 0.07507189273692226, 0.0802547323559068, 0.06647736492224209, 0.08276521373686367, 0.0835645218638708, 0.0754315930915595, 0.08522529256332506, 0.07179870547262927, 0.0624188004183325, 0.0695747390013835, 0.07899519624047432, 0.06067597322849602, 1.0, 0.9108522009942448], [0.0712578274122519, 0.08243197417926752, 0.060727719633483765, 0.05337782044294531, 0.07365330620300495, 0.06636896188931407, 0.06649121147893369, 0.07300700116726745, 0.060278786518021786, 