{"model": "LSING", "dataset": "0.5_dim20_pair_gau", "N": 10000, "seed": 1230, "metrics": {"TP": 10, "FP": 0, "FN": 0, "TN": 180, "TPR": 1.0, "FDR": 0.0, "FPR": 0.0, "Hamming": 0}, "omega": [[1.0, 0.9318852544650169, 0.0652091903198413, 0.08497561925772039, 0.06668395054513918, 0.06893803546808137, 0.07324650269879963, 0.07501059490100283, 0.07281843369083793, 0.06343885169074302, 0.07305964472794935, 0.06530189427357327, 0.06468795116419898, 0.07885595421538404, 0.09569028062381715, 0.0730637603910913, 0.08118256232824328, 0.0862318174635727, 0.0794864801009203, 0.06429766960684989], [0.9318852544650169, 1.0, 0.058146329116774, 0.08201759863279673, 0.06574439527334479, 0.059463101075012355, 0.08392859913054314, 0.08615027356375311, 0.0724776916757278, 0.06711056090945779, 0.06677590801653614, 0.06439704614022757, 0.08328999922342957, 0.07193925482552495, 0.08917401609509724, 0.0695426117971986, 0.08801297007622882, 0.07789781982769654, 0.06574661183966515, 0.07028999505914497], [0.0652091903198413, 0.058146329116774, 1.0, 0.9356903580749345, 0.0678982913986061, 0.06215425569521976, 0.07626978475636624, 0.07948386026253389, 0.0706527139718109, 0.06707347417981097, 0.068887617879571, 0.06994832637630864, 0.07686555202191347, 0.06767572525935599, 0.07475723708045576, 0.06997831437355911, 0.05664436375748982, 0.07059161682376469, 0.06838578154446726, 0.06377078464228315], [0.08497561925772039, 0.08201759863279673, 0.9356903580749345, 1.0, 0.08791664239407376, 0.08121585658441809, 0.09879157437551862, 0.07299663990282482, 0.08460189187567753, 0.07365785164649177, 0.0630427012377947, 0.061195045915356204, 0.07246162943514042, 0.08201806768683097, 0.08492393179121485, 0.10505754423534193, 0.07656911559244065, 0.10309801094547885, 0.09471282921815831, 0.08561375583097086], [0.06668395054513918, 0.06574439527334479, 0.0678982913986061, 0.08791664239407376, 1.0, 0.9923653104476455, 0.1031895994658367, 0.07128043125331283, 0.10419721905413722, 0.08997682781548083, 0.0760156003710881, 0.08750228463635705, 0.07952020050984572, 0.06459942007532046, 0.09280816953013095, 0.09060611814404883, 0.08012798299489216, 0.07369326522607741, 0.07751600126356292, 0.06940741841216927], [0.06893803546808137, 0.059463101075012355, 0.06215425569521976, 0.08121585658441809, 0.9923653104476455, 1.0, 0.09376333514899192, 0.07527808440437436, 0.06076063895776102, 0.05714532204632213, 0.057457314481235616, 0.08643356217983916, 0.08729651005951586, 0.06528435336874379, 0.060761545604888195, 0.08453017236980696, 0.07262663635220018, 0.07713389955095741, 0.0741872792271344, 0.0680256166882195], [0.07324650269879963, 0.08392859913054314, 0.07626978475636624, 0.09879157437551862, 0.1031895994658367, 0.09376333514899192, 1.0, 0.9641367692006583, 0.07865529919172151, 0.0869049271632303, 0.0787057739819434, 0.07248686683025136, 0.07589727577077819, 0.07322666228516811, 0.06583732517383714, 0.0896097930336827, 0.07629566281064591, 0.09619765980476461, 0.07790591386987288, 0.07383653263268405], [0.07501059490100283, 0.08615027356375311, 0.07948386026253389, 0.07299663990282482, 0.07128043125331283, 0.07527808440437436, 0.9641367692006583, 1.0, 0.06624325139927971, 0.059686133408211134, 0.07540497496098042, 0.08813101724823799, 0.0708749197402786, 0.07341487593658079, 0.11354483673784954, 0.08511803721891135, 0.08425240657896561, 0.0820948838651956, 0.07074911029601977, 0.080210130372768], [0.07281843369083793, 0.0724776916757278, 0.0706527139718109, 0.08460189187567753, 0.10419721905413722, 0.06076063895776102, 0.07865529919172151, 0.06624325139927971, 1.0, 0.9090893656847299, 0.07340312384495444, 0.07661163934476492, 0.06816558927624414, 0.07676356995057726, 0.06618246028038997, 0.08738446627119387, 0.06078498400617266, 0.09435463210078594, 0.07936849013062262, 0.0671312393281627], [0.06343885169074302, 0.06711056090945779, 0.06707347417981097, 0.07365785164649177, 0.08997682781548083, 0.05714532204632213, 0.0869049271632303, 0.059686133408211134, 0.9090893656847299, 1.0, 0.06627169209023429, 0.08293016613710848, 0.05483260822918465, 0.06715716886398271, 0.06370486252987245, 0.048566932958175525, 0.05916053834223857, 0.07326119209831117, 0.07100644363551564, 0.06329625068407527], [0.07305964472794935, 0.06677590801653614, 0.068887617879571, 0.0630427012377947, 0.0760156003710881, 0.057457314481235616, 0.0787057739819434, 0.07540497496098042, 0.07340312384495444, 0.06627169209023429, 1.0, 0.9273599584267113, 0.06374383691599855, 0.07605324767750755, 0.0707645461778663, 0.07213170140358814, 0.06788118522678396, 0.07063620841795945, 0.054248274155722184, 0.0608871548431568], [0.06530189427357327, 0.06439704614022757, 0.06994832637630864, 0.061195045915356204, 0.08750228463635705, 0.08643356217983916, 0.07248686683025136, 0.08813101724823799, 0.07661163934476492, 0.08293016613710848, 0.9273599584267113, 1.0, 0.06900004784351149, 0.07023029935303034, 0.07744741927156779, 0.07473006340741077, 0.07396335168715075, 0.07208470733751064, 0.06594543926864546, 0.06632470949653205], [0.06468795116419898, 0.08328999922342957, 0.07686555202191347, 0.07246162943514042, 0.07952020050984572, 0.08729651005951586, 0.07589727577077819, 0.0708749197402786, 0.06816558927624414, 0.05483260822918465, 0.06374383691599855, 0.06900004784351149, 1.0, 0.9681342536066708, 0.08097145369180532, 0.07333844300968315, 0.06617453212317698, 0.06456209309848537, 0.06715406567113417, 0.07575294155225218], [0.07885595421538404, 0.07193925482552495, 0.06767572525935599, 0.08201806768683097, 0.06459942007532046, 0.06528435336874379, 0.07322666228516811, 0.07341487593658079, 0.07676356995057726, 0.06715716886398271, 0.07605324767750755, 0.07023029935303034, 0.9681342536066708, 1.0, 0.08306657505850705, 0.0685848864017483, 0.08886266145926691, 0.08357315627557918, 0.07890721552913894, 0.07320631563638987], [0.09569028062381715, 0.08917401609509724, 0.07475723708045576, 0.08492393179121485, 0.09280816953013095, 0.060761545604888195, 0.06583732517383714, 0.11354483673784954, 0.06618246028038997, 0.06370486252987245, 0.0707645461778663, 0.07744741927156779, 0.08097145369180532, 0.08306657505850705, 1.0, 1.0, 0.06130230770466326, 0.07993202423174327, 0.06339656532552145, 0.06779540840031387], [0.0730637603910913, 0.0695426117971986, 0.06997831437355911, 0.10505754423534193, 0.09060611814404883, 0.08453017236980696, 0.0896097930336827, 0.08511803721891135, 0.08738446627119387, 0.048566932958175525, 0.07213170140358814, 0.07473006340741077, 0.07333844300968315, 0.0685848864017483, 1.0, 1.0, 0.07021809822796878, 0.07862248542992326, 0.07173408658682559, 0.06803001263974778], [0.08118256232824328, 0.08801297007622882, 0.05664436375748982, 0.07656911559244065, 0.08012798299489216, 0.07262663635220018, 0.07629566281064591, 0.08425240657896561, 0.06078498400617266, 0.05916053834223857, 0.06788118522678396, 0.07396335168715075, 0.06617453212317698, 0.08886266145926691, 0.06130230770466326, 0.07021809822796878, 1.0, 0.923453447622658, 0.0631757867397555, 0.045993745427581195], [0.0862318174635727, 0.07789781982769654, 0.07059161682376469, 0.10309801094547885, 0.07369326522607741, 0.07713389955095741, 0.09619765980476461, 0.0820948838651956, 0.09435463210078594, 0.07326119209831117, 0.07063620841795945, 0.07208470733751064, 0.06456209309848537, 0.08357315627557918, 0.07993202423174327, 0.07862248542992326, 0.923453447622658, 1.0, 0.05834076059422602, 0.0894874471530548], [0.0794864801009203, 0.06574661183966515, 0.06838578154446726, 0.09471282921815831, 0.07751600126356292, 0.0741872792271344, 0.07790591386987288, 0.07074911029601977, 0.07936849013062262, 0.07100644363551564, 0.054248274155722184, 0.06594543926864546, 0.06715406567113417, 0.07890721552913894, 0.06339656532552145, 0.07173408658682559, 0.0631757867397555, 0.05834076059422602, 1.0, 0.9687647995128061], [0.06429766960684989, 0.07028999505914497, 0.06377078464228315, 0.08561375583097086, 0.06940741841216927, 0.0680256166882195, 0.07383653263268405, 0.080210130372768, 0.0671312393281627, 