{"model": "LSING", "dataset": "0.5_dim20_pair_gau", "N": 10000, "seed": 12340, "metrics": {"TP": 10, "FP": 0, "FN": 0, "TN": 180, "TPR": 1.0, "FDR": 0.0, "FPR": 0.0, "Hamming": 0}, "omega": [[1.0, 1.0, 0.06212845748875768, 0.0728670229721636, 0.06801428439068671, 0.060537629368014566, 0.07740090104001791, 0.06748794146162831, 0.0881749389765712, 0.07487376450306027, 0.07200037722571444, 0.07643026177479184, 0.07650081235888505, 0.07938326628936741, 0.07613368735929867, 0.07070773114174753, 0.07044615213226284, 0.07970195583811943, 0.07544122724099098, 0.06832111394091675], [1.0, 1.0, 0.06715656466498054, 0.07743360220776313, 0.05571297038778142, 0.07182630189748947, 0.06879865742941632, 0.06811306072341303, 0.07487629588614401, 0.07403004183675833, 0.07393852048104, 0.08478944297439167, 0.06544633964212089, 0.07032259968079205, 0.06980831804760324, 0.06461261290575203, 0.07045285009469247, 0.07023988853090438, 0.08095810643721342, 0.07368153822057556], [0.06212845748875768, 0.06715656466498054, 1.0, 0.9701695199416734, 0.05834427968088028, 0.07437722185394306, 0.07832395967876252, 0.07038672805224687, 0.057863807729597545, 0.06510521784785009, 0.06233535255713812, 0.06346468031223701, 0.07680343396730048, 0.07460003044277695, 0.06633474756209609, 0.05263007944902986, 0.07392936558797025, 0.06063687999038185, 0.0753461211379863, 0.08001751286924276], [0.0728670229721636, 0.07743360220776313, 0.9701695199416734, 1.0, 0.06375434168046334, 0.06739779885486627, 0.0676285324927009, 0.06472894071269188, 0.06749126700411087, 0.08020639871875616, 0.08301815040276014, 0.07875293811402585, 0.07400082338887669, 0.07088808805021735, 0.0695841389823068, 0.07474472187324555, 0.05896710194690383, 0.07237454211747162, 0.06803421282810089, 0.06880424412018721], [0.06801428439068671, 0.05571297038778142, 0.05834427968088028, 0.06375434168046334, 1.0, 0.8720049767322327, 0.06355908601077188, 0.06973888425016463, 0.06367846361040305, 0.06576126244872432, 0.05488110772000145, 0.06485404287798954, 0.0689644657788994, 0.07477556724489559, 0.06924086633966418, 0.06322056453703265, 0.07893892307573523, 0.07019045486582566, 0.06019559208443679, 0.06254496927595826], [0.060537629368014566, 0.07182630189748947, 0.07437722185394306, 0.06739779885486627, 0.8720049767322327, 1.0, 0.07206715003766742, 0.08654868803764315, 0.06371218505237591, 0.07249926374805735, 0.07738333026331899, 0.07681489688612306, 0.07022221296928478, 0.07695391062838966, 0.07616420734619504, 0.06138417571217899, 0.08464433516173828, 0.07889937228317519, 0.07126512901229734, 0.07945713965844528], [0.07740090104001791, 0.06879865742941632, 0.07832395967876252, 0.0676285324927009, 0.06355908601077188, 0.07206715003766742, 1.0, 0.9335037981776247, 0.07298735190857461, 0.07263434805579852, 0.0733696541766718, 0.07583541432509136, 0.06683382159429706, 0.06579630748969523, 0.07343192123703562, 0.08351345769281253, 0.0901661420067305, 0.07500549569333977, 0.0803243010570041, 0.07992337464800539], [0.06748794146162831, 0.06811306072341303, 0.07038672805224687, 0.06472894071269188, 0.06973888425016463, 0.08654868803764315, 0.9335037981776247, 1.0, 0.0651867984235936, 0.08097437843239552, 0.07661691405099606, 0.07573914731546548, 0.06901807705331567, 0.06824601900026361, 0.09976476336807413, 0.07288827500857582, 0.08034700905231415, 0.0697797145217561, 0.06475577943987497, 0.07020976010871159], [0.0881749389765712, 0.07487629588614401, 0.057863807729597545, 0.06749126700411087, 0.06367846361040305, 0.06371218505237591, 0.07298735190857461, 0.0651867984235936, 1.0, 0.9249196409958318, 0.0803346940666366, 0.07225885129254957, 0.06831223204014035, 0.06689407016618888, 0.06823189509595541, 0.05464135430649479, 0.0632465870448336, 0.06691510160276809, 0.07223149139826102, 0.06677867163604558], [0.07487376450306027, 0.07403004183675833, 0.06510521784785009, 0.08020639871875616, 0.06576126244872432, 0.07249926374805735, 0.07263434805579852, 0.08097437843239552, 0.9249196409958318, 1.0, 0.0756273721375793, 0.07319660188017238, 0.06817063452232967, 0.07164533833947888, 0.08691959632436558, 0.07200228541426994, 0.08029747335981266, 0.07416281536124877, 0.061177754933439514, 0.07264836166019022], [0.07200037722571444, 0.07393852048104, 0.06233535255713812, 0.08301815040276014, 0.05488110772000145, 0.07738333026331899, 0.0733696541766718, 0.07661691405099606, 0.0803346940666366, 0.0756273721375793, 1.0, 0.9610179799893891, 0.07638257636338969, 0.05670434603731005, 0.07492415501991465, 0.07352488200666432, 0.06630191127695316, 0.0744983504647487, 0.08933809847355946, 0.07362152679350421], [0.07643026177479184, 0.08478944297439167, 0.06346468031223701, 0.07875293811402585, 0.06485404287798954, 0.07681489688612306, 0.07583541432509136, 0.07573914731546548, 0.07225885129254957, 0.07319660188017238, 0.9610179799893891, 1.0, 0.07045117353596163, 0.0676802852135241, 0.07252508495851069, 0.06583946508952493, 0.0633353784776185, 0.06291100782136708, 0.08674572229348822, 0.06200576537663561], [0.07650081235888505, 0.06544633964212089, 0.07680343396730048, 0.07400082338887669, 0.0689644657788994, 0.07022221296928478, 0.06683382159429706, 0.06901807705331567, 0.06831223204014035, 0.06817063452232967, 0.07638257636338969, 0.07045117353596163, 1.0, 0.9845013616524693, 0.0796460696279253, 0.07033540825859595, 0.06482810309512596, 0.06343933890642045, 0.0716452556145415, 0.06785350847489409], [0.07938326628936741, 0.07032259968079205, 0.07460003044277695, 0.07088808805021735, 0.07477556724489559, 0.07695391062838966, 0.06579630748969523, 0.06824601900026361, 0.06689407016618888, 0.07164533833947888, 0.05670434603731005, 0.0676802852135241, 0.9845013616524693, 1.0, 0.06629529052446508, 0.06213998383003224, 0.07229362334122713, 0.06721820853081614, 0.07849443095721577, 0.07165427539021353], [0.07613368735929867, 0.06980831804760324, 0.06633474756209609, 0.0695841389823068, 0.06924086633966418, 0.07616420734619504, 0.07343192123703562, 0.09976476336807413, 0.06823189509595541, 0.08691959632436558, 0.07492415501991465, 0.07252508495851069, 0.0796460696279253, 0.06629529052446508, 1.0, 0.9108247235056843, 0.0738947065967071, 0.0717494890356368, 0.08486209201439635, 0.0635534524425365], [0.07070773114174753, 0.06461261290575203, 0.05263007944902986, 0.07474472187324555, 0.06322056453703265, 0.06138417571217899, 0.08351345769281253, 0.07288827500857582, 0.05464135430649479, 0.07200228541426994, 0.07352488200666432, 0.06583946508952493, 0.07033540825859595, 0.06213998383003224, 0.9108247235056843, 1.0, 0.0604434470268106, 0.06653552650010644, 0.06528826055928676, 0.06613946431742551], [0.07044615213226284, 0.07045285009469247, 0.07392936558797025, 0.05896710194690383, 0.07893892307573523, 0.08464433516173828, 0.0901661420067305, 0.08034700905231415, 0.0632465870448336, 0.08029747335981266, 0.06630191127695316, 0.0633353784776185, 0.06482810309512596, 0.07229362334122713, 0.0738947065967071, 0.0604434470268106, 1.0, 0.944142842803868, 0.07913425044037242, 0.07710344422519272], [0.07970195583811943, 0.07023988853090438, 0.06063687999038185, 0.07237454211747162, 0.07019045486582566, 0.07889937228317519, 0.07500549569333977, 0.0697797145217561, 0.06691510160276809, 0.07416281536124877, 0.0744983504647487, 0.06291100782136708, 0.06343933890642045, 0.06721820853081614, 0.0717494890356368, 0.06653552650010644, 0.944142842803868, 1.0, 0.07037223740071628, 0.08015490244523885], [0.07544122724099098, 0.08095810643721342, 0.0753461211379863, 0.06803421282810089, 0.06019559208443679, 0.07126512901229734, 0.0803243010570041, 0.06475577943987497, 0.07223149139826102, 0.061177754933439514, 0.08933809847355946, 0.08674572229348822, 0.0716452556145415, 0.07849443095721577, 0.08486209201439635, 0.06528826055928676, 0.07913425044037242, 0.07037223740071628, 1.0, 0.9030905374804631], [0.06832111394091675, 0.07368153822057556, 0.08001751286924276, 0.06880424412018721, 0.06254496927595826, 0.07945713965844528, 0.07992337464800539, 0.07020976010871159, 0.06677867163604558, 