{"model": "NPN", "dataset": "dim5_cop_gau", "N": 50000, "seed": 1230, "metrics": {"TP": 4, "FP": 0, "FN": 0, "TN": 6, "TPR": 1.0, "FDR": 0.0, "FPR": 0.0, "Hamming": 0}, "omega": [[2.7792022581337386, -2.2236755118052423, -0.0, -0.0, -0.0], [-2.2236814490615235, 4.554282833626161, -2.2195551029739193, -0.0, -0.0], [-0.0, -2.2194464298317254, 4.549602968908036, -2.2187637505740465, -0.0], [-0.0, -0.0, -2.2187966506874264, 4.558364815808646, -2.2285619150794806], [-0.0, -0.0, -0.0, -2.228558331621553, 2.783963267949536]], "meta_info": {"source": "pretrained"}}