{"model": "NPN", "dataset": "dim5_cop_gau", "N": 50000, "seed": 1234560, "metrics": {"TP": 4, "FP": 0, "FN": 0, "TN": 6, "TPR": 1.0, "FDR": 0.0, "FPR": 0.0, "Hamming": 0}, "omega": [[2.807907944150476, -2.2531398951417003, -0.0, -0.0, -0.0], [-2.2530917753464745, 4.590840671122537, -2.2274082266118853, -0.0, -0.0], [-0.0, -2.227470227178596, 4.562241445588888, -2.22395536740717, -0.0], [-0.0, -0.0, -2.2238686252303284, 4.549516950689104, -2.214290323957074], [-0.0, -0.0, -0.0, -2.214303559929663, 2.7700400081870638]], "meta_info": {"source": "pretrained"}}