{"model": "NPN", "dataset": "dim5_cop_gau", "N": 50000, "seed": 12340, "metrics": {"TP": 4, "FP": 0, "FN": 0, "TN": 6, "TPR": 1.0, "FDR": 0.0, "FPR": 0.0, "Hamming": 0}, "omega": [[2.7630240472845133, -2.207035862411562, -0.0, -0.0, -0.0], [-2.2070956711404537, 4.5334763949854215, -2.214922709474976, -0.0, -0.0], [-0.0, -2.2147574184061782, 4.541228596600128, -2.21471581905065, -0.0], [-0.0, -0.0, -2.2148903878970696, 4.561136903055011, -2.2354532908929543], [-0.0, -0.0, -0.0, -2.2354434753027403, 2.7906879787007526]], "meta_info": {"source": "pretrained"}}