{"model": "LSING", "dataset": "dim20_pair_gau", "N": 300, "seed": 123450, "metrics": {"TP": 9, "FP": 1, "FN": 1, "TN": 179, "TPR": 0.9, "FDR": 0.1, "FPR": 0.005555555555555556, "Hamming": 2}, "omega": [[1.0, 0.16248283280812256, 0.10081508049853728, 0.05688673327757853, 0.05847238944044855, 0.04152053214919305, 0.06961863809705003, 0.03696686844350547, 0.052590841288028156, 0.03969876768411291, 0.04914925112470705, 0.04839194802106695, 0.09421993571505151, 0.06108970948756204, 0.022291884544469676, 0.03930081945577806, 0.03221458358246889, 0.046006812441538744, 0.04765914509309863, 0.042259366594545045], [0.16248283280812256, 1.0, 0.06079198947947885, 0.046823084843235774, 0.056872765977117455, 0.037950344134143055, 0.06507339102418534, 0.0291643809436251, 0.06775319132775934, 0.027361872119191413, 0.035849260345743594, 0.030024882458772075, 0.10632809533585051, 0.06730488478811901, 0.03694748038036365, 0.05137912611174878, 0.029561182685184532, 0.04369058691035596, 0.05527120098853121, 0.046818787909489026], [0.10081508049853728, 0.06079198947947885, 1.0, 0.8636919406207139, 0.16732150849390715, 0.1363871181265535, 0.10921018736508212, 0.09438178218677486, 0.166961270969802, 0.12378703008281403, 0.14491938448783515, 0.08782051238672167, 0.182862709222709, 0.08652342044997434, 0.07478076151808649, 0.12358737925444979, 0.09510551996414833, 0.09201814033911696, 0.15602761580408647, 0.09861468789473987], [0.05688673327757853, 0.046823084843235774, 0.8636919406207139, 1.0, 0.12895994216091536, 0.06595309329765181, 0.09590130162108819, 0.06634554523716786, 0.08966362003490363, 0.05433006776841538, 0.09137406350408477, 0.09211645925859901, 0.16255667521678943, 0.11071084137712886, 0.06483684315985185, 0.08785092625900179, 0.062301315906202644, 0.05210818747483872, 0.0887688306601028, 0.07640192302195555], [0.05847238944044855, 0.056872765977117455, 0.16732150849390715, 0.12895994216091536, 1.0, 0.7644339190681401, 0.08082277199987381, 0.06767343169793102, 0.15740917617361497, 0.08188467352874197, 0.08032997502634594, 0.05698715987981943, 0.21292294999826472, 0.1387132788694413, 0.1389847097393964, 0.05709707558604336, 0.0729336640757858, 0.0910751532040661, 0.10439161975828865, 0.08231114244083013], [0.04152053214919305, 0.037950344134143055, 0.1363871181265535, 0.06595309329765181, 0.7644339190681401, 1.0, 0.0773221576561688, 0.06662236565233332, 0.10198769730367739, 0.046967787888639784, 0.11494898154996747, 0.07263490281401287, 0.15665782805420533, 0.07396514770431314, 0.051488667711835634, 0.05934516244250387, 0.057078173911230504, 0.05189597312516574, 0.07604141158972313, 0.06891905307511337], [0.06961863809705003, 0.06507339102418534, 0.10921018736508212, 0.09590130162108819, 0.08082277199987381, 0.0773221576561688, 1.0, 0.5907056914209686, 0.08633384782946983, 0.07438547382384092, 0.13347669926398953, 0.09918792322632324, 0.19473329533421996, 0.08371702222680669, 0.09124320389627544, 0.11726222027414465, 0.10283491125360564, 0.089146268003377, 0.10271696963644625, 0.09490307567569188], [0.03696686844350547, 0.0291643809436251, 0.09438178218677486, 0.06634554523716786, 0.06767343169793102, 0.06662236565233332, 0.5907056914209686, 1.0, 0.06532408342365051, 0.0479945506300322, 0.06883198654318373, 0.03501448756478048, 0.13270187560684749, 0.094659776781633, 0.036709531757923346, 0.04259543474746299, 0.0580501691253788, 0.04109506068563458, 0.08890240316679042, 0.048489682871748194], [0.052590841288028156, 0.06775319132775934, 0.166961270969802, 0.08966362003490363, 0.15740917617361497, 0.10198769730367739, 0.08633384782946983, 0.06532408342365051, 1.0, 0.399486399704205, 0.07514189327166598, 0.0660599355935652, 0.19515240296538738, 0.06727350569179477, 0.11302919976644982, 0.09963105622550798, 0.0731754806435088, 0.11285256124883802, 0.070249207334048, 0.07503472470283627], [0.03969876768411291, 0.027361872119191413, 0.12378703008281403, 0.05433006776841538, 0.08188467352874197, 0.046967787888639784, 0.07438547382384092, 0.0479945506300322, 0.399486399704205, 1.0, 0.06905708263096039, 0.04702956021343308, 0.12350271143266421, 0.06606944181680618, 0.06295528968636327, 0.06738599532880302, 0.04626792644103791, 0.05906807617533252, 0.08455690309223908, 0.0748799525127091], [0.04914925112470705, 0.035849260345743594, 0.14491938448783515, 0.09137406350408477, 0.08032997502634594, 0.11494898154996747, 0.13347669926398953, 0.06883198654318373, 0.07514189327166598, 0.06905708263096039, 1.0, 0.546468352671086, 0.17034737157599938, 0.0975353529191823, 0.07471053932896955, 0.0929877247589391, 0.07507060868154065, 0.047209503754845394, 0.07692932506491704, 0.09157099941954035], [0.04839194802106695, 0.030024882458772075, 0.08782051238672167, 0.09211645925859901, 0.05698715987981943, 0.07263490281401287, 0.09918792322632324, 0.03501448756478048, 0.0660599355935652, 0.04702956021343308, 0.546468352671086, 1.0, 0.11325231606239472, 0.060244745209532144, 0.03089404329739884, 0.0873335762415055, 0.04410679735886827, 0.05148137692197707, 0.07135726238236331, 0.06902753479172977], [0.09421993571505151, 0.10632809533585051, 0.182862709222709, 0.16255667521678943, 0.21292294999826472, 0.15665782805420533, 0.19473329533421996, 0.13270187560684749, 0.19515240296538738, 0.12350271143266421, 0.17034737157599938, 0.11325231606239472, 1.0, 1.0, 0.1396412211977951, 0.14378925163884873, 0.1009682998712664, 0.15286843599716077, 0.13597882986641371, 0.14498146093121095], [0.06108970948756204, 0.06730488478811901, 0.08652342044997434, 0.11071084137712886, 0.1387132788694413, 0.07396514770431314, 0.08371702222680669, 0.094659776781633, 0.06727350569179477, 0.06606944181680618, 0.0975353529191823, 0.060244745209532144, 1.0, 1.0, 0.07990375786805123, 0.07726330366134927, 0.06241154177310011, 0.11935746438155105, 0.09252928714314242, 0.08176571684028736], [0.022291884544469676, 0.03694748038036365, 0.07478076151808649, 0.06483684315985185, 0.1389847097393964, 0.051488667711835634, 0.09124320389627544, 0.036709531757923346, 0.11302919976644982, 0.06295528968636327, 0.07471053932896955, 0.03089404329739884, 0.1396412211977951, 0.07990375786805123, 1.0, 0.39213821803686305, 0.05166715712333693, 0.060159664511525296, 0.08524860570290255, 0.07268182770708316], [0.03930081945577806, 0.05137912611174878, 0.12358737925444979, 0.08785092625900179, 0.05709707558604336, 0.05934516244250387, 0.11726222027414465, 0.04259543474746299, 0.09963105622550798, 0.06738599532880302, 0.0929877247589391, 0.0873335762415055, 0.14378925163884873, 0.07726330366134927, 0.39213821803686305, 1.0, 0.0534095108893465, 0.05708907988556312, 0.06872441516828448, 0.05655228239102976], [0.03221458358246889, 0.029561182685184532, 0.09510551996414833, 0.062301315906202644, 0.0729336640757858, 0.057078173911230504, 0.10283491125360564, 0.0580501691253788, 0.0731754806435088, 0.04626792644103791, 0.07507060868154065, 0.04410679735886827, 0.1009682998712664, 0.06241154177310011, 0.05166715712333693, 0.0534095108893465, 1.0, 0.39607094259166004, 0.11486129066863004, 0.05131528286025049], [0.046006812441538744, 0.04369058691035596, 0.09201814033911696, 0.05210818747483872, 0.0910751532040661, 0.05189597312516574, 0.089146268003377, 0.04109506068563458, 0.11285256124883802, 0.05906807617533252, 0.047209503754845394, 0.05148137692197707, 0.15286843599716077, 0.11935746438155105, 0.060159664511525296, 0.05708907988556312, 0.39607094259166004, 1.0, 0.0837904396750702, 0.08414040363037187], [0.04765914509309863, 0.05527120098853121, 0.15602761580408647, 0.0887688306601028, 0.10439161975828865, 0.07604141158972313, 0.10271696963644625, 0.08890240316679042, 0.070249207334048, 0.08455690309223908, 0.07692932506491704, 0.07135726238236331, 0.13597882986641371, 0.09252928714314242, 0.08524860570290255, 0.06872441516828448, 0.11486129066863004, 0.0837904396750702, 1.0, 0.6335046580332758], [0.042259366594545045, 0.046818787909489026, 0.09861468789473987, 0.07640192302195555, 0.08231114244083013, 0.06891905307511337, 0.09490307567569188, 