{"model": "LSING", "dataset": "dim20_pair_gau", "N": 300, "seed": 1230, "metrics": {"TP": 10, "FP": 5, "FN": 0, "TN": 175, "TPR": 1.0, "FDR": 0.3333333333333333, "FPR": 0.027777777777777776, "Hamming": 5}, "omega": [[1.0, 0.6679152635644149, 0.10994052192724797, 0.07853348611171992, 0.05059551626836177, 0.06966467695688565, 0.12709192828603694, 0.08424615335639585, 0.09063887471682461, 0.050867319759045904, 0.08607699793493971, 0.08971914512701765, 0.08309482827526153, 0.08692630673491274, 0.058546726473526434, 0.03807742580194553, 0.055452762830832406, 0.11319811794916737, 0.04630362566645562, 0.11569821852791504], [0.6679152635644149, 1.0, 0.0984859342188044, 0.05773965154351875, 0.11274524725467802, 0.11067919606310342, 0.13023817094445417, 0.11913613759623874, 0.13852251495999207, 0.12569947662391673, 0.09591457273568334, 0.11570719345783186, 0.12173594155854633, 0.10357268284033506, 0.10824135600079599, 0.08317759522386933, 0.10447367141349267, 0.15770092774651498, 0.10953659916495827, 0.12226279324854034], [0.10994052192724797, 0.0984859342188044, 1.0, 0.5432404955981758, 0.07396003964055975, 0.092730785378081, 0.15418850481419705, 0.07096967249961782, 0.14328038321818842, 0.11459968749775773, 0.1357608959291645, 0.14550711365909214, 0.11246946252189899, 0.08763219094571313, 0.10761591912165237, 0.07166029560877261, 0.12361896527905698, 0.1207665707951715, 0.06082524635291591, 0.21030169754679662], [0.07853348611171992, 0.05773965154351875, 0.5432404955981758, 1.0, 0.04520199267492187, 0.06437158327962605, 0.10827653506276975, 0.051116074932545656, 0.08771973225154049, 0.048543120365093964, 0.0729823842511729, 0.1394771034282595, 0.06735550073004191, 0.07158484490240118, 0.06704325326377253, 0.03789788705827561, 0.05816560821895686, 0.08736830881473084, 0.030881391423001597, 0.1691702948126025], [0.05059551626836177, 0.11274524725467802, 0.07396003964055975, 0.04520199267492187, 1.0, 0.33560541559843526, 0.08974963697652012, 0.04148999847753229, 0.09494336703682257, 0.06663615902013865, 0.05355640204721931, 0.07881851700020533, 0.06331353832869642, 0.062067779673386024, 0.051785501305628076, 0.028702698300635893, 0.03712774975167859, 0.16924742966467077, 0.05876327236057475, 0.1345163768834193], [0.06966467695688565, 0.11067919606310342, 0.092730785378081, 0.06437158327962605, 0.33560541559843526, 1.0, 0.10914255998793806, 0.08556882263739973, 0.08319313342623133, 0.0842194341890851, 0.13816085446314746, 0.09823011248745939, 0.10240628465521433, 0.08389476614830177, 0.08287814138996884, 0.06862494317379089, 0.06888453367070975, 0.128659378352527, 0.06998691473626231, 0.15346484894967743], [0.12709192828603694, 0.13023817094445417, 0.15418850481419705, 0.10827653506276975, 0.08974963697652012, 0.10914255998793806, 1.0, 1.0, 0.21055026570179167, 0.11556744069794006, 0.10190752294879592, 0.1589874427276881, 0.12377852829228472, 0.11293038186617192, 0.16304333555974784, 0.10536600475066951, 0.12594108103228638, 0.1438212407337912, 0.10417029704507473, 0.19379592214904134], [0.08424615335639585, 0.11913613759623874, 0.07096967249961782, 0.051116074932545656, 0.04148999847753229, 0.08556882263739973, 1.0, 1.0, 0.07565195982389758, 0.07837991748218745, 0.07453282738358864, 0.10468811799334682, 0.09246399711661724, 0.09142687669681596, 0.08709196204728323, 0.06059064877396857, 0.16520078103000846, 0.08583855423721501, 0.05032559275426942, 0.17531888162949855], [0.09063887471682461, 0.13852251495999207, 0.14328038321818842, 0.08771973225154049, 0.09494336703682257, 0.08319313342623133, 0.21055026570179167, 0.07565195982389758, 1.0, 0.6724652769106821, 0.08099932215877335, 0.1163751961403078, 0.12457313956498156, 0.11311382058211533, 0.1587501348491543, 0.08479063570186467, 0.1813680940587382, 0.09895253657564959, 0.07986910177319079, 0.1833072350805136], [0.050867319759045904, 0.12569947662391673, 0.11459968749775773, 0.048543120365093964, 0.06663615902013865, 0.0842194341890851, 0.11556744069794006, 0.07837991748218745, 0.6724652769106821, 1.0, 0.09022254410902912, 0.11768557703265184, 0.0847332043752946, 0.07436307333058627, 0.06616523565459578, 0.07230877982594612, 0.11091074259670701, 0.10563655051743066, 0.06260523364803411, 0.19036006909665965], [0.08607699793493971, 0.09591457273568334, 0.1357608959291645, 0.0729823842511729, 0.05355640204721931, 0.13816085446314746, 0.10190752294879592, 0.07453282738358864, 0.08099932215877335, 0.09022254410902912, 1.0, 0.7135942454668516, 0.10471428883415163, 0.08414036942354686, 0.07460669479717419, 0.0479352005595061, 0.06375402663569635, 0.14139665842307375, 0.04657923317227469, 0.1261313503298466], [0.08971914512701765, 0.11570719345783186, 0.14550711365909214, 0.1394771034282595, 0.07881851700020533, 0.09823011248745939, 0.1589874427276881, 0.10468811799334682, 0.1163751961403078, 0.11768557703265184, 0.7135942454668516, 1.0, 0.12037714931065488, 0.06975481400122593, 0.12285380697296477, 0.07836932400992365, 0.12656716807000132, 0.12666544776295474, 0.08612976359043695, 0.2051449648383278], [0.08309482827526153, 0.12173594155854633, 0.11246946252189899, 0.06735550073004191, 0.06331353832869642, 0.10240628465521433, 0.12377852829228472, 0.09246399711661724, 0.12457313956498156, 0.0847332043752946, 0.10471428883415163, 0.12037714931065488, 1.0, 0.5703569489621761, 0.08474650716799041, 0.08965681019483733, 0.09743723627649205, 0.12210547054075115, 0.07869712828249005, 0.29195511643619354], [0.08692630673491274, 0.10357268284033506, 0.08763219094571313, 0.07158484490240118, 0.062067779673386024, 0.08389476614830177, 0.11293038186617192, 0.09142687669681596, 0.11311382058211533, 0.07436307333058627, 0.08414036942354686, 0.06975481400122593, 0.5703569489621761, 1.0, 0.08676014422052426, 0.04348495815845765, 0.10204984892664773, 0.10830626610924525, 0.06365812041319002, 0.2218916200701413], [0.058546726473526434, 0.10824135600079599, 0.10761591912165237, 0.06704325326377253, 0.051785501305628076, 0.08287814138996884, 0.16304333555974784, 0.08709196204728323, 0.1587501348491543, 0.06616523565459578, 0.07460669479717419, 0.12285380697296477, 0.08474650716799041, 0.08676014422052426, 1.0, 0.4667690011035776, 0.11154685225962689, 0.16040661747373697, 0.11150246914558917, 0.1581261862848125], [0.03807742580194553, 0.08317759522386933, 0.07166029560877261, 0.03789788705827561, 0.028702698300635893, 0.06862494317379089, 0.10536600475066951, 0.06059064877396857, 0.08479063570186467, 0.07230877982594612, 0.0479352005595061, 0.07836932400992365, 0.08965681019483733, 0.04348495815845765, 0.4667690011035776, 1.0, 0.058615574741273706, 0.12529417912874427, 0.0555694721693122, 0.1692746286176742], [0.055452762830832406, 0.10447367141349267, 0.12361896527905698, 0.05816560821895686, 0.03712774975167859, 0.06888453367070975, 0.12594108103228638, 0.16520078103000846, 0.1813680940587382, 0.11091074259670701, 0.06375402663569635, 0.12656716807000132, 0.09743723627649205, 0.10204984892664773, 0.11154685225962689, 0.058615574741273706, 1.0, 0.8334413745436318, 0.0635528955775462, 0.16937551188237637], [0.11319811794916737, 0.15770092774651498, 0.1207665707951715, 0.08736830881473084, 0.16924742966467077, 0.128659378352527, 0.1438212407337912, 0.08583855423721501, 0.09895253657564959, 0.10563655051743066, 0.14139665842307375, 0.12666544776295474, 0.12210547054075115, 0.10830626610924525, 0.16040661747373697, 0.12529417912874427, 0.8334413745436318, 1.0, 0.10184885592927855, 0.12898504121425683], [0.04630362566645562, 0.10953659916495827, 0.06082524635291591, 0.030881391423001597, 0.05876327236057475, 0.06998691473626231, 0.10417029704507473, 0.05032559275426942, 0.07986910177319079, 0.06260523364803411, 0.04657923317227469, 0.08612976359043695, 0.07869712828249005, 0.06365812041319002, 0.11150246914558917, 0.0555694721693122, 0.0635528955775462, 0.10184885592927855, 1.0, 0.7362184634318389], [0.11569821852791504, 0.12226279324854034, 0.21030169754679662, 0.1691702948126025, 0.1345163768834193, 0.15346484894967743, 