{"model": "LSING", "dataset": "dim20_pair_gau", "N": 300, "seed": 12340, "metrics": {"TP": 9, "FP": 0, "FN": 1, "TN": 180, "TPR": 0.9, "FDR": 0.0, "FPR": 0.0, "Hamming": 1}, "omega": [[1.0, 0.6437320301176949, 0.04133139458717983, 0.06684856857958323, 0.08870927055884047, 0.10026018334299033, 0.053023983402617235, 0.07989949102289338, 0.0977845064513445, 0.08259925339455595, 0.036568977146470075, 0.04401993914902278, 0.10630573481672047, 0.05520167871874314, 0.052675981562352286, 0.050720797510518195, 0.04845135506107297, 0.04190212358804626, 0.0590709872697032, 0.03626284565445857], [0.6437320301176949, 1.0, 0.03513668448153678, 0.07165570904235577, 0.14458626481267964, 0.14956910561763334, 0.07377901337785037, 0.1285628386634789, 0.13159299954307407, 0.10999306511274601, 0.07246250881398376, 0.0644658462162925, 0.18536960560262483, 0.08275012633791823, 0.07847565418395624, 0.16419269799535174, 0.04216834065761902, 0.10998808934575995, 0.07671072283308109, 0.08704108308878981], [0.04133139458717983, 0.03513668448153678, 1.0, 0.3491611560724087, 0.05371659500695914, 0.09605661045425212, 0.03823772702979132, 0.07161240795805655, 0.07236975867649233, 0.040244741085342234, 0.02745507280364664, 0.0354206239986472, 0.08587206412963408, 0.046906030187777975, 0.03051459625814526, 0.05309366715131395, 0.03978252129898986, 0.03336179347519824, 0.04739771880521125, 0.021897810426461457], [0.06684856857958323, 0.07165570904235577, 0.3491611560724087, 1.0, 0.0906685803282408, 0.11574514920652164, 0.03715364736389604, 0.09721468638070961, 0.1306608905754447, 0.07138113225110022, 0.056957680489964586, 0.06290503501272346, 0.13480272659469597, 0.05354560783687957, 0.06406181420774117, 0.0703971756831896, 0.06161457877853031, 0.06550343575898238, 0.05052337623992973, 0.04894465985526939], [0.08870927055884047, 0.14458626481267964, 0.05371659500695914, 0.0906685803282408, 1.0, 1.0, 0.07115834350252327, 0.10583415230451322, 0.17037875668241717, 0.07935743562375414, 0.05991309522463677, 0.10498899743677073, 0.12000571601384387, 0.08407456018443019, 0.10035076774947586, 0.09844791317307183, 0.08040478449178935, 0.05078493292709418, 0.07926034590275963, 0.07469014994785136], [0.10026018334299033, 0.14956910561763334, 0.09605661045425212, 0.11574514920652164, 1.0, 1.0, 0.16062491875801563, 0.17214734135078288, 0.15266900032845476, 0.08559204999997184, 0.08361988120272398, 0.09684898510379894, 0.1374904366733107, 0.09485728276645974, 0.08112860021918064, 0.0855021708096451, 0.12045361422712879, 0.1127794242386795, 0.09550438424087641, 0.09846819389036021], [0.053023983402617235, 0.07377901337785037, 0.03823772702979132, 0.03715364736389604, 0.07115834350252327, 0.16062491875801563, 1.0, 0.6221230808320548, 0.07796254377971085, 0.042778283602301966, 0.0403753103005242, 0.03149238996776223, 0.08524642640306775, 0.05069424835554962, 0.03141873345625156, 0.05718575362219593, 0.05213324666510994, 0.036906453534046355, 0.03784702103483566, 0.031789371246273804], [0.07989949102289338, 0.1285628386634789, 0.07161240795805655, 0.09721468638070961, 0.10583415230451322, 0.17214734135078288, 0.6221230808320548, 1.0, 0.09430045708186026, 0.08727909489596543, 0.06671775436608123, 0.09423408825518445, 0.1076173339998587, 0.061243605300202154, 0.09961304802902668, 0.10766959579619484, 0.08245856480124891, 0.07031110276510573, 0.08191050355931394, 0.12986754540769085], [0.0977845064513445, 0.13159299954307407, 0.07236975867649233, 0.1306608905754447, 0.17037875668241717, 0.15266900032845476, 0.07796254377971085, 0.09430045708186026, 1.0, 0.6982033918552835, 0.09522503201275287, 0.1226828708609686, 0.16176043588888292, 0.13132550198504406, 0.07514909135889355, 0.13750025826342246, 0.07995039111585955, 0.08163167787454119, 0.11337818118271696, 0.07104720360162799], [0.08259925339455595, 0.10999306511274601, 0.040244741085342234, 0.07138113225110022, 0.07935743562375414, 0.08559204999997184, 0.042778283602301966, 0.08727909489596543, 0.6982033918552835, 1.0, 0.05644507361817807, 0.05950720745532974, 0.09471241431231132, 0.07569673299044614, 0.05656352827554578, 0.04913335999781348, 0.04824636117666418, 0.07332987325319176, 0.048915763589323175, 0.06284954086286101], [0.036568977146470075, 0.07246250881398376, 0.02745507280364664, 0.056957680489964586, 0.05991309522463677, 0.08361988120272398, 0.0403753103005242, 0.06671775436608123, 0.09522503201275287, 0.05644507361817807, 1.0, 0.31200310279949756, 0.09767852640457077, 0.03874433618027337, 0.039494801227692264, 0.02909234717075182, 0.03396252123445108, 0.03603989989038369, 0.03894759815666837, 0.03826013151704736], [0.04401993914902278, 0.0644658462162925, 0.0354206239986472, 0.06290503501272346, 0.10498899743677073, 0.09684898510379894, 0.03149238996776223, 0.09423408825518445, 0.1226828708609686, 0.05950720745532974, 0.31200310279949756, 1.0, 0.07019722592165173, 0.04718785947073952, 0.045248734314314185, 0.05418738838093112, 0.030540973508215247, 0.03398003387679754, 0.06491125993003909, 0.03525569140031099], [0.10630573481672047, 0.18536960560262483, 0.08587206412963408, 0.13480272659469597, 0.12000571601384387, 0.1374904366733107, 0.08524642640306775, 0.1076173339998587, 0.16176043588888292, 0.09471241431231132, 0.09767852640457077, 0.07019722592165173, 1.0, 0.650523784209508, 0.0765044301868597, 0.16429547546740048, 0.08498150606493476, 0.0914798442129047, 0.08221582425578011, 0.06596001787681001], [0.05520167871874314, 0.08275012633791823, 0.046906030187777975, 0.05354560783687957, 0.08407456018443019, 0.09485728276645974, 0.05069424835554962, 0.061243605300202154, 0.13132550198504406, 0.07569673299044614, 0.03874433618027337, 0.04718785947073952, 0.650523784209508, 1.0, 0.03849875852718683, 0.056718091083109365, 0.0466428749204148, 0.04058345058600999, 0.043505938087901215, 0.047135852147796586], [0.052675981562352286, 0.07847565418395624, 0.03051459625814526, 0.06406181420774117, 0.10035076774947586, 0.08112860021918064, 0.03141873345625156, 0.09961304802902668, 0.07514909135889355, 0.05656352827554578, 0.039494801227692264, 0.045248734314314185, 0.0765044301868597, 0.03849875852718683, 1.0, 0.2504398491386433, 0.04608115062299635, 0.05965190129741581, 0.04190561989003891, 0.03080145951211365], [0.050720797510518195, 0.16419269799535174, 0.05309366715131395, 0.0703971756831896, 0.09844791317307183, 0.0855021708096451, 0.05718575362219593, 0.10766959579619484, 0.13750025826342246, 0.04913335999781348, 0.02909234717075182, 0.05418738838093112, 0.16429547546740048, 0.056718091083109365, 0.2504398491386433, 1.0, 0.043504482987381625, 0.04394908590558288, 0.05736635663794171, 0.042949284984991266], [0.04845135506107297, 0.04216834065761902, 0.03978252129898986, 0.06161457877853031, 0.08040478449178935, 0.12045361422712879, 0.05213324666510994, 0.08245856480124891, 0.07995039111585955, 0.04824636117666418, 0.03396252123445108, 0.030540973508215247, 0.08498150606493476, 0.0466428749204148, 0.04608115062299635, 0.043504482987381625, 1.0, 0.16902021527972602, 0.051659131601207664, 0.020377906497639157], [0.04190212358804626, 0.10998808934575995, 0.03336179347519824, 0.06550343575898238, 0.05078493292709418, 0.1127794242386795, 0.036906453534046355, 0.07031110276510573, 0.08163167787454119, 0.07332987325319176, 0.03603989989038369, 0.03398003387679754, 0.0914798442129047, 0.04058345058600999, 0.05965190129741581, 0.04394908590558288, 0.16902021527972602, 1.0, 0.04379801804643007, 0.035401451864917464], [0.0590709872697032, 0.07671072283308109, 0.04739771880521125, 0.05052337623992973, 0.07926034590275963, 0.09550438424087641, 0.03784702103483566, 0.08191050355931394, 0.11337818118271696, 0.048915763589323175, 0.03894759815666837, 0.06491125993003909, 0.08221582425578011, 0.043505938087901215, 0.04190561989003891, 0.05736635663794171, 0.051659131601207664, 0.04379801804643007, 1.0, 0.3001549298989691], [0.03626284565445857, 0.08704108308878981, 0.021897810426461457, 0.04894465985526939, 0.07469014994785136, 0.09846819389036021, 