{"model": "LSING", "dataset": "dim20_pair_gau", "N": 300, "seed": 120, "metrics": {"TP": 10, "FP": 9, "FN": 0, "TN": 171, "TPR": 1.0, "FDR": 0.47368421052631576, "FPR": 0.05, "Hamming": 9}, "omega": [[1.0, 0.7961290191963126, 0.10007387441169054, 0.08947291062039077, 0.09181620762590795, 0.1794725533950813, 0.2480030350069102, 0.14201950359029464, 0.17003928811710384, 0.06685740979989505, 0.1070156411213993, 0.1180537841310381, 0.1848608526123885, 0.10004769648385257, 0.22670207961594965, 0.2063221342053649, 0.09151178036685889, 0.08456040952782964, 0.10723882530385717, 0.23891074948441454], [0.7961290191963126, 1.0, 0.10675313052097124, 0.08984506000187871, 0.08468933820348011, 0.10881538046325462, 0.11767796963556297, 0.07735243308872664, 0.12672897798104282, 0.0699756360569771, 0.12139352103361126, 0.08046197702241908, 0.12036137731384854, 0.06498514797168953, 0.10114673406131557, 0.1389084663990241, 0.07113053218257848, 0.0953146448145008, 0.0660465224636554, 0.13782510292388406], [0.10007387441169054, 0.10675313052097124, 1.0, 0.5685991782634161, 0.07851067033564021, 0.17152147722101213, 0.16917776353200223, 0.11200084583007379, 0.1557782972787255, 0.07546217903737935, 0.17002704272466404, 0.07772382563693184, 0.0914050685747419, 0.07098560456155563, 0.11084642166230604, 0.13854057739365583, 0.06929747006654637, 0.12725235285691536, 0.10104779809339784, 0.18245221113146445], [0.08947291062039077, 0.08984506000187871, 0.5685991782634161, 1.0, 0.06233779617114334, 0.10712523568298649, 0.11123134366840827, 0.07727206929934259, 0.11423379314146999, 0.05849686641087765, 0.11886786462343132, 0.05940579342033839, 0.12359171183946585, 0.04963088339403964, 0.11991925401831192, 0.17826130720489503, 0.06977997594515109, 0.05432027513709669, 0.051469086874147515, 0.11771205264452039], [0.09181620762590795, 0.08468933820348011, 0.07851067033564021, 0.06233779617114334, 1.0, 0.848857910343917, 0.1583872869859561, 0.07279291563773622, 0.15061322476259995, 0.06804408782112453, 0.10981355682498853, 0.13451152694165935, 0.09753844889954195, 0.05170072207813779, 0.12451892615201114, 0.11020338549181143, 0.06192570129906742, 0.04653139598888837, 0.061339810293291844, 0.13864599661657084], [0.1794725533950813, 0.10881538046325462, 0.17152147722101213, 0.10712523568298649, 0.848857910343917, 1.0, 0.17121839695513147, 0.09426219415227542, 0.15828775915740378, 0.10528704325774679, 0.16683247835096252, 0.09729264645679842, 0.18743332383816533, 0.13866638519498312, 0.17999367647934408, 0.13177583143765587, 0.11436202961229781, 0.1421398213740114, 0.13322016186993782, 0.209589565467079], [0.2480030350069102, 0.11767796963556297, 0.16917776353200223, 0.11123134366840827, 0.1583872869859561, 0.17121839695513147, 1.0, 0.917477456776758, 0.13357625107909119, 0.09234107320823513, 0.17079593091595863, 0.12676229735372171, 0.12196747278175804, 0.11117901502471556, 0.1798645624220581, 0.1188396151833723, 0.11467005225462709, 0.10179050325460762, 0.1337054229618415, 0.20463168499103473], [0.14201950359029464, 0.07735243308872664, 0.11200084583007379, 0.07727206929934259, 0.07279291563773622, 0.09426219415227542, 0.917477456776758, 1.0, 0.143143753070192, 0.06284141004496617, 0.11019279322735101, 0.11401173995706385, 0.10634434530635196, 0.07165160764587065, 0.14647960546216343, 0.11448886806748877, 0.07935155803298288, 0.0729533302786975, 0.07545481224330255, 0.16447923026333908], [0.17003928811710384, 0.12672897798104282, 0.1557782972787255, 0.11423379314146999, 0.15061322476259995, 0.15828775915740378, 0.13357625107909119, 0.143143753070192, 1.0, 0.8584568965995797, 0.12722890633189107, 0.11622909480208671, 0.11045058595019185, 0.12406147740768635, 0.188278732126217, 0.25052399394849034, 0.14999793461047514, 0.08871131183909577, 0.16708132683507546, 0.23674323338662165], [0.06685740979989505, 0.0699756360569771, 0.07546217903737935, 0.05849686641087765, 0.06804408782112453, 0.10528704325774679, 0.09234107320823513, 0.06284141004496617, 0.8584568965995797, 1.0, 0.06902592848919396, 0.052718513177511715, 0.06729985368660873, 0.037708623900622275, 0.09228425033544212, 0.15592371301469699, 0.04702624080112514, 0.050935343382301476, 0.07195429163724598, 0.11585918530696586], [0.1070156411213993, 0.12139352103361126, 0.17002704272466404, 0.11886786462343132, 0.10981355682498853, 0.16683247835096252, 0.17079593091595863, 0.11019279322735101, 0.12722890633189107, 0.06902592848919396, 1.0, 0.7142768976031576, 0.1504438981971408, 0.08940658481283979, 0.14062389281243357, 0.16656616147438444, 0.08826977019970003, 0.12625984679218066, 0.07564542368187058, 0.17288115797655612], [0.1180537841310381, 0.08046197702241908, 0.07772382563693184, 0.05940579342033839, 0.13451152694165935, 0.09729264645679842, 0.12676229735372171, 0.11401173995706385, 0.11622909480208671, 0.052718513177511715, 0.7142768976031576, 1.0, 0.08760079590696941, 0.06535641806597034, 0.157030739009978, 0.13356637653068765, 0.06655067547489536, 0.06303289226699657, 0.08380081592954665, 0.16906834754905478], [0.1848608526123885, 0.12036137731384854, 0.0914050685747419, 0.12359171183946585, 0.09753844889954195, 0.18743332383816533, 0.12196747278175804, 0.10634434530635196, 0.11045058595019185, 0.06729985368660873, 0.1504438981971408, 0.08760079590696941, 1.0, 0.6062665360418907, 0.18509452191212292, 0.14809152429447764, 0.09785652977116137, 0.06889982305680044, 0.10325092787420313, 0.19863095287983873], [0.10004769648385257, 0.06498514797168953, 0.07098560456155563, 0.04963088339403964, 0.05170072207813779, 0.13866638519498312, 0.11117901502471556, 0.07165160764587065, 0.12406147740768635, 0.037708623900622275, 0.08940658481283979, 0.06535641806597034, 0.6062665360418907, 1.0, 0.1034834168541663, 0.17056506104899583, 0.050863773315363264, 0.042185079324019506, 0.050442669576099344, 0.17665975103593298], [0.22670207961594965, 0.10114673406131557, 0.11084642166230604, 0.11991925401831192, 0.12451892615201114, 0.17999367647934408, 0.1798645624220581, 0.14647960546216343, 0.188278732126217, 0.09228425033544212, 0.14062389281243357, 0.157030739009978, 0.18509452191212292, 0.1034834168541663, 1.0, 0.9904816836685324, 0.1314027415419986, 0.11978454279623156, 0.10243727256904742, 0.22249986911036082], [0.2063221342053649, 0.1389084663990241, 0.13854057739365583, 0.17826130720489503, 0.11020338549181143, 0.13177583143765587, 0.1188396151833723, 0.11448886806748877, 0.25052399394849034, 0.15592371301469699, 0.16656616147438444, 0.13356637653068765, 0.14809152429447764, 0.17056506104899583, 0.9904816836685324, 1.0, 0.10125207845127678, 0.099913196154642, 0.11335775436482931, 0.1667100584415436], [0.09151178036685889, 0.07113053218257848, 0.06929747006654637, 0.06977997594515109, 0.06192570129906742, 0.11436202961229781, 0.11467005225462709, 0.07935155803298288, 0.14999793461047514, 0.04702624080112514, 0.08826977019970003, 0.06655067547489536, 0.09785652977116137, 0.050863773315363264, 0.1314027415419986, 0.10125207845127678, 1.0, 0.3976086272436144, 0.08861020741626682, 0.12293981646769084], [0.08456040952782964, 0.0953146448145008, 0.12725235285691536, 0.05432027513709669, 0.04653139598888837, 0.1421398213740114, 0.10179050325460762, 0.0729533302786975, 0.08871131183909577, 0.050935343382301476, 0.12625984679218066, 0.06303289226699657, 0.06889982305680044, 0.042185079324019506, 0.11978454279623156, 0.099913196154642, 0.3976086272436144, 1.0, 0.04604802612981705, 0.12931568787702882], [0.10723882530385717, 0.0660465224636554, 0.10104779809339784, 0.051469086874147515, 0.061339810293291844, 0.13322016186993782, 0.1337054229618415, 0.07545481224330255, 0.16708132683507546, 0.07195429163724598, 0.07564542368187058, 0.08380081592954665, 0.10325092787420313, 0.050442669576099344, 0.10243727256904742, 0.11335775436482931, 0.08861020741626682, 0.04604802612981705, 1.0, 1.0], [0.23891074948441454, 0.13782510292388406, 0.18245221113146445, 0.11771205264452039, 0.13864599661657084, 0.209589565467079, 0.20463168499103473, 0.16447923026333908, 