{"model": "LSING", "dataset": "dim20_pair_gau", "N": 300, "seed": 1234560, "metrics": {"TP": 10, "FP": 1, "FN": 0, "TN": 179, "TPR": 1.0, "FDR": 0.09090909090909091, "FPR": 0.005555555555555556, "Hamming": 1}, "omega": [[1.0, 0.4241149526795782, 0.06067283258010917, 0.02726282634588243, 0.03609408768298151, 0.04387550646183934, 0.021797507100350517, 0.03175815105536857, 0.023808334210166433, 0.045367475824809184, 0.06973934981381819, 0.09692680774364126, 0.05164628222255104, 0.02235260121522742, 0.08541518048394715, 0.07692908187204509, 0.042272520772887505, 0.034632954523677734, 0.1314536525333423, 0.035337814140245824], [0.4241149526795782, 1.0, 0.14602010483190594, 0.08467560600065199, 0.08204610383334829, 0.06321869712158722, 0.04122837552122406, 0.06169069864103765, 0.05828952064345669, 0.07631555894424563, 0.08010162350248481, 0.10043068874388808, 0.0650055655652067, 0.034262511405100525, 0.09830519470375851, 0.07074969076900964, 0.09823038811121121, 0.04636398010731265, 0.19696965681602555, 0.10495590662587116], [0.06067283258010917, 0.14602010483190594, 1.0, 0.715539570240404, 0.09010951140471432, 0.11778551857565318, 0.08079515509238762, 0.136195950697072, 0.12782978101288092, 0.1316783003697135, 0.10132393985284945, 0.13824862575139027, 0.11699431792175254, 0.09977278758495421, 0.1146761059320213, 0.14191157854768127, 0.12380765735849235, 0.0760189194592053, 0.1694530893314899, 0.10235067024030145], [0.02726282634588243, 0.08467560600065199, 0.715539570240404, 1.0, 0.03479023597546352, 0.037384933384278216, 0.02762481214785818, 0.039728251810183704, 0.025522751558333622, 0.0573022269372264, 0.06468414591779469, 0.11706790598152701, 0.06746088246782637, 0.052099777005839114, 0.12138843033362481, 0.08148483465382556, 0.05556084955146075, 0.04727749681460218, 0.14048316016340165, 0.04475228240843389], [0.03609408768298151, 0.08204610383334829, 0.09010951140471432, 0.03479023597546352, 1.0, 0.3793458455297033, 0.027588353547415914, 0.04232260629857326, 0.06622710305339409, 0.06879022681316245, 0.04400106361264444, 0.08838088782883788, 0.03711317144435167, 0.06037311679921618, 0.08009672773078422, 0.10738181893436659, 0.08457565801402303, 0.02613562610018361, 0.11283277297694362, 0.037838949206853024], [0.04387550646183934, 0.06321869712158722, 0.11778551857565318, 0.037384933384278216, 0.3793458455297033, 1.0, 0.03725277751228264, 0.06375418234739672, 0.07484534255533142, 0.11323606986984353, 0.08279609910237816, 0.1021330056621023, 0.06339231640110354, 0.049713009230339146, 0.09802613571682428, 0.1403589580476745, 0.0828874391204713, 0.05344489569073143, 0.1314455939033516, 0.0898443556769584], [0.021797507100350517, 0.04122837552122406, 0.08079515509238762, 0.02762481214785818, 0.027588353547415914, 0.03725277751228264, 1.0, 0.2955017616321638, 0.023042144274360205, 0.04866060142755842, 0.05804296252244647, 0.10520278269737264, 0.0387442100216743, 0.022614832963727263, 0.07793425321859451, 0.06380253745666535, 0.07094850471179989, 0.029161385303698384, 0.13453824339804604, 0.06318758624864858], [0.03175815105536857, 0.06169069864103765, 0.136195950697072, 0.039728251810183704, 0.04232260629857326, 0.06375418234739672, 0.2955017616321638, 1.0, 0.03836117539777804, 0.05678707139924198, 0.09511114064295942, 0.09505510977601943, 0.06739091504846291, 0.06695103637011365, 0.06772967215329137, 0.06093149446039687, 0.08226382667472647, 0.04816558414123943, 0.3037298109594891, 0.07078892019978024], [0.023808334210166433, 0.05828952064345669, 0.12782978101288092, 0.025522751558333622, 0.06622710305339409, 0.07484534255533142, 0.023042144274360205, 0.03836117539777804, 1.0, 0.37993826553405885, 0.06477485419656095, 0.11426491937234988, 0.042494051529180725, 0.03752968076159284, 0.06071047642007909, 0.08018053515216018, 0.061410248828786915, 0.02432002974764772, 0.13074660721522952, 0.06062176573602236], [0.045367475824809184, 0.07631555894424563, 0.1316783003697135, 0.0573022269372264, 0.06879022681316245, 0.11323606986984353, 0.04866060142755842, 0.05678707139924198, 0.37993826553405885, 1.0, 0.10503002238358142, 0.09854343617212805, 0.06570098488211001, 0.06782665038245216, 0.09917312962910113, 0.08338640498566613, 0.07562063403203292, 0.04371151392416068, 0.12962884144287756, 0.04550767118317948], [0.06973934981381819, 0.08010162350248481, 0.10132393985284945, 0.06468414591779469, 0.04400106361264444, 0.08279609910237816, 0.05804296252244647, 0.09511114064295942, 0.06477485419656095, 0.10503002238358142, 1.0, 0.7234084953201749, 0.09073082828120546, 0.061817397750151694, 0.10774351009112268, 0.12330676048507833, 0.1115560394499386, 0.05815194130182475, 0.18065764466777318, 0.09942053173387612], [0.09692680774364126, 0.10043068874388808, 0.13824862575139027, 0.11706790598152701, 0.08838088782883788, 0.1021330056621023, 0.10520278269737264, 0.09505510977601943, 0.11426491937234988, 0.09854343617212805, 0.7234084953201749, 1.0, 0.07333241759152749, 0.0731051445827755, 0.11958132625559781, 0.1185820195141831, 0.12108266184076195, 0.08277280381874055, 0.16079237097805446, 0.10999406021871772], [0.05164628222255104, 0.0650055655652067, 0.11699431792175254, 0.06746088246782637, 0.03711317144435167, 0.06339231640110354, 0.0387442100216743, 0.06739091504846291, 0.042494051529180725, 0.06570098488211001, 0.09073082828120546, 0.07333241759152749, 1.0, 0.35941180797143363, 0.10450588516038428, 0.09925446835634857, 0.09258037791748541, 0.08806066673825158, 0.14006069385227043, 0.06770783344912946], [0.02235260121522742, 0.034262511405100525, 0.09977278758495421, 0.052099777005839114, 0.06037311679921618, 0.049713009230339146, 0.022614832963727263, 0.06695103637011365, 0.03752968076159284, 0.06782665038245216, 0.061817397750151694, 0.0731051445827755, 0.35941180797143363, 1.0, 0.08895187530662246, 0.06500556639753784, 0.06572435341088698, 0.029030885770649467, 0.10217382151600472, 0.06386719543575711], [0.08541518048394715, 0.09830519470375851, 0.1146761059320213, 0.12138843033362481, 0.08009672773078422, 0.09802613571682428, 0.07793425321859451, 0.06772967215329137, 0.06071047642007909, 0.09917312962910113, 0.10774351009112268, 0.11958132625559781, 0.10450588516038428, 0.08895187530662246, 1.0, 0.8589584272175103, 0.09964474842272253, 0.08486841550667784, 0.15545138868589256, 0.09461562062863853], [0.07692908187204509, 0.07074969076900964, 0.14191157854768127, 0.08148483465382556, 0.10738181893436659, 0.1403589580476745, 0.06380253745666535, 0.06093149446039687, 0.08018053515216018, 0.08338640498566613, 0.12330676048507833, 0.1185820195141831, 0.09925446835634857, 0.06500556639753784, 0.8589584272175103, 1.0, 0.09957975667884804, 0.07449904286581223, 0.13921548489607322, 0.0980089697196204], [0.042272520772887505, 0.09823038811121121, 0.12380765735849235, 0.05556084955146075, 0.08457565801402303, 0.0828874391204713, 0.07094850471179989, 0.08226382667472647, 0.061410248828786915, 0.07562063403203292, 0.1115560394499386, 0.12108266184076195, 0.09258037791748541, 0.06572435341088698, 0.09964474842272253, 0.09957975667884804, 1.0, 0.539944509748775, 0.12868765471953658, 0.08205807774896966], [0.034632954523677734, 0.04636398010731265, 0.0760189194592053, 0.04727749681460218, 0.02613562610018361, 0.05344489569073143, 0.029161385303698384, 0.04816558414123943, 0.02432002974764772, 0.04371151392416068, 0.05815194130182475, 0.08277280381874055, 0.08806066673825158, 0.029030885770649467, 0.08486841550667784, 0.07449904286581223, 0.539944509748775, 1.0, 0.1287646603309266, 0.049326221625382353], [0.1314536525333423, 0.19696965681602555, 0.1694530893314899, 0.14048316016340165, 0.11283277297694362, 0.1314455939033516, 0.13453824339804604, 0.3037298109594891, 0.13074660721522952, 0.12962884144287756, 0.18065764466777318, 0.16079237097805446, 0.14006069385227043, 0.10217382151600472, 0.15545138868589256, 0.13921548489607322, 0.12868765471953658, 0.1287646603309266, 1.0, 1.0], [0.035337814140245824, 0.10495590662587116, 0.10235067024030145, 0.04475228240843389, 