{"model": "SING", "dataset": "dim5_cop_gau", "N": 100, "seed": 120, "metrics": {"TP": 0, "FP": 0, "FN": 4, "TN": 6, "TPR": 0.0, "FDR": 0.0, "FPR": 0.0, "Hamming": 4}, "omega": [[387.9662446958262, 0.0, 0.0, 0.0, 0.0], [0.0, 401.30189619461737, 0.0, 0.0, 0.0], [0.0, 0.0, 427.62890099272704, 0.0, 0.0], [0.0, 0.0, 0.0, 335.0056881965517, 0.0], [0.0, 0.0, 0.0, 0.0, 427.55615583447064]], "meta_info": {"source": "pretrained", "p_order": 2}}