{"model": "SING", "dataset": "dim5_cop_gau", "N": 100, "seed": 1230, "metrics": {"TP": 0, "FP": 0, "FN": 4, "TN": 6, "TPR": 0.0, "FDR": 0.0, "FPR": 0.0, "Hamming": 4}, "omega": [[384.6499637638453, 0.0, 0.0, 0.0, 0.0], [0.0, 398.29567766237744, 0.0, 0.0, 0.0], [0.0, 0.0, 421.6100617287588, 0.0, 0.0], [0.0, 0.0, 0.0, 435.4950893055464, 0.0], [0.0, 0.0, 0.0, 0.0, 422.7982970766856]], "meta_info": {"source": "pretrained", "p_order": 2}}