{"model": "SING", "dataset": "dim5_cop_gau", "N": 100, "seed": 1234560, "metrics": {"TP": 0, "FP": 0, "FN": 4, "TN": 6, "TPR": 0.0, "FDR": 0.0, "FPR": 0.0, "Hamming": 4}, "omega": [[451.5258633190368, 0.0, 0.0, 0.0, 0.0], [0.0, 442.72810887752604, 0.0, 0.0, 0.0], [0.0, 0.0, 412.9913199625096, 0.0, 0.0], [0.0, 0.0, 0.0, 406.68038105859813, 0.0], [0.0, 0.0, 0.0, 0.0, 401.1037196132188]], "meta_info": {"source": "pretrained", "p_order": 2}}