{"model": "LSING", "dataset": "dim5_cop_gau", "N": 400, "seed": 1230, "metrics": {"TP": 4, "FP": 3, "FN": 0, "TN": 3, "TPR": 1.0, "FDR": 0.42857142857142855, "FPR": 0.5, "Hamming": 3}, "omega": [[1.0, 0.8027406671792537, 0.26931722134269376, 0.12141931104038205, 0.18767850855052948], [0.8027406671792537, 1.0, 0.6882812768643978, 0.1914641277332053, 0.22863285747100193], [0.26931722134269376, 0.6882812768643978, 1.0, 0.8198632520483996, 0.2135713092013958], [0.12141931104038205, 0.1914641277332053, 0.8198632520483996, 1.0, 1.0], [0.18767850855052948, 0.22863285747100193, 0.2135713092013958, 1.0, 1.0]], "meta_info": {"source": "pretrained"}}