{"model": "LSING", "dataset": "0.1_dim20_pair_gau", "N": 20000, "seed": 12340, "metrics": {"TP": 10, "FP": 3, "FN": 0, "TN": 177, "TPR": 1.0, "FDR": 0.23076923076923078, "FPR": 0.016666666666666666, "Hamming": 3}, "omega": [[1.0, 0.7641225592543958, 0.12618681646451607, 0.13357910098391138, 0.2228570007257004, 0.14734956327929355, 0.1481628104882966, 0.17247662749497747, 0.13717927797100282, 0.11071477934152148, 0.088504999601656, 0.12410793630433359, 0.1405363343896712, 0.15394179755026816, 0.10834573052990756, 0.09449566351891174, 0.09573058544673536, 0.11615524663474515, 0.08419987678165804, 0.14105630061775618], [0.7641225592543958, 1.0, 0.16067736559512985, 0.15665018212916387, 0.178370033785928, 0.1400688740358358, 0.10470922238296111, 0.12317828968142767, 0.1270685648279306, 0.16466935859029083, 0.10117563685737722, 0.086647675860159, 0.14187934408140968, 0.10816777876586228, 0.13174797464037194, 0.16080261068947485, 0.0901352365050846, 0.15760088877705863, 0.11737328038348753, 0.11205732335870397], [0.12618681646451607, 0.16067736559512985, 1.0, 0.867100446360597, 0.17584115179551635, 0.16222778844300678, 0.17521846801376317, 0.12274088883379404, 0.122287590967602, 0.10533440115499594, 0.11926467313183586, 0.09413798273746984, 0.14174537933780976, 0.12409933414177854, 0.19468562968650174, 0.14271816494079986, 0.11414391278252219, 0.11721918055564527, 0.10638658213366169, 0.11839849923258543], [0.13357910098391138, 0.15665018212916387, 0.867100446360597, 1.0, 0.1666521196770963, 0.13377422716736131, 0.13630320741937652, 0.11875700455704848, 0.11110756514889572, 0.10138536556956476, 0.1565754050488555, 0.09359148160418032, 0.15328974209353816, 0.15382379818112474, 0.10764419394742017, 0.17358966658419528, 0.09725971543234542, 0.1024455740940169, 0.10034017825372622, 0.14727817836042978], [0.2228570007257004, 0.178370033785928, 0.17584115179551635, 0.1666521196770963, 1.0, 0.8421490738920765, 0.2511777977582068, 0.13814451024724977, 0.12635496770166724, 0.14772707581567981, 0.15870229027462016, 0.13698962025940312, 0.18343424031014985, 0.17397491188155728, 0.14552599453474088, 0.1183274325958723, 0.1841380582707373, 0.13908084506756313, 0.16358587061028249, 0.15684961473419587], [0.14734956327929355, 0.1400688740358358, 0.16222778844300678, 0.13377422716736131, 0.8421490738920765, 1.0, 0.1251865133402858, 0.1357964039739248, 0.1479455882607768, 0.14178369281871048, 0.12379245460937663, 0.12723105107002444, 0.167060499173731, 0.1305746798269543, 0.15233737354287014, 0.15116906443777223, 0.10607585330974645, 0.14760346271840266, 0.11077007499086337, 0.1940332580837429], [0.1481628104882966, 0.10470922238296111, 0.17521846801376317, 0.13630320741937652, 0.2511777977582068, 0.1251865133402858, 1.0, 0.651883028976988, 0.11627048186225801, 0.1349220764977008, 0.10647981957870825, 0.10997513861807137, 0.13210289982467055, 0.1669495874567747, 0.13238514560028458, 0.09593831902114627, 0.16446793511972588, 0.14136528636626916, 0.12060787721065964, 0.14141461796349938], [0.17247662749497747, 0.12317828968142767, 0.12274088883379404, 0.11875700455704848, 0.13814451024724977, 0.1357964039739248, 0.651883028976988, 1.0, 0.15720334796252086, 0.08322426722562652, 0.08607086956665881, 0.08399201290381632, 0.10446275237552981, 0.13025771779957854, 0.18163772768452496, 0.08421482108988626, 0.10695165043778022, 0.09328882304848782, 0.13411594684659034, 0.10445743770445036], [0.13717927797100282, 0.1270685648279306, 0.122287590967602, 0.11110756514889572, 0.12635496770166724, 0.1479455882607768, 0.11627048186225801, 0.15720334796252086, 1.0, 0.6333077408850742, 0.09284264274018836, 0.13889592527415243, 0.12532062334016927, 0.13113066961335273, 0.19542862412120376, 0.10625448436052938, 0.17090457000534304, 0.14708711935291846, 0.12154409668039493, 0.11744596406441572], [0.11071477934152148, 0.16466935859029083, 0.10533440115499594, 0.10138536556956476, 0.14772707581567981, 0.14178369281871048, 0.1349220764977008, 0.08322426722562652, 0.6333077408850742, 1.0, 0.11731540643511311, 0.07013763092675115, 0.10061957017059342, 0.13324284550428897, 0.1875264216907483, 0.08118292086188175, 0.10547399671570416, 0.10048217908759982, 0.08951091645402001, 0.19530836900742213], [0.088504999601656, 0.10117563685737722, 0.11926467313183586, 0.1565754050488555, 0.15870229027462016, 0.12379245460937663, 0.10647981957870825, 0.08607086956665881, 0.09284264274018836, 0.11731540643511311, 1.0, 0.3264779203100788, 0.10399742814351089, 0.11568721380026291, 0.1155933483354023, 0.0785069113452369, 0.09449887197388011, 0.08057127228543264, 0.08839299846257331, 0.07466113588841529], [0.12410793630433359, 0.086647675860159, 0.09413798273746984, 0.09359148160418032, 0.13698962025940312, 0.12723105107002444, 0.10997513861807137, 0.08399201290381632, 0.13889592527415243, 0.07013763092675115, 0.3264779203100788, 1.0, 0.12763530357930963, 0.12156571209705608, 0.09703407047650316, 0.09077384293885794, 0.10001169398527224, 0.07354920971866387, 0.13069438168518546, 0.09059504099832968], [0.1405363343896712, 0.14187934408140968, 0.14174537933780976, 0.15328974209353816, 0.18343424031014985, 0.167060499173731, 0.13210289982467055, 0.10446275237552981, 0.12532062334016927, 0.10061957017059342, 0.10399742814351089, 0.12763530357930963, 1.0, 1.0, 0.13539148499463285, 0.09102930388301489, 0.11915581422794524, 0.1365333446393989, 0.11005027456684491, 0.1101404744466684], [0.15394179755026816, 0.10816777876586228, 0.12409933414177854, 0.15382379818112474, 0.17397491188155728, 0.1305746798269543, 0.1669495874567747, 0.13025771779957854, 0.13113066961335273, 0.13324284550428897, 0.11568721380026291, 0.12156571209705608, 1.0, 1.0, 0.1205672567181971, 0.11397996329698407, 0.13295208514711437, 0.12071986553301144, 0.17489936132008363, 0.14210641810274718], [0.10834573052990756, 0.13174797464037194, 0.19468562968650174, 0.10764419394742017, 0.14552599453474088, 0.15233737354287014, 0.13238514560028458, 0.18163772768452496, 0.19542862412120376, 0.1875264216907483, 0.1155933483354023, 0.09703407047650316, 0.13539148499463285, 0.1205672567181971, 1.0, 0.6345022943828097, 0.2076887585752047, 0.1227021865787227, 0.11467042836009654, 0.09751772476982945], [0.09449566351891174, 0.16080261068947485, 0.14271816494079986, 0.17358966658419528, 0.1183274325958723, 0.15116906443777223, 0.09593831902114627, 0.08421482108988626, 0.10625448436052938, 0.08118292086188175, 0.0785069113452369, 0.09077384293885794, 0.09102930388301489, 0.11397996329698407, 0.6345022943828097, 1.0, 0.08079782936529054, 0.09444847017961983, 0.06901985391934434, 0.08894425887527001], [0.09573058544673536, 0.0901352365050846, 0.11414391278252219, 0.09725971543234542, 0.1841380582707373, 0.10607585330974645, 0.16446793511972588, 0.10695165043778022, 0.17090457000534304, 0.10547399671570416, 0.09449887197388011, 0.10001169398527224, 0.11915581422794524, 0.13295208514711437, 0.2076887585752047, 0.08079782936529054, 1.0, 0.4298394890724723, 0.08971173326598911, 0.11103422354244803], [0.11615524663474515, 0.15760088877705863, 0.11721918055564527, 0.1024455740940169, 0.13908084506756313, 0.14760346271840266, 0.14136528636626916, 0.09328882304848782, 0.14708711935291846, 0.10048217908759982, 0.08057127228543264, 0.07354920971866387, 0.1365333446393989, 0.12071986553301144, 0.1227021865787227, 0.09444847017961983, 0.4298394890724723, 1.0, 0.09262105427967562, 0.13909914308704327], [0.08419987678165804, 0.11737328038348753, 0.10638658213366169, 0.10034017825372622, 0.16358587061028249, 0.11077007499086337, 0.12060787721065964, 0.13411594684659034, 0.12154409668039493, 0.08951091645402001, 0.08839299846257331, 0.13069438168518546, 0.11005027456684491, 0.17489936132008363, 0.11467042836009654, 0.06901985391934434, 0.08971173326598911, 0.09262105427967562, 1.0, 0.6296158388271823], [0.14105630061775618, 0.11205732335870397, 0.11839849923258543, 0.14727817836042978, 0.15684961473419587, 0.1940332580837429, 0.14141461796349938, 0.10445743770445036, 