{"model": "LSING", "dataset": "0.1_dim20_pair_gau", "N": 20000, "seed": 1230, "metrics": {"TP": 10, "FP": 12, "FN": 0, "TN": 168, "TPR": 1.0, "FDR": 0.5454545454545454, "FPR": 0.06666666666666667, "Hamming": 12}, "omega": [[1.0, 0.6214405780661718, 0.17673851879873473, 0.14670190144105952, 0.1463586326310095, 0.1553564499121503, 0.11843886779373645, 0.07831613624077155, 0.12869140388592615, 0.1215738509041418, 0.15653975602648734, 0.11205310465886587, 0.11158227851932791, 0.21127872091976882, 0.18095083519603714, 0.10644591930677755, 0.1301920542609365, 0.12263550215335789, 0.09919243159132825, 0.11157189801638381], [0.6214405780661718, 1.0, 0.11114498870448154, 0.10497320103124154, 0.12795722812581425, 0.12655055869362491, 0.16115761534884313, 0.12037692371818862, 0.07661651138823078, 0.09127650130828167, 0.10744428598894552, 0.10168766946883269, 0.09891043979822867, 0.1208561139079118, 0.17227371847883718, 0.14096820482217273, 0.2668945890373129, 0.14592541578365623, 0.09180050749442044, 0.11014131158491548], [0.17673851879873473, 0.11114498870448154, 1.0, 0.6859741884788098, 0.20545958546146997, 0.22629791096206395, 0.0958474658628347, 0.09646733367897026, 0.13342809147847598, 0.19985668674074322, 0.11058305273035537, 0.19855015889291633, 0.08321690878165977, 0.13574372706919302, 0.2026915967531781, 0.1250795675343592, 0.17883705854507512, 0.11394552109074266, 0.11796962632788978, 0.13079301950170666], [0.14670190144105952, 0.10497320103124154, 0.6859741884788098, 1.0, 0.1044905388036554, 0.10474136683126975, 0.12019503344747613, 0.0774168962395907, 0.09907316709073603, 0.12866342282181525, 0.0996273978116048, 0.07873394703294066, 0.11821871833657266, 0.13691772099992838, 0.14617630612989888, 0.14700687545401347, 0.12416809527670736, 0.12457492018497165, 0.24297342331288604, 0.0950557922654463], [0.1463586326310095, 0.12795722812581425, 0.20545958546146997, 0.1044905388036554, 1.0, 1.0, 0.13365165065487442, 0.10072824747802743, 0.15748545901640337, 0.12470149377039845, 0.1388085305014609, 0.12980187287776138, 0.20659778179157226, 0.15311269885918807, 0.1688243467912726, 0.13537863338524297, 0.1830916492290242, 0.10714987498349002, 0.13602621741131907, 0.15087504167780835], [0.1553564499121503, 0.12655055869362491, 0.22629791096206395, 0.10474136683126975, 1.0, 1.0, 0.12571149623073788, 0.11063991625302232, 0.12983245574460417, 0.12716011055110998, 0.10692474003606148, 0.16514626128648227, 0.20187686081198467, 0.1286849093945902, 0.18264542114234603, 0.1389149796212744, 0.17305578610480477, 0.16794992295815062, 0.17248276631750073, 0.14873093811151267], [0.11843886779373645, 0.16115761534884313, 0.0958474658628347, 0.12019503344747613, 0.13365165065487442, 0.12571149623073788, 1.0, 0.3589152994048642, 0.07760864620756783, 0.10822163520448398, 0.0931910809151836, 0.1004773348751318, 0.12056671064937399, 0.15878869287959105, 0.18838744174944272, 0.14335572495064453, 0.2013799365211769, 0.20027521864846848, 0.13262248076499927, 0.19124222250164707], [0.07831613624077155, 0.12037692371818862, 0.09646733367897026, 0.0774168962395907, 0.10072824747802743, 0.11063991625302232, 0.3589152994048642, 1.0, 0.0848875688260285, 0.08045308874446873, 0.0951850321978986, 0.08348192765120627, 0.08581293591212803, 0.08645993458823109, 0.19069189114637825, 0.10315187012327799, 0.11674686361917179, 0.09281375052343196, 0.10551277797179644, 0.07790124774713707], [0.12869140388592615, 0.07661651138823078, 0.13342809147847598, 0.09907316709073603, 0.15748545901640337, 0.12983245574460417, 0.07760864620756783, 0.0848875688260285, 1.0, 0.6401980934701793, 0.10429967465046638, 0.08310066673454056, 0.10941247742151583, 0.09109491817938015, 0.1629644861093736, 0.10642455737125923, 0.1083909282096168, 0.08890310080045251, 0.0964165239659105, 0.08626803327501378], [0.1215738509041418, 0.09127650130828167, 0.19985668674074322, 0.12866342282181525, 0.12470149377039845, 0.12716011055110998, 0.10822163520448398, 0.08045308874446873, 0.6401980934701793, 1.0, 0.09005162421753175, 0.11056060912150284, 0.18971889704859332, 0.09093696716459963, 0.16059157969924032, 0.12209535544248701, 0.09874730743463729, 0.11086959823465214, 0.14453774463044003, 0.11632006559053434], [0.15653975602648734, 0.10744428598894552, 0.11058305273035537, 0.0996273978116048, 0.1388085305014609, 0.10692474003606148, 0.0931910809151836, 0.0951850321978986, 0.10429967465046638, 0.09005162421753175, 1.0, 0.5321744846098093, 0.08654978914759191, 0.09214135032929698, 0.15680857188103012, 0.15448698931264013, 0.1351338102025993, 0.11307310480771837, 0.1211728616902856, 0.08251162215709985], [0.11205310465886587, 0.10168766946883269, 0.19855015889291633, 0.07873394703294066, 0.12980187287776138, 0.16514626128648227, 0.1004773348751318, 0.08348192765120627, 0.08310066673454056, 0.11056060912150284, 0.5321744846098093, 1.0, 0.09601545017677302, 0.1554641988204971, 0.14347658747891984, 0.11501636433763435, 0.11087188621857721, 0.11560415809117827, 0.10279748856640127, 0.11955262631888029], [0.11158227851932791, 0.09891043979822867, 0.08321690878165977, 0.11821871833657266, 0.20659778179157226, 0.20187686081198467, 0.12056671064937399, 0.08581293591212803, 0.10941247742151583, 0.18971889704859332, 0.08654978914759191, 0.09601545017677302, 1.0, 0.5117299505215018, 0.14019119835908997, 0.11067316546689063, 0.14217361179290658, 0.07211583779508005, 0.10829286539664151, 0.12315130453721279], [0.21127872091976882, 0.1208561139079118, 0.13574372706919302, 0.13691772099992838, 0.15311269885918807, 0.1286849093945902, 0.15878869287959105, 0.08645993458823109, 0.09109491817938015, 0.09093696716459963, 0.09214135032929698, 0.1554641988204971, 0.5117299505215018, 1.0, 0.26288922835329503, 0.09617844900044659, 0.1232162227425887, 0.11595173133791221, 0.15200382789503591, 0.09694800393611579], [0.18095083519603714, 0.17227371847883718, 0.2026915967531781, 0.14617630612989888, 0.1688243467912726, 0.18264542114234603, 0.18838744174944272, 0.19069189114637825, 0.1629644861093736, 0.16059157969924032, 0.15680857188103012, 0.14347658747891984, 0.14019119835908997, 0.26288922835329503, 1.0, 0.8312104581626382, 0.16422560148248538, 0.21088349617903124, 0.1508913647070948, 0.14236272657317234], [0.10644591930677755, 0.14096820482217273, 0.1250795675343592, 0.14700687545401347, 0.13537863338524297, 0.1389149796212744, 0.14335572495064453, 0.10315187012327799, 0.10642455737125923, 0.12209535544248701, 0.15448698931264013, 0.11501636433763435, 0.11067316546689063, 0.09617844900044659, 0.8312104581626382, 1.0, 0.1496686643170051, 0.10536989916240559, 0.09592450949274738, 0.11960804093343903], [0.1301920542609365, 0.2668945890373129, 0.17883705854507512, 0.12416809527670736, 0.1830916492290242, 0.17305578610480477, 0.2013799365211769, 0.11674686361917179, 0.1083909282096168, 0.09874730743463729, 0.1351338102025993, 0.11087188621857721, 0.14217361179290658, 0.1232162227425887, 0.16422560148248538, 0.1496686643170051, 1.0, 0.9808813214369565, 0.14043418759352913, 0.10180477284842177], [0.12263550215335789, 0.14592541578365623, 0.11394552109074266, 0.12457492018497165, 0.10714987498349002, 0.16794992295815062, 0.20027521864846848, 0.09281375052343196, 0.08890310080045251, 0.11086959823465214, 0.11307310480771837, 0.11560415809117827, 0.07211583779508005, 0.11595173133791221, 0.21088349617903124, 0.10536989916240559, 0.9808813214369565, 1.0, 0.10048841868830968, 0.13641449807633077], [0.09919243159132825, 0.09180050749442044, 0.11796962632788978, 0.24297342331288604, 0.13602621741131907, 0.17248276631750073, 0.13262248076499927, 0.10551277797179644, 0.0964165239659105, 0.14453774463044003, 0.1211728616902856, 0.10279748856640127, 0.10829286539664151, 0.15200382789503591, 0.1508913647070948, 0.09592450949274738, 0.14043418759352913, 0.10048841868830968, 1.0, 0.6621543884546586], [0.11157189801638381, 0.11014131158491548, 0.13079301950170666, 0.0950557922654463, 0.15087504167780835, 0.14873093811151267, 0.19124222250164707, 0.07790124774713707, 