{"model": "LSING", "dataset": "0.1_dim20_pair_gau", "N": 20000, "seed": 1234560, "metrics": {"TP": 9, "FP": 4, "FN": 1, "TN": 176, "TPR": 0.9, "FDR": 0.3076923076923077, "FPR": 0.022222222222222223, "Hamming": 5}, "omega": [[1.0, 0.43683536043336174, 0.10862307608538244, 0.09849437189542179, 0.05587690120367657, 0.08989250396673983, 0.06813726694093429, 0.09235656266475128, 0.12396688738202236, 0.09845968654478088, 0.12857839263909354, 0.11173773062044541, 0.19140241347981493, 0.09448177280284932, 0.08492630943346799, 0.08500595452483975, 0.0994083304721839, 0.10801983528361889, 0.09988088226988197, 0.08616760430172951], [0.43683536043336174, 1.0, 0.09630845620431053, 0.1404068894497743, 0.0780151563511295, 0.09811963724289309, 0.0945264313265213, 0.10741183277656867, 0.10756164493761076, 0.1550206207421731, 0.13102405233894798, 0.14240770519508483, 0.09125319219935954, 0.08048639886968174, 0.10487183024337447, 0.08620782709474017, 0.08872510630816521, 0.102311410970355, 0.11955991263417899, 0.08651743696863867], [0.10862307608538244, 0.09630845620431053, 1.0, 0.5755680483336358, 0.0987746584949532, 0.08775618180755257, 0.15052386680574478, 0.18299380311508945, 0.21436284471569053, 0.12122826727172839, 0.21179828267654646, 0.14485262629420592, 0.1785545651318593, 0.11872841119571487, 0.13501516599007538, 0.10578510386079724, 0.1809104869057396, 0.08664363866377935, 0.1300735392152756, 0.08187849207538356], [0.09849437189542179, 0.1404068894497743, 0.5755680483336358, 1.0, 0.09329471351022714, 0.0626107962993974, 0.12351564772280399, 0.10393882897172682, 0.1405422803283408, 0.15122585935081237, 0.15082573581385664, 0.11438658804719874, 0.116779303691132, 0.11946992300627894, 0.11054310789126305, 0.0897874988747686, 0.10598063912087004, 0.10700887449825078, 0.09566134705787187, 0.08263345549706938], [0.05587690120367657, 0.0780151563511295, 0.0987746584949532, 0.09329471351022714, 1.0, 0.19103896415134083, 0.061011368790063726, 0.07453903721917203, 0.09470885951827256, 0.09930766208060807, 0.12408626836759731, 0.09578885677777499, 0.07948766006963347, 0.06173732253322457, 0.05858087309967935, 0.06220248007106676, 0.0729081242746652, 0.07147961887806037, 0.10930399994137409, 0.061970701796795244], [0.08989250396673983, 0.09811963724289309, 0.08775618180755257, 0.0626107962993974, 0.19103896415134083, 1.0, 0.06336907104560018, 0.06959293964049175, 0.1203619752629658, 0.07848655073259454, 0.12423079272506501, 0.11760662729025233, 0.08842033653851392, 0.05749944815384312, 0.06856117012049574, 0.07217182393184553, 0.08926653571894604, 0.07152994275819559, 0.10460255250840528, 0.08983136103005208], [0.06813726694093429, 0.0945264313265213, 0.15052386680574478, 0.12351564772280399, 0.061011368790063726, 0.06336907104560018, 1.0, 0.6177943061492283, 0.13120435756937343, 0.13839598086986138, 0.1087339157105212, 0.20602446331455157, 0.11072254660686164, 0.06668803327179262, 0.08905364746790008, 0.1681855557491047, 0.08742445517426373, 0.1048794844576784, 0.102354220929063, 0.08928121076647809], [0.09235656266475128, 0.10741183277656867, 0.18299380311508945, 0.10393882897172682, 0.07453903721917203, 0.06959293964049175, 0.6177943061492283, 1.0, 0.14346508022821458, 0.10279065968978637, 0.14947518993097228, 0.12180653800456456, 0.12031571162373358, 0.08618733608221546, 0.15805308015651667, 0.1507294825216367, 0.10596319328902257, 0.10318132996260716, 0.1897737369688136, 0.0962624896558761], [0.12396688738202236, 0.10756164493761076, 0.21436284471569053, 0.1405422803283408, 0.09470885951827256, 0.1203619752629658, 0.13120435756937343, 0.14346508022821458, 1.0, 0.7638070389986799, 0.18700291139078798, 0.17769873732119632, 0.13337026089424528, 0.15445827737710682, 0.10280319939720937, 0.13661491741090387, 0.10995970408964299, 0.0958927766630821, 0.12384730420965447, 0.13600493223540458], [0.09845968654478088, 0.1550206207421731, 0.12122826727172839, 0.15122585935081237, 0.09930766208060807, 0.07848655073259454, 0.13839598086986138, 0.10279065968978637, 0.7638070389986799, 1.0, 0.16372748138404303, 0.13813534558872487, 0.11791866340566604, 0.0968279235904915, 0.083873444403699, 0.10216391776804003, 0.09284705957188753, 0.12805516622906843, 0.09323740387008299, 0.12619135885666785], [0.12857839263909354, 0.13102405233894798, 0.21179828267654646, 0.15082573581385664, 0.12408626836759731, 0.12423079272506501, 0.1087339157105212, 0.14947518993097228, 0.18700291139078798, 0.16372748138404303, 1.0, 1.0, 0.19738578088451128, 0.12332520426890428, 0.11531712594098147, 0.2018678989728878, 0.1296699950078843, 0.16349627047067006, 0.12318589344231153, 0.16383280832437852], [0.11173773062044541, 0.14240770519508483, 0.14485262629420592, 0.11438658804719874, 0.09578885677777499, 0.11760662729025233, 0.20602446331455157, 0.12180653800456456, 0.17769873732119632, 0.13813534558872487, 1.0, 1.0, 0.13333606656867292, 0.11669664642917162, 0.10966838593111343, 0.11112164683106945, 0.14006378258842603, 0.19020565747365406, 0.14747082147487162, 0.11656453592816397], [0.19140241347981493, 0.09125319219935954, 0.1785545651318593, 0.116779303691132, 0.07948766006963347, 0.08842033653851392, 0.11072254660686164, 0.12031571162373358, 0.13337026089424528, 0.11791866340566604, 0.19738578088451128, 0.13333606656867292, 1.0, 0.5019360912140051, 0.13129775136266472, 0.1658481237511252, 0.11491856625697515, 0.10207020212638447, 0.09154483633251445, 0.11087299421211008], [0.09448177280284932, 0.08048639886968174, 0.11872841119571487, 0.11946992300627894, 0.06173732253322457, 0.05749944815384312, 0.06668803327179262, 0.08618733608221546, 0.15445827737710682, 0.0968279235904915, 0.12332520426890428, 0.11669664642917162, 0.5019360912140051, 1.0, 0.06047674358380431, 0.06729919236856927, 0.06628420228925624, 0.08896961409786944, 0.06334767019250724, 0.0668055244297928], [0.08492630943346799, 0.10487183024337447, 0.13501516599007538, 0.11054310789126305, 0.05858087309967935, 0.06856117012049574, 0.08905364746790008, 0.15805308015651667, 0.10280319939720937, 0.083873444403699, 0.11531712594098147, 0.10966838593111343, 0.13129775136266472, 0.06047674358380431, 1.0, 0.4537490366418256, 0.08701230771252003, 0.09223906325422895, 0.10839905724507241, 0.06932120059078815], [0.08500595452483975, 0.08620782709474017, 0.10578510386079724, 0.0897874988747686, 0.06220248007106676, 0.07217182393184553, 0.1681855557491047, 0.1507294825216367, 0.13661491741090387, 0.10216391776804003, 0.2018678989728878, 0.11112164683106945, 0.1658481237511252, 0.06729919236856927, 0.4537490366418256, 1.0, 0.13140979998229999, 0.10638947732122735, 0.10194872087391965, 0.07059533843411825], [0.0994083304721839, 0.08872510630816521, 0.1809104869057396, 0.10598063912087004, 0.0729081242746652, 0.08926653571894604, 0.08742445517426373, 0.10596319328902257, 0.10995970408964299, 0.09284705957188753, 0.1296699950078843, 0.14006378258842603, 0.11491856625697515, 0.06628420228925624, 0.08701230771252003, 0.13140979998229999, 1.0, 0.5467315737437622, 0.11504423566443647, 0.11008996189942559], [0.10801983528361889, 0.102311410970355, 0.08664363866377935, 0.10700887449825078, 0.07147961887806037, 0.07152994275819559, 0.1048794844576784, 0.10318132996260716, 0.0958927766630821, 0.12805516622906843, 0.16349627047067006, 0.19020565747365406, 0.10207020212638447, 0.08896961409786944, 0.09223906325422895, 0.10638947732122735, 0.5467315737437622, 1.0, 0.1062833457599812, 0.14119911919840678], [0.09988088226988197, 0.11955991263417899, 0.1300735392152756, 0.09566134705787187, 0.10930399994137409, 0.10460255250840528, 0.102354220929063, 0.1897737369688136, 0.12384730420965447, 0.09323740387008299, 0.12318589344231153, 0.14747082147487162, 0.09154483633251445, 0.06334767019250724, 0.10839905724507241, 0.10194872087391965, 0.11504423566443647, 0.1062833457599812, 1.0, 0.580430599441093], [0.08616760430172951, 0.08651743696863867, 0.08187849207538356, 0.08263345549706938, 0.061970701796795244, 0.08983136103005208, 0.08928121076647809, 0.0962624896558761, 