{"model": "LSING", "dataset": "0.1_dim20_pair_gau", "N": 20000, "seed": 123450, "metrics": {"TP": 10, "FP": 10, "FN": 0, "TN": 170, "TPR": 1.0, "FDR": 0.5, "FPR": 0.05555555555555555, "Hamming": 10}, "omega": [[1.0, 0.21525667957121564, 0.10696678130968126, 0.10235349080358522, 0.07912384381664413, 0.08232502815146367, 0.12984034256242857, 0.10066172230776249, 0.13747159266413317, 0.10381723851831519, 0.15129535711989964, 0.10734426872794851, 0.11895258036614244, 0.0746424701526007, 0.07902881905079295, 0.12747416905781378, 0.14005817291128583, 0.09956946558202383, 0.13887151729412542, 0.0868953772288769], [0.21525667957121564, 1.0, 0.18501190063411388, 0.09192477528714935, 0.08877778661569742, 0.08915966896102415, 0.10215596299285494, 0.07831441330273274, 0.12661463407441528, 0.067346490858294, 0.12212742275071223, 0.0793697825542878, 0.1288146724331546, 0.07816944974003753, 0.0744223441331525, 0.12328982573373284, 0.12392530227341891, 0.11182599444635848, 0.11538354063644361, 0.10654535152384592], [0.10696678130968126, 0.18501190063411388, 1.0, 0.7842235317151559, 0.11759235734425723, 0.11523434781933199, 0.16747347709840785, 0.11150080435909022, 0.16675952925112505, 0.14090354748571884, 0.17136218219292998, 0.12413996109564547, 0.13326963741768924, 0.11712813339431068, 0.13800916357478563, 0.16212511318202733, 0.16599498681945268, 0.12411237199855475, 0.15134533273288658, 0.13150067237321791], [0.10235349080358522, 0.09192477528714935, 0.7842235317151559, 1.0, 0.19217243794068462, 0.13994055223772567, 0.16573604508033613, 0.1331826224639292, 0.1524227203389088, 0.14487596788719298, 0.16279541088987637, 0.19168991176569558, 0.24267804231485474, 0.11784102277748493, 0.15240783741313876, 0.12436025048672782, 0.18855451097522355, 0.14737602329548805, 0.17361725378228804, 0.1547668869941011], [0.07912384381664413, 0.08877778661569742, 0.11759235734425723, 0.19217243794068462, 1.0, 0.5250303199344908, 0.11049590773845135, 0.1082489587106221, 0.13114808877461812, 0.12118997100286952, 0.12400401748796241, 0.09600768323449549, 0.17550463334840094, 0.10703139824250042, 0.12893714593455166, 0.09128078731542504, 0.1429475843419177, 0.10089845010665269, 0.13718530573487267, 0.13059251016806642], [0.08232502815146367, 0.08915966896102415, 0.11523434781933199, 0.13994055223772567, 0.5250303199344908, 1.0, 0.1981571550811542, 0.14739131119883006, 0.15412900129806356, 0.13016653819059998, 0.1391971376700639, 0.1633672806396643, 0.16202599492128672, 0.11575959912816429, 0.09922470081177386, 0.1263840752804709, 0.12688314110766077, 0.10041678450900408, 0.1458277848337961, 0.11602639190975568], [0.12984034256242857, 0.10215596299285494, 0.16747347709840785, 0.16573604508033613, 0.11049590773845135, 0.1981571550811542, 1.0, 0.8047624847038131, 0.1735685644332939, 0.16661750177582665, 0.19629917780717016, 0.1177917742833204, 0.2658579000705324, 0.11163903516965136, 0.159235211636493, 0.1466381311492623, 0.1975649582184639, 0.18543964438845773, 0.19880943588906824, 0.1343065456745855], [0.10066172230776249, 0.07831441330273274, 0.11150080435909022, 0.1331826224639292, 0.1082489587106221, 0.14739131119883006, 0.8047624847038131, 1.0, 0.20698689949097265, 0.11201495560083614, 0.14197508592703673, 0.1480582586376746, 0.24848102116788315, 0.10180148106188654, 0.15905912922900592, 0.14678684995853397, 0.16564116527804765, 0.11782992271039855, 0.12732348518691444, 0.12135441030516238], [0.13747159266413317, 0.12661463407441528, 0.16675952925112505, 0.1524227203389088, 0.13114808877461812, 0.15412900129806356, 0.1735685644332939, 0.20698689949097265, 1.0, 0.6304968250126519, 0.17252500165856724, 0.14979875559964329, 0.15378175604018526, 0.11829960465353101, 0.1480213872705535, 0.18178280736196212, 0.17880088386723245, 0.15687271054213317, 0.18026567854102632, 0.1949245872855156], [0.10381723851831519, 0.067346490858294, 0.14090354748571884, 0.14487596788719298, 0.12118997100286952, 0.13016653819059998, 0.16661750177582665, 0.11201495560083614, 0.6304968250126519, 1.0, 0.1525614711774885, 0.11728160148601734, 0.16226153539956817, 0.09724264623316739, 0.11710914086658868, 0.12511834088935578, 0.12448310135358967, 0.09763288124091608, 0.20662000821883575, 0.14840608374980369], [0.15129535711989964, 0.12212742275071223, 0.17136218219292998, 0.16279541088987637, 0.12400401748796241, 0.1391971376700639, 0.19629917780717016, 0.14197508592703673, 0.17252500165856724, 0.1525614711774885, 1.0, 0.8285722574605888, 0.23113306134548717, 0.14741538895629105, 0.13982768544861832, 0.23520872801772535, 0.1894532390437552, 0.15635837061765487, 0.18866384571562078, 0.16310932833438835], [0.10734426872794851, 0.0793697825542878, 0.12413996109564547, 0.19168991176569558, 0.09600768323449549, 0.1633672806396643, 0.1177917742833204, 0.1480582586376746, 0.14979875559964329, 0.11728160148601734, 0.8285722574605888, 1.0, 0.11561730933784768, 0.08371157241451825, 0.08487192289757182, 0.10391843689113002, 0.17049368477974264, 0.10095892062137697, 0.1372150669843949, 0.10926486335799009], [0.11895258036614244, 0.1288146724331546, 0.13326963741768924, 0.24267804231485474, 0.17550463334840094, 0.16202599492128672, 0.2658579000705324, 0.24848102116788315, 0.15378175604018526, 0.16226153539956817, 0.23113306134548717, 0.11561730933784768, 1.0, 0.8981256459852475, 0.1452764492877144, 0.12690499609049377, 0.17266933934683304, 0.13299164332461846, 0.24089902186135204, 0.22581385581428878], [0.0746424701526007, 0.07816944974003753, 0.11712813339431068, 0.11784102277748493, 0.10703139824250042, 0.11575959912816429, 0.11163903516965136, 0.10180148106188654, 0.11829960465353101, 0.09724264623316739, 0.14741538895629105, 0.08371157241451825, 0.8981256459852475, 1.0, 0.090234037643328, 0.14173895639046877, 0.1836988252852386, 0.11549593571871995, 0.22935922276409856, 0.10428807556793135], [0.07902881905079295, 0.0744223441331525, 0.13800916357478563, 0.15240783741313876, 0.12893714593455166, 0.09922470081177386, 0.159235211636493, 0.15905912922900592, 0.1480213872705535, 0.11710914086658868, 0.13982768544861832, 0.08487192289757182, 0.1452764492877144, 0.090234037643328, 1.0, 0.7067708715684318, 0.15829217994199102, 0.13335342635692707, 0.1455710980834326, 0.12050242953408656], [0.12747416905781378, 0.12328982573373284, 0.16212511318202733, 0.12436025048672782, 0.09128078731542504, 0.1263840752804709, 0.1466381311492623, 0.14678684995853397, 0.18178280736196212, 0.12511834088935578, 0.23520872801772535, 0.10391843689113002, 0.12690499609049377, 0.14173895639046877, 0.7067708715684318, 1.0, 0.14287622545292875, 0.11256897872535003, 0.1444711237737371, 0.10954062087037927], [0.14005817291128583, 0.12392530227341891, 0.16599498681945268, 0.18855451097522355, 0.1429475843419177, 0.12688314110766077, 0.1975649582184639, 0.16564116527804765, 0.17880088386723245, 0.12448310135358967, 0.1894532390437552, 0.17049368477974264, 0.17266933934683304, 0.1836988252852386, 0.15829217994199102, 0.14287622545292875, 1.0, 0.9527482109379435, 0.1813056471398017, 0.18445405323275557], [0.09956946558202383, 0.11182599444635848, 0.12411237199855475, 0.14737602329548805, 0.10089845010665269, 0.10041678450900408, 0.18543964438845773, 0.11782992271039855, 0.15687271054213317, 0.09763288124091608, 0.15635837061765487, 0.10095892062137697, 0.13299164332461846, 0.11549593571871995, 0.13335342635692707, 0.11256897872535003, 0.9527482109379435, 1.0, 0.1443206654017131, 0.10671651897625499], [0.13887151729412542, 0.11538354063644361, 0.15134533273288658, 0.17361725378228804, 0.13718530573487267, 0.1458277848337961, 0.19880943588906824, 0.12732348518691444, 0.18026567854102632, 0.20662000821883575, 0.18866384571562078, 0.1372150669843949, 0.24089902186135204, 0.22935922276409856, 0.1455710980834326, 0.1444711237737371, 0.1813056471398017, 0.1443206654017131, 1.0, 1.0], [0.0868953772288769, 0.10654535152384592, 0.13150067237321791, 0.1547668869941011, 0.13059251016806642, 0.11602639190975568, 0.1343065456745855, 0.12135441030516238, 