{"model": "SING", "dataset": "dim5_cop_gau", "N": 200, "seed": 12340, "metrics": {"TP": 0, "FP": 0, "FN": 4, "TN": 6, "TPR": 0.0, "FDR": 0.0, "FPR": 0.0, "Hamming": 4}, "omega": [[429.36521460308506, 0.0, 0.0, 0.0, 0.0], [0.0, 413.97989087685016, 0.0, 0.0, 0.0], [0.0, 0.0, 409.10986018109793, 0.0, 0.0], [0.0, 0.0, 0.0, 413.2772995926147, 0.0], [0.0, 0.0, 0.0, 0.0, 421.09551055673893]], "meta_info": {"source": "pretrained", "p_order": 2}}