{"model": "SING", "dataset": "dim5_cop_gau", "N": 200, "seed": 1230, "metrics": {"TP": 0, "FP": 0, "FN": 4, "TN": 6, "TPR": 0.0, "FDR": 0.0, "FPR": 0.0, "Hamming": 4}, "omega": [[392.0701429528423, 0.0, 0.0, 0.0, 0.0], [0.0, 437.8882438835154, 0.0, 0.0, 0.0], [0.0, 0.0, 430.28315846240747, 0.0, 0.0], [0.0, 0.0, 0.0, 409.8271473328894, 0.0], [0.0, 0.0, 0.0, 0.0, 390.8467136804518]], "meta_info": {"source": "pretrained", "p_order": 2}}