{"model": "SING", "dataset": "dim5_cop_gau", "N": 200, "seed": 1234560, "metrics": {"TP": 0, "FP": 0, "FN": 4, "TN": 6, "TPR": 0.0, "FDR": 0.0, "FPR": 0.0, "Hamming": 4}, "omega": [[445.8352293595934, 0.0, 0.0, 0.0, 0.0], [0.0, 442.1007497072724, 0.0, 0.0, 0.0], [0.0, 0.0, 425.8774222016782, 0.0, 0.0], [0.0, 0.0, 0.0, 446.6886438877423, 0.0], [0.0, 0.0, 0.0, 0.0, 418.3115877074799]], "meta_info": {"source": "pretrained", "p_order": 2}}