{"model": "SING", "dataset": "dim5_cop_gau", "N": 200, "seed": 123450, "metrics": {"TP": 0, "FP": 0, "FN": 4, "TN": 6, "TPR": 0.0, "FDR": 0.0, "FPR": 0.0, "Hamming": 4}, "omega": [[353.2211581217366, 0.0, 0.0, 0.0, 0.0], [0.0, 401.73797588395047, 0.0, 0.0, 0.0], [0.0, 0.0, 424.076131082834, 0.0, 0.0], [0.0, 0.0, 0.0, 426.32923732726243, 0.0], [0.0, 0.0, 0.0, 0.0, 399.3311818050076]], "meta_info": {"source": "pretrained", "p_order": 2}}