{"model": "LSING", "dataset": "0.7_dim20_pair_gau", "N": 100, "seed": 120, "metrics": {"TP": 9, "FP": 13, "FN": 1, "TN": 167, "TPR": 0.9, "FDR": 0.5909090909090909, "FPR": 0.07222222222222222, "Hamming": 14}, "omega": [[1.0, 0.3878801792981052, 0.0814949436524539, 0.08831482256651522, 0.06878669301906527, 0.1513652622365127, 0.07361877699736441, 0.07738119520868049, 0.1536864890372185, 0.08765265944558445, 0.1530970801991297, 0.09846568245183414, 0.059263298877642076, 0.06310762472204133, 0.08268327999348503, 0.13061035022852552, 0.2311002744063101, 0.08829011773908324, 0.08200241276440011, 0.09211239155468438], [0.3878801792981052, 1.0, 0.06502835540611109, 0.06733156502670022, 0.07610499489930668, 0.1239284086494526, 0.056308810463078104, 0.09355225144474487, 0.0970807945583806, 0.04580325125689531, 0.08513485651053843, 0.09708819644697549, 0.03395789831987945, 0.041034798938594304, 0.05098437525230607, 0.037601229430206225, 0.07734147629209498, 0.06757577955215766, 0.04589043785683521, 0.11736544082141451], [0.0814949436524539, 0.06502835540611109, 1.0, 0.3284064141368796, 0.07674965023208499, 0.12357908320896158, 0.06144342546993034, 0.07754286501968399, 0.2242510037124814, 0.08718690038556902, 0.08832493666004543, 0.04615621891821338, 0.04850277875091824, 0.03862239234196126, 0.08621344278237418, 0.06088319127133462, 0.08246154563189481, 0.05033560244828909, 0.05416328838280195, 0.056502722190656614], [0.08831482256651522, 0.06733156502670022, 0.3284064141368796, 1.0, 0.2060536818392309, 0.15783892668835223, 0.09329936906192364, 0.11218668351842716, 0.11432149744215858, 0.10587143313913909, 0.1355071065013448, 0.10915781978010568, 0.08093388595961044, 0.044491327275416485, 0.11268947114068642, 0.12517288462818824, 0.09708527939272481, 0.12283315583731945, 0.12119514793583888, 0.17424972217516455], [0.06878669301906527, 0.07610499489930668, 0.07674965023208499, 0.2060536818392309, 1.0, 0.4239053732073746, 0.10529667512408461, 0.08301770332911493, 0.14437144713444433, 0.06389554142351417, 0.06973551407793324, 0.1113709708133536, 0.059922728625874944, 0.04881932556962804, 0.15199159857784975, 0.0844651959046656, 0.09338013158733396, 0.09377670347391881, 0.0485200489138649, 0.16614849440560345], [0.1513652622365127, 0.1239284086494526, 0.12357908320896158, 0.15783892668835223, 0.4239053732073746, 1.0, 0.06764604832997333, 0.12168524036319445, 0.3121178617961752, 0.08674551020010839, 0.20460299361436066, 0.14303114537730915, 0.13125160915965522, 0.08810633581014911, 0.17762062418099878, 0.11641324111450527, 0.12738143064882693, 0.08834962783085638, 0.09718279859213129, 0.10540856382013229], [0.07361877699736441, 0.056308810463078104, 0.06144342546993034, 0.09329936906192364, 0.10529667512408461, 0.06764604832997333, 1.0, 0.4531784496247783, 0.13452600392170083, 0.05648522396213886, 0.08219564575791373, 0.10050809840904298, 0.056595906778550156, 0.04402956072855735, 0.049564422618711926, 0.07289609319470472, 0.1010448800923546, 0.051709282352868424, 0.06647234915535546, 0.1598958978722482], [0.07738119520868049, 0.09355225144474487, 0.07754286501968399, 0.11218668351842716, 0.08301770332911493, 0.12168524036319445, 0.4531784496247783, 1.0, 0.21633500888783821, 0.08487683650688806, 0.15103926230473025, 0.08330259136896744, 0.06585864723695857, 0.07492750532952366, 0.15723988173846906, 0.09703178640817473, 0.07532590925181885, 0.07343253619381494, 0.10479528593981818, 0.16807519781287794], [0.1536864890372185, 0.0970807945583806, 0.2242510037124814, 0.11432149744215858, 0.14437144713444433, 0.3121178617961752, 0.13452600392170083, 0.21633500888783821, 1.0, 1.0, 0.2364503922585794, 0.31887781545718424, 0.17228993901761522, 0.2548937941517192, 0.2707878135393576, 0.20338466460223714, 0.26992312545996866, 0.1872796736360373, 0.13928647531067556, 0.21995010220287414], [0.08765265944558445, 0.04580325125689531, 0.08718690038556902, 0.10587143313913909, 0.06389554142351417, 0.08674551020010839, 0.05648522396213886, 0.08487683650688806, 1.0, 1.0, 0.06993096490670113, 0.0850019202301689, 0.04512395453922812, 0.06806778800344286, 0.07681640379564914, 0.09955244630833893, 0.1310416631933327, 0.06728312908891525, 0.06761921033833743, 0.11568840229704802], [0.1530970801991297, 0.08513485651053843, 0.08832493666004543, 0.1355071065013448, 0.06973551407793324, 0.20460299361436066, 0.08219564575791373, 0.15103926230473025, 0.2364503922585794, 0.06993096490670113, 1.0, 0.3050902574823698, 0.04529221230421349, 0.07141744986659884, 0.0779030392799163, 0.0710372003734616, 0.10763961048956976, 0.05436550743294921, 0.08008999554837856, 0.10061345924024132], [0.09846568245183414, 0.09708819644697549, 0.04615621891821338, 0.10915781978010568, 0.1113709708133536, 0.14303114537730915, 0.10050809840904298, 0.08330259136896744, 0.31887781545718424, 0.0850019202301689, 0.3050902574823698, 1.0, 0.04390431039450001, 0.038190248371764775, 0.09148818154924074, 0.13724569268534115, 0.09855942969251386, 0.05441147971630151, 0.08843086287535414, 0.0870306877603266], [0.059263298877642076, 0.03395789831987945, 0.04850277875091824, 0.08093388595961044, 0.059922728625874944, 0.13125160915965522, 0.056595906778550156, 0.06585864723695857, 0.17228993901761522, 0.04512395453922812, 0.04529221230421349, 0.04390431039450001, 1.0, 0.027322153675574664, 0.05864426541439749, 0.033312058958058374, 0.08243681485688287, 0.07160468077517253, 0.05140850278596162, 0.08142147376267025], [0.06310762472204133, 0.041034798938594304, 0.03862239234196126, 0.044491327275416485, 0.04881932556962804, 0.08810633581014911, 0.04402956072855735, 0.07492750532952366, 0.2548937941517192, 0.06806778800344286, 0.07141744986659884, 0.038190248371764775, 0.027322153675574664, 1.0, 0.03490379071636887, 0.03825765199048966, 0.056521024794152656, 0.04467166978434579, 0.02571871477889155, 0.04913149407563762], [0.08268327999348503, 0.05098437525230607, 0.08621344278237418, 0.11268947114068642, 0.15199159857784975, 0.17762062418099878, 0.049564422618711926, 0.15723988173846906, 0.2707878135393576, 0.07681640379564914, 0.0779030392799163, 0.09148818154924074, 0.05864426541439749, 0.03490379071636887, 1.0, 0.4617654051656158, 0.10799372394139173, 0.10186781714994972, 0.07045578338999593, 0.10647950784684315], [0.13061035022852552, 0.037601229430206225, 0.06088319127133462, 0.12517288462818824, 0.0844651959046656, 0.11641324111450527, 0.07289609319470472, 0.09703178640817473, 0.20338466460223714, 0.09955244630833893, 0.0710372003734616, 0.13724569268534115, 0.033312058958058374, 0.03825765199048966, 0.4617654051656158, 1.0, 0.06299168615502905, 0.07482372525220884, 0.05535087634100098, 0.16198752409765407], [0.2311002744063101, 0.07734147629209498, 0.08246154563189481, 0.09708527939272481, 0.09338013158733396, 0.12738143064882693, 0.1010448800923546, 0.07532590925181885, 0.26992312545996866, 0.1310416631933327, 0.10763961048956976, 0.09855942969251386, 0.08243681485688287, 0.056521024794152656, 0.10799372394139173, 0.06299168615502905, 1.0, 0.2609552594455364, 0.1200208669891654, 0.11910551011445407], [0.08829011773908324, 0.06757577955215766, 0.05033560244828909, 0.12283315583731945, 0.09377670347391881, 0.08834962783085638, 0.051709282352868424, 0.07343253619381494, 0.1872796736360373, 0.06728312908891525, 0.05436550743294921, 0.05441147971630151, 0.07160468077517253, 0.04467166978434579, 0.10186781714994972, 0.07482372525220884, 0.2609552594455364, 1.0, 0.09296326596190782, 0.1125880242970735], [0.08200241276440011, 0.04589043785683521, 0.05416328838280195, 0.12119514793583888, 0.0485200489138649, 0.09718279859213129, 0.06647234915535546, 0.10479528593981818, 0.13928647531067556, 0.06761921033833743, 0.08008999554837856, 0.08843086287535414, 0.05140850278596162, 0.02571871477889155, 0.07045578338999593, 0.05535087634100098, 0.1200208669891654, 0.09296326596190782, 1.0, 0.28898071066739645], [0.09211239155468438, 0.11736544082141451, 0.056502722190656614, 0.17424972217516455, 0.16614849440560345, 0.10540856382013229, 