{"model": "LSING", "dataset": "0.7_dim20_pair_gau", "N": 100, "seed": 12340, "metrics": {"TP": 9, "FP": 61, "FN": 1, "TN": 119, "TPR": 0.9, "FDR": 0.8714285714285714, "FPR": 0.3388888888888889, "Hamming": 62}, "omega": [[1.0, 0.46604658541904936, 0.07843728443615502, 0.1194144810064273, 0.09860368308520474, 0.09884688013810111, 0.07320843725829428, 0.08221394244336933, 0.09523833885219182, 0.11676903526783139, 0.23888131946583932, 0.05857206622717073, 0.06005891181175761, 0.12319728856114194, 0.1161964078668161, 0.2596482696201168, 0.0678694974717777, 0.08498858104080426, 0.5613372662097573, 0.3954722760944907], [0.46604658541904936, 1.0, 0.11014192139433122, 0.11466700318583407, 0.1184513796411882, 0.0834567987675058, 0.06642428399408576, 0.08292402027914811, 0.12700936416091346, 0.10133645201044397, 0.2515044399616594, 0.07205935813974819, 0.07858453031854525, 0.14541073795469844, 0.11817179922006284, 0.22794201721789523, 0.06445487734711026, 0.06915930833520102, 0.24117134812137317, 0.23194145717660689], [0.07843728443615502, 0.11014192139433122, 1.0, 0.469460699384178, 0.13477507712940504, 0.1320871139895484, 0.11436813246228487, 0.09913438651338413, 0.18139895266786957, 0.14229335759506623, 0.3373472069193537, 0.1137032327591356, 0.07144279667255607, 0.15934993724862875, 0.12280391145197708, 0.2511596444716782, 0.12459225649289045, 0.1218637618037568, 0.4564623750398761, 0.20459377753139424], [0.1194144810064273, 0.11466700318583407, 0.469460699384178, 1.0, 0.12521736546263942, 0.13486522782795485, 0.09446032703693104, 0.18591875178280637, 0.11113245040078681, 0.15444849772004024, 0.324780782109807, 0.09396994571270226, 0.07798840916376362, 0.10641155662217872, 0.142787574871662, 0.19729107060724654, 0.09655765823493566, 0.08484326089183185, 0.4135702605757401, 0.19935670962447197], [0.09860368308520474, 0.1184513796411882, 0.13477507712940504, 0.12521736546263942, 1.0, 0.3712169403351702, 0.12437140027481089, 0.18242633241592143, 0.18625906940928133, 0.12853282292179583, 0.26270901441204153, 0.10437356438803908, 0.09931493129371027, 0.10514499418998664, 0.19791622999901856, 0.22373561036913855, 0.13183469746367296, 0.09446545456881088, 0.23855398357098448, 0.2037573265914486], [0.09884688013810111, 0.0834567987675058, 0.1320871139895484, 0.13486522782795485, 0.3712169403351702, 1.0, 0.09477760179888402, 0.07000193985158425, 0.1443460730599289, 0.12657535465842554, 0.2059428071215507, 0.07731123072835372, 0.04591432422496464, 0.0764886283909625, 0.11248093310592432, 0.18340778157961554, 0.058207181439631606, 0.06357481911448315, 0.5632641670913235, 0.4211392248710833], [0.07320843725829428, 0.06642428399408576, 0.11436813246228487, 0.09446032703693104, 0.12437140027481089, 0.09477760179888402, 1.0, 0.4579154524138512, 0.13513284465446346, 0.14998992257690608, 0.30935471492924116, 0.11594244377269554, 0.04858000858787896, 0.11022123135793085, 0.1352708807604175, 0.17631234407765103, 0.08511571047531646, 0.0925329801143919, 0.45324153644623283, 0.12953105098330547], [0.08221394244336933, 0.08292402027914811, 0.09913438651338413, 0.18591875178280637, 0.18242633241592143, 0.07000193985158425, 0.4579154524138512, 1.0, 0.2283629247516312, 0.1469580696041741, 0.29102261711647404, 0.08803886132364296, 0.05982025177127913, 0.11388486064330247, 0.12417296246389124, 0.23348734985911776, 0.12322971767918071, 0.12354904422960905, 0.5181991194235841, 0.13891304577844948], [0.09523833885219182, 0.12700936416091346, 0.18139895266786957, 0.11113245040078681, 0.18625906940928133, 0.1443460730599289, 0.13513284465446346, 0.2283629247516312, 1.0, 0.3874055126196084, 0.3465968206323567, 0.22422810941833435, 0.10256788192843976, 0.1481695556727553, 0.10842566821049075, 0.3665458984228643, 0.17883718809440777, 0.0698463365188778, 0.2496517622372931, 0.3999369910885823], [0.11676903526783139, 0.10133645201044397, 0.14229335759506623, 0.15444849772004024, 0.12853282292179583, 0.12657535465842554, 0.14998992257690608, 0.1469580696041741, 0.3874055126196084, 1.0, 0.4633699439626702, 0.11528163988926268, 0.09579012838253814, 0.13271611321230456, 0.17466618526304828, 0.23021457270314266, 0.15804724937624853, 0.10200450890795797, 0.4091297171237627, 0.26661315674723773], [0.23888131946583932, 0.2515044399616594, 0.3373472069193537, 0.324780782109807, 0.26270901441204153, 0.2059428071215507, 0.30935471492924116, 0.29102261711647404, 0.3465968206323567, 0.4633699439626702, 1.0, 0.9464532543940621, 0.2259648736993484, 0.21784890899619186, 0.32068770457572254, 0.2675587480953275, 0.3278962968545873, 0.26787364138634684, 0.5911184911024988, 0.506474451502252], [0.05857206622717073, 0.07205935813974819, 0.1137032327591356, 0.09396994571270226, 0.10437356438803908, 0.07731123072835372, 0.11594244377269554, 0.08803886132364296, 0.22422810941833435, 0.11528163988926268, 0.9464532543940621, 1.0, 0.05173779444173062, 0.1341687678170097, 0.18927242137818065, 0.20514570087403242, 0.09555045117471057, 0.10306244052334522, 0.33143775357817173, 0.5388594774211888], [0.06005891181175761, 0.07858453031854525, 0.07144279667255607, 0.07798840916376362, 0.09931493129371027, 0.04591432422496464, 0.04858000858787896, 0.05982025177127913, 0.10256788192843976, 0.09579012838253814, 0.2259648736993484, 0.05173779444173062, 1.0, 0.19550908649846852, 0.13083352068347068, 0.227885718120226, 0.03601586828383695, 0.05003854753963644, 0.32510332306420314, 0.16822254258651823], [0.12319728856114194, 0.14541073795469844, 0.15934993724862875, 0.10641155662217872, 0.10514499418998664, 0.0764886283909625, 0.11022123135793085, 0.11388486064330247, 0.1481695556727553, 0.13271611321230456, 0.21784890899619186, 0.1341687678170097, 0.19550908649846852, 1.0, 0.13887861917257555, 0.21854143996795827, 0.13011856063834715, 0.3065991397351264, 0.3509647175850079, 0.12772162177953375], [0.1161964078668161, 0.11817179922006284, 0.12280391145197708, 0.142787574871662, 0.19791622999901856, 0.11248093310592432, 0.1352708807604175, 0.12417296246389124, 0.10842566821049075, 0.17466618526304828, 0.32068770457572254, 0.18927242137818065, 0.13083352068347068, 0.13887861917257555, 1.0, 1.0, 0.15406685342777135, 0.1074532310137579, 0.2591447979629875, 0.34022464050726603], [0.2596482696201168, 0.22794201721789523, 0.2511596444716782, 0.19729107060724654, 0.22373561036913855, 0.18340778157961554, 0.17631234407765103, 0.23348734985911776, 0.3665458984228643, 0.23021457270314266, 0.2675587480953275, 0.20514570087403242, 0.227885718120226, 0.21854143996795827, 1.0, 1.0, 0.23867689694864844, 0.23616123749731638, 0.5180659781324806, 0.43721043989693303], [0.0678694974717777, 0.06445487734711026, 0.12459225649289045, 0.09655765823493566, 0.13183469746367296, 0.058207181439631606, 0.08511571047531646, 0.12322971767918071, 0.17883718809440777, 0.15804724937624853, 0.3278962968545873, 0.09555045117471057, 0.03601586828383695, 0.13011856063834715, 0.15406685342777135, 0.23867689694864844, 1.0, 0.35753398576224804, 0.24066593715566606, 0.19551331031255106], [0.08498858104080426, 0.06915930833520102, 0.1218637618037568, 0.08484326089183185, 0.09446545456881088, 0.06357481911448315, 0.0925329801143919, 0.12354904422960905, 0.0698463365188778, 0.10200450890795797, 0.26787364138634684, 0.10306244052334522, 0.05003854753963644, 0.3065991397351264, 0.1074532310137579, 0.23616123749731638, 0.35753398576224804, 1.0, 0.27312187971067753, 0.3191497068184321], [0.5613372662097573, 0.24117134812137317, 0.4564623750398761, 0.4135702605757401, 0.23855398357098448, 0.5632641670913235, 0.45324153644623283, 0.5181991194235841, 0.2496517622372931, 0.4091297171237627, 0.5911184911024988, 0.33143775357817173, 0.32510332306420314, 0.3509647175850079, 0.2591447979629875, 0.5180659781324806, 0.24066593715566606, 0.27312187971067753, 1.0, 0.797030195593078], [0.3954722760944907, 0.23194145717660689, 0.20459377753139424, 0.19935670962447197, 0.2037573265914486, 0.4211392248710833, 0.12953105098330547, 0.13891304577844948, 0.3999369910885823, 0.26661315674723773, 