{"model": "NPN", "dataset": "dim6_butterfly", "N": 400, "seed": 123450, "metrics": {"TP": 0, "FP": 1, "FN": 3, "TN": 11, "TPR": 0.0, "FDR": 1.0, "FPR": 0.08333333333333333, "Hamming": 4}, "omega": [[1.0, 0.0, 0.0, 0.0, 0.0, 0.0], [0.0, 1.0, 0.0, 0.0, 0.0, 0.0], [0.0, 0.0, 1.0280911854889645, 0.0, 0.0, -0.16994204950847194], [0.0, 0.0, 0.0, 1.0, 0.0, 0.0], [0.0, 0.0, 0.0, 0.0, 1.0, 0.0], [0.0, 0.0, -0.16994204950847194, 0.0, 0.0, 1.0280911854889645]], "meta_info": {"source": "pretrained"}}