{"model": "GLASSO", "dataset": "dim5_cop_gau", "N": 2000, "seed": 1234560, "metrics": {"TP": 4, "FP": 0, "FN": 0, "TN": 6, "TPR": 1.0, "FDR": 0.0, "FPR": 0.0, "Hamming": 0}, "omega": [[2.504834904771964, -1.9414976571334417, -0.0, -0.0, -0.0], [-1.9414855002403184, 4.213198645193961, -2.1511024751265206, -0.0, -0.0], [-0.0, -2.1509817750300977, 4.226894546758238, -1.9555615228748902, -0.0], [-0.0, -0.0, -1.9555298655893334, 4.155355057663656, -2.0775623348116166], [-0.0, -0.0, -0.0, -2.0775673806201835, 2.6368821340981574]], "meta_info": {"source": "pretrained"}}