{"model": "GLASSO", "dataset": "dim5_cop_gau", "N": 2000, "seed": 1230, "metrics": {"TP": 4, "FP": 0, "FN": 0, "TN": 6, "TPR": 1.0, "FDR": 0.0, "FPR": 0.0, "Hamming": 0}, "omega": [[2.5415156939930865, -1.9793384113943209, -0.0, -0.0, -0.0], [-1.97934020647766, 4.272912606761187, -2.1746421192963257, -0.0, -0.0], [-0.0, -2.1746476148842606, 4.4647400250490055, -2.1767185627541212, -0.0], [-0.0, -0.0, -2.176643625308028, 4.31647010646818, -2.0221639639223663], [-0.0, -0.0, -0.0, -2.022167015422329, 2.583061952267915]], "meta_info": {"source": "pretrained"}}