{"model": "SING", "dataset": "dim5_cop_gau", "N": 500, "seed": 120, "metrics": {"TP": 3, "FP": 0, "FN": 1, "TN": 6, "TPR": 0.75, "FDR": 0.0, "FPR": 0.0, "Hamming": 1}, "omega": [[560.3355879133173, 8.930232408719863, 0.0, 0.0, 0.0], [8.930232408719863, 440.23557708099247, 0.0, 0.0, 0.0], [0.0, 0.0, 586.0556428979622, 6.342941342712006, 0.0], [0.0, 0.0, 6.342941342712006, 344.5885678070414, 6.605476939205784], [0.0, 0.0, 0.0, 6.605476939205784, 609.1434583962199]], "meta_info": {"source": "pretrained", "p_order": 2}}