{"model": "SING", "dataset": "dim5_cop_gau", "N": 500, "seed": 12340, "metrics": {"TP": 4, "FP": 0, "FN": 0, "TN": 6, "TPR": 1.0, "FDR": 0.0, "FPR": 0.0, "Hamming": 0}, "omega": [[605.8390668053776, 6.1554307351924304, 0.0, 0.0, 0.0], [6.1554307351924304, 439.51199808559215, 7.014275894647269, 0.0, 0.0], [0.0, 7.014275894647269, 593.0467932259545, 7.684027734911995, 0.0], [0.0, 0.0, 7.684027734911995, 589.8058010897809, 9.109575080949288], [0.0, 0.0, 0.0, 9.109575080949288, 613.5608224050804]], "meta_info": {"source": "pretrained", "p_order": 2}}