{"model": "LSING", "dataset": "dim6_butterfly", "N": 100, "seed": 12340, "metrics": {"TP": 3, "FP": 9, "FN": 0, "TN": 3, "TPR": 1.0, "FDR": 0.75, "FPR": 0.75, "Hamming": 9}, "omega": [[1.0, 0.38365825785111946, 0.056057166443158335, 0.2000137589406408, 0.04255341103315025, 0.7430142565595451], [0.38365825785111946, 1.0, 0.336369208754607, 0.36957661269098735, 0.24029827974526355, 0.869120577484984], [0.056057166443158335, 0.336369208754607, 1.0, 0.43622463240638654, 0.03941992171595251, 0.27711940094406323], [0.2000137589406408, 0.36957661269098735, 0.43622463240638654, 1.0, 0.21104522979172427, 0.7961650546137103], [0.04255341103315025, 0.24029827974526355, 0.03941992171595251, 0.21104522979172427, 1.0, 1.0], [0.7430142565595451, 0.869120577484984, 0.27711940094406323, 0.7961650546137103, 1.0, 1.0]], "meta_info": {"source": "pretrained"}}