{"model": "LSING", "dataset": "dim6_butterfly", "N": 100, "seed": 123450, "metrics": {"TP": 2, "FP": 6, "FN": 1, "TN": 6, "TPR": 0.6666666666666666, "FDR": 0.75, "FPR": 0.5, "Hamming": 7}, "omega": [[1.0, 0.32525364919102556, 0.10382103121124542, 0.1659110965185192, 0.26489807271412713, 0.6192465840096892], [0.32525364919102556, 1.0, 0.19196254206597613, 0.10431921146044855, 0.3347398898455057, 0.8707188893988355], [0.10382103121124542, 0.19196254206597613, 1.0, 0.0708159900892968, 0.1043408314770731, 0.47520871539476056], [0.1659110965185192, 0.10431921146044855, 0.0708159900892968, 1.0, 0.1664784580525118, 0.6413751271832303], [0.26489807271412713, 0.3347398898455057, 0.1043408314770731, 0.1664784580525118, 1.0, 1.0], [0.6192465840096892, 0.8707188893988355, 0.47520871539476056, 0.6413751271832303, 1.0, 1.0]], "meta_info": {"source": "pretrained"}}