{"model": "LSING", "dataset": "dim6_butterfly", "N": 100, "seed": 120, "metrics": {"TP": 2, "FP": 4, "FN": 1, "TN": 8, "TPR": 0.6666666666666666, "FDR": 0.6666666666666666, "FPR": 0.3333333333333333, "Hamming": 5}, "omega": [[1.0, 0.03822176244799385, 0.019250508474949374, 0.8496507464520667, 0.08134607774528724, 0.14768326030377332], [0.03822176244799385, 1.0, 0.034298625413961725, 0.4260468144774324, 0.0659396761444277, 0.11840167297032998], [0.019250508474949374, 0.034298625413961725, 1.0, 1.0, 0.07006693764660409, 0.10687343663587683], [0.8496507464520667, 0.4260468144774324, 1.0, 1.0, 0.8301418210764258, 0.4791422222970059], [0.08134607774528724, 0.0659396761444277, 0.07006693764660409, 0.8301418210764258, 1.0, 0.33101819378110187], [0.14768326030377332, 0.11840167297032998, 0.10687343663587683, 0.4791422222970059, 0.33101819378110187, 1.0]], "meta_info": {"source": "pretrained"}}