{"model": "LSING", "dataset": "dim6_butterfly", "N": 100, "seed": 1230, "metrics": {"TP": 2, "FP": 7, "FN": 1, "TN": 5, "TPR": 0.6666666666666666, "FDR": 0.7777777777777778, "FPR": 0.5833333333333334, "Hamming": 8}, "omega": [[1.0, 0.14835939533009734, 0.11900362545282679, 0.33697077580384704, 0.17850148337997382, 0.2747905704979624], [0.14835939533009734, 1.0, 0.06932094973932132, 0.47461990512499336, 0.1319716697140304, 0.3337327495604432], [0.11900362545282679, 0.06932094973932132, 1.0, 0.7050958462842472, 0.1098509535413145, 0.2598252243287329], [0.33697077580384704, 0.47461990512499336, 0.7050958462842472, 1.0, 0.5101200793144773, 0.9537660657283525], [0.17850148337997382, 0.1319716697140304, 0.1098509535413145, 0.5101200793144773, 1.0, 1.0], [0.2747905704979624, 0.3337327495604432, 0.2598252243287329, 0.9537660657283525, 1.0, 1.0]], "meta_info": {"source": "pretrained"}}