{"model": "NPN", "dataset": "dim5_cop_gau", "N": 200, "seed": 1234560, "metrics": {"TP": 4, "FP": 0, "FN": 0, "TN": 6, "TPR": 1.0, "FDR": 0.0, "FPR": 0.0, "Hamming": 0}, "omega": [[3.146140721014947, -2.59846465296918, -0.0, -0.0, -0.0], [-2.5984733230523074, 4.500932219358293, -1.786175391962385, -0.0, -0.0], [-0.0, -1.7861189126517099, 3.8755227089190396, -1.9578607171138487, -0.0], [-0.0, -0.0, -1.957839855907258, 4.326324928800248, -2.2507589133536015], [-0.0, -0.0, -0.0, -2.2507596047935605, 2.805626961596495]], "meta_info": {"source": "pretrained"}}