{"model": "NPN", "dataset": "dim5_cop_gau", "N": 200, "seed": 12340, "metrics": {"TP": 4, "FP": 0, "FN": 0, "TN": 6, "TPR": 1.0, "FDR": 0.0, "FPR": 0.0, "Hamming": 0}, "omega": [[2.5912418207898336, -2.030569199108419, -0.0, -0.0, -0.0], [-2.030589823135484, 4.102291563222152, -1.9479028230874784, -0.0, -0.0], [-0.0, -1.9479037269591952, 4.012142960611879, -1.9376711393656174, -0.0], [-0.0, -0.0, -1.9375887879864684, 4.404120556068352, -2.350382706502969], [-0.0, -0.0, -0.0, -2.350385072324377, 2.9029770841662685]], "meta_info": {"source": "pretrained"}}