{"model": "NPN", "dataset": "dim5_cop_gau", "N": 200, "seed": 1230, "metrics": {"TP": 4, "FP": 0, "FN": 0, "TN": 6, "TPR": 1.0, "FDR": 0.0, "FPR": 0.0, "Hamming": 0}, "omega": [[2.120898183664626, -1.5418518056206798, -0.0, -0.0, -0.0], [-1.5418527945256424, 3.429027663498187, -1.737660346585214, -0.0, -0.0], [-0.0, -1.7376205685765114, 4.801423575374671, -2.9511756473378017, -0.0], [-0.0, -0.0, -2.9512124150658234, 4.815698868477543, -1.7525388897775291], [-0.0, -0.0, -0.0, -1.7525358300448777, 2.3224688091110517]], "meta_info": {"source": "pretrained"}}