{"model": "LSING", "dataset": "0.5_dim20_pair_gau", "N": 500, "seed": 12340, "metrics": {"TP": 10, "FP": 5, "FN": 0, "TN": 175, "TPR": 1.0, "FDR": 0.3333333333333333, "FPR": 0.027777777777777776, "Hamming": 5}, "omega": [[1.0, 0.43950810010822544, 0.12045906439153113, 0.07573925628229089, 0.12920767698907543, 0.12126361165428767, 0.13436767365247496, 0.07454600936981975, 0.1093425832731738, 0.10027781398649896, 0.06331679858535386, 0.0846585304983977, 0.063979059641075, 0.11641353408162007, 0.056600809327362916, 0.09837829543851634, 0.06864504828971639, 0.07465764282432856, 0.08700102918314964, 0.09825273803807727], [0.43950810010822544, 1.0, 0.11789705319382741, 0.053539072316369014, 0.0855729382349301, 0.1752989693264143, 0.08316985841969148, 0.08270913432262604, 0.1010302037072003, 0.10491081078321426, 0.054806370123690544, 0.054077291625717415, 0.0973608875571399, 0.11978077188448018, 0.05875457434175633, 0.08388244871150156, 0.09175839967763762, 0.05735758646772996, 0.07503507413931229, 0.0881992013280197], [0.12045906439153113, 0.11789705319382741, 1.0, 0.6123872363667714, 0.12410643315019634, 0.19682960989194997, 0.23104209600763234, 0.11947985150727963, 0.20227305187862055, 0.1377925783613224, 0.10799853907416912, 0.14889724303914897, 0.15412588931066673, 0.17994502802472676, 0.16343661914508753, 0.12470725489099765, 0.12049982493552217, 0.09373113795533748, 0.2889590102911727, 0.14123583560803243], [0.07573925628229089, 0.053539072316369014, 0.6123872363667714, 1.0, 0.10098256482141077, 0.14484974160697167, 0.08877995673535875, 0.09025898807050042, 0.07231865536194251, 0.10839861899571454, 0.11020528636258423, 0.0672976086653458, 0.14641317094222814, 0.13713594761306666, 0.09506218587104501, 0.09611018474654806, 0.10304286107069138, 0.06126629361573775, 0.0771463519477817, 0.0980468664117225], [0.12920767698907543, 0.0855729382349301, 0.12410643315019634, 0.10098256482141077, 1.0, 1.0, 0.13704276962708714, 0.10372191783794217, 0.13791341124416248, 0.11468954834599888, 0.09574430997216178, 0.10665496063643101, 0.11093359030729086, 0.14996664120024733, 0.11381741938079051, 0.09586560089646846, 0.14939329680090666, 0.07825562030260463, 0.11984187667473341, 0.13827318737655012], [0.12126361165428767, 0.1752989693264143, 0.19682960989194997, 0.14484974160697167, 1.0, 1.0, 0.1949658288714262, 0.11896705349932564, 0.13231638640979235, 0.14488459393069736, 0.1478209613897188, 0.09994565415197194, 0.1954168556130604, 0.15578731378710167, 0.1593316412286562, 0.11256110684886657, 0.15890428596708342, 0.18831893182342005, 0.10704282912101246, 0.2112132956447894], [0.13436767365247496, 0.08316985841969148, 0.23104209600763234, 0.08877995673535875, 0.13704276962708714, 0.1949658288714262, 1.0, 0.732950584963213, 0.11784540258530543, 0.13419226950344681, 0.09510477472100232, 0.2213007068372395, 0.09573495614783051, 0.09422277856476279, 0.10296245678044239, 0.12531917770419654, 0.19059643751198627, 0.07974672797821032, 0.09329485860496668, 0.1309345241972293], [0.07454600936981975, 0.08270913432262604, 0.11947985150727963, 0.09025898807050042, 0.10372191783794217, 0.11896705349932564, 0.732950584963213, 1.0, 0.11813913582870757, 0.08621474439392242, 0.057687354450890835, 0.13701315132776032, 0.09097250345167697, 0.11075199745193076, 0.10123265031562248, 0.07618953934985861, 0.11663905517223717, 0.1173002097232919, 0.062263529659718625, 0.12086989670784086], [0.1093425832731738, 0.1010302037072003, 0.20227305187862055, 0.07231865536194251, 0.13791341124416248, 0.13231638640979235, 0.11784540258530543, 0.11813913582870757, 1.0, 0.7251933387883842, 0.08071661791733054, 0.1348664087580987, 0.10465884680433629, 0.17165377240481527, 0.07793223788067569, 0.11925859431952825, 0.13401596985761888, 0.08860946366576287, 0.07998939474462366, 0.10861925087966606], [0.10027781398649896, 0.10491081078321426, 0.1377925783613224, 0.10839861899571454, 0.11468954834599888, 0.14488459393069736, 0.13419226950344681, 0.08621474439392242, 0.7251933387883842, 1.0, 0.09477876113390728, 0.08773130167685585, 0.0970538530983407, 0.17071557481795477, 0.14981622347054704, 0.11449805356050763, 0.1211536302369785, 0.09259277624758762, 0.0761413291988692, 0.16675846709722428], [0.06331679858535386, 0.054806370123690544, 0.10799853907416912, 0.11020528636258423, 0.09574430997216178, 0.1478209613897188, 0.09510477472100232, 0.057687354450890835, 0.08071661791733054, 0.09477876113390728, 1.0, 0.429684407576784, 0.059320460127665314, 0.08548127075648358, 0.055377591578031696, 0.09369136297247956, 0.15386042854812507, 0.06207097983489427, 0.059745765782338534, 0.18222976973915805], [0.0846585304983977, 0.054077291625717415, 0.14889724303914897, 0.0672976086653458, 0.10665496063643101, 0.09994565415197194, 0.2213007068372395, 0.13701315132776032, 0.1348664087580987, 0.08773130167685585, 0.429684407576784, 1.0, 0.09166976865385709, 0.10430542921388063, 0.0585602155104657, 0.11226947596433065, 0.11601492220870765, 0.0980698148038508, 0.09607538903468904, 0.18062697457044358], [0.063979059641075, 0.0973608875571399, 0.15412588931066673, 0.14641317094222814, 0.11093359030729086, 0.1954168556130604, 0.09573495614783051, 0.09097250345167697, 0.10465884680433629, 0.0970538530983407, 0.059320460127665314, 0.09166976865385709, 1.0, 0.5679294022437403, 0.07874531037589703, 0.06731584025967513, 0.0881029843141075, 0.04978390041062748, 0.06284253524572474, 0.10529255489313039], [0.11641353408162007, 0.11978077188448018, 0.17994502802472676, 0.13713594761306666, 0.14996664120024733, 0.15578731378710167, 0.09422277856476279, 0.11075199745193076, 0.17165377240481527, 0.17071557481795477, 0.08548127075648358, 0.10430542921388063, 0.5679294022437403, 1.0, 0.08717537314631132, 0.09963272176597404, 0.12031061263756375, 0.1107753832993923, 0.12040802107394234, 0.12268817722717465], [0.056600809327362916, 0.05875457434175633, 0.16343661914508753, 0.09506218587104501, 0.11381741938079051, 0.1593316412286562, 0.10296245678044239, 0.10123265031562248, 0.07793223788067569, 0.14981622347054704, 0.055377591578031696, 0.0585602155104657, 0.07874531037589703, 0.08717537314631132, 1.0, 0.32140495398710994, 0.06943585173520929, 0.06865487302184757, 0.07294200991230554, 0.1073757995345393], [0.09837829543851634, 0.08388244871150156, 0.12470725489099765, 0.09611018474654806, 0.09586560089646846, 0.11256110684886657, 0.12531917770419654, 0.07618953934985861, 0.11925859431952825, 0.11449805356050763, 0.09369136297247956, 0.11226947596433065, 0.06731584025967513, 0.09963272176597404, 0.32140495398710994, 1.0, 0.09187691919374491, 0.10986943131712469, 0.06949079869833055, 0.12828854473494405], [0.06864504828971639, 0.09175839967763762, 0.12049982493552217, 0.10304286107069138, 0.14939329680090666, 0.15890428596708342, 0.19059643751198627, 0.11663905517223717, 0.13401596985761888, 0.1211536302369785, 0.15386042854812507, 0.11601492220870765, 0.0881029843141075, 0.12031061263756375, 0.06943585173520929, 0.09187691919374491, 1.0, 0.5286107830825133, 0.11528856108033393, 0.14967991753524368], [0.07465764282432856, 0.05735758646772996, 0.09373113795533748, 0.06126629361573775, 0.07825562030260463, 0.18831893182342005, 0.07974672797821032, 0.1173002097232919, 0.08860946366576287, 0.09259277624758762, 0.06207097983489427, 0.0980698148038508, 0.04978390041062748, 0.1107753832993923, 0.06865487302184757, 0.10986943131712469, 0.5286107830825133, 1.0, 0.06073367116138812, 0.10947770807907743], [0.08700102918314964, 0.07503507413931229, 0.2889590102911727, 0.0771463519477817, 0.11984187667473341, 0.10704282912101246, 0.09329485860496668, 0.062263529659718625, 0.07998939474462366, 0.0761413291988692, 0.059745765782338534, 0.09607538903468904, 0.06284253524572474, 0.12040802107394234, 0.07294200991230554, 0.06949079869833055, 0.11528856108033393, 0.06073367116138812, 1.0, 0.5927829586670792], [0.09825273803807727, 0.0881992013280197, 0.14123583560803243, 0.0980468664117225, 0.13827318737655012, 0.2112132956447894, 0.1309345241972293, 