{"model": "LSING", "dataset": "0.5_dim20_pair_gau", "N": 500, "seed": 1234560, "metrics": {"TP": 9, "FP": 29, "FN": 1, "TN": 151, "TPR": 0.9, "FDR": 0.7631578947368421, "FPR": 0.16111111111111112, "Hamming": 30}, "omega": [[1.0, 0.7573862558599163, 0.1378229442154269, 0.09890755404783301, 0.1149922833024446, 0.11310353280173191, 0.09352319028254116, 0.12479317764945334, 0.14270329267704243, 0.10022250802695373, 0.23434584743174622, 0.12969768230939538, 0.10768325178905334, 0.19850201224151584, 0.13018278029025726, 0.09740544992217778, 0.08032022377456663, 0.10046567790716979, 0.29269549173474535, 0.146805434111946], [0.7573862558599163, 1.0, 0.14261884789186138, 0.1262276783894483, 0.11731233894987088, 0.09120705246853096, 0.08069272556318213, 0.09656590124934046, 0.09227232194269945, 0.07253163039029713, 0.31337069884546054, 0.07016895509405005, 0.1520249959885613, 0.2232731367916595, 0.1099728819498062, 0.10440237957878475, 0.0779792201739041, 0.14158567596621924, 0.2358120456332327, 0.1681262269461547], [0.1378229442154269, 0.14261884789186138, 1.0, 0.7237423181024678, 0.07610645805695875, 0.19395439276541185, 0.15399983314106006, 0.1209631444654798, 0.16611842035734625, 0.07763887821151373, 0.24099832102343532, 0.1212282511933011, 0.1955218884748181, 0.23815845795767676, 0.12503372431750737, 0.16802810748807726, 0.13826608589932046, 0.11795713582251281, 0.28577984391110106, 0.13168282359024275], [0.09890755404783301, 0.1262276783894483, 0.7237423181024678, 1.0, 0.06874980486321039, 0.12232126255148516, 0.09172409702167965, 0.10053293782188512, 0.08427902270604135, 0.12530105417045592, 0.2699041337113215, 0.15931025251863093, 0.13544152804984536, 0.3282906841560763, 0.15133728411982997, 0.0971880554604573, 0.10377700202495371, 0.19451800593964683, 0.1847730331917639, 0.09643984363813604], [0.1149922833024446, 0.11731233894987088, 0.07610645805695875, 0.06874980486321039, 1.0, 0.5054581835976152, 0.06298904978393187, 0.06867978208331146, 0.12809471850691503, 0.061025888756358594, 0.1868868741680077, 0.1439646010238484, 0.07113499543478047, 0.18688324318944674, 0.1184917917540039, 0.16112586635450415, 0.07398615529766264, 0.10331134223493267, 0.12189909901607576, 0.07745466455283827], [0.11310353280173191, 0.09120705246853096, 0.19395439276541185, 0.12232126255148516, 0.5054581835976152, 1.0, 0.08609176988056633, 0.09500647144553166, 0.09280167483377667, 0.09080303438991136, 0.22808246603019514, 0.09829349216315555, 0.08150997693264231, 0.25688795500690653, 0.10406785775042866, 0.11322865813465716, 0.07975003558509966, 0.10870718774324159, 0.14577748596419193, 0.09907447337826909], [0.09352319028254116, 0.08069272556318213, 0.15399983314106006, 0.09172409702167965, 0.06298904978393187, 0.08609176988056633, 1.0, 0.436443109707126, 0.06052129408136303, 0.0607079007134352, 0.30959441320276343, 0.07760874335410142, 0.10934725905958591, 0.23466931779936792, 0.08593398649982543, 0.09584907738721969, 0.09882494739836838, 0.09768220069247366, 0.1804830056011581, 0.060672272208106615], [0.12479317764945334, 0.09656590124934046, 0.1209631444654798, 0.10053293782188512, 0.06867978208331146, 0.09500647144553166, 0.436443109707126, 1.0, 0.12020770465569053, 0.059023549394624536, 0.20073897434110496, 0.09098455123550801, 0.12205419690695582, 0.16467227557487676, 0.14078075369392057, 0.09915010492546696, 0.09673959186411993, 0.10188209546807375, 0.3578171601647139, 0.15611439502884764], [0.14270329267704243, 0.09227232194269945, 0.16611842035734625, 0.08427902270604135, 0.12809471850691503, 0.09280167483377667, 0.06052129408136303, 0.12020770465569053, 1.0, 0.19922055723276738, 0.17860869597775744, 0.1353900753474099, 0.09097148801638177, 0.1605163413058249, 0.08490365858909564, 0.17608592075909404, 0.10487012284091145, 0.09810711954425466, 0.20953049439222915, 0.08475001761892716], [0.10022250802695373, 0.07253163039029713, 0.07763887821151373, 0.12530105417045592, 0.061025888756358594, 0.09080303438991136, 0.0607079007134352, 0.059023549394624536, 0.19922055723276738, 1.0, 0.1604327325515703, 0.05884006608350786, 0.05991101981309504, 0.1815392240497661, 0.10104098041675119, 0.06347502720138908, 0.04720115491388104, 0.06712069197604165, 0.15030190605388752, 0.05964728602545206], [0.23434584743174622, 0.31337069884546054, 0.24099832102343532, 0.2699041337113215, 0.1868868741680077, 0.22808246603019514, 0.30959441320276343, 0.20073897434110496, 0.17860869597775744, 0.1604327325515703, 1.0, 1.0, 0.21851915544253944, 0.2783667671222304, 0.18300783409667926, 0.22713144027648702, 0.1623740359940641, 0.2068816653367673, 0.2983976906795181, 0.3339859759378901], [0.12969768230939538, 0.07016895509405005, 0.1212282511933011, 0.15931025251863093, 0.1439646010238484, 0.09829349216315555, 0.07760874335410142, 0.09098455123550801, 0.1353900753474099, 0.05884006608350786, 1.0, 1.0, 0.10197480620236964, 0.1987365009879583, 0.10784362629950534, 0.07551675618853115, 0.09837094674844586, 0.09395974940239075, 0.17927201763499104, 0.09629020353831538], [0.10768325178905334, 0.1520249959885613, 0.1955218884748181, 0.13544152804984536, 0.07113499543478047, 0.08150997693264231, 0.10934725905958591, 0.12205419690695582, 0.09097148801638177, 0.05991101981309504, 0.21851915544253944, 0.10197480620236964, 1.0, 0.852120615280112, 0.13790381086373085, 0.1285758193918351, 0.09001339280025716, 0.09405338109174784, 0.2039873942086843, 0.08676301779037578], [0.19850201224151584, 0.2232731367916595, 0.23815845795767676, 0.3282906841560763, 0.18688324318944674, 0.25688795500690653, 0.23466931779936792, 0.16467227557487676, 0.1605163413058249, 0.1815392240497661, 0.2783667671222304, 0.1987365009879583, 0.852120615280112, 1.0, 0.27534791417568455, 0.209400069793296, 0.15874683561350736, 0.24175688226697709, 0.25572732139103227, 0.2423320753187848], [0.13018278029025726, 0.1099728819498062, 0.12503372431750737, 0.15133728411982997, 0.1184917917540039, 0.10406785775042866, 0.08593398649982543, 0.14078075369392057, 0.08490365858909564, 0.10104098041675119, 0.18300783409667926, 0.10784362629950534, 0.13790381086373085, 0.27534791417568455, 1.0, 0.752904465798658, 0.08624869458394481, 0.10710329921129409, 0.13771573221332314, 0.14475504467477512], [0.09740544992217778, 0.10440237957878475, 0.16802810748807726, 0.0971880554604573, 0.16112586635450415, 0.11322865813465716, 0.09584907738721969, 0.09915010492546696, 0.17608592075909404, 0.06347502720138908, 0.22713144027648702, 0.07551675618853115, 0.1285758193918351, 0.209400069793296, 0.752904465798658, 1.0, 0.09004733980771787, 0.11039578526878933, 0.14776947401750248, 0.14404461465639892], [0.08032022377456663, 0.0779792201739041, 0.13826608589932046, 0.10377700202495371, 0.07398615529766264, 0.07975003558509966, 0.09882494739836838, 0.09673959186411993, 0.10487012284091145, 0.04720115491388104, 0.1623740359940641, 0.09837094674844586, 0.09001339280025716, 0.15874683561350736, 0.08624869458394481, 0.09004733980771787, 1.0, 0.6640275919344145, 0.13826440628865558, 0.1259506407642973], [0.10046567790716979, 0.14158567596621924, 0.11795713582251281, 0.19451800593964683, 0.10331134223493267, 0.10870718774324159, 0.09768220069247366, 0.10188209546807375, 0.09810711954425466, 0.06712069197604165, 0.2068816653367673, 0.09395974940239075, 0.09405338109174784, 0.24175688226697709, 0.10710329921129409, 0.11039578526878933, 0.6640275919344145, 1.0, 0.14613727744064112, 0.19594110797355646], [0.29269549173474535, 0.2358120456332327, 0.28577984391110106, 0.1847730331917639, 0.12189909901607576, 0.14577748596419193, 0.1804830056011581, 0.3578171601647139, 0.20953049439222915, 0.15030190605388752, 0.2983976906795181, 0.17927201763499104, 0.2039873942086843, 0.25572732139103227, 0.13771573221332314, 0.14776947401750248, 0.13826440628865558, 0.14613727744064112, 1.0, 0.7922665682382105], [0.146805434111946, 0.1681262269461547, 0.13168282359024275, 0.09643984363813604, 0.07745466455283827, 0.09907447337826909, 0.060672272208106615, 0.15611439502884764, 