{"model": "SING", "dataset": "dim6_butterfly", "N": 200, "seed": 123450, "metrics": {"TP": 0, "FP": 0, "FN": 3, "TN": 12, "TPR": 0.0, "FDR": 0.0, "FPR": 0.0, "Hamming": 3}, "omega": [[448.42465301982486, 0.0, 0.0, 0.0, 0.0, 0.0], [0.0, 592.7944291704094, 0.0, 0.0, 0.0, 0.0], [0.0, 0.0, 455.8872660257791, 0.0, 0.0, 0.0], [0.0, 0.0, 0.0, 610.5561277555289, 0.0, 0.0], [0.0, 0.0, 0.0, 0.0, 453.26609070011386, 0.0], [0.0, 0.0, 0.0, 0.0, 0.0, 610.968275753905]], "meta_info": {"source": "pretrained", "p_order": 2}}