{"model": "SING", "dataset": "dim6_butterfly", "N": 200, "seed": 1234560, "metrics": {"TP": 0, "FP": 0, "FN": 3, "TN": 12, "TPR": 0.0, "FDR": 0.0, "FPR": 0.0, "Hamming": 3}, "omega": [[449.8548726057735, 0.0, 0.0, 0.0, 0.0, 0.0], [0.0, 609.6237536892985, 0.0, 0.0, 0.0, 0.0], [0.0, 0.0, 444.7992816127345, 0.0, 0.0, 0.0], [0.0, 0.0, 0.0, 584.2262386324442, 0.0, 0.0], [0.0, 0.0, 0.0, 0.0, 451.0024068591811, 0.0], [0.0, 0.0, 0.0, 0.0, 0.0, 549.9454915261797]], "meta_info": {"source": "pretrained", "p_order": 2}}