{"model": "SING", "dataset": "dim6_butterfly", "N": 200, "seed": 1230, "metrics": {"TP": 0, "FP": 0, "FN": 3, "TN": 12, "TPR": 0.0, "FDR": 0.0, "FPR": 0.0, "Hamming": 3}, "omega": [[446.14130315607645, 0.0, 0.0, 0.0, 0.0, 0.0], [0.0, 595.7221981462898, 0.0, 0.0, 0.0, 0.0], [0.0, 0.0, 432.5424300076705, 0.0, 0.0, 0.0], [0.0, 0.0, 0.0, 562.2577379444431, 0.0, 0.0], [0.0, 0.0, 0.0, 0.0, 446.738022024013, 0.0], [0.0, 0.0, 0.0, 0.0, 0.0, 569.294354978283]], "meta_info": {"source": "pretrained", "p_order": 2}}