{"model": "SING", "dataset": "dim6_butterfly", "N": 200, "seed": 120, "metrics": {"TP": 0, "FP": 0, "FN": 3, "TN": 12, "TPR": 0.0, "FDR": 0.0, "FPR": 0.0, "Hamming": 3}, "omega": [[439.0899870362539, 0.0, 0.0, 0.0, 0.0, 0.0], [0.0, 564.6309214932198, 0.0, 0.0, 0.0, 0.0], [0.0, 0.0, 454.96299794884015, 0.0, 0.0, 0.0], [0.0, 0.0, 0.0, 560.5837604910896, 0.0, 0.0], [0.0, 0.0, 0.0, 0.0, 436.26420452386293, 0.0], [0.0, 0.0, 0.0, 0.0, 0.0, 611.330211028998]], "meta_info": {"source": "pretrained", "p_order": 2}}