{"model": "SING", "dataset": "dim6_butterfly", "N": 200, "seed": 12340, "metrics": {"TP": 0, "FP": 0, "FN": 3, "TN": 12, "TPR": 0.0, "FDR": 0.0, "FPR": 0.0, "Hamming": 3}, "omega": [[465.942397286319, 0.0, 0.0, 0.0, 0.0, 0.0], [0.0, 586.4660128551375, 0.0, 0.0, 0.0, 0.0], [0.0, 0.0, 448.9510953480251, 0.0, 0.0, 0.0], [0.0, 0.0, 0.0, 605.1299896697062, 0.0, 0.0], [0.0, 0.0, 0.0, 0.0, 447.07710249247776, 0.0], [0.0, 0.0, 0.0, 0.0, 0.0, 587.6790387349404]], "meta_info": {"source": "pretrained", "p_order": 2}}