{"model": "LSING", "dataset": "dim6_butterfly", "N": 2000, "seed": 1230, "metrics": {"TP": 3, "FP": 0, "FN": 0, "TN": 12, "TPR": 1.0, "FDR": 0.0, "FPR": 0.0, "Hamming": 0}, "omega": [[1.0, 0.5433488264782596, 0.05576317583580858, 0.05932329035204404, 0.044903895124929254, 0.04723458492781615], [0.5433488264782596, 1.0, 0.08825866743036845, 0.09052178849518447, 0.0814515720953984, 0.08335391364150394], [0.05576317583580858, 0.08825866743036845, 1.0, 1.0, 0.07061173749467164, 0.0909658523644474], [0.05932329035204404, 0.09052178849518447, 1.0, 1.0, 0.07764448912888941, 0.10149307601256985], [0.044903895124929254, 0.0814515720953984, 0.07061173749467164, 0.07764448912888941, 1.0, 0.9476972124188017], [0.04723458492781615, 0.08335391364150394, 0.0909658523644474, 0.10149307601256985, 0.9476972124188017, 1.0]], "meta_info": {"source": "pretrained"}}