{"model": "LSING", "dataset": "dim6_butterfly", "N": 2000, "seed": 1234560, "metrics": {"TP": 3, "FP": 0, "FN": 0, "TN": 12, "TPR": 1.0, "FDR": 0.0, "FPR": 0.0, "Hamming": 0}, "omega": [[1.0, 0.5559104710996787, 0.05241655628143286, 0.07434062788528129, 0.07720581752537889, 0.09241524748455099], [0.5559104710996787, 1.0, 0.057013044087848054, 0.06995625483056936, 0.06996113244345438, 0.08667961117284255], [0.05241655628143286, 0.057013044087848054, 1.0, 0.8188314737902086, 0.07619883390663122, 0.07138791097331836], [0.07434062788528129, 0.06995625483056936, 0.8188314737902086, 1.0, 0.07672631791301752, 0.10206329955457745], [0.07720581752537889, 0.06996113244345438, 0.07619883390663122, 0.07672631791301752, 1.0, 1.0], [0.09241524748455099, 0.08667961117284255, 0.07138791097331836, 0.10206329955457745, 1.0, 1.0]], "meta_info": {"source": "pretrained"}}