{"model": "LSING", "dataset": "dim6_butterfly", "N": 2000, "seed": 12340, "metrics": {"TP": 3, "FP": 0, "FN": 0, "TN": 12, "TPR": 1.0, "FDR": 0.0, "FPR": 0.0, "Hamming": 0}, "omega": [[1.0, 0.6219250837383347, 0.033192760134112896, 0.08729468779193073, 0.03409176090211082, 0.05537124063300053], [0.6219250837383347, 1.0, 0.06093006203480473, 0.10720195246366787, 0.05056425217359451, 0.07397590825914646], [0.033192760134112896, 0.06093006203480473, 1.0, 1.0, 0.02212861049324344, 0.060148583739668], [0.08729468779193073, 0.10720195246366787, 1.0, 1.0, 0.0698123544992034, 0.10505873383343865], [0.03409176090211082, 0.05056425217359451, 0.02212861049324344, 0.0698123544992034, 1.0, 0.5897360847164627], [0.05537124063300053, 0.07397590825914646, 0.060148583739668, 0.10505873383343865, 0.5897360847164627, 1.0]], "meta_info": {"source": "pretrained"}}