{"model": "SING", "dataset": "dim6_butterfly", "N": 500, "seed": 1234560, "metrics": {"TP": 0, "FP": 0, "FN": 3, "TN": 12, "TPR": 0.0, "FDR": 0.0, "FPR": 0.0, "Hamming": 3}, "omega": [[445.4595094040195, 0.0, 0.0, 0.0, 0.0, 0.0], [0.0, 552.4137148083785, 0.0, 0.0, 0.0, 0.0], [0.0, 0.0, 448.5119362493942, 0.0, 0.0, 0.0], [0.0, 0.0, 0.0, 595.1193405355547, 0.0, 0.0], [0.0, 0.0, 0.0, 0.0, 448.806436076078, 0.0], [0.0, 0.0, 0.0, 0.0, 0.0, 586.5638723506717]], "meta_info": {"source": "pretrained", "p_order": 2}}