{"model": "SING", "dataset": "dim6_butterfly", "N": 500, "seed": 120, "metrics": {"TP": 0, "FP": 0, "FN": 3, "TN": 12, "TPR": 0.0, "FDR": 0.0, "FPR": 0.0, "Hamming": 3}, "omega": [[428.64615858153485, 0.0, 0.0, 0.0, 0.0, 0.0], [0.0, 558.9399457146071, 0.0, 0.0, 0.0, 0.0], [0.0, 0.0, 448.3877279577622, 0.0, 0.0, 0.0], [0.0, 0.0, 0.0, 587.2514549750732, 0.0, 0.0], [0.0, 0.0, 0.0, 0.0, 459.30847747335025, 0.0], [0.0, 0.0, 0.0, 0.0, 0.0, 589.0245742594459]], "meta_info": {"source": "pretrained", "p_order": 2}}