{
  "model": "SING",
  "dataset": "dim5_cop_gau",
  "N": 50000,
  "seed": 1234560,
  "execution_time_sec": 38.25,
  "metrics": {
    "TP": 4,
    "FP": 3,
    "FN": 0,
    "TN": 3,
    "TPR": 1.0,
    "FDR": 0.42857142857142855,
    "FPR": 0.5,
    "F1": 0.7272727272727273,
    "Hamming": 3
  },
  "meta_info": {
    "p_order": 1,
    "delta": 1.0
  },
  "omega": [
    [
      3.922735746482388,
      1.1982354697097024,
      0.13852260832118196,
      0.0,
      0.0
    ],
    [
      1.1982354697097024,
      6.10652780111399,
      0.6751431476469897,
      0.11577205555774199,
      0.0
    ],
    [
      0.13852260832118196,
      0.6751431476469897,
      6.558929466521592,
      0.7418776076220814,
      0.1373981836558773
    ],
    [
      0.0,
      0.11577205555774199,
      0.7418776076220814,
      6.228446499617946,
      1.1082068122637394
    ],
    [
      0.0,
      0.0,
      0.1373981836558773,
      1.1082068122637394,
      3.7495233300718085
    ]
  ]
}