{
  "model": "SING",
  "dataset": "dim5_cop_gau",
  "N": 50000,
  "seed": 120,
  "execution_time_sec": 47.67,
  "metrics": {
    "TP": 4,
    "FP": 3,
    "FN": 0,
    "TN": 3,
    "TPR": 1.0,
    "FDR": 0.42857142857142855,
    "FPR": 0.5,
    "F1": 0.7272727272727273,
    "Hamming": 3
  },
  "meta_info": {
    "p_order": 1,
    "delta": 1.0
  },
  "omega": [
    [
      3.899420274354186,
      1.186504523713766,
      0.1380039420463987,
      0.0,
      0.0
    ],
    [
      1.186504523713766,
      6.11200902832207,
      0.6725650179322212,
      0.12284720674839954,
      0.0
    ],
    [
      0.1380039420463987,
      0.6725650179322212,
      6.527360455948275,
      0.7242039813830898,
      0.1406221965280723
    ],
    [
      0.0,
      0.12284720674839954,
      0.7242039813830898,
      6.174729385564666,
      1.0853118267041284
    ],
    [
      0.0,
      0.0,
      0.1406221965280723,
      1.0853118267041284,
      3.719599855134362
    ]
  ]
}