{
  "model": "SING",
  "dataset": "dim5_cop_gau",
  "N": 50000,
  "seed": 123450,
  "execution_time_sec": 41.16,
  "metrics": {
    "TP": 4,
    "FP": 3,
    "FN": 0,
    "TN": 3,
    "TPR": 1.0,
    "FDR": 0.42857142857142855,
    "FPR": 0.5,
    "F1": 0.7272727272727273,
    "Hamming": 3
  },
  "meta_info": {
    "p_order": 1,
    "delta": 1.0
  },
  "omega": [
    [
      3.8288194127986346,
      1.1887647299009636,
      0.12110007068872256,
      0.0,
      0.0
    ],
    [
      1.1887647299009636,
      6.092653590084871,
      0.6746506179632993,
      0.12074713017707323,
      0.0
    ],
    [
      0.12110007068872256,
      0.6746506179632993,
      6.435962965922273,
      0.7374267408821454,
      0.13422910640196206
    ],
    [
      0.0,
      0.12074713017707323,
      0.7374267408821454,
      6.2230423133935835,
      1.1013237675309675
    ],
    [
      0.0,
      0.0,
      0.13422910640196206,
      1.1013237675309675,
      3.723200878585905
    ]
  ]
}