{
  "model": "SING",
  "dataset": "dim5_cop_gau",
  "N": 50000,
  "seed": 1230,
  "execution_time_sec": 43.98,
  "metrics": {
    "TP": 4,
    "FP": 3,
    "FN": 0,
    "TN": 3,
    "TPR": 1.0,
    "FDR": 0.42857142857142855,
    "FPR": 0.5,
    "F1": 0.7272727272727273,
    "Hamming": 3
  },
  "meta_info": {
    "p_order": 1,
    "delta": 1.0
  },
  "omega": [
    [
      3.836708430918478,
      1.1927795970497732,
      0.12103660333075686,
      0.0,
      0.0
    ],
    [
      1.1927795970497732,
      6.1458260134618286,
      0.675662161407991,
      0.12896480459591153,
      0.0
    ],
    [
      0.12103660333075686,
      0.675662161407991,
      6.462616172327831,
      0.7326172801396398,
      0.13841624683930243
    ],
    [
      0.0,
      0.12896480459591153,
      0.7326172801396398,
      6.27477104496669,
      1.1073737803597874
    ],
    [
      0.0,
      0.0,
      0.13841624683930243,
      1.1073737803597874,
      3.752387545993334
    ]
  ]
}