{"model": "LSING", "dataset": "dim20_cop_gau", "N": 10000, "seed": 120, "metrics": {"TP": 19, "FP": 0, "FN": 0, "TN": 171, "TPR": 1.0, "FDR": 0.0, "FPR": 0.0, "Hamming": 0}, "omega": [[1.0, 0.6921792786466422, 0.05598639922163613, 0.04607456969418729, 0.0446804660918012, 0.030507975458846114, 0.03082786694218388, 0.036412217274701376, 0.041697583043951186, 0.034882816932042544, 0.03776612379130841, 0.043835284134790826, 0.03939947007692958, 0.03490502163630764, 0.044921747172363705, 0.048000771661387186, 0.03957620419040827, 0.04006846413975854, 0.03703928524179526, 0.027513821675471156], [0.6921792786466422, 1.0, 0.7008978476276505, 0.06068374143626708, 0.04883943731800904, 0.04019147847518133, 0.04536751687776559, 0.043317867980411234, 0.05018014832632931, 0.044712387749880955, 0.0474862029660009, 0.05194364812941657, 0.054876309119272174, 0.06535429015694756, 0.060319426854692416, 0.06082018537396117, 0.05111974955941048, 0.04518389821078819, 0.038536776247110376, 0.050500640787791144], [0.05598639922163613, 0.7008978476276505, 1.0, 1.0, 0.07626610621372501, 0.04751483772550232, 0.04403794792172729, 0.05582788336983192, 0.07194038888404578, 0.055400367519341916, 0.05404145878390721, 0.061441103924806055, 0.05970553249235457, 0.06340386288477384, 0.07579754588461132, 0.0808989575890696, 0.050855644999840105, 0.04791639789209182, 0.04965481130765392, 0.06359808696753065], [0.04607456969418729, 0.06068374143626708, 1.0, 1.0, 0.9775725368275013, 0.06067283758488166, 0.05994175522629195, 0.05062502546285446, 0.05715177383553165, 0.058892217434597154, 0.07373331608065231, 0.05987976823436077, 0.06128652797058969, 0.06325065863916868, 0.0839769649328854, 0.08418645303861111, 0.05977647118349595, 0.051474291059373026, 0.062285104460128346, 0.060237573360400254], [0.0446804660918012, 0.04883943731800904, 0.07626610621372501, 0.9775725368275013, 1.0, 0.6267469270441579, 0.05050622618812417, 0.050282139379175084, 0.07538466706852344, 0.04986283187682155, 0.053085112301592345, 0.07289235739815844, 0.053771555264579315, 0.05084643182723196, 0.07728489144829212, 0.0844133325477267, 0.04358526080753061, 0.04967898869865429, 0.04738261295541273, 0.05407616219038812], [0.030507975458846114, 0.04019147847518133, 0.04751483772550232, 0.06067283758488166, 0.6267469270441579, 1.0, 0.5963654595338841, 0.04022978090555329, 0.04333797542161011, 0.03683891995661349, 0.044005288388456486, 0.04822487352901363, 0.03734857678523632, 0.04628017813703462, 0.03580339631766603, 0.05231840385029024, 0.03749029947383339, 0.033881806412652885, 0.04403699922505308, 0.05118721517196243], [0.03082786694218388, 0.04536751687776559, 0.04403794792172729, 0.05994175522629195, 0.05050622618812417, 0.5963654595338841, 1.0, 0.7252920288232941, 0.07599096775055558, 0.04712464959826734, 0.05123174915682358, 0.042008291472035546, 0.05970114494135768, 0.06625084547628571, 0.06026216554951359, 0.06421252754916576, 0.04111883837253262, 0.03365796601842437, 0.03392033609215604, 0.038978235063872886], [0.036412217274701376, 0.043317867980411234, 0.05582788336983192, 0.05062502546285446, 0.050282139379175084, 0.04022978090555329, 0.7252920288232941, 1.0, 0.9077356261365195, 0.06671829420121547, 0.05352416309894657, 0.05215175768167774, 0.048824505954912896, 0.07251297729436199, 0.07819138001881075, 0.07027446657236466, 0.046229374266505516, 0.04392861644814974, 0.060576330628539336, 0.06886963160889756], [0.041697583043951186, 0.05018014832632931, 0.07194038888404578, 0.05715177383553165, 0.07538466706852344, 0.04333797542161011, 0.07599096775055558, 0.9077356261365195, 1.0, 0.7098761924829711, 0.06336691984227706, 0.058650517449009676, 0.045116413432646864, 0.06954660950867314, 0.07454009977934384, 0.0635296220063897, 0.05782179188842166, 0.03935966999264479, 0.06004159151930336, 0.054239877392796454], [0.034882816932042544, 0.044712387749880955, 0.055400367519341916, 0.058892217434597154, 0.04986283187682155, 0.03683891995661349, 0.04712464959826734, 0.06671829420121547, 0.7098761924829711, 1.0, 0.597945361204554, 0.061118144578197135, 0.04932802431905209, 0.04540977837131478, 0.05433590794734566, 0.06033880600349493, 0.04750967807504763, 0.04277000454936333, 0.04396117878450299, 0.037403738089407584], [0.03776612379130841, 0.0474862029660009, 0.05404145878390721, 0.07373331608065231, 0.053085112301592345, 0.044005288388456486, 0.05123174915682358, 0.05352416309894657, 0.06336691984227706, 0.597945361204554, 1.0, 0.7594086397162704, 0.06696870357820459, 0.06174602297592758, 0.06433037949619251, 0.07271844062631831, 0.041153396668122524, 0.04134177387714835, 0.04381273308094625, 0.05347937311657015], [0.043835284134790826, 0.05194364812941657, 0.061441103924806055, 0.05987976823436077, 0.07289235739815844, 0.04822487352901363, 0.042008291472035546, 0.05215175768167774, 0.058650517449009676, 0.061118144578197135, 0.7594086397162704, 1.0, 0.652812851414771, 0.06046189015642187, 0.0650614673306649, 0.06257429130031186, 0.057661351263855624, 0.06043669835815514, 0.04930955964265704, 0.053001032860991], [0.03939947007692958, 0.054876309119272174, 0.05970553249235457, 0.06128652797058969, 0.053771555264579315, 0.03734857678523632, 0.05970114494135768, 0.048824505954912896, 0.045116413432646864, 0.04932802431905209, 0.06696870357820459, 0.652812851414771, 1.0, 0.7260585209772304, 0.07042391436245174, 0.06921304063937282, 0.046329870403379804, 0.05341268507935868, 0.051046816278003115, 0.041219208564105284], [0.03490502163630764, 0.06535429015694756, 0.06340386288477384, 0.06325065863916868, 0.05084643182723196, 0.04628017813703462, 0.06625084547628571, 0.07251297729436199, 0.06954660950867314, 0.04540977837131478, 0.06174602297592758, 0.06046189015642187, 0.7260585209772304, 1.0, 0.7433236067054593, 0.07479581802459065, 0.05523180616076228, 0.051222800195554724, 0.05285727451300785, 0.047038928761832834], [0.044921747172363705, 0.060319426854692416, 0.07579754588461132, 0.0839769649328854, 0.07728489144829212, 0.03580339631766603, 0.06026216554951359, 0.07819138001881075, 0.07454009977934384, 0.05433590794734566, 0.06433037949619251, 0.0650614673306649, 0.07042391436245174, 0.7433236067054593, 1.0, 0.648639944067144, 0.07290082585072218, 0.053499502461299746, 0.05813944510471421, 0.05822346020369407], [0.048000771661387186, 0.06082018537396117, 0.0808989575890696, 0.08418645303861111, 0.0844133325477267, 0.05231840385029024, 0.06421252754916576, 0.07027446657236466, 0.0635296220063897, 0.06033880600349493, 0.07271844062631831, 0.06257429130031186, 0.06921304063937282, 0.07479581802459065, 0.648639944067144, 1.0, 0.6254860722019225, 0.056020155300413495, 0.053379811986663375, 0.05855311792379061], [0.03957620419040827, 0.05111974955941048, 0.050855644999840105, 0.05977647118349595, 0.04358526080753061, 0.03749029947383339, 0.04111883837253262, 0.046229374266505516, 0.05782179188842166, 0.04750967807504763, 0.041153396668122524, 0.057661351263855624, 0.046329870403379804, 0.05523180616076228, 0.07290082585072218, 0.6254860722019225, 1.0, 0.5449280184270023, 0.041378217245350644, 0.033477071603079986], [0.04006846413975854, 0.04518389821078819, 0.04791639789209182, 0.051474291059373026, 0.04967898869865429, 0.033881806412652885, 0.03365796601842437, 0.04392861644814974, 0.03935966999264479, 0.04277000454936333, 0.04134177387714835, 0.06043669835815514, 0.05341268507935868, 0.051222800195554724, 0.053499502461299746, 0.056020155300413495, 0.5449280184270023, 1.0, 0.565793124656936, 0.045984516065582674], [0.03703928524179526, 0.038536776247110376, 0.04965481130765392, 0.062285104460128346, 0.04738261295541273, 0.04403699922505308, 0.03392033609215604, 0.060576330628539336, 0.06004159151930336, 0.04396117878450299, 0.04381273308094625, 0.04930955964265704, 0.051046816278003115, 0.05285727451300785, 0.05813944510471421, 0.053379811986663375, 0.041378217245350644, 0.565793124656936, 1.0, 0.8556881936026796], [0.027513821675471156, 0.050500640787791144, 0.06359808696753065, 0.060237573360400254, 