{"model": "LSING", "dataset": "dim20_cop_gau", "N": 10000, "seed": 1234560, "metrics": {"TP": 19, "FP": 0, "FN": 0, "TN": 171, "TPR": 1.0, "FDR": 0.0, "FPR": 0.0, "Hamming": 0}, "omega": [[1.0, 0.5622190586035447, 0.043497687376145025, 0.04350298512534527, 0.044114296553575606, 0.0435997135802351, 0.061224783311718815, 0.04353536454991877, 0.040684978667497367, 0.039528852341851786, 0.04770113808557755, 0.048572931109977735, 0.03591585216108307, 0.049555905865536376, 0.04171702953944236, 0.052695464399225025, 0.0395273376315232, 0.04797047749847981, 0.04931066479639802, 0.040725989200513964], [0.5622190586035447, 1.0, 0.44350917725120337, 0.03469575921965313, 0.03581229256191528, 0.05405914465503568, 0.05463996257270361, 0.03905086158118618, 0.036918524379163084, 0.03664273748216478, 0.04391867096724818, 0.035262750422972895, 0.026506157696093702, 0.0408202338294209, 0.040068725745949996, 0.04221874744018937, 0.03719195824342232, 0.03555834190838753, 0.04724746988566528, 0.03697343262857449], [0.043497687376145025, 0.44350917725120337, 1.0, 0.4814504985688977, 0.043709578659405626, 0.039081620415186084, 0.04464544791678501, 0.04425171914639695, 0.04235980359388942, 0.04617814667617745, 0.0552707111226176, 0.03847327861641575, 0.030092287961979176, 0.03728309373007583, 0.039454587938002904, 0.046568142233691504, 0.03332195556676973, 0.03850504019861838, 0.04376018069697004, 0.03925751988904348], [0.04350298512534527, 0.03469575921965313, 0.4814504985688977, 1.0, 0.5181537833577581, 0.05755706920292953, 0.0672034172263621, 0.059786630628519084, 0.03720115736823864, 0.043350229827396766, 0.03891591534044809, 0.03543677643931861, 0.03493067135947843, 0.03634741132018764, 0.03921709356584934, 0.04153331859480323, 0.03657068659826155, 0.04437997873825028, 0.046501178584148435, 0.041183626041139135], [0.044114296553575606, 0.03581229256191528, 0.043709578659405626, 0.5181537833577581, 1.0, 0.6377440302973955, 0.07795251921240644, 0.05023945876211096, 0.03957840803346553, 0.04527734993854461, 0.04707889109651276, 0.04901508327618291, 0.04710834199807432, 0.04599053684722213, 0.053016029920312284, 0.05007700109676986, 0.042633851563569705, 0.044303498323155874, 0.050033278783831105, 0.036755945885777686], [0.0435997135802351, 0.05405914465503568, 0.039081620415186084, 0.05755706920292953, 0.6377440302973955, 1.0, 1.0, 0.07993429595167754, 0.04767208205504737, 0.04993624265340578, 0.0548101370394309, 0.0579327846295168, 0.051301349178399194, 0.06486296056910058, 0.04924642662892646, 0.05393543417676789, 0.05999892923931048, 0.04644933712489245, 0.04462006779923152, 0.056660932441727], [0.061224783311718815, 0.05463996257270361, 0.04464544791678501, 0.0672034172263621, 0.07795251921240644, 1.0, 1.0, 0.8759175208337444, 0.06053065235584293, 0.054932043816583724, 0.06800911855617811, 0.06616739522240432, 0.06736245682826433, 0.061186347537130835, 0.05196879208428327, 0.0694757019536375, 0.047417959501827714, 0.06676099973671942, 0.05271257713811826, 0.05021307340505487], [0.04353536454991877, 0.03905086158118618, 0.04425171914639695, 0.059786630628519084, 0.05023945876211096, 0.07993429595167754, 0.8759175208337444, 1.0, 0.5818867351435317, 0.057674028258515614, 0.07974571451576803, 0.05784204650519456, 0.0395469180029501, 0.05325311447363517, 0.04409383550764022, 0.05152888333362232, 0.0416866855068729, 0.06917272500972105, 0.051820896066755676, 0.04171768475131147], [0.040684978667497367, 0.036918524379163084, 0.04235980359388942, 0.03720115736823864, 0.03957840803346553, 0.04767208205504737, 0.06053065235584293, 0.5818867351435317, 1.0, 0.5576665369197688, 0.04471053935446633, 0.03179319056989183, 0.03510266821206981, 0.0347979635516848, 0.034942000545694324, 0.03844377664320659, 0.03515327896918382, 0.042928199890342945, 0.042967013096863134, 0.030033282769910918], [0.039528852341851786, 0.03664273748216478, 0.04617814667617745, 0.043350229827396766, 0.04527734993854461, 0.04993624265340578, 0.054932043816583724, 0.057674028258515614, 0.5576665369197688, 1.0, 0.6628059490646764, 0.047608073087165005, 0.03311111436640962, 0.04313730340903497, 0.039326119076959445, 0.050358575283395324, 0.03839445637943175, 0.04971704812453948, 0.04230458891459246, 0.03433602672746235], [0.04770113808557755, 0.04391867096724818, 0.0552707111226176, 0.03891591534044809, 0.04707889109651276, 0.0548101370394309, 0.06800911855617811, 0.07974571451576803, 0.04471053935446633, 0.6628059490646764, 1.0, 0.6280162217504033, 0.0562163985928341, 0.05740431764193085, 0.04024181627918982, 0.04931443911572008, 0.04835753581343233, 0.04405791719158355, 0.035060354729214635, 0.035697539552375195], [0.048572931109977735, 0.035262750422972895, 0.03847327861641575, 0.03543677643931861, 0.04901508327618291, 0.0579327846295168, 0.06616739522240432, 0.05784204650519456, 0.03179319056989183, 0.047608073087165005, 0.6280162217504033, 1.0, 0.5337408502029214, 0.0602968862139636, 0.04283365256850028, 0.03462251624875609, 0.034776193327661145, 0.028548981247686827, 0.038470578047343065, 0.027905010123646202], [0.03591585216108307, 0.026506157696093702, 0.030092287961979176, 0.03493067135947843, 0.04710834199807432, 0.051301349178399194, 0.06736245682826433, 0.0395469180029501, 0.03510266821206981, 0.03311111436640962, 0.0562163985928341, 0.5337408502029214, 1.0, 0.5255505324306456, 0.03862998387032804, 0.039549941195357576, 0.02974940537654403, 0.03592547356122947, 0.043073274510753545, 0.03395178980962682], [0.049555905865536376, 0.0408202338294209, 0.03728309373007583, 0.03634741132018764, 0.04599053684722213, 0.06486296056910058, 0.061186347537130835, 0.05325311447363517, 0.0347979635516848, 0.04313730340903497, 0.05740431764193085, 0.0602968862139636, 0.5255505324306456, 1.0, 0.5934896753557227, 0.04736766015719903, 0.038683027381777355, 0.0449364479365161, 0.03724389935467361, 0.03770808084009024], [0.04171702953944236, 0.040068725745949996, 0.039454587938002904, 0.03921709356584934, 0.053016029920312284, 0.04924642662892646, 0.05196879208428327, 0.04409383550764022, 0.034942000545694324, 0.039326119076959445, 0.04024181627918982, 0.04283365256850028, 0.03862998387032804, 0.5934896753557227, 1.0, 0.694663456277986, 0.036506880671319616, 0.04017438177396895, 0.04033323079143017, 0.031378263328803155], [0.052695464399225025, 0.04221874744018937, 0.046568142233691504, 0.04153331859480323, 0.05007700109676986, 0.05393543417676789, 0.0694757019536375, 0.05152888333362232, 0.03844377664320659, 0.050358575283395324, 0.04931443911572008, 0.03462251624875609, 0.039549941195357576, 0.04736766015719903, 0.694663456277986, 1.0, 0.6886486810759466, 0.05394970683379502, 0.04703600586033454, 0.0375659808317394], [0.0395273376315232, 0.03719195824342232, 0.03332195556676973, 0.03657068659826155, 0.042633851563569705, 0.05999892923931048, 0.047417959501827714, 0.0416866855068729, 0.03515327896918382, 0.03839445637943175, 0.04835753581343233, 0.034776193327661145, 0.02974940537654403, 0.038683027381777355, 0.036506880671319616, 0.6886486810759466, 1.0, 0.6657510242730337, 0.0514268073035346, 0.03362611338683051], [0.04797047749847981, 0.03555834190838753, 0.03850504019861838, 0.04437997873825028, 0.044303498323155874, 0.04644933712489245, 0.06676099973671942, 0.06917272500972105, 0.042928199890342945, 0.04971704812453948, 0.04405791719158355, 0.028548981247686827, 0.03592547356122947, 0.0449364479365161, 0.04017438177396895, 0.05394970683379502, 0.6657510242730337, 1.0, 0.7063576577874746, 0.04507381945768985], [0.04931066479639802, 0.04724746988566528, 0.04376018069697004, 0.046501178584148435, 0.050033278783831105, 0.04462006779923152, 0.05271257713811826, 0.051820896066755676, 0.042967013096863134, 0.04230458891459246, 0.035060354729214635, 0.038470578047343065, 0.043073274510753545, 0.03724389935467361, 0.04033323079143017, 0.04703600586033454, 0.0514268073035346, 0.7063576577874746, 1.0, 0.6393144062305617], [0.040725989200513964, 0.03697343262857449, 0.03925751988904348, 0.041183626041139135, 