{"model": "LSING", "dataset": "dim20_cop_gau", "N": 10000, "seed": 1230, "metrics": {"TP": 19, "FP": 0, "FN": 0, "TN": 171, "TPR": 1.0, "FDR": 0.0, "FPR": 0.0, "Hamming": 0}, "omega": [[1.0, 0.9158894695078266, 0.06451063801621977, 0.06494726763271058, 0.06916946401419334, 0.04949189530294355, 0.06638175338710887, 0.05423704138811067, 0.05765371817874848, 0.04904098881875889, 0.0536547373459346, 0.05937145271797666, 0.06654630683938126, 0.05616485889283753, 0.08440494856150825, 0.059593784198427556, 0.04920192259549725, 0.056275340731233976, 0.06213192403562769, 0.05069145243881127], [0.9158894695078266, 1.0, 0.8962342243531076, 0.08688390920580702, 0.07598748151396675, 0.05362690921370693, 0.07723071495590948, 0.044579243311266635, 0.07383898890565779, 0.06784804558071579, 0.06198461158165929, 0.05936155949420142, 0.06587859179902825, 0.048308234714467185, 0.0778285218849119, 0.0627267384771149, 0.05810483650569481, 0.06808188662853293, 0.06016183305760191, 0.06529064640078948], [0.06451063801621977, 0.8962342243531076, 1.0, 0.749632361065577, 0.06192276683967804, 0.05252417422824114, 0.05203508600535891, 0.04795942309698078, 0.04889998327409654, 0.05649812091800683, 0.04920359565289846, 0.05557115370675592, 0.06094751115513941, 0.04416208821637015, 0.0622197904081761, 0.05005469146246048, 0.048723119588902006, 0.06243079747517056, 0.0709341742688082, 0.05254896483551607], [0.06494726763271058, 0.08688390920580702, 0.749632361065577, 1.0, 0.7645376311209947, 0.06046965059862561, 0.07405035794020566, 0.06299293308560386, 0.06335295902503275, 0.04966319769863098, 0.07381425834829955, 0.07062460693993418, 0.06978731760705192, 0.056230511800369094, 0.09270699966916499, 0.0731003449053704, 0.06917775423880351, 0.06682855145615978, 0.07382539760784618, 0.05987059930190504], [0.06916946401419334, 0.07598748151396675, 0.06192276683967804, 0.7645376311209947, 1.0, 0.7151069950733447, 0.07042051728973214, 0.05017253275175834, 0.05257068455677343, 0.07246697841736603, 0.08128695672039701, 0.07402791261578825, 0.07370721937179353, 0.05131437024131099, 0.0882671790534788, 0.060425218664432206, 0.052142325148253905, 0.06689295499181346, 0.08878645737197866, 0.04321491254009867], [0.04949189530294355, 0.05362690921370693, 0.05252417422824114, 0.06046965059862561, 0.7151069950733447, 1.0, 0.772764870040771, 0.051106812708419914, 0.04417414323714636, 0.053935400648240185, 0.05121648887710072, 0.05745174028395017, 0.06000414364441824, 0.03695805483961228, 0.06962422870552556, 0.050232123953810354, 0.05735607909860431, 0.05175280969556881, 0.058799710788925666, 0.0482873023143398], [0.06638175338710887, 0.07723071495590948, 0.05203508600535891, 0.07405035794020566, 0.07042051728973214, 0.772764870040771, 1.0, 0.7954531163878411, 0.06592739903687407, 0.06855122676908923, 0.07090958049181575, 0.05754296778378016, 0.07360217538696433, 0.0431415632349109, 0.07745336670258274, 0.05761581834104872, 0.06252150954654893, 0.07137851029127466, 0.07993064261310762, 0.04846863638222151], [0.05423704138811067, 0.044579243311266635, 0.04795942309698078, 0.06299293308560386, 0.05017253275175834, 0.051106812708419914, 0.7954531163878411, 1.0, 0.7676559832616061, 0.05968782904018242, 0.049871837798075774, 0.050374894298802195, 0.0660352753761073, 0.055817004737911735, 0.07977047947696683, 0.06721755481649973, 0.055967346376566675, 0.04747361927093102, 0.07324642967215307, 0.05136469207150007], [0.05765371817874848, 0.07383898890565779, 0.04889998327409654, 0.06335295902503275, 0.05257068455677343, 0.04417414323714636, 0.06592739903687407, 0.7676559832616061, 1.0, 0.8101154378247433, 0.05852825514051307, 0.059360296777897614, 0.08772747375498374, 0.04347522892896463, 0.09333083156484105, 0.07385938586069465, 0.06295638270297646, 0.06321091094709448, 0.06009140784974646, 0.056869055925635036], [0.04904098881875889, 0.06784804558071579, 0.05649812091800683, 0.04966319769863098, 0.07246697841736603, 0.053935400648240185, 0.06855122676908923, 0.05968782904018242, 0.8101154378247433, 1.0, 0.9001825197201258, 0.07850858385535837, 0.07615654204609762, 0.04650638859053718, 0.09480454325926607, 0.07520315287150162, 0.06498969123080124, 0.061633846673827104, 0.08535119513212423, 0.044358519834140527], [0.0536547373459346, 0.06198461158165929, 0.04920359565289846, 0.07381425834829955, 0.08128695672039701, 0.05121648887710072, 0.07090958049181575, 0.049871837798075774, 0.05852825514051307, 0.9001825197201258, 1.0, 0.9061730994094611, 0.08172082070461345, 0.04996628130455535, 0.07286008685673329, 0.07320730715142731, 0.07290773146146978, 0.06124028452397817, 0.06741463197087456, 0.06101016156683631], [0.05937145271797666, 0.05936155949420142, 0.05557115370675592, 0.07062460693993418, 0.07402791261578825, 0.05745174028395017, 0.05754296778378016, 0.050374894298802195, 0.059360296777897614, 0.07850858385535837, 0.9061730994094611, 1.0, 0.930327684655629, 0.0736873061521967, 0.09423539682105883, 0.06981863697471402, 0.05692477057195384, 0.06476701779943585, 0.08387302306333147, 0.056959189182538617], [0.06654630683938126, 0.06587859179902825, 0.06094751115513941, 0.06978731760705192, 0.07370721937179353, 0.06000414364441824, 0.07360217538696433, 0.0660352753761073, 0.08772747375498374, 0.07615654204609762, 0.08172082070461345, 0.930327684655629, 1.0, 0.8234618120428, 0.10026892888136239, 0.08319858243230879, 0.06782214071387554, 0.08431041998431336, 0.08962600858505636, 0.06744608978695571], [0.05616485889283753, 0.048308234714467185, 0.04416208821637015, 0.056230511800369094, 0.05131437024131099, 0.03695805483961228, 0.0431415632349109, 0.055817004737911735, 0.04347522892896463, 0.04650638859053718, 0.04996628130455535, 0.0736873061521967, 0.8234618120428, 1.0, 0.6837833571949462, 0.07863160945413078, 0.056857382889051136, 0.0501638738873818, 0.06893789485489112, 0.038992949686069714], [0.08440494856150825, 0.0778285218849119, 0.0622197904081761, 0.09270699966916499, 0.0882671790534788, 0.06962422870552556, 0.07745336670258274, 0.07977047947696683, 0.09333083156484105, 0.09480454325926607, 0.07286008685673329, 0.09423539682105883, 0.10026892888136239, 0.6837833571949462, 1.0, 0.7918076594229209, 0.07705498221081268, 0.08945773871016195, 0.09329560561648739, 0.07506995047990292], [0.059593784198427556, 0.0627267384771149, 0.05005469146246048, 0.0731003449053704, 0.060425218664432206, 0.050232123953810354, 0.05761581834104872, 0.06721755481649973, 0.07385938586069465, 0.07520315287150162, 0.07320730715142731, 0.06981863697471402, 0.08319858243230879, 0.07863160945413078, 0.7918076594229209, 1.0, 0.646405326582406, 0.07234480686185327, 0.05805564561560345, 0.05763295592005173], [0.04920192259549725, 0.05810483650569481, 0.048723119588902006, 0.06917775423880351, 0.052142325148253905, 0.05735607909860431, 0.06252150954654893, 0.055967346376566675, 0.06295638270297646, 0.06498969123080124, 0.07290773146146978, 0.05692477057195384, 0.06782214071387554, 0.056857382889051136, 0.07705498221081268, 0.646405326582406, 1.0, 0.6422528081209266, 0.08164155815068462, 0.04796552817184461], [0.056275340731233976, 0.06808188662853293, 0.06243079747517056, 0.06682855145615978, 0.06689295499181346, 0.05175280969556881, 0.07137851029127466, 0.04747361927093102, 0.06321091094709448, 0.061633846673827104, 0.06124028452397817, 0.06476701779943585, 0.08431041998431336, 0.0501638738873818, 0.08945773871016195, 0.07234480686185327, 0.6422528081209266, 1.0, 0.8601919440874959, 0.05811530687589161], [0.06213192403562769, 0.06016183305760191, 0.0709341742688082, 0.07382539760784618, 0.08878645737197866, 0.058799710788925666, 0.07993064261310762, 0.07324642967215307, 0.06009140784974646, 0.08535119513212423, 0.06741463197087456, 0.08387302306333147, 0.08962600858505636, 0.06893789485489112, 0.09329560561648739, 0.05805564561560345, 0.08164155815068462, 0.8601919440874959, 1.0, 1.0], [0.05069145243881127, 0.06529064640078948, 0.05254896483551607, 0.05987059930190504, 0.04321491254009867, 0.0482873023143398, 0.04846863638222151, 