{"model": "SING", "dataset": "dim6_butterfly", "N": 400, "seed": 123450, "metrics": {"TP": 0, "FP": 0, "FN": 3, "TN": 12, "TPR": 0.0, "FDR": 0.0, "FPR": 0.0, "Hamming": 3}, "omega": [[455.623369837773, 0.0, 0.0, 0.0, 0.0, 0.0], [0.0, 609.41889339862, 0.0, 0.0, 0.0, 0.0], [0.0, 0.0, 455.8484668965385, 0.0, 0.0, 0.0], [0.0, 0.0, 0.0, 569.1921387651, 0.0, 0.0], [0.0, 0.0, 0.0, 0.0, 455.23673909001263, 0.0], [0.0, 0.0, 0.0, 0.0, 0.0, 599.5839805253986]], "meta_info": {"source": "pretrained", "p_order": 2}}