{"model": "SING", "dataset": "dim6_butterfly", "N": 400, "seed": 1234560, "metrics": {"TP": 0, "FP": 0, "FN": 3, "TN": 12, "TPR": 0.0, "FDR": 0.0, "FPR": 0.0, "Hamming": 3}, "omega": [[446.84485145357013, 0.0, 0.0, 0.0, 0.0, 0.0], [0.0, 604.3156730208037, 0.0, 0.0, 0.0, 0.0], [0.0, 0.0, 448.6713030363683, 0.0, 0.0, 0.0], [0.0, 0.0, 0.0, 595.1543991890624, 0.0, 0.0], [0.0, 0.0, 0.0, 0.0, 448.78533020049247, 0.0], [0.0, 0.0, 0.0, 0.0, 0.0, 567.0961092362976]], "meta_info": {"source": "pretrained", "p_order": 2}}