{"model": "SING", "dataset": "dim6_butterfly", "N": 400, "seed": 120, "metrics": {"TP": 0, "FP": 0, "FN": 3, "TN": 12, "TPR": 0.0, "FDR": 0.0, "FPR": 0.0, "Hamming": 3}, "omega": [[436.7151732291708, 0.0, 0.0, 0.0, 0.0, 0.0], [0.0, 599.1273072013763, 0.0, 0.0, 0.0, 0.0], [0.0, 0.0, 453.46256886863245, 0.0, 0.0, 0.0], [0.0, 0.0, 0.0, 588.0755193970873, 0.0, 0.0], [0.0, 0.0, 0.0, 0.0, 452.2228267557612, 0.0], [0.0, 0.0, 0.0, 0.0, 0.0, 583.9040443441393]], "meta_info": {"source": "pretrained", "p_order": 2}}