{"model": "SING", "dataset": "dim6_butterfly", "N": 400, "seed": 12340, "metrics": {"TP": 0, "FP": 0, "FN": 3, "TN": 12, "TPR": 0.0, "FDR": 0.0, "FPR": 0.0, "Hamming": 3}, "omega": [[460.1915554824396, 0.0, 0.0, 0.0, 0.0, 0.0], [0.0, 632.1844409271628, 0.0, 0.0, 0.0, 0.0], [0.0, 0.0, 454.1432132048537, 0.0, 0.0, 0.0], [0.0, 0.0, 0.0, 588.0012920095363, 0.0, 0.0], [0.0, 0.0, 0.0, 0.0, 451.6780408060503, 0.0], [0.0, 0.0, 0.0, 0.0, 0.0, 603.1039574439862]], "meta_info": {"source": "pretrained", "p_order": 2}}