{"model": "GLASSO", "dataset": "dim5_cop_gau", "N": 20000, "seed": 12340, "metrics": {"TP": 4, "FP": 3, "FN": 0, "TN": 3, "TPR": 1.0, "FDR": 0.42857142857142855, "FPR": 0.5, "Hamming": 3}, "omega": [[2.7089170973071774, -2.1367262075867814, -0.018373704189773635, -0.0, -0.0], [-2.1366865185297534, 4.474758021722392, -2.22293103521017, 0.004032983806442109, -0.0], [-0.018557592381719234, -2.2226947997166917, 4.478421837183085, -2.032443058547588, -0.12243523101374634], [-0.0, 0.0040827742021336865, -2.032465005897364, 4.053956006160506, -1.8641593410178352], [-0.0, -0.0, -0.12239502597651702, -1.8641821620412597, 2.5251926634573523]], "meta_info": {"source": "pretrained"}}