{"model": "GLASSO", "dataset": "dim5_cop_gau", "N": 20000, "seed": 1230, "metrics": {"TP": 4, "FP": 1, "FN": 0, "TN": 5, "TPR": 1.0, "FDR": 0.2, "FPR": 0.16666666666666666, "Hamming": 1}, "omega": [[2.6611256856424994, -2.0425096284362096, -0.07411821775768428, -0.0, -0.0], [-2.0425518446286843, 4.314758711879026, -2.133667256024185, -0.0, -0.0], [-0.07456781597250016, -2.1334653876514698, 4.466387138183771, -2.1604657477507216, -0.0], [-0.0, -0.0, -2.160236923452805, 4.4216773687187105, -2.146639760748872], [-0.0, -0.0, -0.0, -2.146651368241489, 2.7041012368827286]], "meta_info": {"source": "pretrained"}}