{"model": "GLASSO", "dataset": "dim5_cop_gau", "N": 20000, "seed": 123450, "metrics": {"TP": 4, "FP": 4, "FN": 0, "TN": 2, "TPR": 1.0, "FDR": 0.5, "FPR": 0.6666666666666666, "Hamming": 4}, "omega": [[2.4146392286030403, -1.7633078741290884, -0.04543839514042665, -0.0774782959763295, -0.0], [-1.7631699133088101, 3.959176805590306, -2.122973966359673, 0.11192261793348784, -0.0], [-0.04539649855315296, -2.1230905687504658, 4.333442971448624, -1.9918349675136233, -0.10485425140565255], [-0.07736894605627351, 0.11173692732748879, -1.9919486141354297, 4.048492851937075, -1.9402879372064767], [-0.0, -0.0, -0.1046607257576981, -1.940332706587042, 2.5843333363186276]], "meta_info": {"source": "pretrained"}}