{"model": "GLASSO", "dataset": "dim5_cop_gau", "N": 20000, "seed": 1234560, "metrics": {"TP": 4, "FP": 0, "FN": 0, "TN": 6, "TPR": 1.0, "FDR": 0.0, "FPR": 0.0, "Hamming": 0}, "omega": [[2.6451001473714792, -2.086027187725981, -0.0, -0.0, -0.0], [-2.086014732106688, 4.354508048937889, -2.152161799120969, -0.0, -0.0], [-0.0, -2.152054908775636, 4.28960180341564, -2.0191619702057135, -0.0], [-0.0, -0.0, -2.0191260413621683, 4.2520531772179755, -2.1135657777098227], [-0.0, -0.0, -0.0, -2.1135705553008464, 2.6719024602191803]], "meta_info": {"source": "pretrained"}}