{"model": "LSING", "dataset": "0.1_dim20_pair_gau", "N": 1000, "seed": 123450, "metrics": {"TP": 7, "FP": 121, "FN": 3, "TN": 59, "TPR": 0.7, "FDR": 0.9453125, "FPR": 0.6722222222222223, "Hamming": 124}, "omega": [[1.0, 0.9345924528311046, 0.2902018576394409, 0.20277384664883763, 0.24230026945795563, 0.17913456806513461, 0.18723514431699523, 0.19286564211643947, 0.18198769394164963, 0.38837127563792495, 0.22594532358537406, 0.16809403103341458, 0.24400804531055217, 0.19345586765388903, 0.17544898805015008, 0.3673997780553771, 0.268648846578049, 0.45611416014622425, 0.2791214741899373, 0.22989229569651204], [0.9345924528311046, 1.0, 0.43388164390791784, 0.6123172854281147, 0.4218308797182952, 0.4944726614690818, 0.49157593484888973, 0.47376730893398705, 0.3756521453689548, 0.5525933477612709, 0.32097945220274415, 0.3445635207064042, 0.7636454198012886, 1.0, 0.35518978494088665, 0.4744678332795744, 0.568192968771047, 0.46859607769469486, 0.321682135601741, 0.3283090795284846], [0.2902018576394409, 0.43388164390791784, 1.0, 0.19152050127900908, 0.17081736847329784, 0.23633898647338375, 0.1549431886810022, 0.16533841903167457, 0.1412052633009623, 0.42498136843090556, 0.1422440410328151, 0.1379417049107331, 0.21390760978650067, 0.15664182268684376, 0.17050948846836933, 0.23551004142874607, 0.16287576832974657, 0.3067460164807272, 0.16806899460962738, 0.19754083715531293], [0.20277384664883763, 0.6123172854281147, 0.19152050127900908, 1.0, 0.29303540540166645, 0.3029128977785393, 0.18718946542120735, 0.2722086908058344, 0.21026431586908909, 0.6103111961491628, 0.26978589916251783, 0.22891197420931317, 0.35729987789566986, 0.29369246552451833, 0.1775093165935602, 0.31506549647792154, 0.3838346948617401, 0.5158700942767104, 0.15510999198996242, 0.16715100757308968], [0.24230026945795563, 0.4218308797182952, 0.17081736847329784, 0.29303540540166645, 1.0, 0.6164216611285682, 0.1759284546533254, 0.2094624626468591, 0.26264989898259333, 0.3114148253733332, 0.19438963550000765, 0.16010759387321521, 0.3699381169785857, 0.27156052982584133, 0.3061213320463555, 0.4322353227043589, 0.16067519738501115, 0.2682723268774906, 0.18684731360361, 0.24445733067297504], [0.17913456806513461, 0.4944726614690818, 0.23633898647338375, 0.3029128977785393, 0.6164216611285682, 1.0, 0.22569254747753392, 0.20335761019505222, 0.1975846957718797, 0.29704306865583546, 0.2379609664986913, 0.15058062659835686, 0.2748246444124992, 0.22364760534987344, 0.21636070402251775, 0.3079954308564511, 0.17440435508680263, 0.48433749845579643, 0.22169583118034752, 0.19012869050488154], [0.18723514431699523, 0.49157593484888973, 0.1549431886810022, 0.18718946542120735, 0.1759284546533254, 0.22569254747753392, 1.0, 0.32148073687491713, 0.13538729696706694, 0.34336321341900133, 0.19528943491332762, 0.15273778388366846, 0.2733990320645016, 0.28380057271647385, 0.20380227912711704, 0.30383631531475336, 0.1597840442979915, 0.29974978340699804, 0.1507343137842626, 0.17635294882402278], [0.19286564211643947, 0.47376730893398705, 0.16533841903167457, 0.2722086908058344, 0.2094624626468591, 0.20335761019505222, 0.32148073687491713, 1.0, 0.20248107496144446, 0.2662386907063258, 0.2568736676061735, 0.16824430266761514, 0.23417922517751968, 0.2856017086677894, 0.22122801942051856, 0.4316580919380157, 0.26341542752169955, 0.46199639244928764, 0.24176845971451064, 0.19266682717484332], [0.18198769394164963, 0.3756521453689548, 0.1412052633009623, 0.21026431586908909, 0.26264989898259333, 0.1975846957718797, 0.13538729696706694, 0.20248107496144446, 1.0, 0.5255005848759391, 0.1303388182795837, 0.16298514688561147, 0.32675129468370867, 0.1860684161248909, 0.17535608807756753, 0.4375728769011502, 0.16057192687719934, 0.3071949023929876, 0.2627677924001482, 0.18409562278669217], [0.38837127563792495, 0.5525933477612709, 0.42498136843090556, 0.6103111961491628, 0.3114148253733332, 0.29704306865583546, 0.34336321341900133, 0.2662386907063258, 0.5255005848759391, 1.0, 0.47109583175474673, 0.29830368280510045, 0.44242601434655093, 0.34146602740078447, 0.48802640553669074, 0.4783497000705702, 0.36366953041083866, 0.47582019961424643, 0.37561303970368765, 0.4307808488180442], [0.22594532358537406, 0.32097945220274415, 0.1422440410328151, 0.26978589916251783, 0.19438963550000765, 0.2379609664986913, 0.19528943491332762, 0.2568736676061735, 0.1303388182795837, 0.47109583175474673, 1.0, 0.17563267950521735, 0.23787883145516922, 0.19360010961316962, 0.2276395383577732, 0.32997568673269667, 0.16791725411122196, 0.2532342518947691, 0.16551427822975984, 0.19429786308927596], [0.16809403103341458, 0.3445635207064042, 0.1379417049107331, 0.22891197420931317, 0.16010759387321521, 0.15058062659835686, 0.15273778388366846, 0.16824430266761514, 0.16298514688561147, 0.29830368280510045, 0.17563267950521735, 1.0, 0.17813819778280282, 0.30420261617001765, 0.13525496772402237, 0.2621097108984, 0.1682352366658277, 0.2703813883407152, 0.14778117873354032, 0.14606665773516328], [0.24400804531055217, 0.7636454198012886, 0.21390760978650067, 0.35729987789566986, 0.3699381169785857, 0.2748246444124992, 0.2733990320645016, 0.23417922517751968, 0.32675129468370867, 0.44242601434655093, 0.23787883145516922, 0.17813819778280282, 1.0, 0.3264958184950239, 0.18959291154146826, 0.28086721297695666, 0.2874420514109955, 0.4192655500993023, 0.23965238511995357, 0.20266879631245407], [0.19345586765388903, 1.0, 0.15664182268684376, 0.29369246552451833, 0.27156052982584133, 0.22364760534987344, 0.28380057271647385, 0.2856017086677894, 0.1860684161248909, 0.34146602740078447, 0.19360010961316962, 0.30420261617001765, 0.3264958184950239, 1.0, 0.22294505847181814, 0.34115852156436255, 0.22356332642193538, 0.4522745845091326, 0.1804030195277128, 0.2381878744162668], [0.17544898805015008, 0.35518978494088665, 0.17050948846836933, 0.1775093165935602, 0.3061213320463555, 0.21636070402251775, 0.20380227912711704, 0.22122801942051856, 0.17535608807756753, 0.48802640553669074, 0.2276395383577732, 0.13525496772402237, 0.18959291154146826, 0.22294505847181814, 1.0, 0.6403308163321276, 0.16448107257485614, 0.2440822671957935, 0.16330673966067244, 0.16756541436310332], [0.3673997780553771, 0.4744678332795744, 0.23551004142874607, 0.31506549647792154, 0.4322353227043589, 0.3079954308564511, 0.30383631531475336, 0.4316580919380157, 0.4375728769011502, 0.4783497000705702, 0.32997568673269667, 0.2621097108984, 0.28086721297695666, 0.34115852156436255, 0.6403308163321276, 1.0, 0.3254788588321687, 0.43399429896638075, 0.35575750980463067, 0.26813326765765905], [0.268648846578049, 0.568192968771047, 0.16287576832974657, 0.3838346948617401, 0.16067519738501115, 0.17440435508680263, 0.1597840442979915, 0.26341542752169955, 0.16057192687719934, 0.36366953041083866, 0.16791725411122196, 0.1682352366658277, 0.2874420514109955, 0.22356332642193538, 0.16448107257485614, 0.3254788588321687, 1.0, 0.7488243018764005, 0.2204396918841678, 0.26037302294417464], [0.45611416014622425, 0.46859607769469486, 0.3067460164807272, 0.5158700942767104, 0.2682723268774906, 0.48433749845579643, 0.29974978340699804, 0.46199639244928764, 0.3071949023929876, 0.47582019961424643, 0.2532342518947691, 0.2703813883407152, 0.4192655500993023, 0.4522745845091326, 0.2440822671957935, 0.43399429896638075, 0.7488243018764005, 1.0, 0.20849836187005294, 0.2860488602584586], [0.2791214741899373, 0.321682135601741, 0.16806899460962738, 0.15510999198996242, 0.18684731360361, 0.22169583118034752, 0.1507343137842626, 0.24176845971451064, 0.2627677924001482, 0.37561303970368765, 0.16551427822975984, 0.14778117873354032, 0.23965238511995357, 0.1804030195277128, 0.16330673966067244, 0.35575750980463067, 0.2204396918841678, 0.20849836187005294, 1.0, 0.1957702616695876], [0.22989229569651204, 0.3283090795284846, 0.19754083715531293, 0.16715100757308968, 0.24445733067297504, 0.19012869050488154, 0.17635294882402278, 0.19266682717484332, 0.18409562278669217, 0.4307808488180442, 0.19429786308927596, 0.14606665773516328, 