{"model": "LSING", "dataset": "0.1_dim20_pair_gau", "N": 1000, "seed": 1234560, "metrics": {"TP": 9, "FP": 144, "FN": 1, "TN": 36, "TPR": 0.9, "FDR": 0.9411764705882353, "FPR": 0.8, "Hamming": 145}, "omega": [[1.0, 0.23199521509744575, 0.22202134098841433, 0.21954712769980908, 0.28188297997323014, 0.27037262754816194, 0.2663180902615503, 0.27727774043606057, 0.5461717160114694, 0.24444981386986608, 0.3222518545686746, 0.6389899933750096, 0.265414021642961, 0.24216312089975123, 0.2211604208375488, 0.3092839606056733, 0.4060775353410929, 0.3718025072624564, 0.22022880922487928, 0.21213095070691643], [0.23199521509744575, 1.0, 0.16687798118959615, 0.20842633615623457, 0.19814145599166097, 0.1734635516944895, 0.23075762949726986, 0.154242488665388, 0.28408999651186745, 0.23556838960593973, 0.3219034899550161, 0.7887237308921312, 0.2912659741029408, 0.20035061873762922, 0.17503613358299988, 0.2144304663564237, 0.707627073995639, 0.1759678603875883, 0.18476706187235636, 0.21183843598572266], [0.22202134098841433, 0.16687798118959615, 1.0, 0.24364940585281408, 0.19185166195808584, 0.17263267844625696, 0.268076161453139, 0.2186154554598138, 0.37719154899215984, 0.2652267317083084, 0.28714765686965865, 0.4566269504735255, 0.20632942490385991, 0.25048556122042465, 0.15276575251612798, 0.17074112407160316, 0.40178640597854304, 0.16973819653567457, 0.15736396534624514, 0.1765441170559424], [0.21954712769980908, 0.20842633615623457, 0.24364940585281408, 1.0, 0.21602837227889254, 0.212843042898574, 0.23287064336735905, 0.19239297303588776, 0.3453672350506747, 0.31587353251406497, 0.3176767225614638, 0.6088274138045244, 0.20366477512239656, 0.2999713062992774, 0.20905435037256642, 0.16398465726093528, 0.3517381726970101, 0.27431225180158036, 0.22858235136365346, 0.19704390132572924], [0.28188297997323014, 0.19814145599166097, 0.19185166195808584, 0.21602837227889254, 1.0, 0.3021315609815773, 0.21212020754479666, 0.17147963765181493, 0.4416612891239197, 0.2775956216303408, 0.28571509985265986, 0.623097740355305, 0.3226643265165625, 0.2601708916980978, 0.20112557540333875, 0.40496536342692707, 0.33258861959861, 0.19751587899382356, 0.2040082410481359, 0.2816121577091834], [0.27037262754816194, 0.1734635516944895, 0.17263267844625696, 0.212843042898574, 0.3021315609815773, 1.0, 0.27407923067512785, 0.188149035983688, 0.281314210779604, 0.30639950645476705, 0.3031113591927389, 0.6759174790799046, 0.27393049365690847, 0.20386578502086242, 0.1816772205300664, 0.2248314660379726, 0.5315531582271469, 0.2081707071000164, 0.19263001375403638, 0.22041777853645467], [0.2663180902615503, 0.23075762949726986, 0.268076161453139, 0.23287064336735905, 0.21212020754479666, 0.27407923067512785, 1.0, 0.27973848839562065, 0.388151853941788, 0.2906217057005801, 0.37596805318248416, 0.5492180693730114, 0.4265086409762901, 0.38495731527069077, 0.24300489494115046, 0.33017111711049485, 0.8034356486953491, 0.31920854469888427, 0.20819541273525236, 0.35567892461868716], [0.27727774043606057, 0.154242488665388, 0.2186154554598138, 0.19239297303588776, 0.17147963765181493, 0.188149035983688, 0.27973848839562065, 1.0, 0.2855887949449615, 0.23770308380771082, 0.2915195418300841, 0.35029422986823877, 0.2377832270695965, 0.198602854191415, 0.15669172955852406, 0.22085296754329456, 0.31052759075022474, 0.17808150478186513, 0.22622279041074078, 0.19744781875795636], [0.5461717160114694, 0.28408999651186745, 0.37719154899215984, 0.3453672350506747, 0.4416612891239197, 0.281314210779604, 0.388151853941788, 0.2855887949449615, 1.0, 0.5606803443287739, 0.360068391503575, 0.6935949885840564, 0.3579502667499266, 0.4220476944743637, 0.2580162935452887, 0.4802261612658006, 0.4075486331490598, 0.4495702935222261, 0.47812011953817063, 0.3950185169797072], [0.24444981386986608, 0.23556838960593973, 0.2652267317083084, 0.31587353251406497, 0.2775956216303408, 0.30639950645476705, 0.2906217057005801, 0.23770308380771082, 0.5606803443287739, 1.0, 0.2541284814044412, 0.8662183607358135, 0.22798190439233212, 0.21955323893424292, 0.18197930224326075, 0.2671187468506378, 0.4645390832418396, 0.19831760868657652, 0.1650429193570598, 0.2023872603654933], [0.3222518545686746, 0.3219034899550161, 0.28714765686965865, 0.3176767225614638, 0.28571509985265986, 0.3031113591927389, 0.37596805318248416, 0.2915195418300841, 0.360068391503575, 0.2541284814044412, 1.0, 0.763887037566134, 0.31079958312165806, 0.26117765088101264, 0.19608816003741822, 0.25998082503192665, 0.534277422858003, 0.27596914811198686, 0.2080187871471961, 0.29354926588008207], [0.6389899933750096, 0.7887237308921312, 0.4566269504735255, 0.6088274138045244, 0.623097740355305, 0.6759174790799046, 0.5492180693730114, 0.35029422986823877, 0.6935949885840564, 0.8662183607358135, 0.763887037566134, 1.0, 0.9627352687329858, 0.7656925557028409, 0.5879879043149959, 1.0, 0.6384547753434437, 0.5253818481762507, 0.6638821788922498, 0.4917879984158807], [0.265414021642961, 0.2912659741029408, 0.20632942490385991, 0.20366477512239656, 0.3226643265165625, 0.27393049365690847, 0.4265086409762901, 0.2377832270695965, 0.3579502667499266, 0.22798190439233212, 0.31079958312165806, 0.9627352687329858, 1.0, 0.3030718665527568, 0.3000560572379187, 0.2488765665600794, 0.36536350938025375, 0.3195372781844706, 0.34006948594805914, 0.2889368238166155], [0.24216312089975123, 0.20035061873762922, 0.25048556122042465, 0.2999713062992774, 0.2601708916980978, 0.20386578502086242, 0.38495731527069077, 0.198602854191415, 0.4220476944743637, 0.21955323893424292, 0.26117765088101264, 0.7656925557028409, 0.3030718665527568, 1.0, 0.18763578323223504, 0.1970417854320612, 0.3738178444480581, 0.2633153279472098, 0.17131558617111556, 0.18946047172933858], [0.2211604208375488, 0.17503613358299988, 0.15276575251612798, 0.20905435037256642, 0.20112557540333875, 0.1816772205300664, 0.24300489494115046, 0.15669172955852406, 0.2580162935452887, 0.18197930224326075, 0.19608816003741822, 0.5879879043149959, 0.3000560572379187, 0.18763578323223504, 1.0, 0.4833961094935808, 0.29743978806238985, 0.24612297649176657, 0.13629485411143544, 0.3097164759474484], [0.3092839606056733, 0.2144304663564237, 0.17074112407160316, 0.16398465726093528, 0.40496536342692707, 0.2248314660379726, 0.33017111711049485, 0.22085296754329456, 0.4802261612658006, 0.2671187468506378, 0.25998082503192665, 1.0, 0.2488765665600794, 0.1970417854320612, 0.4833961094935808, 1.0, 0.5014836052252655, 0.24903030533267165, 0.15760329777730644, 0.3146721050509559], [0.4060775353410929, 0.707627073995639, 0.40178640597854304, 0.3517381726970101, 0.33258861959861, 0.5315531582271469, 0.8034356486953491, 0.31052759075022474, 0.4075486331490598, 0.4645390832418396, 0.534277422858003, 0.6384547753434437, 0.36536350938025375, 0.3738178444480581, 0.29743978806238985, 0.5014836052252655, 1.0, 0.5014136655423006, 0.3762445865406149, 0.3974132114678818], [0.3718025072624564, 0.1759678603875883, 0.16973819653567457, 0.27431225180158036, 0.19751587899382356, 0.2081707071000164, 0.31920854469888427, 0.17808150478186513, 0.4495702935222261, 0.19831760868657652, 0.27596914811198686, 0.5253818481762507, 0.3195372781844706, 0.2633153279472098, 0.24612297649176657, 0.24903030533267165, 0.5014136655423006, 1.0, 0.313854533437989, 0.22688453767111016], [0.22022880922487928, 0.18476706187235636, 0.15736396534624514, 0.22858235136365346, 0.2040082410481359, 0.19263001375403638, 0.20819541273525236, 0.22622279041074078, 0.47812011953817063, 0.1650429193570598, 0.2080187871471961, 0.6638821788922498, 0.34006948594805914, 0.17131558617111556, 0.13629485411143544, 0.15760329777730644, 0.3762445865406149, 0.313854533437989, 1.0, 0.19904460307489913], [0.21213095070691643, 0.21183843598572266, 0.1765441170559424, 0.19704390132572924, 0.2816121577091834, 0.22041777853645467, 0.35567892461868716, 0.19744781875795636, 0.3950185169797072, 0.2023872603654933, 0.29354926588008207, 0.4917879984158807, 0.2889368238166155, 0.18946047172933858, 0.3097164759474484, 