{"model": "LSING", "dataset": "0.1_dim20_pair_gau", "N": 1000, "seed": 12340, "metrics": {"TP": 10, "FP": 156, "FN": 0, "TN": 24, "TPR": 1.0, "FDR": 0.9397590361445783, "FPR": 0.8666666666666667, "Hamming": 156}, "omega": [[1.0, 0.37067784313912366, 0.2346641572163004, 0.35974343119770497, 0.14711561463326217, 0.7833029766257565, 0.21749493375909879, 0.2174590693400452, 0.5499138810905299, 0.3515778626262865, 0.25782559138417144, 0.1927704635902451, 0.24599007375751725, 0.19388236863881206, 0.1709694676551026, 0.6061453460529591, 0.26218635463347006, 0.1547209786017899, 0.46374547029361735, 0.2936360787367823], [0.37067784313912366, 1.0, 0.36450340357551075, 0.3260929133312703, 0.4024230407810322, 0.5320827489291624, 0.2057460353500202, 0.2801422612590773, 0.32570270542634605, 0.27862547404192994, 0.41156416693502845, 0.234455745932695, 0.38904819505800625, 0.33246201921282537, 0.1885070497086035, 1.0, 0.25933296675769246, 0.29807339560969803, 0.4318898806947786, 0.24605547040232356], [0.2346641572163004, 0.36450340357551075, 1.0, 0.43150981942724254, 0.16452869777018406, 0.49998388856619197, 0.2532682275804104, 0.2191238202480936, 0.3543745957418658, 0.43664961534519087, 0.25281045106676603, 0.33489623966482857, 0.38565939106301034, 0.2487654978540024, 0.20258760000516085, 0.872747292517312, 0.27390234941012376, 0.2232166701277614, 0.6115360848463763, 0.22786262520588543], [0.35974343119770497, 0.3260929133312703, 0.43150981942724254, 1.0, 0.1755046687823108, 0.4821966711378867, 0.241801376515088, 0.3553215287851026, 0.3249433609081982, 0.33765580086068986, 0.49849096053472414, 0.3371886557265817, 0.20392747481834764, 0.2935047775750107, 0.16270526382694378, 0.40813265845551927, 0.1998550100626764, 0.22535541163827305, 0.29098602342302077, 0.3190034934472713], [0.14711561463326217, 0.4024230407810322, 0.16452869777018406, 0.1755046687823108, 1.0, 0.6054691791080757, 0.21495719383299697, 0.2472614722755722, 0.2726452685646346, 0.1828698308312417, 0.2141194587068274, 0.24041641994345242, 0.18817701925161817, 0.18212630058765997, 0.20613125097968, 0.39747183832669997, 0.21432882630290226, 0.12018233820754452, 0.23087043863535225, 0.17659121264030264], [0.7833029766257565, 0.5320827489291624, 0.49998388856619197, 0.4821966711378867, 0.6054691791080757, 1.0, 0.34554205055048265, 0.3871286111898673, 0.7112430598999336, 0.3896614668986108, 0.40946208406918067, 0.5022975812296674, 0.5145431786101882, 0.3429659932908575, 0.3011707890433692, 0.6202447092309785, 0.39049382614394906, 0.39481527792698773, 0.46484953033819726, 0.6021843538332796], [0.21749493375909879, 0.2057460353500202, 0.2532682275804104, 0.241801376515088, 0.21495719383299697, 0.34554205055048265, 1.0, 0.6026862936131705, 0.2994610374203016, 0.2610171572830586, 0.27152432987511294, 0.2386699178265008, 0.24074611542092866, 0.23602254234881193, 0.19896754128519795, 0.6126440457813686, 0.32423604627186503, 0.18870588706172334, 0.4407369380629587, 0.2990481049377125], [0.2174590693400452, 0.2801422612590773, 0.2191238202480936, 0.3553215287851026, 0.2472614722755722, 0.3871286111898673, 0.6026862936131705, 1.0, 0.3653727078189642, 0.2507842572684124, 0.2577305760672874, 0.24878821162587664, 0.4951845614989637, 0.3253979497136109, 0.39202995572629856, 0.5897283785152615, 0.25885753358218205, 0.2256194241174916, 0.5162730776298587, 0.24609085936659006], [0.5499138810905299, 0.32570270542634605, 0.3543745957418658, 0.3249433609081982, 0.2726452685646346, 0.7112430598999336, 0.2994610374203016, 0.3653727078189642, 1.0, 0.7412269677004328, 0.41582343139307365, 0.5171896896246277, 0.2938498875128003, 0.3342849236723255, 0.40759797172716755, 0.681710142576572, 0.400017304393092, 0.32368820889633393, 0.5175192014036636, 0.3990751367035168], [0.3515778626262865, 0.27862547404192994, 0.43664961534519087, 0.33765580086068986, 0.1828698308312417, 0.3896614668986108, 0.2610171572830586, 0.2507842572684124, 0.7412269677004328, 1.0, 0.23664330260231317, 0.24522039890354075, 0.49292392526741147, 0.31045809052991963, 0.19256240349483472, 0.565009613803853, 0.2556321347528771, 0.2829989557067833, 0.4195407962575311, 0.2563018128204957], [0.25782559138417144, 0.41156416693502845, 0.25281045106676603, 0.49849096053472414, 0.2141194587068274, 0.40946208406918067, 0.27152432987511294, 0.2577305760672874, 0.41582343139307365, 0.23664330260231317, 1.0, 0.7498767437493418, 0.24825779858771344, 0.21253621047449806, 0.22130098715003474, 0.5754929812391808, 0.3134112158530803, 0.17635694309975386, 0.4859752400003916, 0.27931382451573256], [0.1927704635902451, 0.234455745932695, 0.33489623966482857, 0.3371886557265817, 0.24041641994345242, 0.5022975812296674, 0.2386699178265008, 0.24878821162587664, 0.5171896896246277, 0.24522039890354075, 0.7498767437493418, 1.0, 0.418693697913793, 0.18961199042511862, 0.24831020667219966, 0.9903663999386922, 0.25435761336133417, 0.2078606907532494, 0.29868635948527006, 0.20584539459473175], [0.24599007375751725, 0.38904819505800625, 0.38565939106301034, 0.20392747481834764, 0.18817701925161817, 0.5145431786101882, 0.24074611542092866, 0.4951845614989637, 0.2938498875128003, 0.49292392526741147, 0.24825779858771344, 0.418693697913793, 1.0, 0.4815619714144912, 0.24201460718130802, 0.6100353550340839, 0.22143432520333742, 0.22541873357128117, 0.4400224483816567, 0.22918561056833986], [0.19388236863881206, 0.33246201921282537, 0.2487654978540024, 0.2935047775750107, 0.18212630058765997, 0.3429659932908575, 0.23602254234881193, 0.3253979497136109, 0.3342849236723255, 0.31045809052991963, 0.21253621047449806, 0.18961199042511862, 0.4815619714144912, 1.0, 0.16636351561383794, 0.45143554604156116, 0.20659495987237236, 0.22204941241676543, 0.3408100219472091, 0.19710801059840588], [0.1709694676551026, 0.1885070497086035, 0.20258760000516085, 0.16270526382694378, 0.20613125097968, 0.3011707890433692, 0.19896754128519795, 0.39202995572629856, 0.40759797172716755, 0.19256240349483472, 0.22130098715003474, 0.24831020667219966, 0.24201460718130802, 0.16636351561383794, 1.0, 0.52544921454545, 0.17853684926961608, 0.1845604237875476, 0.3638396794985214, 0.2950530582689076], [0.6061453460529591, 1.0, 0.872747292517312, 0.40813265845551927, 0.39747183832669997, 0.6202447092309785, 0.6126440457813686, 0.5897283785152615, 0.681710142576572, 0.565009613803853, 0.5754929812391808, 0.9903663999386922, 0.6100353550340839, 0.45143554604156116, 0.52544921454545, 1.0, 0.4511444488481643, 0.37842167791149656, 0.4609651079508208, 0.40159128665996835], [0.26218635463347006, 0.25933296675769246, 0.27390234941012376, 0.1998550100626764, 0.21432882630290226, 0.39049382614394906, 0.32423604627186503, 0.25885753358218205, 0.400017304393092, 0.2556321347528771, 0.3134112158530803, 0.25435761336133417, 0.22143432520333742, 0.20659495987237236, 0.17853684926961608, 0.4511444488481643, 1.0, 0.4041518159984787, 0.3876334145042713, 0.2951924583707457], [0.1547209786017899, 0.29807339560969803, 0.2232166701277614, 0.22535541163827305, 0.12018233820754452, 0.39481527792698773, 0.18870588706172334, 0.2256194241174916, 0.32368820889633393, 0.2829989557067833, 0.17635694309975386, 0.2078606907532494, 0.22541873357128117, 0.22204941241676543, 0.1845604237875476, 0.37842167791149656, 0.4041518159984787, 1.0, 0.3992012835031647, 0.21643646874802186], [0.46374547029361735, 0.4318898806947786, 0.6115360848463763, 0.29098602342302077, 0.23087043863535225, 0.46484953033819726, 0.4407369380629587, 0.5162730776298587, 0.5175192014036636, 0.4195407962575311, 0.4859752400003916, 0.29868635948527006, 0.4400224483816567, 0.3408100219472091, 0.3638396794985214, 0.4609651079508208, 0.3876334145042713, 0.3992012835031647, 1.0, 0.5802030524759232], [0.2936360787367823, 0.24605547040232356, 0.22786262520588543, 0.3190034934472713, 0.17659121264030264, 0.6021843538332796, 0.2990481049377125, 0.24609085936659006, 0.3990751367035168, 0.2563018128204957, 0.27931382451573256, 0.20584539459473175, 0.22918561056833986, 0.19710801059840588, 