{"model": "LSING", "dataset": "dim5_cop_gau", "N": 300, "seed": 123450, "metrics": {"TP": 4, "FP": 2, "FN": 0, "TN": 4, "TPR": 1.0, "FDR": 0.3333333333333333, "FPR": 0.3333333333333333, "Hamming": 2}, "omega": [[1.0, 1.0, 0.3002523182984269, 0.2166921821711192, 0.1439247317715867], [1.0, 1.0, 0.8874902387034382, 0.189523554423088, 0.1666154759481957], [0.3002523182984269, 0.8874902387034382, 1.0, 0.670675315928337, 0.13256927516498], [0.2166921821711192, 0.189523554423088, 0.670675315928337, 1.0, 0.6364121078711871], [0.1439247317715867, 0.1666154759481957, 0.13256927516498, 0.6364121078711871, 1.0]], "meta_info": {"source": "pretrained"}}