{"model": "LSING", "dataset": "dim5_cop_gau", "N": 300, "seed": 1234560, "metrics": {"TP": 4, "FP": 0, "FN": 0, "TN": 6, "TPR": 1.0, "FDR": 0.0, "FPR": 0.0, "Hamming": 0}, "omega": [[1.0, 1.0, 0.18485414962472196, 0.12080332613929072, 0.09716612079792286], [1.0, 1.0, 0.5203041246820865, 0.13789477479548023, 0.07930483081405261], [0.18485414962472196, 0.5203041246820865, 1.0, 0.5396334238007572, 0.10114423381913581], [0.12080332613929072, 0.13789477479548023, 0.5396334238007572, 1.0, 0.3895022642295397], [0.09716612079792286, 0.07930483081405261, 0.10114423381913581, 0.3895022642295397, 1.0]], "meta_info": {"source": "pretrained"}}