{"model": "SING", "dataset": "dim5_cop_gau", "N": 1000, "seed": 1230, "metrics": {"TP": 4, "FP": 0, "FN": 0, "TN": 6, "TPR": 1.0, "FDR": 0.0, "FPR": 0.0, "Hamming": 0}, "omega": [[507.4378215234625, 7.986627560085306, 0.0, 0.0, 0.0], [7.986627560085306, 448.27025409380474, 7.596114555409813, 0.0, 0.0], [0.0, 7.596114555409813, 597.9549369802048, 6.92539641103789, 0.0], [0.0, 0.0, 6.92539641103789, 525.1987122777734, 7.0902174093273], [0.0, 0.0, 0.0, 7.0902174093273, 578.2741370169883]], "meta_info": {"source": "pretrained", "p_order": 2}}