{"model": "SING", "dataset": "dim5_cop_gau", "N": 1000, "seed": 120, "metrics": {"TP": 4, "FP": 0, "FN": 0, "TN": 6, "TPR": 1.0, "FDR": 0.0, "FPR": 0.0, "Hamming": 0}, "omega": [[589.5416065236254, 7.195151764304477, 0.0, 0.0, 0.0], [7.195151764304477, 459.0909365618989, 7.478963693899627, 0.0, 0.0], [0.0, 7.478963693899627, 603.1487248672324, 5.729385262395422, 0.0], [0.0, 0.0, 5.729385262395422, 444.3787541010476, 7.364258690424251], [0.0, 0.0, 0.0, 7.364258690424251, 574.8094137030319]], "meta_info": {"source": "pretrained", "p_order": 2}}