{"model": "SING", "dataset": "dim5_cop_gau", "N": 1000, "seed": 123450, "metrics": {"TP": 4, "FP": 0, "FN": 0, "TN": 6, "TPR": 1.0, "FDR": 0.0, "FPR": 0.0, "Hamming": 0}, "omega": [[491.49091027949885, 7.42045666250058, 0.0, 0.0, 0.0], [7.42045666250058, 439.17546206185176, 7.434428707324858, 0.0, 0.0], [0.0, 7.434428707324858, 545.5218049507549, 10.319506329465503, 0.0], [0.0, 0.0, 10.319506329465503, 653.0157069857091, 7.944840965972592], [0.0, 0.0, 0.0, 7.944840965972592, 514.38857427704]], "meta_info": {"source": "pretrained", "p_order": 2}}