{"model": "LSING", "dataset": "dim6_butterfly", "N": 50000, "seed": 12340, "metrics": {"TP": 3, "FP": 0, "FN": 0, "TN": 12, "TPR": 1.0, "FDR": 0.0, "FPR": 0.0, "Hamming": 0}, "omega": [[1.0, 1.0, 0.0028949495273269303, 0.010289457634750832, 0.0030066380093924394, 0.01057646832125541], [1.0, 1.0, 0.011571998449151055, 0.01819907457189809, 0.01174116230713336, 0.022744075783245582], [0.0028949495273269303, 0.011571998449151055, 1.0, 0.5539675149368471, 0.0024726815956382883, 0.012081748580191665], [0.010289457634750832, 0.01819907457189809, 0.5539675149368471, 1.0, 0.008829859168522558, 0.01746628777489832], [0.0030066380093924394, 0.01174116230713336, 0.0024726815956382883, 0.008829859168522558, 1.0, 0.7534844773898488], [0.01057646832125541, 0.022744075783245582, 0.012081748580191665, 0.01746628777489832, 0.7534844773898488, 1.0]], "meta_info": {"source": "pretrained"}}