{"model": "SING", "dataset": "dim6_butterfly", "N": 10000, "seed": 1230, "metrics": {"TP": 3, "FP": 0, "FN": 0, "TN": 12, "TPR": 1.0, "FDR": 0.0, "FPR": 0.0, "Hamming": 0}, "omega": [[401.781495599691, 0.631353259515508, 0.0, 0.0, 0.0, 0.0], [0.631353259515508, 808.9805266791695, 0.0, 0.0, 0.0, 0.0], [0.0, 0.0, 406.3216082381792, 0.6617284271950756, 0.0, 0.0], [0.0, 0.0, 0.6617284271950756, 815.1293723955954, 0.0, 0.0], [0.0, 0.0, 0.0, 0.0, 407.5912076664703, 0.6330229154349624], [0.0, 0.0, 0.0, 0.0, 0.6330229154349624, 810.0754576542153]], "meta_info": {"source": "pretrained", "p_order": 3}}