{"model": "LSING", "dataset": "0.3_dim20_pair_gau", "N": 5000, "seed": 1234560, "metrics": {"TP": 10, "FP": 0, "FN": 0, "TN": 180, "TPR": 1.0, "FDR": 0.0, "FPR": 0.0, "Hamming": 0}, "omega": [[1.0, 0.7350894303771475, 0.09063819211157467, 0.07877326476304493, 0.07769769659228005, 0.1201781100072535, 0.08961617980302868, 0.12116571870538942, 0.06633292792349775, 0.06113846764924851, 0.08230758498070523, 0.09565003895778863, 0.0742405378274608, 0.08794166651098476, 0.0856526189993889, 0.083741564903452, 0.08002110670304013, 0.07121844807038324, 0.07182656764860006, 0.0668050445607933], [0.7350894303771475, 1.0, 0.09976774897242223, 0.10502180341173423, 0.09467087616387021, 0.11411114271496686, 0.10635504765255875, 0.09755577124147082, 0.08118751960820036, 0.08843533817661028, 0.09581468222286588, 0.11488375598783489, 0.0938589644677794, 0.09165799222527135, 0.09305999061353905, 0.10494864658642847, 0.13289033693218436, 0.09652200317992515, 0.10674869771442494, 0.08733740440230345], [0.09063819211157467, 0.09976774897242223, 1.0, 0.8864549716978015, 0.16762479229975163, 0.07376480255082615, 0.10499979967212619, 0.14580688188390648, 0.08130888635920802, 0.08735191755847953, 0.13360919652388295, 0.1212942479498623, 0.08387070931661253, 0.08728753472735801, 0.1066978582441366, 0.14402878383456733, 0.1401405462149843, 0.08947110372707115, 0.13483174658732397, 0.08709945715392067], [0.07877326476304493, 0.10502180341173423, 0.8864549716978015, 1.0, 0.11912388939616315, 0.10921794140297754, 0.07178465174292198, 0.08706676877855733, 0.06268376656777135, 0.055867265684321564, 0.08145691042001382, 0.11810833997747681, 0.12624598919665359, 0.07609772244576943, 0.07888969327756781, 0.08627738914341808, 0.13985253629755798, 0.15210176555632787, 0.11854283000292425, 0.1161974233898348], [0.07769769659228005, 0.09467087616387021, 0.16762479229975163, 0.11912388939616315, 1.0, 0.7932508265551232, 0.12183166896509771, 0.12823890415171993, 0.09759988004258839, 0.13533342509559385, 0.1029478188733406, 0.1403840999419165, 0.11572441897968806, 0.10641080605992204, 0.12886315803653672, 0.08521330170906309, 0.1159673840746211, 0.1090651769246375, 0.11458154652964189, 0.09303185689889054], [0.1201781100072535, 0.11411114271496686, 0.07376480255082615, 0.10921794140297754, 0.7932508265551232, 1.0, 0.08775617988331423, 0.08743483747272221, 0.062499958988754156, 0.07977260267749205, 0.08135928918034943, 0.09353800322053112, 0.08403803278722694, 0.11416384940315417, 0.07020868364978704, 0.07819032126492347, 0.08919157348782948, 0.07986837599866727, 0.10873283143802837, 0.08804145410940017], [0.08961617980302868, 0.10635504765255875, 0.10499979967212619, 0.07178465174292198, 0.12183166896509771, 0.08775617988331423, 1.0, 0.9182475070566362, 0.09395150513781168, 0.08964554385505248, 0.11709531395662295, 0.14347774226085946, 0.11286758041909672, 0.07776966167903013, 0.08276987580598195, 0.1013570891441283, 0.12624440664504927, 0.07613512228955228, 0.10805737139413688, 0.08628012483475846], [0.12116571870538942, 0.09755577124147082, 0.14580688188390648, 0.08706676877855733, 0.12823890415171993, 0.08743483747272221, 0.9182475070566362, 1.0, 0.07195652504939877, 0.09257080847312024, 0.10047304590387782, 0.11259020447647494, 0.1232791198758909, 0.08204201545203386, 0.09989763400043417, 0.1053067471354272, 0.09633564325396078, 0.08337223933522334, 0.14448510872978695, 0.09889115047950542], [0.06633292792349775, 0.08118751960820036, 0.08130888635920802, 0.06268376656777135, 0.09759988004258839, 0.062499958988754156, 0.09395150513781168, 0.07195652504939877, 1.0, 0.597396478737763, 0.07136964205925012, 0.07751819278165019, 0.07669743230616213, 0.05900229076274664, 0.06357768386856515, 0.07539136163434813, 0.08960628403064931, 0.06828333351603441, 0.08488090073665075, 0.06260488746745733], [0.06113846764924851, 0.08843533817661028, 0.08735191755847953, 0.055867265684321564, 0.13533342509559385, 0.07977260267749205, 0.08964554385505248, 0.09257080847312024, 0.597396478737763, 1.0, 0.09468583320647188, 0.12369983736001366, 0.0665774297339368, 0.09723295966330713, 0.07669983025783085, 0.08000476734021092, 0.08683873660196373, 0.06561264017547332, 0.059949599880775965, 0.06596408242808809], [0.08230758498070523, 0.09581468222286588, 0.13360919652388295, 0.08145691042001382, 0.1029478188733406, 0.08135928918034943, 0.11709531395662295, 0.10047304590387782, 0.07136964205925012, 0.09468583320647188, 1.0, 1.0, 0.08005656936856345, 0.06876725174242791, 0.0965827432474453, 0.10911154858155514, 0.1120294118759613, 0.09457832584413303, 0.09906569434181448, 0.08327330814811819], [0.09565003895778863, 0.11488375598783489, 0.1212942479498623, 0.11810833997747681, 0.1403840999419165, 0.09353800322053112, 0.14347774226085946, 0.11259020447647494, 0.07751819278165019, 0.12369983736001366, 1.0, 1.0, 0.11676873416869413, 0.09775343097187814, 0.11846248897231723, 0.12238781523269993, 0.12075624795233261, 0.12355018973635772, 0.11354013107695957, 0.128067018783112], [0.0742405378274608, 0.0938589644677794, 0.08387070931661253, 0.12624598919665359, 0.11572441897968806, 0.08403803278722694, 0.11286758041909672, 0.1232791198758909, 0.07669743230616213, 0.0665774297339368, 0.08005656936856345, 0.11676873416869413, 1.0, 0.5307779460857863, 0.06450955104632136, 0.12798639549863652, 0.08603000207121266, 0.06998160920640518, 0.08302674371325586, 0.05678436881357419], [0.08794166651098476, 0.09165799222527135, 0.08728753472735801, 0.07609772244576943, 0.10641080605992204, 0.11416384940315417, 0.07776966167903013, 0.08204201545203386, 0.05900229076274664, 0.09723295966330713, 0.06876725174242791, 0.09775343097187814, 0.5307779460857863, 1.0, 0.0673799136683361, 0.09461999326990982, 0.08644620590586644, 0.07126094054592935, 0.0969521267139034, 0.0640963916935649], [0.0856526189993889, 0.09305999061353905, 0.1066978582441366, 0.07888969327756781, 0.12886315803653672, 0.07020868364978704, 0.08276987580598195, 0.09989763400043417, 0.06357768386856515, 0.07669983025783085, 0.0965827432474453, 0.11846248897231723, 0.06450955104632136, 0.0673799136683361, 1.0, 0.6986458723503068, 0.10737372840048653, 0.09720721425062244, 0.10576805610322992, 0.0769983993648487], [0.083741564903452, 0.10494864658642847, 0.14402878383456733, 0.08627738914341808, 0.08521330170906309, 0.07819032126492347, 0.1013570891441283, 0.1053067471354272, 0.07539136163434813, 0.08000476734021092, 0.10911154858155514, 0.12238781523269993, 0.12798639549863652, 0.09461999326990982, 0.6986458723503068, 1.0, 0.09838045190957624, 0.07324358821497752, 0.1393523004201713, 0.07952174894879975], [0.08002110670304013, 0.13289033693218436, 0.1401405462149843, 0.13985253629755798, 0.1159673840746211, 0.08919157348782948, 0.12624440664504927, 0.09633564325396078, 0.08960628403064931, 0.08683873660196373, 0.1120294118759613, 0.12075624795233261, 0.08603000207121266, 0.08644620590586644, 0.10737372840048653, 0.09838045190957624, 1.0, 0.8187724818824861, 0.11248191066318639, 0.11489752611673333], [0.07121844807038324, 0.09652200317992515, 0.08947110372707115, 0.15210176555632787, 0.1090651769246375, 0.07986837599866727, 0.07613512228955228, 0.08337223933522334, 0.06828333351603441, 0.06561264017547332, 0.09457832584413303, 0.12355018973635772, 0.06998160920640518, 0.07126094054592935, 0.09720721425062244, 0.07324358821497752, 0.8187724818824861, 1.0, 0.12029524777508684, 0.08031299097698553], [0.07182656764860006, 0.10674869771442494, 0.13483174658732397, 0.11854283000292425, 0.11458154652964189, 0.10873283143802837, 0.10805737139413688, 0.14448510872978695, 0.08488090073665075, 0.059949599880775965, 0.09906569434181448, 0.11354013107695957, 0.08302674371325586, 0.0969521267139034, 0.10576805610322992, 0.1393523004201713, 0.11248191066318639, 0.12029524777508684, 1.0, 0.85042088924887], [0.0668050445607933, 0.08733740440230345, 0.08709945715392067, 0.1161974233898348, 0.09303185689889054, 0.08804145410940017, 0.08628012483475846, 0.09889115047950542, 0.06260488746745733, 