{"model": "LSING", "dataset": "dim5_cop_gau", "N": 200, "seed": 12340, "metrics": {"TP": 4, "FP": 4, "FN": 0, "TN": 2, "TPR": 1.0, "FDR": 0.5, "FPR": 0.6666666666666666, "Hamming": 4}, "omega": [[1.0, 0.9169661704131116, 0.29402695434368636, 0.21314989574692472, 0.15509289773904267], [0.9169661704131116, 1.0, 0.5974044784737944, 0.21639962841556826, 0.18656877204981384], [0.29402695434368636, 0.5974044784737944, 1.0, 0.6939953004486529, 0.2018400822743259], [0.21314989574692472, 0.21639962841556826, 0.6939953004486529, 1.0, 1.0], [0.15509289773904267, 0.18656877204981384, 0.2018400822743259, 1.0, 1.0]], "meta_info": {"source": "pretrained"}}