{"model": "LSING", "dataset": "dim5_cop_gau", "N": 200, "seed": 120, "metrics": {"TP": 4, "FP": 4, "FN": 0, "TN": 2, "TPR": 1.0, "FDR": 0.5, "FPR": 0.6666666666666666, "Hamming": 4}, "omega": [[1.0, 0.5881254789709439, 0.29918114017810643, 0.32207110112494775, 0.15562195857451702], [0.5881254789709439, 1.0, 1.0, 0.3335571035436488, 0.10460925022260101], [0.29918114017810643, 1.0, 1.0, 0.8357374527217357, 0.302046528057259], [0.32207110112494775, 0.3335571035436488, 0.8357374527217357, 1.0, 0.7815959002434492], [0.15562195857451702, 0.10460925022260101, 0.302046528057259, 0.7815959002434492, 1.0]], "meta_info": {"source": "pretrained"}}