{"model": "LSING", "dataset": "dim5_cop_gau", "N": 200, "seed": 1234560, "metrics": {"TP": 4, "FP": 0, "FN": 0, "TN": 6, "TPR": 1.0, "FDR": 0.0, "FPR": 0.0, "Hamming": 0}, "omega": [[1.0, 1.0, 0.13909702419922607, 0.14697937675817124, 0.13745197663768102], [1.0, 1.0, 0.37758905780122454, 0.1742763790500846, 0.11774285787790015], [0.13909702419922607, 0.37758905780122454, 1.0, 0.5150402056210822, 0.1318327641896595], [0.14697937675817124, 0.1742763790500846, 0.5150402056210822, 1.0, 0.46385046747314396], [0.13745197663768102, 0.11774285787790015, 0.1318327641896595, 0.46385046747314396, 1.0]], "meta_info": {"source": "pretrained"}}