{"model": "LSING", "dataset": "dim5_cop_gau", "N": 200, "seed": 123450, "metrics": {"TP": 4, "FP": 4, "FN": 0, "TN": 2, "TPR": 1.0, "FDR": 0.5, "FPR": 0.6666666666666666, "Hamming": 4}, "omega": [[1.0, 0.44253629183982546, 0.149119197176889, 0.24353862328832315, 0.36971424915041845], [0.44253629183982546, 1.0, 0.3889122983060644, 0.28003989186606126, 0.29911855915854074], [0.149119197176889, 0.3889122983060644, 1.0, 0.6374712398588988, 0.18329024628987708], [0.24353862328832315, 0.28003989186606126, 0.6374712398588988, 1.0, 1.0], [0.36971424915041845, 0.29911855915854074, 0.18329024628987708, 1.0, 1.0]], "meta_info": {"source": "pretrained"}}