{"model": "SING", "dataset": "dim6_butterfly", "N": 300, "seed": 123450, "metrics": {"TP": 0, "FP": 0, "FN": 3, "TN": 12, "TPR": 0.0, "FDR": 0.0, "FPR": 0.0, "Hamming": 3}, "omega": [[456.08206519802064, 0.0, 0.0, 0.0, 0.0, 0.0], [0.0, 591.5316253971256, 0.0, 0.0, 0.0, 0.0], [0.0, 0.0, 456.306319981796, 0.0, 0.0, 0.0], [0.0, 0.0, 0.0, 592.5137928013382, 0.0, 0.0], [0.0, 0.0, 0.0, 0.0, 455.41163809063175, 0.0], [0.0, 0.0, 0.0, 0.0, 0.0, 565.5368221036302]], "meta_info": {"source": "pretrained", "p_order": 2}}