{"model": "SING", "dataset": "dim5_cop_gau", "N": 400, "seed": 1230, "metrics": {"TP": 4, "FP": 0, "FN": 0, "TN": 6, "TPR": 1.0, "FDR": 0.0, "FPR": 0.0, "Hamming": 0}, "omega": [[6.327500968355217, 3.812048386246427, 0.0, 0.0, 0.0], [3.812048386246427, 15.949494091936977, 3.6633927591841875, 0.0, 0.0], [0.0, 3.6633927591841875, 17.204166147993416, 4.456993103509211, 0.0], [0.0, 0.0, 4.456993103509211, 22.31883097902573, 6.276595925392344], [0.0, 0.0, 0.0, 6.276595925392344, 9.331315856327395]], "meta_info": {"source": "pretrained", "p_order": 1}}