{"model": "SING", "dataset": "dim5_cop_gau", "N": 400, "seed": 12340, "metrics": {"TP": 4, "FP": 0, "FN": 0, "TN": 6, "TPR": 1.0, "FDR": 0.0, "FPR": 0.0, "Hamming": 0}, "omega": [[6.019482117152436, 3.566019072307944, 0.0, 0.0, 0.0], [3.566019072307944, 17.568575995553793, 4.75875698771329, 0.0, 0.0], [0.0, 4.75875698771329, 19.488468513990426, 4.487366303701716, 0.0], [0.0, 0.0, 4.487366303701716, 17.1582021155437, 3.6139641882414306], [0.0, 0.0, 0.0, 3.6139641882414306, 6.079660669160412]], "meta_info": {"source": "pretrained", "p_order": 1}}