{"model": "SING", "dataset": "dim5_cop_gau", "N": 400, "seed": 120, "metrics": {"TP": 4, "FP": 0, "FN": 0, "TN": 6, "TPR": 1.0, "FDR": 0.0, "FPR": 0.0, "Hamming": 0}, "omega": [[6.924083374813692, 4.292718221376163, 0.0, 0.0, 0.0], [4.292718221376163, 20.727011711063643, 5.612826036859848, 0.0, 0.0], [0.0, 5.612826036859848, 19.399288692241555, 3.6828246081979006, 0.0], [0.0, 0.0, 3.6828246081979006, 19.19091822918837, 5.498529647309328], [0.0, 0.0, 0.0, 5.498529647309328, 8.396140161177302]], "meta_info": {"source": "pretrained", "p_order": 1}}