{"model": "LSING", "dataset": "dim20_butterfly", "N": 200, "seed": 123450, "metrics": {"TP": 8, "FP": 67, "FN": 2, "TN": 113, "TPR": 0.8, "FDR": 0.8933333333333333, "FPR": 0.37222222222222223, "Hamming": 69}, "omega": [[1.0, 0.20743797885507234, 0.11170845962755892, 0.30424627213062955, 0.15640743949609487, 0.13421533397520302, 0.0913417893190623, 0.0817193143194102, 0.15646586978337196, 0.14496862006290975, 0.1077308129519808, 0.0977010569386497, 0.1397178894189479, 0.13397618367856853, 0.143825747989723, 0.2113409857078446, 0.23960954895411685, 0.46510508185640154, 0.14606342835562047, 0.16817840102811596], [0.20743797885507234, 1.0, 0.0904971478667331, 0.17448490366369684, 0.19950826823136225, 0.2100367535271516, 0.17879797914177029, 0.06410488704982373, 0.1602444055166722, 0.18089699956676863, 0.09741455376336772, 0.07369708907417803, 0.18207436985540187, 0.08923486863230502, 0.17241977767450983, 0.10729794677626033, 0.21634783807109312, 0.505694883603508, 0.1612052623758002, 0.16377975926351585], [0.11170845962755892, 0.0904971478667331, 1.0, 0.5722453155489198, 0.1519886051980499, 0.3754637891879642, 0.12353449170533867, 0.12560105288845694, 0.1390645755077122, 0.2203822351631891, 0.11100864007684128, 0.13060019854027313, 0.14202072442434993, 0.140369014629006, 0.1832053124116029, 0.08802180717652669, 0.18926952899179875, 0.523502497227702, 0.17291179964690773, 0.2194157592581013], [0.30424627213062955, 0.17448490366369684, 0.5722453155489198, 1.0, 0.29527750057746166, 0.2793377620309885, 0.4953487933186447, 0.19102036576950823, 0.3375065932492704, 0.37898526087238893, 0.16880646818605735, 0.16093954090602647, 0.17613901640460505, 0.16315474021889406, 0.27049477627875634, 0.3459061978086675, 0.3083710316619996, 0.9656235630105547, 0.3067020289362169, 0.2708949263627922], [0.15640743949609487, 0.19950826823136225, 0.1519886051980499, 0.29527750057746166, 1.0, 0.20824843615474914, 0.11504139625170291, 0.09859209690826749, 0.18511781849042216, 0.19129577936318407, 0.1296296909453632, 0.11472357931163103, 0.11882283889179521, 0.13870630046289156, 0.2216055511343846, 0.09978458603373369, 0.11384156438680224, 0.5904280905709575, 0.2819954295634524, 0.14925164776575095], [0.13421533397520302, 0.2100367535271516, 0.3754637891879642, 0.2793377620309885, 0.20824843615474914, 1.0, 0.13501748443570527, 0.1476036945509599, 0.2636762879892912, 0.34939926020049905, 0.2222943419683787, 0.2946351326067092, 0.24690399575616928, 0.28113414278303517, 0.4019982632376177, 0.16432758702945396, 0.4262886003746297, 0.46529219998221577, 0.35426946359856887, 0.3323188845393275], [0.0913417893190623, 0.17879797914177029, 0.12353449170533867, 0.4953487933186447, 0.11504139625170291, 0.13501748443570527, 1.0, 0.07316860903711454, 0.08623901877005784, 0.2613068424563933, 0.09569556636141484, 0.10526446565682446, 0.09599497289180382, 0.22551180086810071, 0.3588569617900298, 0.07889297558974444, 0.20312351565767608, 0.5090119369278938, 0.276821237726633, 0.17011973758451587], [0.0817193143194102, 0.06410488704982373, 0.12560105288845694, 0.19102036576950823, 0.09859209690826749, 0.1476036945509599, 0.07316860903711454, 1.0, 0.08344578566732515, 0.16152582797396942, 0.057530718920119475, 0.04362582730104728, 0.06271921156975002, 0.14116737685921643, 0.12109727799487821, 0.0681762108661812, 0.11485373399383839, 0.30272495439053504, 0.12075497024335367, 0.09003391254920037], [0.15646586978337196, 0.1602444055166722, 0.1390645755077122, 0.3375065932492704, 0.18511781849042216, 0.2636762879892912, 0.08623901877005784, 0.08344578566732515, 1.0, 0.394413135494743, 0.12613572531867417, 0.1133920382754219, 0.1461115018744777, 0.11142262353139003, 0.1713723709523526, 0.2159870067012041, 0.19885387335981192, 0.4756229279707158, 0.19241813266715535, 0.1283841325114776], [0.14496862006290975, 0.18089699956676863, 0.2203822351631891, 0.37898526087238893, 0.19129577936318407, 0.34939926020049905, 0.2613068424563933, 0.16152582797396942, 0.394413135494743, 1.0, 0.25166975258113605, 0.26341723244145765, 0.1918060948846903, 0.18498333631506336, 0.2371007471860631, 0.11800771203832684, 0.20826494271090493, 0.577415081291478, 0.26570382869618725, 0.31870960878575716], [0.1077308129519808, 0.09741455376336772, 0.11100864007684128, 0.16880646818605735, 0.1296296909453632, 0.2222943419683787, 0.09569556636141484, 0.057530718920119475, 0.12613572531867417, 0.25166975258113605, 1.0, 0.09779766898406704, 0.09750410548240576, 0.11610671429150585, 0.3218575356436195, 0.10351220951005317, 0.09873916107215332, 0.3597468818458081, 0.15039803782915084, 0.15086708452567232], [0.0977010569386497, 0.07369708907417803, 0.13060019854027313, 0.16093954090602647, 0.11472357931163103, 0.2946351326067092, 0.10526446565682446, 0.04362582730104728, 0.1133920382754219, 0.26341723244145765, 0.09779766898406704, 1.0, 0.1032359267658541, 0.1921862131185714, 0.14237912119893573, 0.11518079144038361, 0.10812153871759796, 0.5234342603905435, 0.21980312284760473, 0.11413183144642297], [0.1397178894189479, 0.18207436985540187, 0.14202072442434993, 0.17613901640460505, 0.11882283889179521, 0.24690399575616928, 0.09599497289180382, 0.06271921156975002, 0.1461115018744777, 0.1918060948846903, 0.09750410548240576, 0.1032359267658541, 1.0, 0.24551009743045898, 0.17844479240113334, 0.1215088938054946, 0.18845456282162037, 0.28392963275561395, 0.16585679042373558, 0.1639525668381378], [0.13397618367856853, 0.08923486863230502, 0.140369014629006, 0.16315474021889406, 0.13870630046289156, 0.28113414278303517, 0.22551180086810071, 0.14116737685921643, 0.11142262353139003, 0.18498333631506336, 0.11610671429150585, 0.1921862131185714, 0.24551009743045898, 1.0, 0.1817012243024692, 0.16679708469093266, 0.15435643415966646, 0.33612689348336844, 0.28293265624056746, 0.1645813254211453], [0.143825747989723, 0.17241977767450983, 0.1832053124116029, 0.27049477627875634, 0.2216055511343846, 0.4019982632376177, 0.3588569617900298, 0.12109727799487821, 0.1713723709523526, 0.2371007471860631, 0.3218575356436195, 0.14237912119893573, 0.17844479240113334, 0.1817012243024692, 1.0, 0.3053434663267374, 0.19462166539932996, 0.4634941734437441, 0.5280989352531162, 0.28979825394914976], [0.2113409857078446, 0.10729794677626033, 0.08802180717652669, 0.3459061978086675, 0.09978458603373369, 0.16432758702945396, 0.07889297558974444, 0.0681762108661812, 0.2159870067012041, 0.11800771203832684, 0.10351220951005317, 0.11518079144038361, 0.1215088938054946, 0.16679708469093266, 0.3053434663267374, 1.0, 0.13229640543397386, 0.6469875496062183, 0.1335498665642137, 0.2775644222888914], [0.23960954895411685, 0.21634783807109312, 0.18926952899179875, 0.3083710316619996, 0.11384156438680224, 0.4262886003746297, 0.20312351565767608, 0.11485373399383839, 0.19885387335981192, 0.20826494271090493, 0.09873916107215332, 0.10812153871759796, 0.18845456282162037, 0.15435643415966646, 0.19462166539932996, 0.13229640543397386, 1.0, 1.0, 0.21367087393625592, 0.18365649648238472], [0.46510508185640154, 0.505694883603508, 0.523502497227702, 0.9656235630105547, 0.5904280905709575, 0.46529219998221577, 0.5090119369278938, 0.30272495439053504, 0.4756229279707158, 0.577415081291478, 0.3597468818458081, 0.5234342603905435, 0.28392963275561395, 0.33612689348336844, 0.4634941734437441, 0.6469875496062183, 1.0, 1.0, 0.8535530255003115, 0.6093023296126322], [0.14606342835562047, 0.1612052623758002, 0.17291179964690773, 0.3067020289362169, 0.2819954295634524, 0.35426946359856887, 0.276821237726633, 0.12075497024335367, 0.19241813266715535, 0.26570382869618725, 0.15039803782915084, 0.21980312284760473, 0.16585679042373558, 0.28293265624056746, 0.5280989352531162, 0.1335498665642137, 0.21367087393625592, 0.8535530255003115, 1.0, 0.3522030180587275], [0.16817840102811596, 0.16377975926351585, 0.2194157592581013, 0.2708949263627922, 0.14925164776575095, 0.3323188845393275, 0.17011973758451587, 0.09003391254920037, 0.1283841325114776, 0.31870960878575716, 0.15086708452567232, 0.11413183144642297,