{"model": "LSING", "dataset": "dim20_butterfly", "N": 200, "seed": 1234560, "metrics": {"TP": 10, "FP": 115, "FN": 0, "TN": 65, "TPR": 1.0, "FDR": 0.92, "FPR": 0.6388888888888888, "Hamming": 115}, "omega": [[1.0, 0.26171232868134064, 0.132995617407427, 0.22492285455937253, 0.2956688227344517, 0.17136215304140948, 0.14331124599420306, 0.11722993572259646, 0.25634792226826336, 0.239478399485362, 0.1474611441992483, 0.12565124557480084, 0.16724378627198927, 0.17021635566515247, 0.23005670616594154, 0.16582039183663455, 0.28139748221867883, 0.23986295053182996, 0.1935559764992176, 0.15513159643654556], [0.26171232868134064, 1.0, 0.15445696019651403, 0.2061158364509915, 0.30604484877258537, 0.26256820945987064, 0.29733330520191376, 0.23465713660235202, 0.47051458724897166, 0.2165827798010884, 0.2799165765321211, 0.11831619468342502, 0.31938584133449033, 0.18275383251252852, 0.24608894589676109, 0.2322775910217611, 0.5739505736096006, 0.311739996060959, 0.2609303249927207, 0.2330982713981274], [0.132995617407427, 0.15445696019651403, 1.0, 0.28823609865509014, 0.4766742401522128, 0.18219031297135582, 0.26978267418623364, 0.12157227403252564, 0.20343447220944907, 0.15826833803266127, 0.21135577096644176, 0.16879302947096972, 0.15770657670521282, 0.1610656359969645, 0.3283505195112108, 0.1199901586596008, 0.2740274517054015, 0.21564028090442772, 0.1749854501793041, 0.15839999532427546], [0.22492285455937253, 0.2061158364509915, 0.28823609865509014, 1.0, 0.4233107716779162, 0.1768831247738608, 0.22655623510917416, 0.13193671111398847, 0.2179200418348892, 0.10338343262985837, 0.16776730042965604, 0.1728138515063749, 0.1497411941511439, 0.11696845562263743, 0.2572855880842757, 0.17566151948394645, 0.1952875279961415, 0.23149782724925552, 0.21446338562469686, 0.1888464284288676], [0.2956688227344517, 0.30604484877258537, 0.4766742401522128, 0.4233107716779162, 1.0, 1.0, 0.5653072511399406, 0.29317492502061443, 0.47916518342472353, 0.2601038360883659, 0.46717044868875635, 0.22557537664550742, 0.4486850953798029, 0.45756567233338147, 0.7848204915169158, 0.3417938898877791, 0.48903800307512385, 0.7122730928848414, 0.4162824768969914, 0.38147976019827384], [0.17136215304140948, 0.26256820945987064, 0.18219031297135582, 0.1768831247738608, 1.0, 1.0, 0.24304876957313365, 0.1864257775776465, 0.4697977498653722, 0.23391806463925838, 0.2468397352704963, 0.216463630714873, 0.18444499326403435, 0.35727391804103587, 0.18709977154782442, 0.29303672861905333, 0.27997757611146645, 0.26463990707125945, 0.3402163787868672, 0.17979627617719313], [0.14331124599420306, 0.29733330520191376, 0.26978267418623364, 0.22655623510917416, 0.5653072511399406, 0.24304876957313365, 1.0, 0.34841793199447685, 0.3019931817274612, 0.19335921712956822, 0.26739880131250415, 0.15308912611768202, 0.3057049555518753, 0.24573499098044388, 0.30268368604706314, 0.31086809064958176, 0.256503455941685, 0.375414998651715, 0.16880274781669194, 0.20434268995267402], [0.11722993572259646, 0.23465713660235202, 0.12157227403252564, 0.13193671111398847, 0.29317492502061443, 0.1864257775776465, 0.34841793199447685, 1.0, 0.19194737150901847, 0.1117977056129793, 0.21702638354640796, 0.1480050745098863, 0.23672699571628486, 0.1327378424016859, 0.18397785434276703, 0.15368465076849674, 0.18640518480046556, 0.23470611369287536, 0.18279478524406848, 0.1343932006230403], [0.25634792226826336, 0.47051458724897166, 0.20343447220944907, 0.2179200418348892, 0.47916518342472353, 0.4697977498653722, 0.3019931817274612, 0.19194737150901847, 1.0, 0.3101003252807787, 0.3347361149205742, 0.24310712781770608, 0.45513411092302236, 0.4711839769471366, 0.3248003126826555, 0.5397118420976996, 0.3341651691342193, 0.35267367627139484, 0.27678959743778003, 0.20947967663896588], [0.239478399485362, 0.2165827798010884, 0.15826833803266127, 0.10338343262985837, 0.2601038360883659, 0.23391806463925838, 0.19335921712956822, 0.1117977056129793, 0.3101003252807787, 1.0, 0.120682682115055, 0.10570195454598441, 0.15411488727248834, 0.15110243693560335, 0.3632457672248987, 0.2598530939375217, 0.1588473563482386, 0.21981441275388647, 0.1711285394247234, 0.18029623508797926], [0.1474611441992483, 0.2799165765321211, 0.21135577096644176, 0.16776730042965604, 0.46717044868875635, 0.2468397352704963, 0.26739880131250415, 0.21702638354640796, 0.3347361149205742, 0.120682682115055, 1.0, 0.30860416167101146, 0.19684700737091362, 0.16766798945354364, 0.41001686953883965, 0.2966827179537128, 0.27158168810290473, 0.2856589186121743, 0.27528406873071004, 0.21479217159112626], [0.12565124557480084, 0.11831619468342502, 0.16879302947096972, 0.1728138515063749, 0.22557537664550742, 0.216463630714873, 0.15308912611768202, 0.1480050745098863, 0.24310712781770608, 0.10570195454598441, 0.30860416167101146, 1.0, 0.2844533941537194, 0.09645432438526184, 0.22359183458571139, 0.14543712709611592, 0.20993116424673836, 0.2921742043617252, 0.11952245775221158, 0.18406543185149155], [0.16724378627198927, 0.31938584133449033, 0.15770657670521282, 0.1497411941511439, 0.4486850953798029, 0.18444499326403435, 0.3057049555518753, 0.23672699571628486, 0.45513411092302236, 0.15411488727248834, 0.19684700737091362, 0.2844533941537194, 1.0, 0.29315098039763504, 0.23217080964441403, 0.1612934210147292, 0.3761149202530453, 0.25732787352576186, 0.21066357266010094, 0.16627879187370637], [0.17021635566515247, 0.18275383251252852, 0.1610656359969645, 0.11696845562263743, 0.45756567233338147, 0.35727391804103587, 0.24573499098044388, 0.1327378424016859, 0.4711839769471366, 0.15110243693560335, 0.16766798945354364, 0.09645432438526184, 0.29315098039763504, 1.0, 0.3443847181650838, 0.19733473906936191, 0.363013233424404, 0.3133249012935604, 0.21712510443709238, 0.2173743452821538], [0.23005670616594154, 0.24608894589676109, 0.3283505195112108, 0.2572855880842757, 0.7848204915169158, 0.18709977154782442, 0.30268368604706314, 0.18397785434276703, 0.3248003126826555, 0.3632457672248987, 0.41001686953883965, 0.22359183458571139, 0.23217080964441403, 0.3443847181650838, 1.0, 0.5033246858120245, 0.2726134865943349, 0.4315498495017222, 0.45927764262814386, 0.33342991466256794], [0.16582039183663455, 0.2322775910217611, 0.1199901586596008, 0.17566151948394645, 0.3417938898877791, 0.29303672861905333, 0.31086809064958176, 0.15368465076849674, 0.5397118420976996, 0.2598530939375217, 0.2966827179537128, 0.14543712709611592, 0.1612934210147292, 0.19733473906936191, 0.5033246858120245, 1.0, 0.2441709274045917, 0.2374066617321074, 0.21000070200094997, 0.21463591536411933], [0.28139748221867883, 0.5739505736096006, 0.2740274517054015, 0.1952875279961415, 0.48903800307512385, 0.27997757611146645, 0.256503455941685, 0.18640518480046556, 0.3341651691342193, 0.1588473563482386, 0.27158168810290473, 0.20993116424673836, 0.3761149202530453, 0.363013233424404, 0.2726134865943349, 0.2441709274045917, 1.0, 0.46065124910728505, 0.2294071184502003, 0.3008094623305359], [0.23986295053182996, 0.311739996060959, 0.21564028090442772, 0.23149782724925552, 0.7122730928848414, 0.26463990707125945, 0.375414998651715, 0.23470611369287536, 0.35267367627139484, 0.21981441275388647, 0.2856589186121743, 0.2921742043617252, 0.25732787352576186, 0.3133249012935604, 0.4315498495017222, 0.2374066617321074, 0.46065124910728505, 1.0, 0.27912819028683095, 0.20180187041184494], [0.1935559764992176, 0.2609303249927207, 0.1749854501793041, 0.21446338562469686, 0.4162824768969914, 0.3402163787868672, 0.16880274781669194, 0.18279478524406848, 0.27678959743778003, 0.1711285394247234, 0.27528406873071004, 0.11952245775221158, 0.21066357266010094, 0.21712510443709238, 0.45927764262814386, 0.21000070200094997, 0.2294071184502003, 0.27912819028683095, 1.0, 0.20691620905742436], [0.15513159643654556, 0.2330982713981274, 0.15839999532427546, 0.1888464284288676, 0.38147976019827384, 0.17979627617719313, 0.20434268995267402, 0.1343932006230403, 0.20947967663896588, 0.18029623508797926, 0.21479217159112626, 0.18406543185149155, 0.16627879187370637, 