{"model": "NPN", "dataset": "dim5_cop_gau", "N": 2000, "seed": 120, "metrics": {"TP": 4, "FP": 0, "FN": 0, "TN": 6, "TPR": 1.0, "FDR": 0.0, "FPR": 0.0, "Hamming": 0}, "omega": [[2.6972274108661134, -2.1395798295235, -0.0, -0.0, -0.0], [-2.1395799219482745, 4.50112433572838, -2.2490072274602464, -0.0, -0.0], [-0.0, -2.248966685938082, 4.509324636235095, -2.1479970454499373, -0.0], [-0.0, -0.0, -2.1479594271171467, 4.544893956435615, -2.2854217996159827], [-0.0, -0.0, -0.0, -2.285411777223535, 2.8394770360403108]], "meta_info": {"source": "pretrained"}}