{"model": "NPN", "dataset": "dim5_cop_gau", "N": 2000, "seed": 1230, "metrics": {"TP": 4, "FP": 0, "FN": 0, "TN": 6, "TPR": 1.0, "FDR": 0.0, "FPR": 0.0, "Hamming": 0}, "omega": [[2.7005767992399408, -2.143029819342882, -0.0, -0.0, -0.0], [-2.143021285028499, 4.428817206496424, -2.171462243555728, -0.0, -0.0], [-0.0, -2.1713944866689943, 4.496679984523355, -2.2126333144745867, -0.0], [-0.0, -0.0, -2.212595149582259, 4.448800381129742, -2.122270025690616], [-0.0, -0.0, -0.0, -2.1222745997379464, 2.6803738353651303]], "meta_info": {"source": "pretrained"}}