{"model": "NPN", "dataset": "dim5_cop_gau", "N": 2000, "seed": 1234560, "metrics": {"TP": 4, "FP": 0, "FN": 0, "TN": 6, "TPR": 1.0, "FDR": 0.0, "FPR": 0.0, "Hamming": 0}, "omega": [[2.604178391827264, -2.04388354927497, -0.0, -0.0, -0.0], [-2.0439084513247994, 4.352480685308693, -2.1920962498269705, -0.0, -0.0], [-0.0, -2.1920182840756475, 4.49595929624617, -2.191140113092848, -0.0], [-0.0, -0.0, -2.19127532588048, 4.524777767945568, -2.2217583535987737], [-0.0, -0.0, -0.0, -2.2217397315629572, 2.777325225299613]], "meta_info": {"source": "pretrained"}}