{"model": "NPN", "dataset": "dim5_cop_gau", "N": 2000, "seed": 12340, "metrics": {"TP": 4, "FP": 0, "FN": 0, "TN": 6, "TPR": 1.0, "FDR": 0.0, "FPR": 0.0, "Hamming": 0}, "omega": [[2.9469309856740176, -2.395286689239383, -0.0, -0.0, -0.0], [-2.3953016747509657, 4.812292337142161, -2.3120596434884537, -0.0, -0.0], [-0.0, -2.311901425194436, 4.586391656351626, -2.1638340970760304, -0.0], [-0.0, -0.0, -2.1638828894015893, 4.464184207246591, -2.1869063348930444], [-0.0, -0.0, -0.0, -2.186901188564941, 2.7433366482976487]], "meta_info": {"source": "pretrained"}}