{"model": "NPN", "dataset": "dim5_cop_gau", "N": 2000, "seed": 123450, "metrics": {"TP": 4, "FP": 0, "FN": 0, "TN": 6, "TPR": 1.0, "FDR": 0.0, "FPR": 0.0, "Hamming": 0}, "omega": [[2.7678427887834296, -2.2120315725352926, -0.0, -0.0, -0.0], [-2.212037729366757, 4.655308503614233, -2.3344643261107594, -0.0, -0.0], [-0.0, -2.3345410414522787, 4.575692748430065, -2.1303851250101826, -0.0], [-0.0, -0.0, -2.130398035475159, 4.62281455579066, -2.3826450556232324], [-0.0, -0.0, -0.0, -2.3826427067484097, 2.9345425568442702]], "meta_info": {"source": "pretrained"}}