{"model": "LSING", "dataset": "0.5_dim20_pair_gau", "N": 400, "seed": 120, "metrics": {"TP": 10, "FP": 36, "FN": 0, "TN": 144, "TPR": 1.0, "FDR": 0.782608695652174, "FPR": 0.2, "Hamming": 36}, "omega": [[1.0, 0.5234266520856757, 0.12642152217478378, 0.15866307422209128, 0.1632492255409411, 0.18525627335057757, 0.1831295481461347, 0.12739182499444643, 0.14303007950286833, 0.09492324889943402, 0.1783349007077521, 0.09052464113741171, 0.084009567967073, 0.09482196428187482, 0.15646818984688265, 0.1944548428623865, 0.12424627862216922, 0.2194495856389384, 0.16085287841065898, 0.08830647257343217], [0.5234266520856757, 1.0, 0.16103017500011418, 0.24503634976171615, 0.16563537701886746, 0.10590256815237152, 0.1222817281132346, 0.12227363958374696, 0.09916091352634587, 0.09066886199149576, 0.11529205197615924, 0.07066514601457048, 0.08366408641079323, 0.04907192975969742, 0.15346930499916536, 0.11540151011370227, 0.1342572017290287, 0.3226645714916449, 0.08037397922244716, 0.12952722885106754], [0.12642152217478378, 0.16103017500011418, 1.0, 0.8680716068214693, 0.10369264527011789, 0.2882289304518857, 0.0814351384861444, 0.23478019700142752, 0.2336369176752676, 0.07183921435067543, 0.14436204414497458, 0.09352386594711382, 0.12445781515643409, 0.10793575249597523, 0.11455678155397572, 0.1299562833262168, 0.1439328357247756, 0.2756040765264947, 0.13327522955387802, 0.12401689408370187], [0.15866307422209128, 0.24503634976171615, 0.8680716068214693, 1.0, 0.19796313508683244, 0.16660728022560956, 0.11913698033090284, 0.1605619126451131, 0.17504761905250618, 0.12356742906070993, 0.14496664087744984, 0.11386768181795556, 0.11524638161140749, 0.12923889618730966, 0.19824183977060544, 0.1344334768289352, 0.17185716562634878, 0.26415561935608584, 0.14325034279713947, 0.17553977496210002], [0.1632492255409411, 0.16563537701886746, 0.10369264527011789, 0.19796313508683244, 1.0, 0.7426296883131025, 0.13650458296978782, 0.13706370497601203, 0.1831988362472651, 0.15655195198987576, 0.1538693472468185, 0.1490178171125625, 0.08907724015833146, 0.12306120642219748, 0.15568970255917738, 0.12313628349863526, 0.1593798359592339, 0.2547694806299411, 0.20237746448705793, 0.12393863547623646], [0.18525627335057757, 0.10590256815237152, 0.2882289304518857, 0.16660728022560956, 0.7426296883131025, 1.0, 0.16813502127751503, 0.16187808188367983, 0.16744615887344655, 0.09822349721793072, 0.2645025858406577, 0.17144168397308363, 0.2508652866382419, 0.16159057667456422, 0.1911632411241827, 0.11768831571953942, 0.21564939435708264, 0.2742640939130487, 0.17027118844500772, 0.16288333022963009], [0.1831295481461347, 0.1222817281132346, 0.0814351384861444, 0.11913698033090284, 0.13650458296978782, 0.16813502127751503, 1.0, 0.7186566980747068, 0.1290910255526717, 0.08256973595293757, 0.13464689919005918, 0.09248838343483529, 0.08872538591843078, 0.08712776022832719, 0.1721883463289468, 0.15613339784999317, 0.13107207063224668, 0.2447906598767321, 0.14514937685866197, 0.11878834931548077], [0.12739182499444643, 0.12227363958374696, 0.23478019700142752, 0.1605619126451131, 0.13706370497601203, 0.16187808188367983, 0.7186566980747068, 1.0, 0.2020299271229266, 0.10831461447053704, 0.2790939594887444, 0.12954019551431836, 0.09306095318259068, 0.14022716028907392, 0.22974619387541936, 0.12150224659708317, 0.15958979776392762, 0.23381494229652044, 0.11071416878935508, 0.1243762403160225], [0.14303007950286833, 0.09916091352634587, 0.2336369176752676, 0.17504761905250618, 0.1831988362472651, 0.16744615887344655, 0.1290910255526717, 0.2020299271229266, 1.0, 0.721465540965727, 0.14470225308330126, 0.12597694490712058, 0.14286573995509833, 0.1185470404500368, 0.16931482727391078, 0.1924957381595859, 0.2012206572396534, 0.4417811893825331, 0.1403547230059023, 0.14859585693845476], [0.09492324889943402, 0.09066886199149576, 0.07183921435067543, 0.12356742906070993, 0.15655195198987576, 0.09822349721793072, 0.08256973595293757, 0.10831461447053704, 0.721465540965727, 1.0, 0.1056127601818871, 0.09006019854395693, 0.08076750125580674, 0.08552008000216343, 0.11991124695849482, 0.13980749004758083, 0.2237744344790112, 0.24939692347489076, 0.09596028369096393, 0.10580473286608275], [0.1783349007077521, 0.11529205197615924, 0.14436204414497458, 0.14496664087744984, 0.1538693472468185, 0.2645025858406577, 0.13464689919005918, 0.2790939594887444, 0.14470225308330126, 0.1056127601818871, 1.0, 0.8808397322731377, 0.16084976102340207, 0.10950566968072259, 0.21868433762550948, 0.14970136199803843, 0.1606316208879417, 0.3476077683340472, 0.19914932659560325, 0.2110798306173407], [0.09052464113741171, 0.07066514601457048, 0.09352386594711382, 0.11386768181795556, 0.1490178171125625, 0.17144168397308363, 0.09248838343483529, 0.12954019551431836, 0.12597694490712058, 0.09006019854395693, 0.8808397322731377, 1.0, 0.08289463698038221, 0.05641172184048696, 0.16823053135211527, 0.11326481857088397, 0.2155084512496823, 0.21690095798978143, 0.11432933415738408, 0.1289999895060791], [0.084009567967073, 0.08366408641079323, 0.12445781515643409, 0.11524638161140749, 0.08907724015833146, 0.2508652866382419, 0.08872538591843078, 0.09306095318259068, 0.14286573995509833, 0.08076750125580674, 0.16084976102340207, 0.08289463698038221, 1.0, 0.4114743738195301, 0.12665195225671383, 0.15383788472728097, 0.11620495253540569, 0.2021115917646172, 0.08253026187643724, 0.08757156135636468], [0.09482196428187482, 0.04907192975969742, 0.10793575249597523, 0.12923889618730966, 0.12306120642219748, 0.16159057667456422, 0.08712776022832719, 0.14022716028907392, 0.1185470404500368, 0.08552008000216343, 0.10950566968072259, 0.05641172184048696, 0.4114743738195301, 1.0, 0.10078422558943378, 0.10935320314491263, 0.1829417191495275, 0.2189855856375016, 0.07059519883619594, 0.0628620210275596], [0.15646818984688265, 0.15346930499916536, 0.11455678155397572, 0.19824183977060544, 0.15568970255917738, 0.1911632411241827, 0.1721883463289468, 0.22974619387541936, 0.16931482727391078, 0.11991124695849482, 0.21868433762550948, 0.16823053135211527, 0.12665195225671383, 0.10078422558943378, 1.0, 0.8672616249423412, 0.18790373051446949, 0.3032209909925212, 0.23521759337395876, 0.11144660405687284], [0.1944548428623865, 0.11540151011370227, 0.1299562833262168, 0.1344334768289352, 0.12313628349863526, 0.11768831571953942, 0.15613339784999317, 0.12150224659708317, 0.1924957381595859, 0.13980749004758083, 0.14970136199803843, 0.11326481857088397, 0.15383788472728097, 0.10935320314491263, 0.8672616249423412, 1.0, 0.12805670724983173, 0.23937528354753845, 0.12820832388067965, 0.09580977033297236], [0.12424627862216922, 0.1342572017290287, 0.1439328357247756, 0.17185716562634878, 0.1593798359592339, 0.21564939435708264, 0.13107207063224668, 0.15958979776392762, 0.2012206572396534, 0.2237744344790112, 0.1606316208879417, 0.2155084512496823, 0.11620495253540569, 0.1829417191495275, 0.18790373051446949, 0.12805670724983173, 1.0, 1.0, 0.21724050624726973, 0.13905721960461473], [0.2194495856389384, 0.3226645714916449, 0.2756040765264947, 0.26415561935608584, 0.2547694806299411, 0.2742640939130487, 0.2447906598767321, 0.23381494229652044, 0.4417811893825331, 0.24939692347489076, 0.3476077683340472, 0.21690095798978143, 0.2021115917646172, 0.2189855856375016, 0.3032209909925212, 0.23937528354753845, 1.0, 1.0, 0.3447509459025293, 0.2257509830802588], [0.16085287841065898, 0.08037397922244716, 0.13327522955387802, 0.14325034279713947, 0.20237746448705793, 0.17027118844500772, 0.14514937685866197, 0.11071416878935508, 0.1403547230059023, 0.09596028369096393, 0.19914932659560325, 0.11432933415738408, 0.08253026187643724, 0.07059519883619594, 0.23521759337395876, 0.12820832388067965, 0.21724050624726973, 0.3447509459025293, 1.0, 0.7131075434973021], [0.08830647257343217, 0.12952722885106754, 0.12401689408370187, 0.17553977496210002, 0.12393863547623646, 0.16288333022963009, 0.11878834931548077, 0.1243762403160225, 0.14859585693845476, 0.10580473286608275, 0.2110798306173407, 