{"model": "LSING", "dataset": "0.5_dim20_pair_gau", "N": 400, "seed": 1230, "metrics": {"TP": 9, "FP": 18, "FN": 1, "TN": 162, "TPR": 0.9, "FDR": 0.6666666666666666, "FPR": 0.1, "Hamming": 19}, "omega": [[1.0, 1.0, 0.17786575702009644, 0.14327460999785713, 0.2875219469931534, 0.07423268702174939, 0.10646965195921577, 0.13032994892038055, 0.15475522363993255, 0.07703061884011093, 0.12022479791793121, 0.08597053591456782, 0.08136421573988298, 0.1319259290548197, 0.19197126286803104, 0.07990975429204396, 0.14520836117995214, 0.13129643152451342, 0.06819380176216297, 0.12566135358001917], [1.0, 1.0, 0.18234680598559094, 0.18866308937670057, 0.17843725161057128, 0.26690969893634114, 0.20350868843438064, 0.2113287229940839, 0.2564188698525706, 0.2907388655475557, 0.13889366661323974, 0.1950555326674833, 0.24306420528594885, 0.14793444389988836, 0.3741840675486161, 0.2576964679011181, 0.2706948355829544, 0.3072783780431894, 0.216942068521102, 0.18771850554646782], [0.17786575702009644, 0.18234680598559094, 1.0, 0.559942973982241, 0.16200651692852613, 0.055348392784779536, 0.08425673926750325, 0.06834659652115446, 0.1282331732647, 0.09761019835279174, 0.10211197195336774, 0.1420986677791813, 0.05997034081946885, 0.10207455381278316, 0.10763270276051368, 0.06554987018412618, 0.1146761614234015, 0.09543263133815565, 0.07698077941986838, 0.0882594894043977], [0.14327460999785713, 0.18866308937670057, 0.559942973982241, 1.0, 0.15006940679324413, 0.08815258008687567, 0.18828387629176968, 0.08820619025272868, 0.11382351001060631, 0.08388425035744933, 0.09048121320027135, 0.13879737999722644, 0.15694944076274372, 0.09820513473327327, 0.16734860745689537, 0.10965972685528881, 0.11978019349807731, 0.10620188321258268, 0.05722874114381084, 0.09836293947268582], [0.2875219469931534, 0.17843725161057128, 0.16200651692852613, 0.15006940679324413, 1.0, 0.5283658726498659, 0.06923263373947446, 0.11514688982922862, 0.10121501910157502, 0.1128195345260462, 0.10253163375895503, 0.11369338071164288, 0.08910157115686282, 0.13521620838123916, 0.12946493409103138, 0.08402396564397488, 0.1656122176786827, 0.24158454445631924, 0.12323635911076754, 0.09925881944609194], [0.07423268702174939, 0.26690969893634114, 0.055348392784779536, 0.08815258008687567, 0.5283658726498659, 1.0, 0.051614256436932786, 0.08659037030650665, 0.1019425102094625, 0.06136782157564704, 0.06726228293862017, 0.0648711046317293, 0.05683527444759541, 0.07954519021627493, 0.09392712619422214, 0.06999297783013746, 0.14682927790125122, 0.139714924881154, 0.046409939164661226, 0.07354436923526772], [0.10646965195921577, 0.20350868843438064, 0.08425673926750325, 0.18828387629176968, 0.06923263373947446, 0.051614256436932786, 1.0, 0.22082401978455252, 0.16035310284144488, 0.10005284106876239, 0.04063292784798823, 0.06526591182318733, 0.059982525824785506, 0.11224168222701972, 0.20894213998203542, 0.04633751264067726, 0.199263532878105, 0.07648770741752917, 0.02762443050650854, 0.055218762555088084], [0.13032994892038055, 0.2113287229940839, 0.06834659652115446, 0.08820619025272868, 0.11514688982922862, 0.08659037030650665, 0.22082401978455252, 1.0, 0.18763575889678977, 0.08597237547908239, 0.06763082992471431, 0.0890690255718273, 0.11442561418309545, 0.10994907371778737, 0.1660277181627076, 0.08071234688699394, 0.1421437624248961, 0.16103268088826037, 0.05268365700989324, 0.10813512327059237], [0.15475522363993255, 0.2564188698525706, 0.1282331732647, 0.11382351001060631, 0.10121501910157502, 0.1019425102094625, 0.16035310284144488, 0.18763575889678977, 1.0, 0.5404289893379516, 0.08568780835007024, 0.07413327579812026, 0.08330444517866294, 0.12532000225280351, 0.17295812196423635, 0.17504238472367764, 0.19666668981190827, 0.1529714391576212, 0.10836622730247417, 0.11713637041336052], [0.07703061884011093, 0.2907388655475557, 0.09761019835279174, 0.08388425035744933, 0.1128195345260462, 0.06136782157564704, 0.10005284106876239, 0.08597237547908239, 0.5404289893379516, 1.0, 0.059306248385860495, 0.06057792028817369, 0.06323909024927618, 0.07366958017039141, 0.11705127066411992, 0.12120253610127278, 0.1366294761209578, 0.08474927483064916, 0.04556261356839641, 0.08734440129142733], [0.12022479791793121, 0.13889366661323974, 0.10211197195336774, 0.09048121320027135, 0.10253163375895503, 0.06726228293862017, 0.04063292784798823, 0.06763082992471431, 0.08568780835007024, 0.059306248385860495, 1.0, 0.31859714376146053, 0.06076979916295234, 0.08518825809104605, 0.14525342689411497, 0.040478945689883465, 0.08521953068779364, 0.22090276423620414, 0.03556127620740528, 0.04082385318703226], [0.08597053591456782, 0.1950555326674833, 0.1420986677791813, 0.13879737999722644, 0.11369338071164288, 0.0648711046317293, 0.06526591182318733, 0.0890690255718273, 0.07413327579812026, 0.06057792028817369, 0.31859714376146053, 1.0, 0.09072213346664992, 0.13796042395139035, 0.09649853722073096, 0.07468774899216939, 0.12593920979444903, 0.12177374137622764, 0.046746702429922474, 0.1080978980070211], [0.08136421573988298, 0.24306420528594885, 0.05997034081946885, 0.15694944076274372, 0.08910157115686282, 0.05683527444759541, 0.059982525824785506, 0.11442561418309545, 0.08330444517866294, 0.06323909024927618, 0.06076979916295234, 0.09072213346664992, 1.0, 0.39021182910865165, 0.11604688049398118, 0.07486554302305015, 0.1376447975958266, 0.08670289716704171, 0.06773929069671228, 0.08928038502495153], [0.1319259290548197, 0.14793444389988836, 0.10207455381278316, 0.09820513473327327, 0.13521620838123916, 0.07954519021627493, 0.11224168222701972, 0.10994907371778737, 0.12532000225280351, 0.07366958017039141, 0.08518825809104605, 0.13796042395139035, 0.39021182910865165, 1.0, 0.2808053570047434, 0.07091540732442743, 0.21477719040297988, 0.18527898984907568, 0.09087667135164933, 0.06411241084501156], [0.19197126286803104, 0.3741840675486161, 0.10763270276051368, 0.16734860745689537, 0.12946493409103138, 0.09392712619422214, 0.20894213998203542, 0.1660277181627076, 0.17295812196423635, 0.11705127066411992, 0.14525342689411497, 0.09649853722073096, 0.11604688049398118, 0.2808053570047434, 1.0, 0.6512756885661156, 0.2698679814706911, 0.15883669894077732, 0.08948914787128391, 0.10638534541669246], [0.07990975429204396, 0.2576964679011181, 0.06554987018412618, 0.10965972685528881, 0.08402396564397488, 0.06999297783013746, 0.04633751264067726, 0.08071234688699394, 0.17504238472367764, 0.12120253610127278, 0.040478945689883465, 0.07468774899216939, 0.07486554302305015, 0.07091540732442743, 0.6512756885661156, 1.0, 0.09189719086202716, 0.07842043996789755, 0.08412956460328766, 0.0995557367313634], [0.14520836117995214, 0.2706948355829544, 0.1146761614234015, 0.11978019349807731, 0.1656122176786827, 0.14682927790125122, 0.199263532878105, 0.1421437624248961, 0.19666668981190827, 0.1366294761209578, 0.08521953068779364, 0.12593920979444903, 0.1376447975958266, 0.21477719040297988, 0.2698679814706911, 0.09189719086202716, 1.0, 0.9109752999767969, 0.09580539148150956, 0.1253922732696955], [0.13129643152451342, 0.3072783780431894, 0.09543263133815565, 0.10620188321258268, 0.24158454445631924, 0.139714924881154, 0.07648770741752917, 0.16103268088826037, 0.1529714391576212, 0.08474927483064916, 0.22090276423620414, 0.12177374137622764, 0.08670289716704171, 0.18527898984907568, 0.15883669894077732, 0.07842043996789755, 0.9109752999767969, 1.0, 0.08879725462716777, 0.10168855386794598], [0.06819380176216297, 0.216942068521102, 0.07698077941986838, 0.05722874114381084, 0.12323635911076754, 0.046409939164661226, 0.02762443050650854, 0.05268365700989324, 0.10836622730247417, 0.04556261356839641, 0.03556127620740528, 0.046746702429922474, 0.06773929069671228, 0.09087667135164933, 0.08948914787128391, 0.08412956460328766, 0.09580539148150956, 0.08879725462716777, 1.0, 0.16012957284878], [0.12566135358001917, 0.18771850554646782, 0.0882594894043977, 0.09836293947268582, 0.09925881944609194, 0.07354436923526772, 0.055218762555088084, 0.10813512327059237, 