{"model": "LSING", "dataset": "0.5_dim20_pair_gau", "N": 400, "seed": 1234560, "metrics": {"TP": 7, "FP": 1, "FN": 3, "TN": 179, "TPR": 0.7, "FDR": 0.125, "FPR": 0.005555555555555556, "Hamming": 4}, "omega": [[1.0, 0.0617892609372096, 0.031396597752442267, 0.031146872640697317, 0.026815788634585568, 0.048250954694481374, 0.027486174162011177, 0.02368777890480897, 0.05807718926180299, 0.03539887141638643, 0.04720518102351868, 0.041272929827926456, 0.03780824872933661, 0.06531216913661987, 0.06396370167614157, 0.1514711503047552, 0.08654190805910343, 0.04241058391041472, 0.04072879768017533, 0.036486154948599726], [0.0617892609372096, 1.0, 0.0456670711443223, 0.043959740307568, 0.03640422142641449, 0.02694309041639652, 0.04200710823810288, 0.028410205864959695, 0.05484704437493541, 0.04845539510047106, 0.04011903545921223, 0.10506406938638069, 0.04738806104951873, 0.043750012135205, 0.08538305168464179, 0.1323511769493683, 0.07268819590228265, 0.04306980604393368, 0.04436779353835427, 0.057807452500738696], [0.031396597752442267, 0.0456670711443223, 1.0, 0.22606083733964857, 0.04568781737141943, 0.0794527043236693, 0.0586039645849997, 0.06950383356298181, 0.09004775883532844, 0.06176910257127249, 0.0582719035993957, 0.07247790374129405, 0.07171832346246475, 0.08643317264359067, 0.09911983119444444, 0.11135051836980382, 0.09150834812979541, 0.058990920463495126, 0.06802430936996658, 0.050584784388202804], [0.031146872640697317, 0.043959740307568, 0.22606083733964857, 1.0, 0.032531663654324174, 0.03832899922165989, 0.051159907561727135, 0.06969644313879012, 0.07433431358203654, 0.057773500783353346, 0.0706857428481786, 0.08434802811433365, 0.09546768554855758, 0.08030832579783521, 0.12054508468176814, 0.15229465227855224, 0.1435879033029943, 0.08240001140152244, 0.06767800841758295, 0.05995164275980885], [0.026815788634585568, 0.03640422142641449, 0.04568781737141943, 0.032531663654324174, 1.0, 0.12683165601193017, 0.07428851412475793, 0.054705251467388985, 0.09073914324084043, 0.07136268238099056, 0.05861344794929677, 0.07303001578101845, 0.040135591061830275, 0.09876969870028691, 0.10354924268840769, 0.25112525976102573, 0.07070081437490708, 0.09301776073590047, 0.04720309068472381, 0.058457566267688714], [0.048250954694481374, 0.02694309041639652, 0.0794527043236693, 0.03832899922165989, 0.12683165601193017, 1.0, 0.06848440074702572, 0.04888675886642639, 0.06521211486877888, 0.055742180861694725, 0.07716210878446561, 0.06124598770335301, 0.07620827968246474, 0.1328929302985337, 0.1169011114001633, 0.15606682106997527, 0.12370459272867429, 0.04925998206949855, 0.06499767783900216, 0.08207255184692727], [0.027486174162011177, 0.04200710823810288, 0.0586039645849997, 0.051159907561727135, 0.07428851412475793, 0.06848440074702572, 1.0, 0.17598418979339658, 0.07392321660311214, 0.07135992112450969, 0.12547850107985023, 0.07574225200184728, 0.07079708832745427, 0.08622315999019253, 0.15797388643937235, 0.15069368253482518, 0.10736847021329982, 0.060587463841465745, 0.09777701903790058, 0.043921802871623984], [0.02368777890480897, 0.028410205864959695, 0.06950383356298181, 0.06969644313879012, 0.054705251467388985, 0.04888675886642639, 0.17598418979339658, 1.0, 0.05432144377936978, 0.04501799085917474, 0.0523517706990868, 0.045883347353938043, 0.05704639411415343, 0.07056080892337512, 0.12167671045197169, 0.08833678246363091, 0.11576860433556418, 0.05339533267920467, 0.07455256623856422, 0.06633605965103384], [0.05807718926180299, 0.05484704437493541, 0.09004775883532844, 0.07433431358203654, 0.09073914324084043, 0.06521211486877888, 0.07392321660311214, 0.05432144377936978, 1.0, 0.3453106162083623, 0.07415619861337498, 0.10289259282047214, 0.11438220093117527, 0.17126297834312323, 0.12754206284861658, 0.1645822575440949, 0.1659453872168053, 0.09509916921352127, 0.11690996015292045, 0.09058558515258226], [0.03539887141638643, 0.04845539510047106, 0.06176910257127249, 0.057773500783353346, 0.07136268238099056, 0.055742180861694725, 0.07135992112450969, 0.04501799085917474, 0.3453106162083623, 1.0, 0.11108017584317871, 0.09593897314425819, 0.07226965566606487, 0.11401882514855002, 0.11867180491670443, 0.1309463817465891, 0.10676133993925618, 0.06032873729221227, 0.05349296836090256, 0.07289745557615773], [0.04720518102351868, 0.04011903545921223, 0.0582719035993957, 0.0706857428481786, 0.05861344794929677, 0.07716210878446561, 0.12547850107985023, 0.0523517706990868, 0.07415619861337498, 0.11108017584317871, 1.0, 0.3229392583732994, 0.06650509509910556, 0.0655282150757474, 0.18055338890201525, 0.11624308289336517, 0.10927885187560296, 0.06185501982263853, 0.06933800101327768, 0.08505599000562022], [0.041272929827926456, 0.10506406938638069, 0.07247790374129405, 0.08434802811433365, 0.07303001578101845, 0.06124598770335301, 0.07574225200184728, 0.045883347353938043, 0.10289259282047214, 0.09593897314425819, 0.3229392583732994, 1.0, 0.09388415668059985, 0.10348224442056696, 0.1065630725727911, 0.15578957341277008, 0.12097481616318272, 0.07838151784247546, 0.06167702222727117, 0.09908426708629701], [0.03780824872933661, 0.04738806104951873, 0.07171832346246475, 0.09546768554855758, 0.040135591061830275, 0.07620827968246474, 0.07079708832745427, 0.05704639411415343, 0.11438220093117527, 0.07226965566606487, 0.06650509509910556, 0.09388415668059985, 1.0, 0.4193028124996718, 0.13779284756269541, 0.14222481540721912, 0.11129434629632111, 0.0973935425812964, 0.06318120078020535, 0.07209185501910646], [0.06531216913661987, 0.043750012135205, 0.08643317264359067, 0.08030832579783521, 0.09876969870028691, 0.1328929302985337, 0.08622315999019253, 0.07056080892337512, 0.17126297834312323, 0.11401882514855002, 0.0655282150757474, 0.10348224442056696, 0.4193028124996718, 1.0, 0.16802673800246792, 0.19336788288529308, 0.13401793740857018, 0.10122418117763976, 0.11391091731423038, 0.07111668983947057], [0.06396370167614157, 0.08538305168464179, 0.09911983119444444, 0.12054508468176814, 0.10354924268840769, 0.1169011114001633, 0.15797388643937235, 0.12167671045197169, 0.12754206284861658, 0.11867180491670443, 0.18055338890201525, 0.1065630725727911, 0.13779284756269541, 0.16802673800246792, 1.0, 1.0, 0.19445605666410234, 0.0836572703628501, 0.12410653061189411, 0.08994243122410367], [0.1514711503047552, 0.1323511769493683, 0.11135051836980382, 0.15229465227855224, 0.25112525976102573, 0.15606682106997527, 0.15069368253482518, 0.08833678246363091, 0.1645822575440949, 0.1309463817465891, 0.11624308289336517, 0.15578957341277008, 0.14222481540721912, 0.19336788288529308, 1.0, 1.0, 0.15743020140429706, 0.14766083419802306, 0.13155133763062296, 0.187127120959299], [0.08654190805910343, 0.07268819590228265, 0.09150834812979541, 0.1435879033029943, 0.07070081437490708, 0.12370459272867429, 0.10736847021329982, 0.11576860433556418, 0.1659453872168053, 0.10676133993925618, 0.10927885187560296, 0.12097481616318272, 0.11129434629632111, 0.13401793740857018, 0.19445605666410234, 0.15743020140429706, 1.0, 0.5306633314720184, 0.09919720804662287, 0.11028395122401964], [0.04241058391041472, 0.04306980604393368, 0.058990920463495126, 0.08240001140152244, 0.09301776073590047, 0.04925998206949855, 0.060587463841465745, 0.05339533267920467, 0.09509916921352127, 0.06032873729221227, 0.06185501982263853, 0.07838151784247546, 0.0973935425812964, 0.10122418117763976, 0.0836572703628501, 0.14766083419802306, 0.5306633314720184, 1.0, 0.0683767336274281, 0.07559523100926359], [0.04072879768017533, 0.04436779353835427, 0.06802430936996658, 0.06767800841758295, 0.04720309068472381, 0.06499767783900216, 0.09777701903790058, 0.07455256623856422, 0.11690996015292045, 0.05349296836090256, 0.06933800101327768, 0.06167702222727117, 0.06318120078020535, 0.11391091731423038, 0.12410653061189411, 0.13155133763062296, 0.09919720804662287, 0.0683767336274281, 1.0, 0.22363256292632966], [0.036486154948599726, 0.057807452500738696, 0.050584784388202804, 0.05995164275980885, 0.058457566267688714, 0.08207255184692727,