{"model": "LSING", "dataset": "0.5_dim20_pair_gau", "N": 400, "seed": 123450, "metrics": {"TP": 10, "FP": 11, "FN": 0, "TN": 169, "TPR": 1.0, "FDR": 0.5238095238095238, "FPR": 0.06111111111111111, "Hamming": 11}, "omega": [[1.0, 0.35015514520082264, 0.14761801085523343, 0.09524989286815885, 0.06984885500919778, 0.0915097662282631, 0.05579023972813245, 0.09275446254449021, 0.08372326948533808, 0.07617467826541408, 0.12760873865353578, 0.1791830803521988, 0.06461885948958106, 0.07665058184308221, 0.09870722951758035, 0.09994391853998567, 0.10316641312549522, 0.0611275604139909, 0.08130275345950123, 0.07090552367516531], [0.35015514520082264, 1.0, 0.1160029346021346, 0.07997060480468297, 0.05093162500754463, 0.059179995214262225, 0.06302969256565433, 0.047946973155691214, 0.07397379606322176, 0.10735909231617309, 0.12157831117495149, 0.21618404815411355, 0.05879300465362899, 0.11539828642986896, 0.10519746006392774, 0.08613394575989371, 0.11691810582709179, 0.07902045826228334, 0.08482756221703651, 0.11955138850506607], [0.14761801085523343, 0.1160029346021346, 1.0, 0.5536147376400761, 0.07588631489440723, 0.13350075858781768, 0.13272168822491456, 0.09313374653921655, 0.09113618945451499, 0.12427908578925374, 0.12711886940368813, 0.22123058973153895, 0.11464067349939877, 0.14202552914299366, 0.19160506326931984, 0.11870840519849245, 0.14884551610977628, 0.0798058257355362, 0.11940383023992483, 0.13156803480639429], [0.09524989286815885, 0.07997060480468297, 0.5536147376400761, 1.0, 0.0739285695590541, 0.07394684456311293, 0.10562897157477448, 0.070626116047558, 0.11007149948278765, 0.19065993822215843, 0.08751694221759646, 0.2812358814853363, 0.08622374443716146, 0.14204009296630057, 0.08394826684091525, 0.12363018104296354, 0.08992158906269361, 0.059362000870643666, 0.09324553140129506, 0.08770378017500594], [0.06984885500919778, 0.05093162500754463, 0.07588631489440723, 0.0739285695590541, 1.0, 0.2572674965417612, 0.04779640265434751, 0.03928892230192665, 0.04729216951568582, 0.090671761455797, 0.07507049789359593, 0.14598873475874577, 0.08139854025744794, 0.09748542156990864, 0.15356667338799065, 0.08896882023897017, 0.057302070007396455, 0.04223277925547911, 0.04325101753768531, 0.044558445366488716], [0.0915097662282631, 0.059179995214262225, 0.13350075858781768, 0.07394684456311293, 0.2572674965417612, 1.0, 0.07961678354165164, 0.0615008975968178, 0.05653110773173716, 0.06969080927111247, 0.09055587380573675, 0.2545655834574954, 0.06963205496782819, 0.07315080620593493, 0.08499586079419823, 0.08323908762825451, 0.08265949901399579, 0.07399075249103837, 0.053769083763867756, 0.08904053888961842], [0.05579023972813245, 0.06302969256565433, 0.13272168822491456, 0.10562897157477448, 0.04779640265434751, 0.07961678354165164, 1.0, 0.2597196914444349, 0.04709473007310081, 0.052245939836069316, 0.13691102966620736, 0.20857634241834788, 0.07031686695762676, 0.05134531095385369, 0.0873833165776111, 0.058681568437649614, 0.10032303399489156, 0.0662651052326948, 0.07020330581802897, 0.07581897827909026], [0.09275446254449021, 0.047946973155691214, 0.09313374653921655, 0.070626116047558, 0.03928892230192665, 0.0615008975968178, 0.2597196914444349, 1.0, 0.03513588797312796, 0.0871653004057725, 0.1438415771028436, 0.21093580737275924, 0.06132689014632667, 0.06644604760109143, 0.07250639585485631, 0.06199483493527238, 0.061264814617169136, 0.03647098937950618, 0.06541478548687876, 0.06673811554344548], [0.08372326948533808, 0.07397379606322176, 0.09113618945451499, 0.11007149948278765, 0.04729216951568582, 0.05653110773173716, 0.04709473007310081, 0.03513588797312796, 1.0, 0.3196468600344075, 0.07309155619729645, 0.16304419293867592, 0.12035015489404344, 0.05023444847386069, 0.08955351131367498, 0.05095658542448069, 0.10612596906761577, 0.046921368691921345, 0.08250560232972527, 0.06352034172525926], [0.07617467826541408, 0.10735909231617309, 0.12427908578925374, 0.19065993822215843, 0.090671761455797, 0.06969080927111247, 0.052245939836069316, 0.0871653004057725, 0.3196468600344075, 1.0, 0.10432165445350018, 0.1716693107810574, 0.06515454843767024, 0.13383581244613832, 0.09206298662237977, 0.08445409449846634, 0.07749166825050036, 0.08562847335784647, 0.08148365617146953, 0.06362461499887019], [0.12760873865353578, 0.12157831117495149, 0.12711886940368813, 0.08751694221759646, 0.07507049789359593, 0.09055587380573675, 0.13691102966620736, 0.1438415771028436, 0.07309155619729645, 0.10432165445350018, 1.0, 1.0, 0.14076730998470346, 0.11192613810446345, 0.12782034535514433, 0.08318075467452132, 0.11388181800084066, 0.055228021455661115, 0.07922283658254754, 0.11622940915966733], [0.1791830803521988, 0.21618404815411355, 0.22123058973153895, 0.2812358814853363, 0.14598873475874577, 0.2545655834574954, 0.20857634241834788, 0.21093580737275924, 0.16304419293867592, 0.1716693107810574, 1.0, 1.0, 0.2640773810334248, 0.23881374774159944, 0.21917881239519302, 0.24464184812280612, 0.22539067464282578, 0.19386474108357596, 0.15808486576127162, 0.1990526743515361], [0.06461885948958106, 0.05879300465362899, 0.11464067349939877, 0.08622374443716146, 0.08139854025744794, 0.06963205496782819, 0.07031686695762676, 0.06132689014632667, 0.12035015489404344, 0.06515454843767024, 0.14076730998470346, 0.2640773810334248, 1.0, 0.2745505611397829, 0.09116636799647977, 0.05612337190202991, 0.06238024254347448, 0.04217987758007697, 0.07142074494917883, 0.06337636245277548], [0.07665058184308221, 0.11539828642986896, 0.14202552914299366, 0.14204009296630057, 0.09748542156990864, 0.07315080620593493, 0.05134531095385369, 0.06644604760109143, 0.05023444847386069, 0.13383581244613832, 0.11192613810446345, 0.23881374774159944, 0.2745505611397829, 1.0, 0.10794392384072826, 0.06550834822013622, 0.09630900040446913, 0.08951770155888626, 0.04967257967366408, 0.07878963306409174], [0.09870722951758035, 0.10519746006392774, 0.19160506326931984, 0.08394826684091525, 0.15356667338799065, 0.08499586079419823, 0.0873833165776111, 0.07250639585485631, 0.08955351131367498, 0.09206298662237977, 0.12782034535514433, 0.21917881239519302, 0.09116636799647977, 0.10794392384072826, 1.0, 0.47417373782643485, 0.09118821207908898, 0.12846175007942523, 0.09612918163487538, 0.10923676471330822], [0.09994391853998567, 0.08613394575989371, 0.11870840519849245, 0.12363018104296354, 0.08896882023897017, 0.08323908762825451, 0.058681568437649614, 0.06199483493527238, 0.05095658542448069, 0.08445409449846634, 0.08318075467452132, 0.24464184812280612, 0.05612337190202991, 0.06550834822013622, 0.47417373782643485, 1.0, 0.06470588056451401, 0.05273104866216528, 0.12992398008094616, 0.05391718895724981], [0.10316641312549522, 0.11691810582709179, 0.14884551610977628, 0.08992158906269361, 0.057302070007396455, 0.08265949901399579, 0.10032303399489156, 0.061264814617169136, 0.10612596906761577, 0.07749166825050036, 0.11388181800084066, 0.22539067464282578, 0.06238024254347448, 0.09630900040446913, 0.09118821207908898, 0.06470588056451401, 1.0, 0.35250743234170495, 0.07120935635792612, 0.10643284042419794], [0.0611275604139909, 0.07902045826228334, 0.0798058257355362, 0.059362000870643666, 0.04223277925547911, 0.07399075249103837, 0.0662651052326948, 0.03647098937950618, 0.046921368691921345, 0.08562847335784647, 0.055228021455661115, 0.19386474108357596, 0.04217987758007697, 0.08951770155888626, 0.12846175007942523, 0.05273104866216528, 0.35250743234170495, 1.0, 0.06363240418233614, 0.08989860320541852], [0.08130275345950123, 0.08482756221703651, 0.11940383023992483, 0.09324553140129506, 0.04325101753768531, 0.053769083763867756, 0.07020330581802897, 0.06541478548687876, 0.08250560232972527, 0.08148365617146953, 0.07922283658254754, 0.15808486576127162, 0.07142074494917883, 0.04967257967366408, 0.09612918163487538, 0.12992398008094616, 0.07120935635792612, 0.06363240418233614, 1.0, 0.3017899272619148], [0.07090552367516531, 0.11955138850506607, 0.13156803480639429, 0.08770378017500594, 0.044558445366488716, 