{"model": "LSING", "dataset": "0.5_dim20_pair_gau", "N": 400, "seed": 12340, "metrics": {"TP": 10, "FP": 8, "FN": 0, "TN": 172, "TPR": 1.0, "FDR": 0.4444444444444444, "FPR": 0.044444444444444446, "Hamming": 8}, "omega": [[1.0, 0.5332172326747688, 0.09385057709903713, 0.06209650806485158, 0.13962526246106655, 0.0984348031008505, 0.27410918633338066, 0.14170551746366905, 0.07544978005508751, 0.16414117513388538, 0.1163357807835693, 0.07193110957377526, 0.07104158063422296, 0.10077038857338089, 0.09925528925385979, 0.09173769120343582, 0.12685711724520402, 0.127700998621421, 0.08688611413139423, 0.11114887594332123], [0.5332172326747688, 1.0, 0.054582923657181044, 0.07199498454117373, 0.12298171817121216, 0.15401397071118625, 0.12279284431959282, 0.12736025683988872, 0.07722767698181437, 0.11428706574011645, 0.10144586183629527, 0.05079315046770389, 0.12199625029547818, 0.06835437566293995, 0.12936853279507063, 0.1092366608920805, 0.10266774388591884, 0.10359596822651325, 0.06752236129799283, 0.04515165823571305], [0.09385057709903713, 0.054582923657181044, 1.0, 0.2279609317932076, 0.09654464840344926, 0.05431606723397756, 0.16551387031816817, 0.07688835138148996, 0.06984203788322225, 0.09935779186243396, 0.10629853210084822, 0.0777254454777553, 0.11901038016103864, 0.10960311528425155, 0.17472204089681972, 0.09402459572927813, 0.1018597097376927, 0.08187873905718814, 0.10711986976951202, 0.06299704346537038], [0.06209650806485158, 0.07199498454117373, 0.2279609317932076, 1.0, 0.09284896204713868, 0.07144092792420956, 0.12407539403627166, 0.09990750733062373, 0.059699909349947254, 0.1394741963562394, 0.16494791055133873, 0.05773944814449453, 0.12387792371626764, 0.07987308540883611, 0.09364528390245658, 0.07061732255868339, 0.09138225908286678, 0.08579815945772158, 0.06832848010066189, 0.06782398530864908], [0.13962526246106655, 0.12298171817121216, 0.09654464840344926, 0.09284896204713868, 1.0, 0.44515828108505556, 0.20272280736028991, 0.13339322944137647, 0.1423540132651051, 0.14381921873632944, 0.16652293443804683, 0.08059558627769829, 0.11760729919399729, 0.07827388028447001, 0.16862848645744083, 0.09299796147604046, 0.20015077383393673, 0.09592290419727019, 0.0855555520320425, 0.09019152398516771], [0.0984348031008505, 0.15401397071118625, 0.05431606723397756, 0.07144092792420956, 0.44515828108505556, 1.0, 0.12822893380988576, 0.2006218810811092, 0.05173891783771075, 0.06080770185384128, 0.14326661443916858, 0.05242038559013983, 0.05075261199829556, 0.04438360692599072, 0.11220676782293187, 0.058304905358981474, 0.1187360633765439, 0.08787492934452863, 0.08149878012364242, 0.049554866013085716], [0.27410918633338066, 0.12279284431959282, 0.16551387031816817, 0.12407539403627166, 0.20272280736028991, 0.12822893380988576, 1.0, 1.0, 0.11548191386170634, 0.11825046681127165, 0.2144810595272414, 0.19519490077552343, 0.132141772468729, 0.21343037955607855, 0.22190683166537453, 0.16010511289932108, 0.32274888984945277, 0.1478840201888986, 0.11603012054353748, 0.09260836934815406], [0.14170551746366905, 0.12736025683988872, 0.07688835138148996, 0.09990750733062373, 0.13339322944137647, 0.2006218810811092, 1.0, 1.0, 0.07048315350587561, 0.10040360667518887, 0.11191410618393888, 0.12750706310778115, 0.08385948643731163, 0.07246554406275944, 0.12948222029892617, 0.14110172284610087, 0.15659313709280973, 0.09534681433041309, 0.09166510005855537, 0.11664430048996347], [0.07544978005508751, 0.07722767698181437, 0.06984203788322225, 0.059699909349947254, 0.1423540132651051, 0.05173891783771075, 0.11548191386170634, 0.07048315350587561, 1.0, 0.518433845789458, 0.10846783937854336, 0.05828059989490174, 0.08316820705622699, 0.06215267873543971, 0.11343201527925359, 0.13164848064129528, 0.1608974109479056, 0.09895797025338252, 0.05566948473626794, 0.05665423435741801], [0.16414117513388538, 0.11428706574011645, 0.09935779186243396, 0.1394741963562394, 0.14381921873632944, 0.06080770185384128, 0.11825046681127165, 0.10040360667518887, 0.518433845789458, 1.0, 0.061713775494107656, 0.060538333798256364, 0.08277453578438297, 0.07656863548650338, 0.122893580654316, 0.1264947419969906, 0.12295422573474914, 0.15812773544322017, 0.07377632818643844, 0.06538658611951965], [0.1163357807835693, 0.10144586183629527, 0.10629853210084822, 0.16494791055133873, 0.16652293443804683, 0.14326661443916858, 0.2144810595272414, 0.11191410618393888, 0.10846783937854336, 0.061713775494107656, 1.0, 0.29746904566678906, 0.12957241319843663, 0.09140178973502712, 0.1180135783183172, 0.07899435965065109, 0.13262062692729387, 0.11900867712972964, 0.11478951644282602, 0.17944350773205126], [0.07193110957377526, 0.05079315046770389, 0.0777254454777553, 0.05773944814449453, 0.08059558627769829, 0.05242038559013983, 0.19519490077552343, 0.12750706310778115, 0.05828059989490174, 0.060538333798256364, 0.29746904566678906, 1.0, 0.07591992737081925, 0.06841123522550321, 0.12398393402725942, 0.06437200182919114, 0.1117998607905166, 0.06801684569907529, 0.05705488941282624, 0.06041454329831973], [0.07104158063422296, 0.12199625029547818, 0.11901038016103864, 0.12387792371626764, 0.11760729919399729, 0.05075261199829556, 0.132141772468729, 0.08385948643731163, 0.08316820705622699, 0.08277453578438297, 0.12957241319843663, 0.07591992737081925, 1.0, 0.37706254257352406, 0.09564531912855247, 0.10600613698399643, 0.11493427636275301, 0.10305923554872681, 0.07195810736321352, 0.05891235675067336], [0.10077038857338089, 0.06835437566293995, 0.10960311528425155, 0.07987308540883611, 0.07827388028447001, 0.04438360692599072, 0.21343037955607855, 0.07246554406275944, 0.06215267873543971, 0.07656863548650338, 0.09140178973502712, 0.06841123522550321, 0.37706254257352406, 1.0, 0.1404461777598964, 0.08421102236556234, 0.0935471710038944, 0.05992327297356711, 0.07771328032307326, 0.07418878926923676], [0.09925528925385979, 0.12936853279507063, 0.17472204089681972, 0.09364528390245658, 0.16862848645744083, 0.11220676782293187, 0.22190683166537453, 0.12948222029892617, 0.11343201527925359, 0.122893580654316, 0.1180135783183172, 0.12398393402725942, 0.09564531912855247, 0.1404461777598964, 1.0, 0.5461794963559106, 0.17184705752509094, 0.1809617262640892, 0.11571412014789215, 0.0975756373574346], [0.09173769120343582, 0.1092366608920805, 0.09402459572927813, 0.07061732255868339, 0.09299796147604046, 0.058304905358981474, 0.16010511289932108, 0.14110172284610087, 0.13164848064129528, 0.1264947419969906, 0.07899435965065109, 0.06437200182919114, 0.10600613698399643, 0.08421102236556234, 0.5461794963559106, 1.0, 0.07460045304427372, 0.10541694687630088, 0.07907413108270835, 0.09950100008142025], [0.12685711724520402, 0.10266774388591884, 0.1018597097376927, 0.09138225908286678, 0.20015077383393673, 0.1187360633765439, 0.32274888984945277, 0.15659313709280973, 0.1608974109479056, 0.12295422573474914, 0.13262062692729387, 0.1117998607905166, 0.11493427636275301, 0.0935471710038944, 0.17184705752509094, 0.07460045304427372, 1.0, 0.4879368465035204, 0.10380812888555402, 0.06987208486664877], [0.127700998621421, 0.10359596822651325, 0.08187873905718814, 0.08579815945772158, 0.09592290419727019, 0.08787492934452863, 0.1478840201888986, 0.09534681433041309, 0.09895797025338252, 0.15812773544322017, 0.11900867712972964, 0.06801684569907529, 0.10305923554872681, 0.05992327297356711, 0.1809617262640892, 0.10541694687630088, 0.4879368465035204, 1.0, 0.09003678981290579, 0.07135080278456551], [0.08688611413139423, 0.06752236129799283, 0.10711986976951202, 0.06832848010066189, 0.0855555520320425, 0.08149878012364242, 0.11603012054353748, 0.09166510005855537, 0.05566948473626794, 0.07377632818643844, 0.11478951644282602, 0.05705488941282624, 0.07195810736321352, 0.07771328032307326, 0.11571412014789215, 0.07907413108270835, 0.10380812888555402, 0.09003678981290579, 1.0, 0.3273732116228806], [0.11114887594332123, 0.04515165823571305, 0.06299704346537038, 0.06782398530864908, 0.09019152398516771, 0.049554866013085716, 0.09260836934815406, 