{"model": "NPN", "dataset": "dim5_cop_gau", "N": 20000, "seed": 123450, "metrics": {"TP": 4, "FP": 0, "FN": 0, "TN": 6, "TPR": 1.0, "FDR": 0.0, "FPR": 0.0, "Hamming": 0}, "omega": [[2.7534670063286026, -2.1972989242691714, -0.0, -0.0, -0.0], [-2.1972952544911846, 4.525464618239023, -2.2162251563647803, -0.0, -0.0], [-0.0, -2.216314495841324, 4.553533946076767, -2.2261102596142566, -0.0], [-0.0, -0.0, -2.226158186140728, 4.518198816347763, -2.1800280564227226], [-0.0, -0.0, -0.0, -2.1800212335418783, 2.7366319158033656]], "meta_info": {"source": "pretrained"}}