{"model": "NPN", "dataset": "dim5_cop_gau", "N": 20000, "seed": 12340, "metrics": {"TP": 4, "FP": 0, "FN": 0, "TN": 6, "TPR": 1.0, "FDR": 0.0, "FPR": 0.0, "Hamming": 0}, "omega": [[2.8280954515710817, -2.2738052350923934, -0.0, -0.0, -0.0], [-2.2737667257048946, 4.680063405060088, -2.298208574349626, -0.0, -0.0], [-0.0, -2.2981959075554816, 4.676055690383667, -2.2695043573714853, -0.0], [-0.0, -0.0, -2.269721673750953, 4.579999614514158, -2.199980931518984], [-0.0, -0.0, -0.0, -2.1999577977667237, 2.756084240237305]], "meta_info": {"source": "pretrained"}}