{"model": "NPN", "dataset": "dim5_cop_gau", "N": 20000, "seed": 1230, "metrics": {"TP": 4, "FP": 0, "FN": 0, "TN": 6, "TPR": 1.0, "FDR": 0.0, "FPR": 0.0, "Hamming": 0}, "omega": [[2.8168226827472527, -2.2622606324221897, -0.0, -0.0, -0.0], [-2.2622227878632257, 4.619965067977696, -2.248072008078389, -0.0, -0.0], [-0.0, -2.248208866550048, 4.609763289822147, -2.251883594964949, -0.0], [-0.0, -0.0, -2.251926714599652, 4.58361595905472, -2.2213191663743586], [-0.0, -0.0, -0.0, -2.221310086647172, 2.776896756311554]], "meta_info": {"source": "pretrained"}}