{"model": "NPN", "dataset": "dim5_cop_gau", "N": 20000, "seed": 1234560, "metrics": {"TP": 4, "FP": 0, "FN": 0, "TN": 6, "TPR": 1.0, "FDR": 0.0, "FPR": 0.0, "Hamming": 0}, "omega": [[2.7575257657067933, -2.2014329697672737, -0.0, -0.0, -0.0], [-2.201456947275065, 4.555891464164173, -2.2434250359518053, -0.0, -0.0], [-0.0, -2.243335886412111, 4.628922941296127, -2.276105801430659, -0.0], [-0.0, -0.0, -2.2762146333719104, 4.615821586541085, -2.2300872901747897], [-0.0, -0.0, -0.0, -2.230075806559505, 2.7854516669138154]], "meta_info": {"source": "pretrained"}}