{"model": "NPN", "dataset": "dim5_cop_gau", "N": 20000, "seed": 120, "metrics": {"TP": 4, "FP": 0, "FN": 0, "TN": 6, "TPR": 1.0, "FDR": 0.0, "FPR": 0.0, "Hamming": 0}, "omega": [[2.7193989635489975, -2.1623506601010543, -0.0, -0.0, -0.0], [-2.1623418243021133, 4.51752294295069, -2.2430065125304517, -0.0, -0.0], [-0.0, -2.243081910546716, 4.604751348871434, -2.2518242669356683, -0.0], [-0.0, -0.0, -2.2518580507238575, 4.568403088864247, -2.2057793702162103], [-0.0, -0.0, -0.0, -2.205774996300467, 2.7617388509886416]], "meta_info": {"source": "pretrained"}}