{"model": "SING", "dataset": "dim5_cop_gau", "N": 300, "seed": 123450, "metrics": {"TP": 4, "FP": 0, "FN": 0, "TN": 6, "TPR": 1.0, "FDR": 0.0, "FPR": 0.0, "Hamming": 0}, "omega": [[6.066799715687933, 3.6037120654201265, 0.0, 0.0, 0.0], [3.6037120654201265, 18.9490951077186, 5.461949411350833, 0.0, 0.0], [0.0, 5.461949411350833, 23.05504787545573, 5.565810405431872, 0.0], [0.0, 0.0, 5.565810405431872, 20.9986238794754, 4.462485446231974], [0.0, 0.0, 0.0, 4.462485446231974, 7.1333108687600175]], "meta_info": {"source": "pretrained", "p_order": 1}}