{"model": "SING", "dataset": "dim5_cop_gau", "N": 300, "seed": 1230, "metrics": {"TP": 4, "FP": 0, "FN": 0, "TN": 6, "TPR": 1.0, "FDR": 0.0, "FPR": 0.0, "Hamming": 0}, "omega": [[5.690070350322669, 3.3046837248820347, 0.0, 0.0, 0.0], [3.3046837248820347, 16.1254856610013, 4.288041486316753, 0.0, 0.0], [0.0, 4.288041486316753, 17.9408143070468, 4.182676098412228, 0.0], [0.0, 0.0, 4.182676098412228, 18.627563281415796, 4.636636376336191], [0.0, 0.0, 0.0, 4.636636376336191, 7.347209848065803]], "meta_info": {"source": "pretrained", "p_order": 1}}