{"model": "SING", "dataset": "dim5_cop_gau", "N": 300, "seed": 120, "metrics": {"TP": 4, "FP": 0, "FN": 0, "TN": 6, "TPR": 1.0, "FDR": 0.0, "FPR": 0.0, "Hamming": 0}, "omega": [[9.406184124459898, 6.339232205628846, 0.0, 0.0, 0.0], [6.339232205628846, 28.67626280255241, 7.523347897979017, 0.0, 0.0], [0.0, 7.523347897979017, 23.998176783359458, 4.205142593996907, 0.0], [0.0, 0.0, 4.205142593996907, 16.12779455952241, 3.3798704405068336], [0.0, 0.0, 0.0, 3.3798704405068336, 5.785093208027038]], "meta_info": {"source": "pretrained", "p_order": 1}}