{"model": "SING", "dataset": "dim5_cop_gau", "N": 300, "seed": 12340, "metrics": {"TP": 4, "FP": 0, "FN": 0, "TN": 6, "TPR": 1.0, "FDR": 0.0, "FPR": 0.0, "Hamming": 0}, "omega": [[5.58381310377621, 3.220803766397444, 0.0, 0.0, 0.0], [3.220803766397444, 14.900342669919258, 3.7383565192307167, 0.0, 0.0], [0.0, 3.7383565192307167, 18.531891846988465, 5.075853923418194, 0.0], [0.0, 0.0, 5.075853923418194, 20.82355075272359, 4.837288585027617], [0.0, 0.0, 0.0, 4.837288585027617, 7.592789975287658]], "meta_info": {"source": "pretrained", "p_order": 1}}