{"model": "SING", "dataset": "dim6_butterfly", "N": 200, "seed": 12340, "metrics": {"TP": 0, "FP": 0, "FN": 3, "TN": 12, "TPR": 0.0, "FDR": 0.0, "FPR": 0.0, "Hamming": 3}, "omega": [[425.25416407493253, 0.0, 0.0, 0.0, 0.0, 0.0], [0.0, 510.7847969452853, 0.0, 0.0, 0.0, 0.0], [0.0, 0.0, 407.66403227000933, 0.0, 0.0, 0.0], [0.0, 0.0, 0.0, 600.1158064285389, 0.0, 0.0], [0.0, 0.0, 0.0, 0.0, 395.03066227257324, 0.0], [0.0, 0.0, 0.0, 0.0, 0.0, 582.924118475073]], "meta_info": {"source": "pretrained", "p_order": 3}}