{"model": "SING", "dataset": "dim6_butterfly", "N": 200, "seed": 123450, "metrics": {"TP": 0, "FP": 0, "FN": 3, "TN": 12, "TPR": 0.0, "FDR": 0.0, "FPR": 0.0, "Hamming": 3}, "omega": [[448.2516517164526, 0.0, 0.0, 0.0, 0.0, 0.0], [0.0, 585.376414019107, 0.0, 0.0, 0.0, 0.0], [0.0, 0.0, 400.3475195528473, 0.0, 0.0, 0.0], [0.0, 0.0, 0.0, 610.4365085114962, 0.0, 0.0], [0.0, 0.0, 0.0, 0.0, 405.6008426437085, 0.0], [0.0, 0.0, 0.0, 0.0, 0.0, 601.5820848941427]], "meta_info": {"source": "pretrained", "p_order": 3}}