{"model": "NPN", "dataset": "dim5_cop_gau", "N": 10000, "seed": 12340, "metrics": {"TP": 4, "FP": 0, "FN": 0, "TN": 6, "TPR": 1.0, "FDR": 0.0, "FPR": 0.0, "Hamming": 0}, "omega": [[2.774807197550391, -2.219195326533286, -0.0, -0.0, -0.0], [-2.2191757394078975, 4.586044716099915, -2.256532190342589, -0.0, -0.0], [-0.0, -2.2564776554122488, 4.602191025798578, -2.2357243065483843, -0.0], [-0.0, -0.0, -2.23569166059956, 4.5844264341260565, -2.2383046955307258], [-0.0, -0.0, -0.0, -2.238309901932153, 2.7934707127048504]], "meta_info": {"source": "pretrained"}}