{"model": "NPN", "dataset": "dim5_cop_gau", "N": 10000, "seed": 120, "metrics": {"TP": 4, "FP": 0, "FN": 0, "TN": 6, "TPR": 1.0, "FDR": 0.0, "FPR": 0.0, "Hamming": 0}, "omega": [[2.7895868991533574, -2.234337175814459, -0.0, -0.0, -0.0], [-2.2343250959357985, 4.502352569381171, -2.155565561667207, -0.0, -0.0], [-0.0, -2.155510514832515, 4.454340498190929, -2.1850975501420313, -0.0], [-0.0, -0.0, -2.1850575815141853, 4.555390074480138, -2.2591447582781625], [-0.0, -0.0, -0.0, -2.259149112208458, 2.8138139594305542]], "meta_info": {"source": "pretrained"}}