{"model": "LSING", "dataset": "dim20_cop_gau", "N": 2000, "seed": 12340, "metrics": {"TP": 19, "FP": 0, "FN": 0, "TN": 171, "TPR": 1.0, "FDR": 0.0, "FPR": 0.0, "Hamming": 0}, "omega": [[1.0, 0.9350378687338924, 0.0841659346661408, 0.070986576996989, 0.08680492676981727, 0.09076110543844161, 0.10113623218949126, 0.06239484928288554, 0.0483148207332075, 0.07532459727742215, 0.07548470328485946, 0.061604698123985016, 0.08998843842132227, 0.0630357374200481, 0.060819594133204924, 0.07603285281567117, 0.09533391434424739, 0.07980528086167332, 0.05707338124969805, 0.053734848053221894], [0.9350378687338924, 1.0, 0.8943779928574311, 0.13721627401043127, 0.08675504351051201, 0.07880200494844584, 0.0901433701836093, 0.08970940488920806, 0.0687499522079866, 0.0656995537452518, 0.09272143161401575, 0.10383020168384358, 0.08783885863522452, 0.06955667034401808, 0.06652539144918777, 0.0659816246946339, 0.08771313801453876, 0.08457478843442558, 0.07710823941825153, 0.06291634164414162], [0.0841659346661408, 0.8943779928574311, 1.0, 0.9589023603309625, 0.08190526193051093, 0.1391438502253772, 0.15136417412549896, 0.06952014122302382, 0.054248421581737295, 0.06696993452505215, 0.08133036821000357, 0.09130612224421306, 0.11691377366047219, 0.04696314380483125, 0.08909067788103406, 0.07829520794067452, 0.06149042824870659, 0.07013992628559854, 0.08567911959309892, 0.10411002254103406], [0.070986576996989, 0.13721627401043127, 0.9589023603309625, 1.0, 0.8329626146450287, 0.08181198462805525, 0.12729356358600857, 0.06745131336430889, 0.08831268191629332, 0.1031831945114392, 0.06311933200533786, 0.05464949050067156, 0.07589575603826951, 0.061319628432952814, 0.07029199881471386, 0.07872143258643127, 0.06367965606811823, 0.06067347488668375, 0.06122711911776452, 0.0734477165097549], [0.08680492676981727, 0.08675504351051201, 0.08190526193051093, 0.8329626146450287, 1.0, 0.9038560386540478, 0.18639951015893558, 0.10406201504919119, 0.06821950505994212, 0.08221973614123328, 0.10380517579659507, 0.07754653361930011, 0.08299290317883963, 0.06695951144606013, 0.10651487245466366, 0.06144618057942087, 0.08425298795667782, 0.061022011266494765, 0.07553934917024004, 0.06421917541107651], [0.09076110543844161, 0.07880200494844584, 0.1391438502253772, 0.08181198462805525, 0.9038560386540478, 1.0, 1.0, 0.1620537667996386, 0.09382376407201302, 0.12086701298214517, 0.095018310252977, 0.09897412150323243, 0.10888583147694052, 0.09720981717129361, 0.07827484246536863, 0.07357508084419635, 0.12412306351734279, 0.10441306810670209, 0.12446664113044544, 0.08876155113626091], [0.10113623218949126, 0.0901433701836093, 0.15136417412549896, 0.12729356358600857, 0.18639951015893558, 1.0, 1.0, 0.9164971311752751, 0.09019209041183698, 0.05316497249412164, 0.07674980208028855, 0.10816523841661932, 0.11379457403624892, 0.11757931474142609, 0.07717924508995352, 0.09506265461130717, 0.16834837829598587, 0.10358726079075152, 0.06581264953927615, 0.049376701257549865], [0.06239484928288554, 0.08970940488920806, 0.06952014122302382, 0.06745131336430889, 0.10406201504919119, 0.1620537667996386, 0.9164971311752751, 1.0, 0.5691743701498841, 0.12061883154284377, 0.08719829095318071, 0.05222651829756737, 0.08370019182664412, 0.0938995876206729, 0.06121131460281268, 0.057273852170650265, 0.0972747231455627, 0.051082371971660455, 0.07973985552910831, 0.0958116355750797], [0.0483148207332075, 0.0687499522079866, 0.054248421581737295, 0.08831268191629332, 0.06821950505994212, 0.09382376407201302, 0.09019209041183698, 0.5691743701498841, 1.0, 0.5086723774273536, 0.09200995218677026, 0.06598972585528698, 0.07331198995424033, 0.05028110295391992, 0.04952503468318901, 0.052045538506704785, 0.05262702503877176, 0.06276812700789995, 0.04778219117530252, 0.04607296230435607], [0.07532459727742215, 0.0656995537452518, 0.06696993452505215, 0.1031831945114392, 0.08221973614123328, 0.12086701298214517, 0.05316497249412164, 0.12061883154284377, 0.5086723774273536, 1.0, 0.7157106061317959, 0.12274017812796131, 0.09254240770439523, 0.058940605544368606, 0.06985639533164519, 0.07249384317315455, 0.07210246525901857, 0.07472448152903326, 0.05327086771687839, 0.05504177591055333], [0.07548470328485946, 0.09272143161401575, 0.08133036821000357, 0.06311933200533786, 0.10380517579659507, 0.095018310252977, 0.07674980208028855, 0.08719829095318071, 0.09200995218677026, 0.7157106061317959, 1.0, 0.7514812430104871, 0.1233465841893279, 0.09626788907549935, 0.07279841090063668, 0.06644870322421609, 0.07137302929494614, 0.0710921061826489, 0.060466967806813564, 0.06516008136554369], [0.061604698123985016, 0.10383020168384358, 0.09130612224421306, 0.05464949050067156, 0.07754653361930011, 0.09897412150323243, 0.10816523841661932, 0.05222651829756737, 0.06598972585528698, 0.12274017812796131, 0.7514812430104871, 1.0, 0.8047358448675445, 0.15846669165185243, 0.06320061710373724, 0.06442536617964413, 0.08088394107904444, 0.07078618757108855, 0.06893613110689663, 0.05101422000804188], [0.08998843842132227, 0.08783885863522452, 0.11691377366047219, 0.07589575603826951, 0.08299290317883963, 0.10888583147694052, 0.11379457403624892, 0.08370019182664412, 0.07331198995424033, 0.09254240770439523, 0.1233465841893279, 0.8047358448675445, 1.0, 0.5197056913668905, 0.09151606731024957, 0.09985725713491111, 0.101095512289056, 0.08410803726632247, 0.09776848647014179, 0.11970913681192595], [0.0630357374200481, 0.06955667034401808, 0.04696314380483125, 0.061319628432952814, 0.06695951144606013, 0.09720981717129361, 0.11757931474142609, 0.0938995876206729, 0.05028110295391992, 0.058940605544368606, 0.09626788907549935, 0.15846669165185243, 0.5197056913668905, 1.0, 0.5960162213055094, 0.08098579884355925, 0.09243801668691574, 0.0909785673870483, 0.058325085849926316, 0.057705640580279244], [0.060819594133204924, 0.06652539144918777, 0.08909067788103406, 0.07029199881471386, 0.10651487245466366, 0.07827484246536863, 0.07717924508995352, 0.06121131460281268, 0.04952503468318901, 0.06985639533164519, 0.07279841090063668, 0.06320061710373724, 0.09151606731024957, 0.5960162213055094, 1.0, 0.6673919413184355, 0.07640163311884646, 0.05137926673282923, 0.042127713641571085, 0.059164493170615215], [0.07603285281567117, 0.0659816246946339, 0.07829520794067452, 0.07872143258643127, 0.06144618057942087, 0.07357508084419635, 0.09506265461130717, 0.057273852170650265, 0.052045538506704785, 0.07249384317315455, 0.06644870322421609, 0.06442536617964413, 0.09985725713491111, 0.08098579884355925, 0.6673919413184355, 1.0, 0.6563933470334895, 0.10706771831049167, 0.06715543245683481, 0.05035211829452636], [0.09533391434424739, 0.08771313801453876, 0.06149042824870659, 0.06367965606811823, 0.08425298795667782, 0.12412306351734279, 0.16834837829598587, 0.0972747231455627, 0.05262702503877176, 0.07210246525901857, 0.07137302929494614, 0.08088394107904444, 0.101095512289056, 0.09243801668691574, 0.07640163311884646, 0.6563933470334895, 1.0, 0.5995380230606575, 0.08900518266538479, 0.06679291622246798], [0.07980528086167332, 0.08457478843442558, 0.07013992628559854, 0.06067347488668375, 0.061022011266494765, 0.10441306810670209, 0.10358726079075152, 0.051082371971660455, 0.06276812700789995, 0.07472448152903326, 0.0710921061826489, 0.07078618757108855, 0.08410803726632247, 0.0909785673870483, 0.05137926673282923, 0.10706771831049167, 0.5995380230606575, 1.0, 0.5651492549551091, 0.09560815209975675], [0.05707338124969805, 0.07710823941825153, 0.08567911959309892, 0.06122711911776452, 0.07553934917024004, 0.12446664113044544, 0.06581264953927615, 0.07973985552910831, 0.04778219117530252, 0.05327086771687839, 0.060466967806813564, 0.06893613110689663, 0.09776848647014179, 0.058325085849926316, 0.042127713641571085, 0.06715543245683481, 0.08900518266538479, 0.5651492549551091, 1.0, 0.7794140117917759], [0.053734848053221894, 0.06291634164414162, 0.10411002254103406, 0.0734477165097549, 0.06421917541107651, 0.08876155113626091, 0.049376701257549865, 0.0958116355750797, 