{"model": "LSING", "dataset": "dim20_cop_gau", "N": 2000, "seed": 1230, "metrics": {"TP": 19, "FP": 0, "FN": 0, "TN": 171, "TPR": 1.0, "FDR": 0.0, "FPR": 0.0, "Hamming": 0}, "omega": [[1.0, 0.6454182471234762, 0.05752110533965886, 0.06188101306687083, 0.054447617136088096, 0.054687304341692514, 0.06681611989333469, 0.04795925248157477, 0.04806235532843121, 0.06123288377823886, 0.056664546291996035, 0.07172974723522428, 0.06421060838539, 0.052044579779451976, 0.07778184504892349, 0.043890140881906785, 0.055733387767620934, 0.06068636141725169, 0.06135522553310202, 0.061261131224014595], [0.6454182471234762, 1.0, 0.7302860171114666, 0.08030768152203605, 0.0751077689259868, 0.09000738184946074, 0.10843481807773127, 0.06353682721941575, 0.050450849576440214, 0.07055266190402974, 0.12916659401716854, 0.08053390710586063, 0.14058961804328218, 0.07661498183234186, 0.12707775583322634, 0.04852484203357305, 0.08167283328815855, 0.05911436001868281, 0.065424961258004, 0.07183471089990802], [0.05752110533965886, 0.7302860171114666, 1.0, 0.5604346077904566, 0.07174757773364211, 0.05868031724318667, 0.05274798873166657, 0.07360215100634085, 0.0816866300883048, 0.07768408854467997, 0.07685465582894663, 0.0783470515399316, 0.10205837823072318, 0.06512707519989179, 0.07748033642265417, 0.07574820397231605, 0.05749469889821092, 0.06970966024339431, 0.0629440601506143, 0.0773464466998371], [0.06188101306687083, 0.08030768152203605, 0.5604346077904566, 1.0, 0.4946859401822525, 0.04694615357892562, 0.05247792082684111, 0.06257950001558663, 0.0622115484698959, 0.06279194531051452, 0.07236054466517564, 0.08261805939717295, 0.07842352834572074, 0.07182784552233404, 0.06313125479156463, 0.06943095035054044, 0.05883820771838835, 0.06170746002032072, 0.0783082567079263, 0.059667620620622204], [0.054447617136088096, 0.0751077689259868, 0.07174757773364211, 0.4946859401822525, 1.0, 0.499465405365707, 0.07496412105466993, 0.06185603815076118, 0.05947747707049749, 0.0817176365638848, 0.07383186211495106, 0.09255146820673035, 0.06814075800637097, 0.10512061731995737, 0.08044853403879959, 0.06979567724918884, 0.06604979977798313, 0.0662192200587642, 0.09377812196027896, 0.07730975870327779], [0.054687304341692514, 0.09000738184946074, 0.05868031724318667, 0.04694615357892562, 0.499465405365707, 1.0, 0.6128696076240233, 0.08254274498335402, 0.05021910593300712, 0.0725277375783888, 0.04681038487590673, 0.09655759599376323, 0.08352607740526638, 0.07224944046677434, 0.09859085070713058, 0.04755210157826412, 0.03716547547907721, 0.05893506601065491, 0.06804231133189513, 0.07077122791917571], [0.06681611989333469, 0.10843481807773127, 0.05274798873166657, 0.05247792082684111, 0.07496412105466993, 0.6128696076240233, 1.0, 0.7377998773148111, 0.10031884213607489, 0.10238282098265447, 0.08109698034342343, 0.13529381306306662, 0.14275483066326614, 0.10204296993261826, 0.09941002003012708, 0.11319183456626136, 0.07088542962799758, 0.10111559578664613, 0.11331694360655356, 0.0985494074706932], [0.04795925248157477, 0.06353682721941575, 0.07360215100634085, 0.06257950001558663, 0.06185603815076118, 0.08254274498335402, 0.7377998773148111, 1.0, 0.6419093556174441, 0.06650115790091031, 0.06131831298354846, 0.11696212887334101, 0.12346986287473272, 0.06398537512766499, 0.08386198061552881, 0.07531935068256185, 0.10674303581910856, 0.08294819522795828, 0.06927207250261407, 0.07417359544743901], [0.04806235532843121, 0.050450849576440214, 0.0816866300883048, 0.0622115484698959, 0.05947747707049749, 0.05021910593300712, 0.10031884213607489, 0.6419093556174441, 1.0, 0.7937286839767965, 0.09382853410748639, 0.12967865740028922, 0.14780844863469136, 0.06368657434632623, 0.09911292320974464, 0.07144754521308494, 0.06055080570935234, 0.08085060608174045, 0.12149257139068047, 0.07783508722430836], [0.06123288377823886, 0.07055266190402974, 0.07768408854467997, 0.06279194531051452, 0.0817176365638848, 0.0725277375783888, 0.10238282098265447, 0.06650115790091031, 0.7937286839767965, 1.0, 0.8482329792793064, 0.11558805277682233, 0.09629259704255781, 0.08877256163187151, 0.12963982624353484, 0.07904341018857697, 0.05918574640622746, 0.07590778189722447, 0.1386699409135027, 0.09975855929969053], [0.056664546291996035, 0.12916659401716854, 0.07685465582894663, 0.07236054466517564, 0.07383186211495106, 0.04681038487590673, 0.08109698034342343, 0.06131831298354846, 0.09382853410748639, 0.8482329792793064, 1.0, 1.0, 0.10432764144328928, 0.08972504608619981, 0.1276944311914148, 0.0659963924901025, 0.04688550941035554, 0.09025331691190495, 0.08719166892540561, 0.12405819171964796], [0.07172974723522428, 0.08053390710586063, 0.0783470515399316, 0.08261805939717295, 0.09255146820673035, 0.09655759599376323, 0.13529381306306662, 0.11696212887334101, 0.12967865740028922, 0.11558805277682233, 1.0, 1.0, 0.9828886919867339, 0.08385340797474862, 0.09428852761394216, 0.08693077136859502, 0.06603780930854057, 0.08702406983545286, 0.14216260846570072, 0.09253392005068029], [0.06421060838539, 0.14058961804328218, 0.10205837823072318, 0.07842352834572074, 0.06814075800637097, 0.08352607740526638, 0.14275483066326614, 0.12346986287473272, 0.14780844863469136, 0.09629259704255781, 0.10432764144328928, 0.9828886919867339, 1.0, 0.7759788529199022, 0.11010957393579053, 0.06339592351777852, 0.06726369198673393, 0.06556724530010583, 0.10236479730261659, 0.06254931910248546], [0.052044579779451976, 0.07661498183234186, 0.06512707519989179, 0.07182784552233404, 0.10512061731995737, 0.07224944046677434, 0.10204296993261826, 0.06398537512766499, 0.06368657434632623, 0.08877256163187151, 0.08972504608619981, 0.08385340797474862, 0.7759788529199022, 1.0, 0.6879497202069692, 0.10428043578074962, 0.07152852298550867, 0.07454372152469899, 0.12233310957287907, 0.06622660223844992], [0.07778184504892349, 0.12707775583322634, 0.07748033642265417, 0.06313125479156463, 0.08044853403879959, 0.09859085070713058, 0.09941002003012708, 0.08386198061552881, 0.09911292320974464, 0.12963982624353484, 0.1276944311914148, 0.09428852761394216, 0.11010957393579053, 0.6879497202069692, 1.0, 0.5182836727782066, 0.14306105490241455, 0.07381268594969273, 0.15135017771388146, 0.09874380431870886], [0.043890140881906785, 0.04852484203357305, 0.07574820397231605, 0.06943095035054044, 0.06979567724918884, 0.04755210157826412, 0.11319183456626136, 0.07531935068256185, 0.07144754521308494, 0.07904341018857697, 0.0659963924901025, 0.08693077136859502, 0.06339592351777852, 0.10428043578074962, 0.5182836727782066, 1.0, 0.5290163944820196, 0.06901789502438117, 0.06450412886911414, 0.0634272734273497], [0.055733387767620934, 0.08167283328815855, 0.05749469889821092, 0.05883820771838835, 0.06604979977798313, 0.03716547547907721, 0.07088542962799758, 0.10674303581910856, 0.06055080570935234, 0.05918574640622746, 0.04688550941035554, 0.06603780930854057, 0.06726369198673393, 0.07152852298550867, 0.14306105490241455, 0.5290163944820196, 1.0, 0.5299777983133692, 0.14679251144824002, 0.08397494728288235], [0.06068636141725169, 0.05911436001868281, 0.06970966024339431, 0.06170746002032072, 0.0662192200587642, 0.05893506601065491, 0.10111559578664613, 0.08294819522795828, 0.08085060608174045, 0.07590778189722447, 0.09025331691190495, 0.08702406983545286, 0.06556724530010583, 0.07454372152469899, 0.07381268594969273, 0.06901789502438117, 0.5299777983133692, 1.0, 0.6928744315506996, 0.06944085049578659], [0.06135522553310202, 0.065424961258004, 0.0629440601506143, 0.0783082567079263, 0.09377812196027896, 0.06804231133189513, 0.11331694360655356, 0.06927207250261407, 0.12149257139068047, 0.1386699409135027, 0.08719166892540561, 0.14216260846570072, 0.10236479730261659, 0.12233310957287907, 0.15135017771388146, 0.06450412886911414, 0.14679251144824002, 0.6928744315506996, 1.0, 0.9742362952665814], [0.061261131224014595, 0.07183471089990802, 0.0773464466998371, 0.059667620620622204, 0.07730975870327779, 0.07077122791917571, 0.0985494074706932, 0.07417359544743901, 0.07783508722430836, 