{"model": "LSING", "dataset": "dim5_cop_gau", "N": 1000, "seed": 12340, "metrics": {"TP": 4, "FP": 1, "FN": 0, "TN": 5, "TPR": 1.0, "FDR": 0.2, "FPR": 0.16666666666666666, "Hamming": 1}, "omega": [[1.0, 1.0, 0.14294991567642593, 0.11280662443023243, 0.08610820037947411], [1.0, 1.0, 0.6634425463338435, 0.09136976579596964, 0.08743609825967709], [0.14294991567642593, 0.6634425463338435, 1.0, 0.7214545956667001, 0.20885083399225435], [0.11280662443023243, 0.09136976579596964, 0.7214545956667001, 1.0, 0.81651643156687], [0.08610820037947411, 0.08743609825967709, 0.20885083399225435, 0.81651643156687, 1.0]], "meta_info": {"source": "pretrained"}}