{"model": "LSING", "dataset": "dim5_cop_gau", "N": 1000, "seed": 1234560, "metrics": {"TP": 4, "FP": 0, "FN": 0, "TN": 6, "TPR": 1.0, "FDR": 0.0, "FPR": 0.0, "Hamming": 0}, "omega": [[1.0, 1.0, 0.08189012161133143, 0.056028397489957894, 0.05951078691720526], [1.0, 1.0, 0.641250055756968, 0.08367307262073707, 0.08057274128486429], [0.08189012161133143, 0.641250055756968, 1.0, 0.4000360169054838, 0.06173043098091011], [0.056028397489957894, 0.08367307262073707, 0.4000360169054838, 1.0, 0.35355641574580826], [0.05951078691720526, 0.08057274128486429, 0.06173043098091011, 0.35355641574580826, 1.0]], "meta_info": {"source": "pretrained"}}