{"model": "LSING", "dataset": "dim5_cop_gau", "N": 1000, "seed": 120, "metrics": {"TP": 4, "FP": 0, "FN": 0, "TN": 6, "TPR": 1.0, "FDR": 0.0, "FPR": 0.0, "Hamming": 0}, "omega": [[1.0, 0.9231013530804951, 0.13351492092168826, 0.12318267673322643, 0.08318602933811628], [0.9231013530804951, 1.0, 1.0, 0.16388844338971256, 0.1051686509798078], [0.13351492092168826, 1.0, 1.0, 0.6921633083938199, 0.08615200054311771], [0.12318267673322643, 0.16388844338971256, 0.6921633083938199, 1.0, 0.6890153536400131], [0.08318602933811628, 0.1051686509798078, 0.08615200054311771, 0.6890153536400131, 1.0]], "meta_info": {"source": "pretrained"}}