{"model": "LSING", "dataset": "0.5_dim20_pair_gau", "N": 100, "seed": 120, "metrics": {"TP": 6, "FP": 16, "FN": 4, "TN": 164, "TPR": 0.6, "FDR": 0.7272727272727273, "FPR": 0.08888888888888889, "Hamming": 20}, "omega": [[1.0, 0.026432285854987504, 0.022056755242622482, 0.01565138517036963, 0.024574009213588825, 0.04406655686815079, 0.10838000944200267, 0.052633712866987634, 0.23364682229583172, 0.037585738263440145, 0.10337963987902665, 0.07518242179572995, 0.01943971568376843, 0.02507668471790524, 0.03380346837236215, 0.05984365857898798, 0.03705751769743281, 0.07495554693298719, 0.058644095397102476, 0.041128695555594424], [0.026432285854987504, 1.0, 0.057719908071760716, 0.017762413480345643, 0.016250977247703885, 0.03376996869621079, 0.08748535469720065, 0.05228517179285064, 0.3995300048781947, 0.01737169437952254, 0.09145895935772906, 0.05041284063921462, 0.019227520690039534, 0.018885801343178195, 0.07003090731301839, 0.05383094773882589, 0.02478846006749451, 0.09645089537446944, 0.06775654801509692, 0.04499163265769335], [0.022056755242622482, 0.057719908071760716, 1.0, 0.16179306709069557, 0.07950118297749996, 0.0990014118435902, 0.1127769508976616, 0.12645978767328478, 0.5614216266716106, 0.08923497026026621, 0.12945564015004102, 0.09764016419239403, 0.08045215845178355, 0.0660960823989368, 0.12073105592112497, 0.06960985993379415, 0.044810396637553616, 0.14865195477430163, 0.1227242540496896, 0.09815980364321907], [0.01565138517036963, 0.017762413480345643, 0.16179306709069557, 1.0, 0.008012034414615822, 0.02639309047507334, 0.05992806115280334, 0.05712337109106886, 0.3210985423313329, 0.014995743966678698, 0.08060379145485687, 0.05072857946253211, 0.02470558656726079, 0.018732670534362072, 0.04089353395293246, 0.07046525343793662, 0.02331736887981645, 0.08684998649252242, 0.08785818211185824, 0.041389590970925594], [0.024574009213588825, 0.016250977247703885, 0.07950118297749996, 0.008012034414615822, 1.0, 0.07849945293712926, 0.1189175731280508, 0.06847661583805935, 0.31961117356434, 0.032998792828056456, 0.059168295376614874, 0.09080357477910557, 0.02136708662267121, 0.02066520753034314, 0.04914171910159946, 0.05611260350133202, 0.042781141352410686, 0.11025261819303706, 0.05361705360497736, 0.028370839240736887], [0.04406655686815079, 0.03376996869621079, 0.0990014118435902, 0.02639309047507334, 0.07849945293712926, 1.0, 0.08829198791326895, 0.062926929832061, 0.40877318756769193, 0.028918935475414777, 0.09307386239430766, 0.09383873626767805, 0.0658176979661938, 0.024892639168052434, 0.06741918023624396, 0.0912381504557186, 0.030159888124343795, 0.07207972025003209, 0.054830885598190694, 0.049794143149727244], [0.10838000944200267, 0.08748535469720065, 0.1127769508976616, 0.05992806115280334, 0.1189175731280508, 0.08829198791326895, 1.0, 0.29765778217057526, 0.2737939784460049, 0.052492940480810074, 0.09528746980664995, 0.13369079113078935, 0.03973956766898815, 0.08333781848873441, 0.08009899660117219, 0.0826815492590612, 0.09709489731581482, 0.09211685604028168, 0.10259075535595849, 0.1421248254497683], [0.052633712866987634, 0.05228517179285064, 0.12645978767328478, 0.05712337109106886, 0.06847661583805935, 0.062926929832061, 0.29765778217057526, 1.0, 0.5984003456020498, 0.08187860793586504, 0.07216610795029782, 0.10300795068996536, 0.08520660417449961, 0.10571036898931033, 0.1410833532236191, 0.0642718800755567, 0.051879262623399654, 0.08303213036902406, 0.08101975056528478, 0.12255930933620862], [0.23364682229583172, 0.3995300048781947, 0.5614216266716106, 0.3210985423313329, 0.31961117356434, 0.40877318756769193, 0.2737939784460049, 0.5984003456020498, 1.0, 1.0, 0.37304053319651465, 0.29207945787473283, 0.21828558970505704, 0.4698601934544849, 0.41160394280492413, 0.6028207455631307, 0.2662024202005821, 0.34807868228590494, 0.18067980646903856, 0.19283836203130408], [0.037585738263440145, 0.01737169437952254, 0.08923497026026621, 0.014995743966678698, 0.032998792828056456, 0.028918935475414777, 0.052492940480810074, 0.08187860793586504, 1.0, 1.0, 0.056480886402536776, 0.09537869792089204, 0.032745340302311285, 0.03413023864174363, 0.07135104004404855, 0.05198368195247538, 0.03022381407687896, 0.14601222925443375, 0.045692545497538664, 0.06310829244881647], [0.10337963987902665, 0.09145895935772906, 0.12945564015004102, 0.08060379145485687, 0.059168295376614874, 0.09307386239430766, 0.09528746980664995, 0.07216610795029782, 0.37304053319651465, 0.056480886402536776, 1.0, 0.25380578826297184, 0.04660928955197932, 0.06722380886506407, 0.10180684165663349, 0.10874750874066123, 0.06311823562156325, 0.13734454334061907, 0.0857689478668593, 0.04964938525804465], [0.07518242179572995, 0.05041284063921462, 0.09764016419239403, 0.05072857946253211, 0.09080357477910557, 0.09383873626767805, 0.13369079113078935, 0.10300795068996536, 0.29207945787473283, 0.09537869792089204, 0.25380578826297184, 1.0, 0.043836465231159985, 0.05397589247491123, 0.1296925344485521, 0.14038801444801724, 0.060206542439583684, 0.10163275148161091, 0.09884948370262357, 0.06073081105581545], [0.01943971568376843, 0.019227520690039534, 0.08045215845178355, 0.02470558656726079, 0.02136708662267121, 0.0658176979661938, 0.03973956766898815, 0.08520660417449961, 0.21828558970505704, 0.032745340302311285, 0.04660928955197932, 0.043836465231159985, 1.0, 0.03997489628766727, 0.07199829422194697, 0.04749813659314514, 0.05264592105147379, 0.057068100991477085, 0.07479311432343533, 0.045551824970215746], [0.02507668471790524, 0.018885801343178195, 0.0660960823989368, 0.018732670534362072, 0.02066520753034314, 0.024892639168052434, 0.08333781848873441, 0.10571036898931033, 0.4698601934544849, 0.03413023864174363, 0.06722380886506407, 0.05397589247491123, 0.03997489628766727, 1.0, 0.05321407751133432, 0.09816969953289251, 0.030229221125105274, 0.06828835141785564, 0.06222366580326199, 0.04700087423809676], [0.03380346837236215, 0.07003090731301839, 0.12073105592112497, 0.04089353395293246, 0.04914171910159946, 0.06741918023624396, 0.08009899660117219, 0.1410833532236191, 0.41160394280492413, 0.07135104004404855, 0.10180684165663349, 0.1296925344485521, 0.07199829422194697, 0.05321407751133432, 1.0, 0.26540724855401915, 0.11946213075852981, 0.18889195505214307, 0.09010180703078893, 0.0661657059618103], [0.05984365857898798, 0.05383094773882589, 0.06960985993379415, 0.07046525343793662, 0.05611260350133202, 0.0912381504557186, 0.0826815492590612, 0.0642718800755567, 0.6028207455631307, 0.05198368195247538, 0.10874750874066123, 0.14038801444801724, 0.04749813659314514, 0.09816969953289251, 0.26540724855401915, 1.0, 0.07141296790541969, 0.06953758089251105, 0.1360535080028226, 0.08009840937590643], [0.03705751769743281, 0.02478846006749451, 0.044810396637553616, 0.02331736887981645, 0.042781141352410686, 0.030159888124343795, 0.09709489731581482, 0.051879262623399654, 0.2662024202005821, 0.03022381407687896, 0.06311823562156325, 0.060206542439583684, 0.05264592105147379, 0.030229221125105274, 0.11946213075852981, 0.07141296790541969, 1.0, 0.21780390102163485, 0.0825968149411022, 0.05174302178596127], [0.07495554693298719, 0.09645089537446944, 0.14865195477430163, 0.08684998649252242, 0.11025261819303706, 0.07207972025003209, 0.09211685604028168, 0.08303213036902406, 0.34807868228590494, 0.14601222925443375, 0.13734454334061907, 0.10163275148161091, 0.057068100991477085, 0.06828835141785564, 0.18889195505214307, 0.06953758089251105, 0.21780390102163485, 1.0, 0.1837242506925914, 0.0987692138219448], [0.058644095397102476, 0.06775654801509692, 0.1227242540496896, 0.08785818211185824, 0.05361705360497736, 0.054830885598190694, 0.10259075535595849, 0.08101975056528478, 0.18067980646903856, 0.045692545497538664, 0.0857689478668593, 0.09884948370262357, 0.07479311432343533, 0.06222366580326199, 0.09010180703078893, 0.1360535080028226, 0.0825968149411022, 0.1837242506925914, 1.0, 0.21646618051257996], [0.041128695555594424, 0.04499163265769335, 0.09815980364321907, 0.041389590970925594, 