{"model": "LSING", "dataset": "0.5_dim20_pair_gau", "N": 100, "seed": 1234560, "metrics": {"TP": 6, "FP": 47, "FN": 4, "TN": 133, "TPR": 0.6, "FDR": 0.8867924528301887, "FPR": 0.2611111111111111, "Hamming": 51}, "omega": [[1.0, 0.21696403289513008, 0.1084237242971347, 0.07029207102409195, 0.05440609932718473, 0.047254946093190656, 0.1054542522919829, 0.07904536807414973, 0.09509197381687959, 0.04950852520995754, 0.051226759082962516, 0.04373986493193095, 0.3378546176261807, 0.061782409639395276, 0.3178764030800899, 0.325314806789758, 0.11534828475954086, 0.058803763444525356, 0.0628182630886152, 0.06908162744419638], [0.21696403289513008, 1.0, 0.09509239920750817, 0.08175175915386096, 0.04783661596737537, 0.06184858242390634, 0.1051713307113273, 0.07237037420413776, 0.06767832647836332, 0.05783515818641359, 0.04371306259546747, 0.03957439490364575, 0.45211043653368155, 0.0907058146754095, 0.1981472520201692, 0.22668310983236992, 0.19163216821385237, 0.06294983081996552, 0.10087735726399219, 0.06599297243774135], [0.1084237242971347, 0.09509239920750817, 1.0, 0.3101248096104251, 0.07595864777699583, 0.06765619525822521, 0.21865278460705467, 0.13053049538156666, 0.06022998062618373, 0.09599774226650745, 0.0470189988180685, 0.05849696647398289, 0.42019758522101336, 0.11144969963058642, 0.25798329501909023, 0.309901419539435, 0.1535619102613382, 0.05332121279086357, 0.1068638277695875, 0.07633798305287366], [0.07029207102409195, 0.08175175915386096, 0.3101248096104251, 1.0, 0.09192317085301947, 0.036725449561542244, 0.3231109711079048, 0.04192085847319232, 0.0634224759392516, 0.05063262130940907, 0.09436691048821319, 0.038949744896512276, 0.3655814479075362, 0.07187218315051716, 0.10762632001984283, 0.548983215503765, 0.09915741296616813, 0.06115897444972995, 0.057584367232530735, 0.06193079257145799], [0.05440609932718473, 0.04783661596737537, 0.07595864777699583, 0.09192317085301947, 1.0, 0.09145198256029312, 0.18967684382841093, 0.07946945117191846, 0.10996526630980392, 0.039603125813968604, 0.030709420542702457, 0.07223695970481817, 0.339853953580502, 0.06179427831061893, 0.23482142701322115, 0.3886491246115311, 0.05866519892356538, 0.02479064236602704, 0.05830466536809815, 0.03938505448926728], [0.047254946093190656, 0.06184858242390634, 0.06765619525822521, 0.036725449561542244, 0.09145198256029312, 1.0, 0.20925381275438906, 0.029975162913703293, 0.09818790409382852, 0.07036774692617095, 0.025503942007695426, 0.025715281389356335, 0.597983997459, 0.04277927699190798, 0.07959539815690239, 0.3576554865465305, 0.0788106110747287, 0.02873778269934132, 0.06756476354171075, 0.0828280383471109], [0.1054542522919829, 0.1051713307113273, 0.21865278460705467, 0.3231109711079048, 0.18967684382841093, 0.20925381275438906, 1.0, 0.26710550254776266, 0.11492250691641533, 0.11844008929276517, 0.11293459719979529, 0.10563277319567838, 0.2538789299004237, 0.1251355523599145, 0.1847363243457383, 0.4411654437958631, 0.2541325499746729, 0.11697262251359178, 0.2523356754177881, 0.09890173956407713], [0.07904536807414973, 0.07237037420413776, 0.13053049538156666, 0.04192085847319232, 0.07946945117191846, 0.029975162913703293, 0.26710550254776266, 1.0, 0.08242701769319606, 0.07064435854583595, 0.07120230130330962, 0.04254801855772071, 0.4638619780838748, 0.08165985296318386, 0.18811512575637726, 0.5584199694067786, 0.10993586254603491, 0.07201142700122294, 0.07103205711054615, 0.04952714150368388], [0.09509197381687959, 0.06767832647836332, 0.06022998062618373, 0.0634224759392516, 0.10996526630980392, 0.09818790409382852, 0.11492250691641533, 0.08242701769319606, 1.0, 0.06351972269112147, 0.07200124284961983, 0.07525173172161914, 0.4740170531467781, 0.07814939315299971, 0.1143897678719692, 0.40820769130252865, 0.09062942160836052, 0.05516305059181653, 0.06378037943535175, 0.10796591126744157], [0.04950852520995754, 0.05783515818641359, 0.09599774226650745, 0.05063262130940907, 0.039603125813968604, 0.07036774692617095, 0.11844008929276517, 0.07064435854583595, 0.06351972269112147, 1.0, 0.01812479132680864, 0.030617540938939647, 0.5704192750929206, 0.051034672717539316, 0.15896603326729233, 0.31364286100721156, 0.06992589149877552, 0.017608256665762077, 0.054325528706014065, 0.03179210309200087], [0.051226759082962516, 0.04371306259546747, 0.0470189988180685, 0.09436691048821319, 0.030709420542702457, 0.025503942007695426, 0.11293459719979529, 0.07120230130330962, 0.07200124284961983, 0.01812479132680864, 1.0, 0.033123498725573304, 0.3174582631802378, 0.027981189335478756, 0.21819144540263988, 0.3080560749926593, 0.12210075903322454, 0.02073170610328659, 0.05202839749678339, 0.03056096705305952], [0.04373986493193095, 0.03957439490364575, 0.05849696647398289, 0.038949744896512276, 0.07223695970481817, 0.025715281389356335, 0.10563277319567838, 0.04254801855772071, 0.07525173172161914, 0.030617540938939647, 0.033123498725573304, 1.0, 0.43468475391261213, 0.06497582254186389, 0.10571668286059709, 0.3115044182270504, 0.07716022428011908, 0.016185204690335256, 0.025906543560436663, 0.051049758405391596], [0.3378546176261807, 0.45211043653368155, 0.42019758522101336, 0.3655814479075362, 0.339853953580502, 0.597983997459, 0.2538789299004237, 0.4638619780838748, 0.4740170531467781, 0.5704192750929206, 0.3174582631802378, 0.43468475391261213, 1.0, 0.8466054700435557, 0.4903846229359283, 0.3513821050597052, 0.3223024834959344, 0.6857328871076535, 0.3235924833039632, 0.37926791418104017], [0.061782409639395276, 0.0907058146754095, 0.11144969963058642, 0.07187218315051716, 0.06179427831061893, 0.04277927699190798, 0.1251355523599145, 0.08165985296318386, 0.07814939315299971, 0.051034672717539316, 0.027981189335478756, 0.06497582254186389, 0.8466054700435557, 1.0, 0.25844844876398937, 0.3755903931089336, 0.1223773795151943, 0.04481571430339994, 0.05546312959449148, 0.09301170456860809], [0.3178764030800899, 0.1981472520201692, 0.25798329501909023, 0.10762632001984283, 0.23482142701322115, 0.07959539815690239, 0.1847363243457383, 0.18811512575637726, 0.1143897678719692, 0.15896603326729233, 0.21819144540263988, 0.10571668286059709, 0.4903846229359283, 0.25844844876398937, 1.0, 1.0, 0.3069106561879502, 0.07950875072152795, 0.13610552316284694, 0.34183197364672335], [0.325314806789758, 0.22668310983236992, 0.309901419539435, 0.548983215503765, 0.3886491246115311, 0.3576554865465305, 0.4411654437958631, 0.5584199694067786, 0.40820769130252865, 0.31364286100721156, 0.3080560749926593, 0.3115044182270504, 0.3513821050597052, 0.3755903931089336, 1.0, 1.0, 0.3707882237476173, 0.4718730564283941, 0.2944650789197783, 0.2942015439716476], [0.11534828475954086, 0.19163216821385237, 0.1535619102613382, 0.09915741296616813, 0.05866519892356538, 0.0788106110747287, 0.2541325499746729, 0.10993586254603491, 0.09062942160836052, 0.06992589149877552, 0.12210075903322454, 0.07716022428011908, 0.3223024834959344, 0.1223773795151943, 0.3069106561879502, 0.3707882237476173, 1.0, 0.26676341724308916, 0.11424902629175863, 0.0887217859665595], [0.058803763444525356, 0.06294983081996552, 0.05332121279086357, 0.06115897444972995, 0.02479064236602704, 0.02873778269934132, 0.11697262251359178, 0.07201142700122294, 0.05516305059181653, 0.017608256665762077, 0.02073170610328659, 0.016185204690335256, 0.6857328871076535, 0.04481571430339994, 0.07950875072152795, 0.4718730564283941, 0.26676341724308916, 1.0, 0.03464862025094993, 0.011788454753816626], [0.0628182630886152, 0.10087735726399219, 0.1068638277695875, 0.057584367232530735, 0.05830466536809815, 0.06756476354171075, 0.2523356754177881, 0.07103205711054615, 0.06378037943535175, 0.054325528706014065, 0.05202839749678339, 0.025906543560436663, 0.3235924833039632, 0.05546312959449148, 0.13610552316284694, 0.2944650789197783, 0.11424902629175863, 0.03464862025094993, 1.0, 0.13451016378193648], [0.06908162744419638, 0.06599297243774135, 0.07633798305287366, 0.06193079257145799, 0.03938505448926728, 0.0828280383471109, 0.09890173956407713, 0.04952714150368388, 