{"model": "LSING", "dataset": "dim6_butterfly", "N": 5000, "seed": 1234560, "metrics": {"TP": 3, "FP": 0, "FN": 0, "TN": 12, "TPR": 1.0, "FDR": 0.0, "FPR": 0.0, "Hamming": 0}, "omega": [[1.0, 0.726038685251345, 0.020701093677486737, 0.049220380532006475, 0.01898679054599895, 0.03133141983468821], [0.726038685251345, 1.0, 0.031873031127520185, 0.05537306055080129, 0.03718963405691592, 0.05301735840876331], [0.020701093677486737, 0.031873031127520185, 1.0, 1.0, 0.02129779860102941, 0.02995284983507716], [0.049220380532006475, 0.05537306055080129, 1.0, 1.0, 0.04104174563790072, 0.05559737905329741], [0.01898679054599895, 0.03718963405691592, 0.02129779860102941, 0.04104174563790072, 1.0, 0.6321276165052522], [0.03133141983468821, 0.05301735840876331, 0.02995284983507716, 0.05559737905329741, 0.6321276165052522, 1.0]], "meta_info": {"source": "pretrained"}}