{
  "model": "SING",
  "dataset": "dim5_cop_gau",
  "N": 5000,
  "seed": 1234560,
  "execution_time_sec": 0.77,
  "metrics": {
    "TP": 4,
    "FP": 2,
    "FN": 0,
    "TN": 4,
    "TPR": 1.0,
    "FDR": 0.3333333333333333,
    "FPR": 0.3333333333333333,
    "F1": 0.8,
    "Hamming": 2
  },
  "meta_info": {
    "p_order": 1,
    "delta": 1.0
  },
  "omega": [
    [
      3.7325855368758925,
      1.1227806588949327,
      0.12695681228733544,
      0.0,
      0.0
    ],
    [
      1.1227806588949327,
      5.73172244194211,
      1.0009251381949742,
      0.0,
      0.0
    ],
    [
      0.12695681228733544,
      1.0009251381949742,
      7.176572521624571,
      1.1859857727033856,
      0.04916674206862831
    ],
    [
      0.0,
      0.0,
      1.1859857727033856,
      6.538923867780978,
      1.205538738500767
    ],
    [
      0.0,
      0.0,
      0.04916674206862831,
      1.205538738500767,
      3.2018146807313306
    ]
  ]
}