{
  "model": "SING",
  "dataset": "dim5_cop_gau",
  "N": 5000,
  "seed": 1230,
  "execution_time_sec": 0.78,
  "metrics": {
    "TP": 4,
    "FP": 2,
    "FN": 0,
    "TN": 4,
    "TPR": 1.0,
    "FDR": 0.3333333333333333,
    "FPR": 0.3333333333333333,
    "F1": 0.8,
    "Hamming": 2
  },
  "meta_info": {
    "p_order": 1,
    "delta": 1.0
  },
  "omega": [
    [
      3.9925044345414236,
      1.1456623812249318,
      0.17702496082734673,
      0.0,
      0.0
    ],
    [
      1.1456623812249318,
      6.067680405762859,
      1.0937365135704677,
      0.0,
      0.0
    ],
    [
      0.17702496082734673,
      1.0937365135704677,
      7.869239987953455,
      1.2231651690501633,
      0.06310736039699695
    ],
    [
      0.0,
      0.0,
      1.2231651690501633,
      6.94581981009363,
      1.3308443588378298
    ],
    [
      0.0,
      0.0,
      0.06310736039699695,
      1.3308443588378298,
      3.479562114000148
    ]
  ]
}