{"model": "LSING", "dataset": "0.7_dim20_pair_gau", "N": 2000, "seed": 1234560, "metrics": {"TP": 10, "FP": 0, "FN": 0, "TN": 180, "TPR": 1.0, "FDR": 0.0, "FPR": 0.0, "Hamming": 0}, "omega": [[1.0, 0.8674264795549762, 0.08707058674228699, 0.08825987286911222, 0.06625705341621368, 0.08693572779017067, 0.06731532679193934, 0.07374959434131467, 0.08662751525781148, 0.07389683452709266, 0.11314990087619667, 0.0870541309818945, 0.08180101953302564, 0.10656199186655967, 0.06473343320807458, 0.0809188885730504, 0.09586885719022463, 0.08910091879137154, 0.07081115928227964, 0.07301118898201872], [0.8674264795549762, 1.0, 0.08288404178525832, 0.09036248631567886, 0.07852199046268271, 0.06055160970063324, 0.06608053861209627, 0.06937365592262985, 0.10351020396314292, 0.0877948739615964, 0.0827977863104426, 0.06027293273028671, 0.09102763989320793, 0.10327136439357473, 0.057158798316113084, 0.06935865166141966, 0.12579746017434168, 0.08504293752034274, 0.06721109882163057, 0.08143783214867804], [0.08707058674228699, 0.08288404178525832, 1.0, 1.0, 0.05523855459733173, 0.0820818819066354, 0.07089387299036405, 0.0870821905812555, 0.10054770228657982, 0.08917244182130334, 0.10857986929157445, 0.09256411157725315, 0.07598340537408275, 0.09940058846277561, 0.07535637131815001, 0.08292436301909742, 0.10559684820054113, 0.07548740037822915, 0.09596815984870138, 0.07095881534703682], [0.08825987286911222, 0.09036248631567886, 1.0, 1.0, 0.07598980936672972, 0.09507718126730601, 0.08728225827004435, 0.07197216292035634, 0.08320077304128286, 0.06851889414854688, 0.11963739549858246, 0.08405420563353036, 0.09801664922838085, 0.12415979399018887, 0.08863027425875905, 0.07956562109291213, 0.10273097450980426, 0.08892459969500903, 0.08107342974535203, 0.07963469777590748], [0.06625705341621368, 0.07852199046268271, 0.05523855459733173, 0.07598980936672972, 1.0, 0.7517036360065389, 0.09136975879410622, 0.05679910377155808, 0.07106918092999281, 0.08549547908562553, 0.08196838771776402, 0.056028787175557856, 0.06942220775482846, 0.07545762561784938, 0.06998832505388052, 0.09314351797649663, 0.06403524443333211, 0.07400751541698712, 0.07619748791265415, 0.07905591111788791], [0.08693572779017067, 0.06055160970063324, 0.0820818819066354, 0.09507718126730601, 0.7517036360065389, 1.0, 0.07155482700565222, 0.07243896397011534, 0.09102413074443577, 0.07069582489687941, 0.10450938446953717, 0.07867687140539217, 0.07673626320744657, 0.09353246539408497, 0.08968412790101954, 0.09075711469448627, 0.07897870712673703, 0.07965207771180928, 0.07406882902570416, 0.09095150957654582], [0.06731532679193934, 0.06608053861209627, 0.07089387299036405, 0.08728225827004435, 0.09136975879410622, 0.07155482700565222, 1.0, 0.8843251048515169, 0.07200260091257221, 0.05973059120529361, 0.10731903838951132, 0.07489798570185237, 0.07443043443903286, 0.081472988872318, 0.058188503795947616, 0.08279821306207484, 0.08684732496637741, 0.0813796824819988, 0.07206495829598214, 0.08197405237000352], [0.07374959434131467, 0.06937365592262985, 0.0870821905812555, 0.07197216292035634, 0.05679910377155808, 0.07243896397011534, 0.8843251048515169, 1.0, 0.08147049903476936, 0.08242427534202322, 0.0824388936240501, 0.0834493925622703, 0.08844862212607511, 0.10324223655605148, 0.06738972020227657, 0.08777045126468092, 0.08351063006241599, 0.08056142292237083, 0.11459649649196024, 0.08915468406070802], [0.08662751525781148, 0.10351020396314292, 0.10054770228657982, 0.08320077304128286, 0.07106918092999281, 0.09102413074443577, 0.07200260091257221, 0.08147049903476936, 1.0, 0.8925425690461308, 0.11468758757922032, 0.0831819388880355, 0.09321005317684135, 0.11809097261883245, 0.06517944302703707, 0.09528246782955925, 0.09233568257298116, 0.06789120501526781, 0.09046300127497078, 0.08522617977853536], [0.07389683452709266, 0.0877948739615964, 0.08917244182130334, 0.06851889414854688, 0.08549547908562553, 0.07069582489687941, 0.05973059120529361, 0.08242427534202322, 0.8925425690461308, 1.0, 0.0918716486134236, 0.07704734340204793, 0.12469840347702225, 0.1621367153054076, 0.08199670554263498, 0.09610402180306163, 0.0709307421568595, 0.07195271174404835, 0.070700331611569, 0.053452990431891355], [0.11314990087619667, 0.0827977863104426, 0.10857986929157445, 0.11963739549858246, 0.08196838771776402, 0.10450938446953717, 0.10731903838951132, 0.0824388936240501, 0.11468758757922032, 0.0918716486134236, 1.0, 0.9121788413996531, 0.11051006148789734, 0.09530852414259562, 0.08176768126060845, 0.09819464543147645, 0.08574300862314463, 0.09046409125843914, 0.0804870431028499, 0.08728715096391723], [0.0870541309818945, 0.06027293273028671, 0.09256411157725315, 0.08405420563353036, 0.056028787175557856, 0.07867687140539217, 0.07489798570185237, 0.0834493925622703, 0.0831819388880355, 0.07704734340204793, 0.9121788413996531, 1.0, 0.05875288690683807, 0.08069170176938946, 0.05739585205241767, 0.09185995779323067, 0.07354412294395957, 0.06880248283990914, 0.07800818149745832, 0.06144633391100464], [0.08180101953302564, 0.09102763989320793, 0.07598340537408275, 0.09801664922838085, 0.06942220775482846, 0.07673626320744657, 0.07443043443903286, 0.08844862212607511, 0.09321005317684135, 0.12469840347702225, 0.11051006148789734, 0.05875288690683807, 1.0, 0.9671237501015506, 0.06420404916735484, 0.07802216372928172, 0.0840025306317429, 0.07540941083789536, 0.08527524806175389, 0.0706046033377827], [0.10656199186655967, 0.10327136439357473, 0.09940058846277561, 0.12415979399018887, 0.07545762561784938, 0.09353246539408497, 0.081472988872318, 0.10324223655605148, 0.11809097261883245, 0.1621367153054076, 0.09530852414259562, 0.08069170176938946, 0.9671237501015506, 1.0, 0.06617855014302322, 0.10282220150522749, 0.1003560908037013, 0.09829008286179362, 0.09392913239533941, 0.08726556874761128], [0.06473343320807458, 0.057158798316113084, 0.07535637131815001, 0.08863027425875905, 0.06998832505388052, 0.08968412790101954, 0.058188503795947616, 0.06738972020227657, 0.06517944302703707, 0.08199670554263498, 0.08176768126060845, 0.05739585205241767, 0.06420404916735484, 0.06617855014302322, 1.0, 0.9057563217518992, 0.07274573859410856, 0.06052620031045339, 0.06446526737506496, 0.06280474415603597], [0.0809188885730504, 0.06935865166141966, 0.08292436301909742, 0.07956562109291213, 0.09314351797649663, 0.09075711469448627, 0.08279821306207484, 0.08777045126468092, 0.09528246782955925, 0.09610402180306163, 0.09819464543147645, 0.09185995779323067, 0.07802216372928172, 0.10282220150522749, 0.9057563217518992, 1.0, 0.09616753440585822, 0.09727014374256202, 0.08162349629033776, 0.06763897577346749], [0.09586885719022463, 0.12579746017434168, 0.10559684820054113, 0.10273097450980426, 0.06403524443333211, 0.07897870712673703, 0.08684732496637741, 0.08351063006241599, 0.09233568257298116, 0.0709307421568595, 0.08574300862314463, 0.07354412294395957, 0.0840025306317429, 0.1003560908037013, 0.07274573859410856, 0.09616753440585822, 1.0, 0.8900052397489583, 0.08829756020274976, 0.09863522979656657], [0.08910091879137154, 0.08504293752034274, 0.07548740037822915, 0.08892459969500903, 0.07400751541698712, 0.07965207771180928, 0.0813796824819988, 0.08056142292237083, 0.06789120501526781, 0.07195271174404835, 0.09046409125843914, 0.06880248283990914, 0.07540941083789536, 0.09829008286179362, 0.06052620031045339, 0.09727014374256202, 0.8900052397489583, 1.0, 0.0686921580294021, 0.06848457733735511], [0.07081115928227964, 0.06721109882163057, 0.09596815984870138, 0.08107342974535203, 0.07619748791265415, 0.07406882902570416, 0.07206495829598214, 0.11459649649196024, 0.09046300127497078, 0.070700331611569, 0.0804870431028499, 0.07800818149745832, 0.08527524806175389, 0.09392913239533941, 0.06446526737506496, 0.08162349629033776, 0.08829756020274976, 0.0686921580294021, 1.0, 0.7945566975803737], [0.07301118898201872, 0.08143783214867804, 0.07095881534703682, 0.07963469777590748, 0.07905591111788791, 0.09095150957654582, 0.08197405237000352, 0.08915468406070802, 