{"model": "LSING", "dataset": "0.7_dim20_pair_gau", "N": 2000, "seed": 12340, "metrics": {"TP": 10, "FP": 0, "FN": 0, "TN": 180, "TPR": 1.0, "FDR": 0.0, "FPR": 0.0, "Hamming": 0}, "omega": [[1.0, 0.6993733830899858, 0.10462491500444003, 0.08654441928186553, 0.07733021965809064, 0.10453539299584967, 0.07526999386123626, 0.06332905865823783, 0.058868649265499146, 0.06849809677989031, 0.06740527961447093, 0.07374071168833445, 0.07777616772206894, 0.06225127018209502, 0.06376509595054326, 0.08506605232363432, 0.0701377636856734, 0.06943456327337748, 0.09424780669612502, 0.0782838363081323], [0.6993733830899858, 1.0, 0.08988667855027256, 0.09341130334972057, 0.07126374221978761, 0.09697873388408318, 0.05795205564117897, 0.0743539428241692, 0.05493555158383859, 0.06652277366771464, 0.04601081492733984, 0.07128323136733865, 0.05090088254602978, 0.05711595801317101, 0.062362945392767474, 0.06784471418732513, 0.061507651907615556, 0.0733952229210442, 0.06585732217489774, 0.06574466199727483], [0.10462491500444003, 0.08988667855027256, 1.0, 0.8798644951392786, 0.12769473759581015, 0.1399753006461305, 0.09194295470297816, 0.10757896042550416, 0.07613418382206986, 0.1204899365413412, 0.08341503752318363, 0.10064893337708966, 0.09679049765672697, 0.07948717263120288, 0.09522284576631777, 0.0948725788094787, 0.1202126793431734, 0.08200966810319005, 0.10570296255377577, 0.10186416751434112], [0.08654441928186553, 0.09341130334972057, 0.8798644951392786, 1.0, 0.09195851375907421, 0.0879009020791709, 0.0781958565182659, 0.08481016377570964, 0.07794432333288649, 0.12070363282011944, 0.08243152236022601, 0.10862399813952207, 0.07758691231054808, 0.07824862435067459, 0.07300755654912787, 0.09249233162901627, 0.07661242315986862, 0.08887568940843091, 0.08368606474428752, 0.09473702975966923], [0.07733021965809064, 0.07126374221978761, 0.12769473759581015, 0.09195851375907421, 1.0, 1.0, 0.08473721511920651, 0.09770387730700279, 0.09209282121282701, 0.10351648745710335, 0.0858001875416179, 0.08509678182603703, 0.10797978576035186, 0.06682257512184066, 0.09991969122073098, 0.0968925040603124, 0.08601759394404582, 0.08350899799326793, 0.09153741716892323, 0.11027184540357621], [0.10453539299584967, 0.09697873388408318, 0.1399753006461305, 0.0879009020791709, 1.0, 1.0, 0.07809326842203973, 0.0889409905175692, 0.06539949584943237, 0.0908814389562553, 0.07445578302985728, 0.10312928057349145, 0.08189089282057932, 0.0790740437637778, 0.06546080087677407, 0.06691434569021869, 0.09926497415681354, 0.10631124196990419, 0.08493315755200899, 0.10104217715491412], [0.07526999386123626, 0.05795205564117897, 0.09194295470297816, 0.0781958565182659, 0.08473721511920651, 0.07809326842203973, 1.0, 0.9402156052082745, 0.07099193044684475, 0.07232384284029626, 0.08969505481871447, 0.09307215209931016, 0.08050849781580768, 0.07525590614534909, 0.09113792630542777, 0.0977481201649121, 0.07417106159082906, 0.06526708745106548, 0.13425960831105238, 0.09389996427331788], [0.06332905865823783, 0.0743539428241692, 0.10757896042550416, 0.08481016377570964, 0.09770387730700279, 0.0889409905175692, 0.9402156052082745, 1.0, 0.05615793711884956, 0.08891818230024459, 0.0743427195779246, 0.11168325171778236, 0.07537760211159708, 0.09183531956766335, 0.10008884646301937, 0.06702310266134062, 0.08879207231336993, 0.07515437633867518, 0.11410980456535065, 0.08528048671660372], [0.058868649265499146, 0.05493555158383859, 0.07613418382206986, 0.07794432333288649, 0.09209282121282701, 0.06539949584943237, 0.07099193044684475, 0.05615793711884956, 1.0, 0.8986143553375178, 0.06006266628588447, 0.06267255252283715, 0.08955567832909249, 0.07443166478204769, 0.08533107442365306, 0.081416615347363, 0.06951561652146315, 0.06824569349963655, 0.0832762451702891, 0.07473126337697547], [0.06849809677989031, 0.06652277366771464, 0.1204899365413412, 0.12070363282011944, 0.10351648745710335, 0.0908814389562553, 0.07232384284029626, 0.08891818230024459, 0.8986143553375178, 1.0, 0.0782810060557039, 0.1073733149684005, 0.12593900834368194, 0.074418989748288, 0.10146016486674996, 0.07809776065344164, 0.08172543059333354, 0.07694304210351947, 0.08555207118948109, 0.0861199180789056], [0.06740527961447093, 0.04601081492733984, 0.08341503752318363, 0.08243152236022601, 0.0858001875416179, 0.07445578302985728, 0.08969505481871447, 0.0743427195779246, 0.06006266628588447, 0.0782810060557039, 1.0, 0.8551180192777047, 0.08016079959411736, 0.07468426114515278, 0.07124143748432851, 0.07719658188410071, 0.07360038200488943, 0.07492761152817441, 0.08934565795674976, 0.11534454740284697], [0.07374071168833445, 0.07128323136733865, 0.10064893337708966, 0.10862399813952207, 0.08509678182603703, 0.10312928057349145, 0.09307215209931016, 0.11168325171778236, 0.06267255252283715, 0.1073733149684005, 0.8551180192777047, 1.0, 0.0911460846669183, 0.06415940046200669, 0.08555898795491493, 0.07578429569867327, 0.07127859004664647, 0.07600925921725718, 0.10207052664476869, 0.08401540787466755], [0.07777616772206894, 0.05090088254602978, 0.09679049765672697, 0.07758691231054808, 0.10797978576035186, 0.08189089282057932, 0.08050849781580768, 0.07537760211159708, 0.08955567832909249, 0.12593900834368194, 0.08016079959411736, 0.0911460846669183, 1.0, 0.8823972728841208, 0.08662459021464322, 0.09303985593731626, 0.09771833652407226, 0.09064109479990634, 0.07016699007473978, 0.0962166358698704], [0.06225127018209502, 0.05711595801317101, 0.07948717263120288, 0.07824862435067459, 0.06682257512184066, 0.0790740437637778, 0.07525590614534909, 0.09183531956766335, 0.07443166478204769, 0.074418989748288, 0.07468426114515278, 0.06415940046200669, 0.8823972728841208, 1.0, 0.07385145081379094, 0.0812057053274521, 0.0795722757309931, 0.07112479344534263, 0.08391300064085909, 0.07831965684318473], [0.06376509595054326, 0.062362945392767474, 0.09522284576631777, 0.07300755654912787, 0.09991969122073098, 0.06546080087677407, 0.09113792630542777, 0.10008884646301937, 0.08533107442365306, 0.10146016486674996, 0.07124143748432851, 0.08555898795491493, 0.08662459021464322, 0.07385145081379094, 1.0, 0.9099034550548485, 0.08882092231308054, 0.07868371333733043, 0.07622821028249575, 0.07155199780822123], [0.08506605232363432, 0.06784471418732513, 0.0948725788094787, 0.09249233162901627, 0.0968925040603124, 0.06691434569021869, 0.0977481201649121, 0.06702310266134062, 0.081416615347363, 0.07809776065344164, 0.07719658188410071, 0.07578429569867327, 0.09303985593731626, 0.0812057053274521, 0.9099034550548485, 1.0, 0.08139276839317995, 0.09026312900820446, 0.07723391042066291, 0.08819290445255508], [0.0701377636856734, 0.061507651907615556, 0.1202126793431734, 0.07661242315986862, 0.08601759394404582, 0.09926497415681354, 0.07417106159082906, 0.08879207231336993, 0.06951561652146315, 0.08172543059333354, 0.07360038200488943, 0.07127859004664647, 0.09771833652407226, 0.0795722757309931, 0.08882092231308054, 0.08139276839317995, 1.0, 0.8194252806319932, 0.07715580474116848, 0.09565995356860907], [0.06943456327337748, 0.0733952229210442, 0.08200966810319005, 0.08887568940843091, 0.08350899799326793, 0.10631124196990419, 0.06526708745106548, 0.07515437633867518, 0.06824569349963655, 0.07694304210351947, 0.07492761152817441, 0.07600925921725718, 0.09064109479990634, 0.07112479344534263, 0.07868371333733043, 0.09026312900820446, 0.8194252806319932, 1.0, 0.07369585780874369, 0.05839848519024224], [0.09424780669612502, 0.06585732217489774, 0.10570296255377577, 0.08368606474428752, 0.09153741716892323, 0.08493315755200899, 0.13425960831105238, 0.11410980456535065, 0.0832762451702891, 0.08555207118948109, 0.08934565795674976, 0.10207052664476869, 0.07016699007473978, 0.08391300064085909, 0.07622821028249575, 0.07723391042066291, 0.07715580474116848, 0.07369585780874369, 1.0, 0.9408465706373912], [0.0782838363081323, 0.06574466199727483, 0.10186416751434112, 0.09473702975966923, 0.11027184540357621, 0.10104217715491412, 0.09389996427331788, 0.08528048671660372, 0.07473126337697547, 