{"model": "LSING", "dataset": "0.7_dim20_pair_gau", "N": 2000, "seed": 123450, "metrics": {"TP": 10, "FP": 0, "FN": 0, "TN": 180, "TPR": 1.0, "FDR": 0.0, "FPR": 0.0, "Hamming": 0}, "omega": [[1.0, 0.8587201995022954, 0.12295020201849921, 0.08629574995155831, 0.08096555056956412, 0.06693716457510553, 0.058396547291880686, 0.0699866795566794, 0.08511970791791282, 0.08856444315958731, 0.07006974922328803, 0.061908871687583966, 0.08504046093053444, 0.07607646063137755, 0.0720156146153792, 0.06596539863570598, 0.06886605785540094, 0.08023125063192221, 0.06607589377500996, 0.0726016671105614], [0.8587201995022954, 1.0, 0.13096237222226267, 0.11485840036948446, 0.10718442169691023, 0.07711627804756446, 0.06747853722558614, 0.08821181742521925, 0.09153044561801535, 0.08263176422481477, 0.09627417398106691, 0.08894336045925333, 0.10766276028917306, 0.10651726562348224, 0.11687107626674781, 0.1052441455436427, 0.09045771812124956, 0.08035601207824533, 0.07217821352957672, 0.08987609175816147], [0.12295020201849921, 0.13096237222226267, 1.0, 1.0, 0.0847922909402765, 0.07591940959028315, 0.06945224418085537, 0.09011102228457989, 0.09411257175687203, 0.08592877761200776, 0.07945303733204691, 0.07985691276084396, 0.10462942660414999, 0.08621318640670644, 0.08467223301970266, 0.08091890220322198, 0.0796083047806042, 0.06564268031726359, 0.07402140677009485, 0.08070138177858115], [0.08629574995155831, 0.11485840036948446, 1.0, 1.0, 0.08459140440183435, 0.0897859120541812, 0.0617811976078817, 0.07268992695845468, 0.12239200811943882, 0.07918934546348859, 0.09525986948132137, 0.06340339326995885, 0.08017321695933027, 0.08357528711021958, 0.08135728394275389, 0.08242956128314946, 0.07478803036839551, 0.06369948179750622, 0.06323316846352219, 0.07975846721259555], [0.08096555056956412, 0.10718442169691023, 0.0847922909402765, 0.08459140440183435, 1.0, 0.9112451650285907, 0.06276324657874345, 0.08048511449194388, 0.08137876005152943, 0.07945725663553849, 0.06548010330256515, 0.06397250041939974, 0.08220140743506098, 0.08328717243361912, 0.08462566495152385, 0.06536917747311238, 0.06316393928033924, 0.07593013547828253, 0.07217465607761323, 0.06594094906160938], [0.06693716457510553, 0.07711627804756446, 0.07591940959028315, 0.0897859120541812, 0.9112451650285907, 1.0, 0.07535072339788033, 0.06890373472694868, 0.07561757366086315, 0.07341682486540373, 0.08490355742860403, 0.07672795612967759, 0.08227502138461754, 0.07010361801527157, 0.07703289692141319, 0.09161940624987955, 0.06349900648299145, 0.0771481320856316, 0.06345553354401755, 0.07286409610800545], [0.058396547291880686, 0.06747853722558614, 0.06945224418085537, 0.0617811976078817, 0.06276324657874345, 0.07535072339788033, 1.0, 0.6881352874356947, 0.08146509274350267, 0.06398728258128637, 0.05962022803588279, 0.06411710524517725, 0.08217716468956691, 0.06426221375943386, 0.08328851073634136, 0.06964995772520695, 0.05334736228222603, 0.06688041080657159, 0.0514414196769783, 0.065679877833109], [0.0699866795566794, 0.08821181742521925, 0.09011102228457989, 0.07268992695845468, 0.08048511449194388, 0.06890373472694868, 0.6881352874356947, 1.0, 0.06636440020931639, 0.07289106412449754, 0.07100986795322298, 0.07646584102505384, 0.06655877043014004, 0.06318022034127478, 0.06912654753053657, 0.0791961951401488, 0.060533838638806556, 0.06020720517658218, 0.05882877283889027, 0.05419904596827496], [0.08511970791791282, 0.09153044561801535, 0.09411257175687203, 0.12239200811943882, 0.08137876005152943, 0.07561757366086315, 0.08146509274350267, 0.06636440020931639, 1.0, 0.8790299312231145, 0.08488023202879412, 0.07488415213646257, 0.09631862996422225, 0.0941829956793943, 0.08859555504796301, 0.10729303834584772, 0.06587777630656402, 0.07585585967719788, 0.07747183831481078, 0.07725310125133154], [0.08856444315958731, 0.08263176422481477, 0.08592877761200776, 0.07918934546348859, 0.07945725663553849, 0.07341682486540373, 0.06398728258128637, 0.07289106412449754, 0.8790299312231145, 1.0, 0.06750382141392587, 0.07389896180412006, 0.08612604343326681, 0.08622738701522831, 0.07438218155140257, 0.08453404231388122, 0.06886972723813757, 0.08757850581099802, 0.0555288297853744, 0.07111711953338377], [0.07006974922328803, 0.09627417398106691, 0.07945303733204691, 0.09525986948132137, 0.06548010330256515, 0.08490355742860403, 0.05962022803588279, 0.07100986795322298, 0.08488023202879412, 0.06750382141392587, 1.0, 0.7554555156156276, 0.10283032435513567, 0.09579755814939928, 0.08811565672470936, 0.07546100927530411, 0.07189113542926659, 0.05278919758249775, 0.06667265025869246, 0.0707098350825615], [0.061908871687583966, 0.08894336045925333, 0.07985691276084396, 0.06340339326995885, 0.06397250041939974, 0.07672795612967759, 0.06411710524517725, 0.07646584102505384, 0.07488415213646257, 0.07389896180412006, 0.7554555156156276, 1.0, 0.0894710434895242, 0.07546319922521325, 0.0638006793828071, 0.08071214659902336, 0.06398351830072034, 0.07122439544632132, 0.05124414898916389, 0.07884572772308007], [0.08504046093053444, 0.10766276028917306, 0.10462942660414999, 0.08017321695933027, 0.08220140743506098, 0.08227502138461754, 0.08217716468956691, 0.06655877043014004, 0.09631862996422225, 0.08612604343326681, 0.10283032435513567, 0.0894710434895242, 1.0, 0.913871119364962, 0.09033815415604411, 0.08140885482983622, 0.07477002411358712, 0.07283565352524121, 0.06287111621143415, 0.0735123991459935], [0.07607646063137755, 0.10651726562348224, 0.08621318640670644, 0.08357528711021958, 0.08328717243361912, 0.07010361801527157, 0.06426221375943386, 0.06318022034127478, 0.0941829956793943, 0.08622738701522831, 0.09579755814939928, 0.07546319922521325, 0.913871119364962, 1.0, 0.07570072849219048, 0.0983614444387906, 0.07075696767116132, 0.10771346006284709, 0.06786573740246402, 0.07936011775740252], [0.0720156146153792, 0.11687107626674781, 0.08467223301970266, 0.08135728394275389, 0.08462566495152385, 0.07703289692141319, 0.08328851073634136, 0.06912654753053657, 0.08859555504796301, 0.07438218155140257, 0.08811565672470936, 0.0638006793828071, 0.09033815415604411, 0.07570072849219048, 1.0, 0.9099597714961493, 0.06642786495768296, 0.07724731735029376, 0.06826057807124707, 0.07212843596814221], [0.06596539863570598, 0.1052441455436427, 0.08091890220322198, 0.08242956128314946, 0.06536917747311238, 0.09161940624987955, 0.06964995772520695, 0.0791961951401488, 0.10729303834584772, 0.08453404231388122, 0.07546100927530411, 0.08071214659902336, 0.08140885482983622, 0.0983614444387906, 0.9099597714961493, 1.0, 0.0783613716351225, 0.08318836432699686, 0.055702981901981426, 0.06871090720417213], [0.06886605785540094, 0.09045771812124956, 0.0796083047806042, 0.07478803036839551, 0.06316393928033924, 0.06349900648299145, 0.05334736228222603, 0.060533838638806556, 0.06587777630656402, 0.06886972723813757, 0.07189113542926659, 0.06398351830072034, 0.07477002411358712, 0.07075696767116132, 0.06642786495768296, 0.0783613716351225, 1.0, 0.7804467178568594, 0.048196351901629866, 0.08083714407328113], [0.08023125063192221, 0.08035601207824533, 0.06564268031726359, 0.06369948179750622, 0.07593013547828253, 0.0771481320856316, 0.06688041080657159, 0.06020720517658218, 0.07585585967719788, 0.08757850581099802, 0.05278919758249775, 0.07122439544632132, 0.07283565352524121, 0.10771346006284709, 0.07724731735029376, 0.08318836432699686, 0.7804467178568594, 1.0, 0.05681303344503181, 0.07648005623324178], [0.06607589377500996, 0.07217821352957672, 0.07402140677009485, 0.06323316846352219, 0.07217465607761323, 0.06345553354401755, 0.0514414196769783, 0.05882877283889027, 0.07747183831481078, 0.0555288297853744, 0.06667265025869246, 0.05124414898916389, 0.06287111621143415, 0.06786573740246402, 0.06826057807124707, 0.055702981901981426, 0.048196351901629866, 0.05681303344503181, 1.0, 0.7052312238658678], [0.0726016671105614, 0.08987609175816147, 0.08070138177858115, 0.07975846721259555, 0.06594094906160938, 0.07286409610800545, 0.065679877833109, 0.05419904596827496, 