{"model": "LSING", "dataset": "dim20_pair_gau", "N": 400, "seed": 123450, "metrics": {"TP": 10, "FP": 1, "FN": 0, "TN": 179, "TPR": 1.0, "FDR": 0.09090909090909091, "FPR": 0.005555555555555556, "Hamming": 1}, "omega": [[1.0, 0.36241894901161165, 0.06551082304051259, 0.08640900299257065, 0.053569909658609284, 0.0741723801627313, 0.06745440346111907, 0.08339752616843064, 0.06156209446112917, 0.06016408589253385, 0.07188474143831362, 0.11465701848404966, 0.054874880458465655, 0.11928803067579678, 0.07729801383472903, 0.07321195333452364, 0.05631129040938222, 0.06332859042576243, 0.09782935517079239, 0.04858262648489081], [0.36241894901161165, 1.0, 0.04609459622950803, 0.06914101702889916, 0.05126766976651262, 0.045474148095276494, 0.056344510089467885, 0.06606064635405517, 0.04541820787751041, 0.04709422516931776, 0.08398320671200722, 0.13689994916776257, 0.03433809590671575, 0.09368857111301898, 0.06416963262769732, 0.05408465654656435, 0.05094197095226143, 0.05967433595458477, 0.08755944424894861, 0.05156443024946112], [0.06551082304051259, 0.04609459622950803, 1.0, 0.5157702174853452, 0.056162184156756, 0.06704520962848493, 0.04498608056052863, 0.0485860137067319, 0.04058014926012216, 0.0507793095857601, 0.08163390560645586, 0.10129076464201857, 0.02706146918993972, 0.08871530506027232, 0.05467781512953643, 0.08767728594586068, 0.04895631924390514, 0.05270627020390657, 0.08884321751565091, 0.056718708441154085], [0.08640900299257065, 0.06914101702889916, 0.5157702174853452, 1.0, 0.10595312357942158, 0.07868173256118224, 0.07937701588266328, 0.08096092066522725, 0.07419478065775982, 0.10321382497383919, 0.1287517890259711, 0.20168682452196388, 0.08906023133968032, 0.11137677556923609, 0.09900761772244678, 0.08254491012833726, 0.07795261438035468, 0.0844839501773141, 0.13353281280500562, 0.08374138148799182], [0.053569909658609284, 0.05126766976651262, 0.056162184156756, 0.10595312357942158, 1.0, 0.6743949121696365, 0.05215380809511351, 0.06230477273704042, 0.0693727490790094, 0.06988358696352359, 0.07427430565289668, 0.11715496508043267, 0.06388760406915328, 0.07516588470657981, 0.09261689646277006, 0.08009743562799083, 0.06125440396123241, 0.07227024090698803, 0.08207903512315928, 0.06845562140646895], [0.0741723801627313, 0.045474148095276494, 0.06704520962848493, 0.07868173256118224, 0.6743949121696365, 1.0, 0.04695038031826456, 0.07324529007301117, 0.06274639921880304, 0.049111732951908245, 0.08481017201846722, 0.14801021986596444, 0.04932283906255009, 0.10370205813377267, 0.05747010881330616, 0.05224930533559369, 0.05336718443141985, 0.07772672155201389, 0.0973321060233113, 0.0632947655288331], [0.06745440346111907, 0.056344510089467885, 0.04498608056052863, 0.07937701588266328, 0.05215380809511351, 0.04695038031826456, 1.0, 0.5124666600237269, 0.04458901348020646, 0.04892339345512627, 0.0844424567097607, 0.12242020965588157, 0.05131779566855221, 0.07707023810954128, 0.07578694428416576, 0.06566046352776006, 0.062498138273289545, 0.08928585269215296, 0.1330702527941442, 0.06527935374915546], [0.08339752616843064, 0.06606064635405517, 0.0485860137067319, 0.08096092066522725, 0.06230477273704042, 0.07324529007301117, 0.5124666600237269, 1.0, 0.05330288699094215, 0.06278012200095627, 0.12277886912737175, 0.1273443933697882, 0.045089733284772525, 0.11218754696657049, 0.07123489172038053, 0.0662210088927923, 0.05598196527527763, 0.059059079485005994, 0.13817342129510107, 0.07343721354937353], [0.06156209446112917, 0.04541820787751041, 0.04058014926012216, 0.07419478065775982, 0.0693727490790094, 0.06274639921880304, 0.04458901348020646, 0.05330288699094215, 1.0, 0.3919604050503637, 0.07462957541194147, 0.12035025597335078, 0.05580842993042467, 0.07150558678408053, 0.050968209468508434, 0.053140013923075755, 0.05123103048673003, 0.06029751254582139, 0.10299605898731272, 0.05116256501996479], [0.06016408589253385, 0.04709422516931776, 0.0507793095857601, 0.10321382497383919, 0.06988358696352359, 0.049111732951908245, 0.04892339345512627, 0.06278012200095627, 0.3919604050503637, 1.0, 0.07817378751355661, 0.11996381132034645, 0.031957821646152754, 0.09097611499522511, 0.06145199729827216, 0.04717946610131145, 0.03864560973310625, 0.05319939740127957, 0.10707918057445011, 0.04416781867077724], [0.07188474143831362, 0.08398320671200722, 0.08163390560645586, 0.1287517890259711, 0.07427430565289668, 0.08481017201846722, 0.0844424567097607, 0.12277886912737175, 0.07462957541194147, 0.07817378751355661, 1.0, 1.0, 0.10885869243712863, 0.086014473838025, 0.06392921210450424, 0.0722384757398106, 0.08137530865311846, 0.07332519114939655, 0.10676487876545249, 0.08179705886730544], [0.11465701848404966, 0.13689994916776257, 0.10129076464201857, 0.20168682452196388, 0.11715496508043267, 0.14801021986596444, 0.12242020965588157, 0.1273443933697882, 0.12035025597335078, 0.11996381132034645, 1.0, 1.0, 0.15332434255070118, 0.16171421708461697, 0.11284871772632614, 0.13366998532715274, 0.1548004390357552, 0.11664158428893337, 0.1351920932359511, 0.11929613510217246], [0.054874880458465655, 0.03433809590671575, 0.02706146918993972, 0.08906023133968032, 0.06388760406915328, 0.04932283906255009, 0.05131779566855221, 0.045089733284772525, 0.05580842993042467, 0.031957821646152754, 0.10885869243712863, 0.15332434255070118, 1.0, 0.48662374140051623, 0.05353555177236084, 0.06495003110565516, 0.047369079542190266, 0.03923944825105084, 0.09799689936701392, 0.04586581305488298], [0.11928803067579678, 0.09368857111301898, 0.08871530506027232, 0.11137677556923609, 0.07516588470657981, 0.10370205813377267, 0.07707023810954128, 0.11218754696657049, 0.07150558678408053, 0.09097611499522511, 0.086014473838025, 0.16171421708461697, 0.48662374140051623, 1.0, 0.10129525769216662, 0.07187246898565039, 0.07326250263929338, 0.13931698225711434, 0.12682906243512598, 0.09239725505120952], [0.07729801383472903, 0.06416963262769732, 0.05467781512953643, 0.09900761772244678, 0.09261689646277006, 0.05747010881330616, 0.07578694428416576, 0.07123489172038053, 0.050968209468508434, 0.06145199729827216, 0.06392921210450424, 0.11284871772632614, 0.05353555177236084, 0.10129525769216662, 1.0, 0.48325659383003994, 0.05281415571014969, 0.07757627410897486, 0.13348154869680326, 0.06802692863280987], [0.07321195333452364, 0.05408465654656435, 0.08767728594586068, 0.08254491012833726, 0.08009743562799083, 0.05224930533559369, 0.06566046352776006, 0.0662210088927923, 0.053140013923075755, 0.04717946610131145, 0.0722384757398106, 0.13366998532715274, 0.06495003110565516, 0.07187246898565039, 0.48325659383003994, 1.0, 0.06051035958886539, 0.09832051977198099, 0.19884680338809058, 0.06448050487458083], [0.05631129040938222, 0.05094197095226143, 0.04895631924390514, 0.07795261438035468, 0.06125440396123241, 0.05336718443141985, 0.062498138273289545, 0.05598196527527763, 0.05123103048673003, 0.03864560973310625, 0.08137530865311846, 0.1548004390357552, 0.047369079542190266, 0.07326250263929338, 0.05281415571014969, 0.06051035958886539, 1.0, 0.48907301162655925, 0.10339827414671249, 0.06566133523926329], [0.06332859042576243, 0.05967433595458477, 0.05270627020390657, 0.0844839501773141, 0.07227024090698803, 0.07772672155201389, 0.08928585269215296, 0.059059079485005994, 0.06029751254582139, 0.05319939740127957, 0.07332519114939655, 0.11664158428893337, 0.03923944825105084, 0.13931698225711434, 0.07757627410897486, 0.09832051977198099, 0.48907301162655925, 1.0, 0.1196171540709535, 0.09200009332792414], [0.09782935517079239, 0.08755944424894861, 0.08884321751565091, 0.13353281280500562, 0.08207903512315928, 0.0973321060233113, 0.1330702527941442, 0.13817342129510107, 0.10299605898731272, 0.10707918057445011, 0.10676487876545249, 0.1351920932359511, 0.09799689936701392, 0.12682906243512598, 0.13348154869680326, 0.19884680338809058, 0.10339827414671249, 0.1196171540709535, 1.0, 0.8258783469711851], [0.04858262648489081, 0.05156443024946112, 0.056718708441154085, 0.08374138148799182, 0.06845562140646895, 