{"model": "LSING", "dataset": "dim20_pair_gau", "N": 400, "seed": 12340, "metrics": {"TP": 10, "FP": 0, "FN": 0, "TN": 180, "TPR": 1.0, "FDR": 0.0, "FPR": 0.0, "Hamming": 0}, "omega": [[1.0, 0.483332603758203, 0.07422517505865844, 0.06751620928834483, 0.08655945533205206, 0.047935401738728296, 0.09080713226455422, 0.09513830483056944, 0.0800269151639943, 0.08407598646802356, 0.13814903531928396, 0.06652666412688372, 0.07436917612782253, 0.057894724408580754, 0.09758183298967249, 0.06436525742096026, 0.08343422704536893, 0.1484044908687548, 0.07731334240940949, 0.05556291790975433], [0.483332603758203, 1.0, 0.0396352601197152, 0.03902451878732014, 0.05283204761196532, 0.04682677144105882, 0.03356823170695018, 0.06836118676527023, 0.08276416714092415, 0.04326049176823207, 0.07169917407619535, 0.028698667903161904, 0.08886640142370529, 0.034562817095124466, 0.05846596734938611, 0.056477002270822786, 0.06762243326517729, 0.10092251014617576, 0.03734442975546324, 0.0215761031983618], [0.07422517505865844, 0.0396352601197152, 1.0, 0.5296150900258694, 0.046061665278387495, 0.038923683335291205, 0.0828343012520438, 0.07773874814437882, 0.071559725490223, 0.09128699112488006, 0.07439665634237093, 0.06817706958018592, 0.09453777582533422, 0.056661423585761345, 0.13709540835699774, 0.09005509863781727, 0.07764639110075564, 0.12064344710357529, 0.06403303656855348, 0.043482318531344266], [0.06751620928834483, 0.03902451878732014, 0.5296150900258694, 1.0, 0.07113522331116919, 0.0590686353591979, 0.060126048170292205, 0.11684785099674433, 0.07071050155288451, 0.0847744099517386, 0.14940337445727586, 0.0954752378027927, 0.13774471676217573, 0.0614459061163608, 0.07702319495675672, 0.09909332807850789, 0.09130156159499284, 0.09314174912514586, 0.05544071197217847, 0.06122644046095526], [0.08655945533205206, 0.05283204761196532, 0.046061665278387495, 0.07113522331116919, 1.0, 0.39031677196441456, 0.07138340084393537, 0.09930608520982546, 0.08968156912711572, 0.07110527977099633, 0.08353901934037712, 0.037473664121351336, 0.10340831992671727, 0.0749419195267055, 0.08514741449140543, 0.05800656343017043, 0.07702338677309634, 0.0954322886100144, 0.06127255209943791, 0.06577877979044044], [0.047935401738728296, 0.04682677144105882, 0.038923683335291205, 0.0590686353591979, 0.39031677196441456, 1.0, 0.0501565150662043, 0.13149321024674002, 0.06948414019093035, 0.04014193162324961, 0.1407007176071368, 0.05883858699442412, 0.0644325332162298, 0.04468583608159035, 0.08513372486211535, 0.03854592124562219, 0.07010039561211441, 0.07727438223932533, 0.04526667110132583, 0.04467690021645363], [0.09080713226455422, 0.03356823170695018, 0.0828343012520438, 0.060126048170292205, 0.07138340084393537, 0.0501565150662043, 1.0, 0.7070572784992741, 0.052802784262628306, 0.06915441421288811, 0.09022101724768106, 0.10194363054864601, 0.0891518001600031, 0.0628037209825794, 0.08571230603986041, 0.07718041116216028, 0.10773167092909496, 0.06561288389566952, 0.06869196520928111, 0.04417977283776445], [0.09513830483056944, 0.06836118676527023, 0.07773874814437882, 0.11684785099674433, 0.09930608520982546, 0.13149321024674002, 0.7070572784992741, 1.0, 0.08585237992186089, 0.0879911371563151, 0.07726149142413374, 0.11735079596310197, 0.1301074835792089, 0.07198247103542985, 0.10856807850626841, 0.129573938858885, 0.13082837986144882, 0.17309677606807275, 0.08635591043283418, 0.06962098474389752], [0.0800269151639943, 0.08276416714092415, 0.071559725490223, 0.07071050155288451, 0.08968156912711572, 0.06948414019093035, 0.052802784262628306, 0.08585237992186089, 1.0, 0.6206058763400037, 0.08148031514091979, 0.07573337393513159, 0.10043784704371243, 0.06843571119905767, 0.08542702971267406, 0.13448586820376032, 0.10997161128269363, 0.10649453882728174, 0.07700970976330228, 0.06575015751150161], [0.08407598646802356, 0.04326049176823207, 0.09128699112488006, 0.0847744099517386, 0.07110527977099633, 0.04014193162324961, 0.06915441421288811, 0.0879911371563151, 0.6206058763400037, 1.0, 0.09509996932553862, 0.046104104643526295, 0.09647638280500181, 0.06300220293999124, 0.07673263610853348, 0.12473933673786472, 0.07926558096868544, 0.12621603230445605, 0.05837197608102742, 0.04211623032353036], [0.13814903531928396, 0.07169917407619535, 0.07439665634237093, 0.14940337445727586, 0.08353901934037712, 0.1407007176071368, 0.09022101724768106, 0.07726149142413374, 0.08148031514091979, 0.09509996932553862, 1.0, 0.49985887365203086, 0.08704887472256795, 0.07323173552072341, 0.07492031242560807, 0.10337147604611685, 0.09353674944638776, 0.1351393410426272, 0.0882598541808148, 0.09574982036904575], [0.06652666412688372, 0.028698667903161904, 0.06817706958018592, 0.0954752378027927, 0.037473664121351336, 0.05883858699442412, 0.10194363054864601, 0.11735079596310197, 0.07573337393513159, 0.046104104643526295, 0.49985887365203086, 1.0, 0.08005252012143307, 0.049932395340664, 0.06081017124110946, 0.08200069520298833, 0.07607818904457331, 0.1481693543231829, 0.05943744517838536, 0.039336780013835816], [0.07436917612782253, 0.08886640142370529, 0.09453777582533422, 0.13774471676217573, 0.10340831992671727, 0.0644325332162298, 0.0891518001600031, 0.1301074835792089, 0.10043784704371243, 0.09647638280500181, 0.08704887472256795, 0.08005252012143307, 1.0, 0.641994286619082, 0.10447601510317438, 0.10341654783812687, 0.10760487275691487, 0.16878990865140556, 0.06798583121349357, 0.08149228094705259], [0.057894724408580754, 0.034562817095124466, 0.056661423585761345, 0.0614459061163608, 0.0749419195267055, 0.04468583608159035, 0.0628037209825794, 0.07198247103542985, 0.06843571119905767, 0.06300220293999124, 0.07323173552072341, 0.049932395340664, 0.641994286619082, 1.0, 0.06954920883634476, 0.07555121908167947, 0.08826939199591201, 0.11520804592010482, 0.06435889214716424, 0.03754398121516338], [0.09758183298967249, 0.05846596734938611, 0.13709540835699774, 0.07702319495675672, 0.08514741449140543, 0.08513372486211535, 0.08571230603986041, 0.10856807850626841, 0.08542702971267406, 0.07673263610853348, 0.07492031242560807, 0.06081017124110946, 0.10447601510317438, 0.06954920883634476, 1.0, 0.7321092799089426, 0.09457895576476953, 0.14046527566976108, 0.07170599302087353, 0.06765727632468263], [0.06436525742096026, 0.056477002270822786, 0.09005509863781727, 0.09909332807850789, 0.05800656343017043, 0.03854592124562219, 0.07718041116216028, 0.129573938858885, 0.13448586820376032, 0.12473933673786472, 0.10337147604611685, 0.08200069520298833, 0.10341654783812687, 0.07555121908167947, 0.7321092799089426, 1.0, 0.08420851389139988, 0.16114748633167242, 0.0923540023246525, 0.07677105237833887], [0.08343422704536893, 0.06762243326517729, 0.07764639110075564, 0.09130156159499284, 0.07702338677309634, 0.07010039561211441, 0.10773167092909496, 0.13082837986144882, 0.10997161128269363, 0.07926558096868544, 0.09353674944638776, 0.07607818904457331, 0.10760487275691487, 0.08826939199591201, 0.09457895576476953, 0.08420851389139988, 1.0, 1.0, 0.10328190538721642, 0.07550005712088681], [0.1484044908687548, 0.10092251014617576, 0.12064344710357529, 0.09314174912514586, 0.0954322886100144, 0.07727438223932533, 0.06561288389566952, 0.17309677606807275, 0.10649453882728174, 0.12621603230445605, 0.1351393410426272, 0.1481693543231829, 0.16878990865140556, 0.11520804592010482, 0.14046527566976108, 0.16114748633167242, 1.0, 1.0, 0.09989417391587727, 0.09417491231267469], [0.07731334240940949, 0.03734442975546324, 0.06403303656855348, 0.05544071197217847, 0.06127255209943791, 0.04526667110132583, 0.06869196520928111, 0.08635591043283418, 0.07700970976330228, 0.05837197608102742, 0.0882598541808148, 0.05943744517838536, 0.06798583121349357, 0.06435889214716424, 0.07170599302087353, 0.0923540023246525, 0.10328190538721642, 0.09989417391587727, 1.0, 0.3762026934971555], [0.05556291790975433, 0.0215761031983618, 0.043482318531344266, 0.06122644046095526, 0.06577877979044044, 0.04467690021645363, 0.04417977283776445, 0.06962098474389752, 