{"model": "LSING", "dataset": "dim20_pair_gau", "N": 400, "seed": 1234560, "metrics": {"TP": 10, "FP": 0, "FN": 0, "TN": 180, "TPR": 1.0, "FDR": 0.0, "FPR": 0.0, "Hamming": 0}, "omega": [[1.0, 0.24476170686397375, 0.03257637567054199, 0.044755325188318464, 0.050844516696915934, 0.05887500524038929, 0.04029921090093767, 0.02656372284380558, 0.07577365130607072, 0.07243762362554738, 0.07029905803898916, 0.061222607470235, 0.07530720073400247, 0.08307023575703616, 0.04952270927877827, 0.06854857952723652, 0.051507946874300416, 0.03403917545187898, 0.0589025794231744, 0.05226840089168641], [0.24476170686397375, 1.0, 0.04503441837975614, 0.046815156514893395, 0.08549257463764262, 0.053648922418542806, 0.04270426167513166, 0.02801136692219882, 0.05160619795962025, 0.07120180933864713, 0.05671910597881607, 0.07991713183924656, 0.09218237275547705, 0.1207544116206896, 0.050325425068067066, 0.050627437195280685, 0.06296066646649623, 0.04106723241329496, 0.05037599275343227, 0.0641118049690324], [0.03257637567054199, 0.04503441837975614, 1.0, 0.41392540038645487, 0.06902932621270065, 0.09532277856790973, 0.09224362317118699, 0.05534334740657484, 0.08060947218799054, 0.07829151751234537, 0.07303096204267973, 0.09074473098534067, 0.08350106307407118, 0.13084186377572823, 0.07837194195322275, 0.067949453897582, 0.0924593656485978, 0.048499579194668574, 0.07732438813380334, 0.0516256681807042], [0.044755325188318464, 0.046815156514893395, 0.41392540038645487, 1.0, 0.08783608294281041, 0.07252750148015107, 0.05632308478891877, 0.06457115719560547, 0.09065788344280569, 0.06041293729080904, 0.0922677020350275, 0.08452339052938619, 0.07926889775515808, 0.13768351511891666, 0.07638076179766977, 0.06269390890289529, 0.09576632470330283, 0.07375352887400646, 0.049617853413925134, 0.05553509594344986], [0.050844516696915934, 0.08549257463764262, 0.06902932621270065, 0.08783608294281041, 1.0, 0.5577744261380179, 0.09942493459248496, 0.051523346990657776, 0.1353547689696707, 0.10260261759309293, 0.08193310545717984, 0.11605152988712077, 0.08967629224685854, 0.15215251579283487, 0.13945703270185192, 0.12575232520008345, 0.09254308345665854, 0.08441263189832005, 0.09981250591356183, 0.07130014431162164], [0.05887500524038929, 0.053648922418542806, 0.09532277856790973, 0.07252750148015107, 0.5577744261380179, 1.0, 0.07476237009427067, 0.06967465840532758, 0.12754758729162927, 0.1233082034918143, 0.09736392676744453, 0.08348131115617155, 0.11467005349091122, 0.16627260181972828, 0.09589377179939806, 0.09085654390816551, 0.09176188433296763, 0.049948660755341844, 0.09271327390193339, 0.08323521791817105], [0.04029921090093767, 0.04270426167513166, 0.09224362317118699, 0.05632308478891877, 0.09942493459248496, 0.07476237009427067, 1.0, 0.3584431163820452, 0.08623969258923617, 0.07105849815496872, 0.08697377999180428, 0.08308759635895266, 0.07088101673328796, 0.12072415096165494, 0.08798143849970265, 0.07367680377513502, 0.0881846475401157, 0.05382366972407134, 0.07896962181539678, 0.049241485755171996], [0.02656372284380558, 0.02801136692219882, 0.05534334740657484, 0.06457115719560547, 0.051523346990657776, 0.06967465840532758, 0.3584431163820452, 1.0, 0.09762425605113759, 0.06446750312393483, 0.05315704767320916, 0.06428226364767219, 0.08389293959243774, 0.09480994640800934, 0.059685239849096676, 0.04045095227608542, 0.10151472520392778, 0.041331326284947595, 0.06379473241868035, 0.03963249978417053], [0.07577365130607072, 0.05160619795962025, 0.08060947218799054, 0.09065788344280569, 0.1353547689696707, 0.12754758729162927, 0.08623969258923617, 0.09762425605113759, 1.0, 0.7350293138677519, 0.10250589616290826, 0.10535399596046767, 0.11964358476099765, 0.18771756315021218, 0.11499195009923184, 0.10802399294631174, 0.11499702064191414, 0.08326740177936279, 0.11727618400899971, 0.08307044806529798], [0.07243762362554738, 0.07120180933864713, 0.07829151751234537, 0.06041293729080904, 0.10260261759309293, 0.1233082034918143, 0.07105849815496872, 0.06446750312393483, 0.7350293138677519, 1.0, 0.0975298876178839, 0.09426832317650609, 0.07619665842952036, 0.14364840790759417, 0.08515139629654854, 0.10241811446402127, 0.08308688590301311, 0.04495421453234103, 0.07668929644894651, 0.0653978047864266], [0.07029905803898916, 0.05671910597881607, 0.07303096204267973, 0.0922677020350275, 0.08193310545717984, 0.09736392676744453, 0.08697377999180428, 0.05315704767320916, 0.10250589616290826, 0.0975298876178839, 1.0, 0.74977600960553, 0.08267868029018749, 0.09699698352421607, 0.1337764175688007, 0.08851251570666878, 0.10214544437424118, 0.061369242054948446, 0.14126707973362088, 0.11198610215619027], [0.061222607470235, 0.07991713183924656, 0.09074473098534067, 0.08452339052938619, 0.11605152988712077, 0.08348131115617155, 0.08308759635895266, 0.06428226364767219, 0.10535399596046767, 0.09426832317650609, 0.74977600960553, 1.0, 0.08360888253027371, 0.14661826286853194, 0.0937925041140163, 0.10978417135650438, 0.1183074760512138, 0.06205267374189645, 0.07758390339655107, 0.07194133183271782], [0.07530720073400247, 0.09218237275547705, 0.08350106307407118, 0.07926889775515808, 0.08967629224685854, 0.11467005349091122, 0.07088101673328796, 0.08389293959243774, 0.11964358476099765, 0.07619665842952036, 0.08267868029018749, 0.08360888253027371, 1.0, 1.0, 0.10786799090682679, 0.07840737361299531, 0.09685071245267286, 0.10264404152409908, 0.08219417212371395, 0.06839796701065162], [0.08307023575703616, 0.1207544116206896, 0.13084186377572823, 0.13768351511891666, 0.15215251579283487, 0.16627260181972828, 0.12072415096165494, 0.09480994640800934, 0.18771756315021218, 0.14364840790759417, 0.09699698352421607, 0.14661826286853194, 1.0, 1.0, 0.14013270322726784, 0.12649118280681712, 0.13970990530512986, 0.1470813890039151, 0.11700354291742124, 0.10797780916764059], [0.04952270927877827, 0.050325425068067066, 0.07837194195322275, 0.07638076179766977, 0.13945703270185192, 0.09589377179939806, 0.08798143849970265, 0.059685239849096676, 0.11499195009923184, 0.08515139629654854, 0.1337764175688007, 0.0937925041140163, 0.10786799090682679, 0.14013270322726784, 1.0, 0.6716823281810985, 0.09632932478764616, 0.07098830593666097, 0.09359781847357775, 0.07864210784116343], [0.06854857952723652, 0.050627437195280685, 0.067949453897582, 0.06269390890289529, 0.12575232520008345, 0.09085654390816551, 0.07367680377513502, 0.04045095227608542, 0.10802399294631174, 0.10241811446402127, 0.08851251570666878, 0.10978417135650438, 0.07840737361299531, 0.12649118280681712, 0.6716823281810985, 1.0, 0.1012916834649106, 0.07672418957068908, 0.08421899226443974, 0.1066144110788375], [0.051507946874300416, 0.06296066646649623, 0.0924593656485978, 0.09576632470330283, 0.09254308345665854, 0.09176188433296763, 0.0881846475401157, 0.10151472520392778, 0.11499702064191414, 0.08308688590301311, 0.10214544437424118, 0.1183074760512138, 0.09685071245267286, 0.13970990530512986, 0.09632932478764616, 0.1012916834649106, 1.0, 0.6226930149297655, 0.09796085889027693, 0.11156737433877886], [0.03403917545187898, 0.04106723241329496, 0.048499579194668574, 0.07375352887400646, 0.08441263189832005, 0.049948660755341844, 0.05382366972407134, 0.041331326284947595, 0.08326740177936279, 0.04495421453234103, 0.061369242054948446, 0.06205267374189645, 0.10264404152409908, 0.1470813890039151, 0.07098830593666097, 0.07672418957068908, 0.6226930149297655, 1.0, 0.05738695838194675, 0.06528074526040965], [0.0589025794231744, 0.05037599275343227, 0.07732438813380334, 0.049617853413925134, 0.09981250591356183, 0.09271327390193339, 0.07896962181539678, 0.06379473241868035, 0.11727618400899971, 0.07668929644894651, 0.14126707973362088, 0.07758390339655107, 0.08219417212371395, 0.11700354291742124, 0.09359781847357775, 0.08421899226443974, 0.09796085889027693, 0.05738695838194675, 1.0, 0.5465350711707004], [0.05226840089168641, 0.0641118049690324, 0.0516256681807042, 0.05553509594344986, 0.07130014431162164, 0.08323521791817105, 0.049241485755171996, 