{"model": "LSING", "dataset": "dim20_pair_gau", "N": 400, "seed": 1230, "metrics": {"TP": 10, "FP": 4, "FN": 0, "TN": 176, "TPR": 1.0, "FDR": 0.2857142857142857, "FPR": 0.022222222222222223, "Hamming": 4}, "omega": [[1.0, 0.9009982136361075, 0.10988213817643767, 0.06605110257340607, 0.0962827003965742, 0.05952256967161035, 0.09413291330087842, 0.07904809638019067, 0.0975878075536528, 0.09126448429440276, 0.09847003838430848, 0.052166723603037264, 0.09084007257206458, 0.12863004726779687, 0.10707199822141623, 0.061472999900744466, 0.07923199024796673, 0.08302616426626229, 0.04720768949850492, 0.06817282817216333], [0.9009982136361075, 1.0, 0.2053931120429972, 0.12046284318308968, 0.16925665560238562, 0.13076074948067665, 0.1637450233722033, 0.15170461953183922, 0.2044247752663691, 0.14921793238694003, 0.12411158632744378, 0.1023547816059923, 0.164457122904995, 0.16431805906152358, 0.19324481790617026, 0.19106314408532488, 0.16886112464774305, 0.21108178043213643, 0.14184221752899923, 0.11080607371975093], [0.10988213817643767, 0.2053931120429972, 1.0, 0.6267103721092414, 0.08849323023017147, 0.07197940913249953, 0.1268581826995007, 0.09110540431070802, 0.14646831237532645, 0.09142120961142518, 0.08507313730247028, 0.09152374665130446, 0.08939054978843954, 0.12888736901393044, 0.12761531854779484, 0.07464648172130318, 0.08474972575058758, 0.17355892631443445, 0.048461960610405044, 0.09360330190870046], [0.06605110257340607, 0.12046284318308968, 0.6267103721092414, 1.0, 0.08814707360021992, 0.06505896273956596, 0.11124170915675939, 0.09552927189580668, 0.1041900099892092, 0.08169450890553207, 0.0671174718742581, 0.06285927675013327, 0.11751650388522948, 0.13522136342214228, 0.10328522563659695, 0.09329527378614133, 0.10996994749830075, 0.15569492785348468, 0.07548440709670012, 0.07152325361534165], [0.0962827003965742, 0.16925665560238562, 0.08849323023017147, 0.08814707360021992, 1.0, 0.5702426715346675, 0.07682422127430434, 0.09266436162776251, 0.13663933249355134, 0.09580647421937642, 0.09143129725099886, 0.05180961733100684, 0.06148958571304965, 0.10475010237937446, 0.12354832294686623, 0.061319192130662725, 0.09764366531598978, 0.14491295336616547, 0.08419472875300861, 0.05090016048276384], [0.05952256967161035, 0.13076074948067665, 0.07197940913249953, 0.06505896273956596, 0.5702426715346675, 1.0, 0.10184583469780226, 0.09950394334465695, 0.12799703978025154, 0.10942906376567017, 0.12276267176099832, 0.07696244816491601, 0.06506068085054215, 0.09726850119660682, 0.1286127954296244, 0.06755984861290977, 0.08131264326923689, 0.13127205400255612, 0.11469792662021697, 0.05209756889949187], [0.09413291330087842, 0.1637450233722033, 0.1268581826995007, 0.11124170915675939, 0.07682422127430434, 0.10184583469780226, 1.0, 0.7447679011839229, 0.14192606900688118, 0.12675151836215634, 0.08306422646576969, 0.0660674467303081, 0.08946115147738683, 0.10506359132464176, 0.21646101791857134, 0.10097911401820596, 0.1333351545899084, 0.12693886613398742, 0.07098157124107378, 0.11406107032832365], [0.07904809638019067, 0.15170461953183922, 0.09110540431070802, 0.09552927189580668, 0.09266436162776251, 0.09950394334465695, 0.7447679011839229, 1.0, 0.13129504957707946, 0.06977669803000158, 0.08724976877703741, 0.06341482189289502, 0.06998395290242285, 0.08805752259124378, 0.1084258637766095, 0.08408753689960126, 0.10878671423388046, 0.13928667627630006, 0.07455762326134832, 0.08169588516252328], [0.0975878075536528, 0.2044247752663691, 0.14646831237532645, 0.1041900099892092, 0.13663933249355134, 0.12799703978025154, 0.14192606900688118, 0.13129504957707946, 1.0, 1.0, 0.16231173570584714, 0.10996854177113842, 0.11636136748195305, 0.1513942514776933, 0.16660671844457853, 0.10139958263164855, 0.10776094304076055, 0.15032575148346947, 0.12495382466238382, 0.10024935153835472], [0.09126448429440276, 0.14921793238694003, 0.09142120961142518, 0.08169450890553207, 0.09580647421937642, 0.10942906376567017, 0.12675151836215634, 0.06977669803000158, 1.0, 1.0, 0.11706881072770811, 0.08132764063931881, 0.07722565805123896, 0.12437273919582269, 0.15669517493139934, 0.1632261892216032, 0.12610277380323404, 0.0986444251748819, 0.05839573200014994, 0.07661413137142152], [0.09847003838430848, 0.12411158632744378, 0.08507313730247028, 0.0671174718742581, 0.09143129725099886, 0.12276267176099832, 0.08306422646576969, 0.08724976877703741, 0.16231173570584714, 0.11706881072770811, 1.0, 0.6836234494858869, 0.08146249024832038, 0.132012707184144, 0.08835600827239491, 0.06207111765270323, 0.10626054000670034, 0.17503195745356032, 0.08396460208078269, 0.07462375874586269], [0.052166723603037264, 0.1023547816059923, 0.09152374665130446, 0.06285927675013327, 0.05180961733100684, 0.07696244816491601, 0.0660674467303081, 0.06341482189289502, 0.10996854177113842, 0.08132764063931881, 0.6836234494858869, 1.0, 0.09671040099000915, 0.09638649433925166, 0.10057249049115459, 0.060424333331683004, 0.07808082052972279, 0.09572912386124312, 0.053539805183308004, 0.05512290593805087], [0.09084007257206458, 0.164457122904995, 0.08939054978843954, 0.11751650388522948, 0.06148958571304965, 0.06506068085054215, 0.08946115147738683, 0.06998395290242285, 0.11636136748195305, 0.07722565805123896, 0.08146249024832038, 0.09671040099000915, 1.0, 0.8280349266322408, 0.11382684730231232, 0.11283201094781493, 0.10882241734618987, 0.08809408623254983, 0.07950514631704199, 0.06133204996632149], [0.12863004726779687, 0.16431805906152358, 0.12888736901393044, 0.13522136342214228, 0.10475010237937446, 0.09726850119660682, 0.10506359132464176, 0.08805752259124378, 0.1513942514776933, 0.12437273919582269, 0.132012707184144, 0.09638649433925166, 0.8280349266322408, 1.0, 0.1772583935173168, 0.11286009307387324, 0.13424000082988002, 0.11218642264421935, 0.09176347323177204, 0.08247501312601421], [0.10707199822141623, 0.19324481790617026, 0.12761531854779484, 0.10328522563659695, 0.12354832294686623, 0.1286127954296244, 0.21646101791857134, 0.1084258637766095, 0.16660671844457853, 0.15669517493139934, 0.08835600827239491, 0.10057249049115459, 0.11382684730231232, 0.1772583935173168, 1.0, 0.7714859826899287, 0.14396394902179072, 0.12985744747767164, 0.10642776112516641, 0.08332584201583515], [0.061472999900744466, 0.19106314408532488, 0.07464648172130318, 0.09329527378614133, 0.061319192130662725, 0.06755984861290977, 0.10097911401820596, 0.08408753689960126, 0.10139958263164855, 0.1632261892216032, 0.06207111765270323, 0.060424333331683004, 0.11283201094781493, 0.11286009307387324, 0.7714859826899287, 1.0, 0.12269402099737904, 0.10728849199248298, 0.07378753379933925, 0.0524331914167773], [0.07923199024796673, 0.16886112464774305, 0.08474972575058758, 0.10996994749830075, 0.09764366531598978, 0.08131264326923689, 0.1333351545899084, 0.10878671423388046, 0.10776094304076055, 0.12610277380323404, 0.10626054000670034, 0.07808082052972279, 0.10882241734618987, 0.13424000082988002, 0.14396394902179072, 0.12269402099737904, 1.0, 0.9629162455379214, 0.0820549261512876, 0.06953519292470701], [0.08302616426626229, 0.21108178043213643, 0.17355892631443445, 0.15569492785348468, 0.14491295336616547, 0.13127205400255612, 0.12693886613398742, 0.13928667627630006, 0.15032575148346947, 0.0986444251748819, 0.17503195745356032, 0.09572912386124312, 0.08809408623254983, 0.11218642264421935, 0.12985744747767164, 0.10728849199248298, 0.9629162455379214, 1.0, 0.07037499555000416, 0.07766260343735361], [0.04720768949850492, 0.14184221752899923, 0.048461960610405044, 0.07548440709670012, 0.08419472875300861, 0.11469792662021697, 0.07098157124107378, 0.07455762326134832, 0.12495382466238382, 0.05839573200014994, 0.08396460208078269, 0.053539805183308004, 0.07950514631704199, 0.09176347323177204, 0.10642776112516641, 0.07378753379933925, 0.0820549261512876, 0.07037499555000416, 1.0, 0.33454507604129313], [0.06817282817216333, 0.11080607371975093, 0.09360330190870046, 0.07152325361534165, 0.05090016048276384, 0.05209756889949187, 0.11406107032832365, 