{"model": "LSING", "dataset": "dim20_pair_gau", "N": 400, "seed": 120, "metrics": {"TP": 10, "FP": 0, "FN": 0, "TN": 180, "TPR": 1.0, "FDR": 0.0, "FPR": 0.0, "Hamming": 0}, "omega": [[1.0, 0.527582312863556, 0.06581024916371246, 0.1077407270386745, 0.12574266259462735, 0.09954685178879996, 0.08373097631450806, 0.06238265608547271, 0.0825333802212622, 0.08029461830171766, 0.11357055819395354, 0.07210151087324895, 0.05673222003736961, 0.05930884253679564, 0.07326935901951512, 0.08338629430523863, 0.08004828039101178, 0.09349147001606223, 0.1248830721598174, 0.08588220385645733], [0.527582312863556, 1.0, 0.09487867009325059, 0.06223698353020073, 0.11490031674425942, 0.0918819083122807, 0.07573747370957608, 0.050083899475474786, 0.07059508633498855, 0.06484257520587577, 0.08808631663748161, 0.0593213918317511, 0.041033788390194344, 0.04770237341507428, 0.05112662147456923, 0.056353369291208155, 0.06631296962201792, 0.10967993459136112, 0.08631893136516446, 0.06466797590298863], [0.06581024916371246, 0.09487867009325059, 1.0, 0.8120145671569833, 0.113563411022151, 0.14709514082977837, 0.061807893175583634, 0.08010564937861706, 0.08490148651538086, 0.048815875956062196, 0.10025490904220649, 0.05530881738619644, 0.03450170859834714, 0.05287212315248757, 0.0564955106892127, 0.06808006610589189, 0.08238314179752351, 0.17982159159123384, 0.09774965150488835, 0.05859796993823442], [0.1077407270386745, 0.06223698353020073, 0.8120145671569833, 1.0, 0.18849490492876414, 0.10232447378201681, 0.07337332970239122, 0.06777888576429222, 0.08155556171394249, 0.07665577168695548, 0.10444070454438151, 0.0656401349780212, 0.06733611149093102, 0.10099112864348639, 0.09417482285525282, 0.10942608818113232, 0.1157515870608412, 0.1980834969673436, 0.09754461444755531, 0.06349963366843815], [0.12574266259462735, 0.11490031674425942, 0.113563411022151, 0.18849490492876414, 1.0, 1.0, 0.12956522793121966, 0.0822698463958633, 0.09680438534037816, 0.18676988806899372, 0.1109634774100975, 0.12117045446880927, 0.08858100576600207, 0.07158576619302223, 0.09208509493371235, 0.09522790154699945, 0.10840070306928846, 0.13617793581400653, 0.09641895815597253, 0.06048549804624627], [0.09954685178879996, 0.0918819083122807, 0.14709514082977837, 0.10232447378201681, 1.0, 1.0, 0.10228436914238494, 0.08622172325905515, 0.09654756345111858, 0.08493085534198727, 0.14060344488534698, 0.07951363307007944, 0.12099187919233224, 0.0808729192122022, 0.07050969665640029, 0.09894825493602134, 0.10919519703047302, 0.13941376789130633, 0.1048376257825592, 0.0872656811631932], [0.08373097631450806, 0.07573747370957608, 0.061807893175583634, 0.07337332970239122, 0.12956522793121966, 0.10228436914238494, 1.0, 0.49686904055621167, 0.05670659314253419, 0.04332364670286484, 0.06751345496836127, 0.05407009289144428, 0.03277865303639232, 0.036089389445061064, 0.056868858030966266, 0.06992368605254852, 0.08699947843985961, 0.10322825706062834, 0.07070166843184382, 0.04550228040493932], [0.06238265608547271, 0.050083899475474786, 0.08010564937861706, 0.06777888576429222, 0.0822698463958633, 0.08622172325905515, 0.49686904055621167, 1.0, 0.07232793880536209, 0.05204619231096363, 0.0956414986069393, 0.06017183410564031, 0.04522890724248786, 0.03685194833162509, 0.08032811912979321, 0.06747928212547243, 0.08187749376348355, 0.13860911021932024, 0.07282735667355657, 0.052975776304942726], [0.0825333802212622, 0.07059508633498855, 0.08490148651538086, 0.08155556171394249, 0.09680438534037816, 0.09654756345111858, 0.05670659314253419, 0.07232793880536209, 1.0, 0.6444876631328962, 0.08747681699447339, 0.06411941335882453, 0.08789258338940117, 0.0562833360407364, 0.06408873335056611, 0.09350782830740344, 0.11273234631593322, 0.12013004688325717, 0.10636577378134233, 0.08378236970807085], [0.08029461830171766, 0.06484257520587577, 0.048815875956062196, 0.07665577168695548, 0.18676988806899372, 0.08493085534198727, 0.04332364670286484, 0.05204619231096363, 0.6444876631328962, 1.0, 0.07536466288474067, 0.05076315863583325, 0.042569188948031786, 0.037694904688973914, 0.057069750768839696, 0.07975884320032472, 0.11400237766779206, 0.11871192591266345, 0.08252052571387627, 0.05102861817374196], [0.11357055819395354, 0.08808631663748161, 0.10025490904220649, 0.10444070454438151, 0.1109634774100975, 0.14060344488534698, 0.06751345496836127, 0.0956414986069393, 0.08747681699447339, 0.07536466288474067, 1.0, 0.6439204881051352, 0.09512787398973864, 0.05445318786965468, 0.10661894407076102, 0.07016554021472414, 0.10930184892927428, 0.18035921165386573, 0.11737401695866473, 0.05703808942734068], [0.07210151087324895, 0.0593213918317511, 0.05530881738619644, 0.0656401349780212, 0.12117045446880927, 0.07951363307007944, 0.05407009289144428, 0.06017183410564031, 0.06411941335882453, 0.05076315863583325, 0.6439204881051352, 1.0, 0.04969736640925826, 0.0403935882089436, 0.05716011965290815, 0.06102532166050628, 0.11203925952694187, 0.11513142003808788, 0.06709928033153505, 0.05619372813474572], [0.05673222003736961, 0.041033788390194344, 0.03450170859834714, 0.06733611149093102, 0.08858100576600207, 0.12099187919233224, 0.03277865303639232, 0.04522890724248786, 0.08789258338940117, 0.042569188948031786, 0.09512787398973864, 0.04969736640925826, 1.0, 0.25537164023251463, 0.059864787663246766, 0.0971359664824523, 0.07083314245010328, 0.0969994106087921, 0.06372856488994746, 0.039056713966144165], [0.05930884253679564, 0.04770237341507428, 0.05287212315248757, 0.10099112864348639, 0.07158576619302223, 0.0808729192122022, 0.036089389445061064, 0.03685194833162509, 0.0562833360407364, 0.037694904688973914, 0.05445318786965468, 0.0403935882089436, 0.25537164023251463, 1.0, 0.04984933551065768, 0.06057858920620811, 0.07921507919778063, 0.07980899247685028, 0.042359119307259864, 0.028204249570939754], [0.07326935901951512, 0.05112662147456923, 0.0564955106892127, 0.09417482285525282, 0.09208509493371235, 0.07050969665640029, 0.056868858030966266, 0.08032811912979321, 0.06408873335056611, 0.057069750768839696, 0.10661894407076102, 0.05716011965290815, 0.059864787663246766, 0.04984933551065768, 1.0, 0.5107599453374665, 0.09941881312121542, 0.09615728571579985, 0.1087068571417059, 0.040817577546841434], [0.08338629430523863, 0.056353369291208155, 0.06808006610589189, 0.10942608818113232, 0.09522790154699945, 0.09894825493602134, 0.06992368605254852, 0.06747928212547243, 0.09350782830740344, 0.07975884320032472, 0.07016554021472414, 0.06102532166050628, 0.0971359664824523, 0.06057858920620811, 0.5107599453374665, 1.0, 0.06660408890273663, 0.12160645384741318, 0.06610885367663875, 0.0552027143223038], [0.08004828039101178, 0.06631296962201792, 0.08238314179752351, 0.1157515870608412, 0.10840070306928846, 0.10919519703047302, 0.08699947843985961, 0.08187749376348355, 0.11273234631593322, 0.11400237766779206, 0.10930184892927428, 0.11203925952694187, 0.07083314245010328, 0.07921507919778063, 0.09941881312121542, 0.06660408890273663, 1.0, 0.983418605215435, 0.10719126801853747, 0.1090593665495848], [0.09349147001606223, 0.10967993459136112, 0.17982159159123384, 0.1980834969673436, 0.13617793581400653, 0.13941376789130633, 0.10322825706062834, 0.13860911021932024, 0.12013004688325717, 0.11871192591266345, 0.18035921165386573, 0.11513142003808788, 0.0969994106087921, 0.07980899247685028, 0.09615728571579985, 0.12160645384741318, 0.983418605215435, 1.0, 0.16245779363746118, 0.1020349161487563], [0.1248830721598174, 0.08631893136516446, 0.09774965150488835, 0.09754461444755531, 0.09641895815597253, 0.1048376257825592, 0.07070166843184382, 0.07282735667355657, 0.10636577378134233, 0.08252052571387627, 0.11737401695866473, 0.06709928033153505, 0.06372856488994746, 0.042359119307259864, 0.1087068571417059, 0.06610885367663875, 0.10719126801853747, 0.16245779363746118, 1.0, 0.6754449301954262], [0.08588220385645733, 0.06466797590298863, 0.05859796993823442, 0.06349963366843815, 0.06048549804624627, 0.0872656811631932, 0.04550228040493932, 0.052975776304942726, 