{"model": "GLASSO", "dataset": "dim5_cop_gau", "N": 400, "seed": 1230, "metrics": {"TP": 4, "FP": 0, "FN": 0, "TN": 6, "TPR": 1.0, "FDR": 0.0, "FPR": 0.0, "Hamming": 0}, "omega": [[2.5154548799920473, -1.9524638616334693, -0.0, -0.0, -0.0], [-1.952448738164711, 3.993698916826078, -1.9140324135761548, -0.0, -0.0], [-0.0, -1.9140117853913887, 4.1478608708992795, -2.1111469950977937, -0.0], [-0.0, -0.0, -2.111226938888628, 4.724266540899527, -2.5053133828917598], [-0.0, -0.0, -0.0, -2.5053096659545453, 3.054720169900522]], "meta_info": {"source": "pretrained"}}