{"model": "SING", "dataset": "dim6_butterfly", "N": 10000, "seed": 12340, "metrics": {"TP": 0, "FP": 0, "FN": 3, "TN": 12, "TPR": 0.0, "FDR": 0.0, "FPR": 0.0, "Hamming": 3}, "omega": [[453.71973046235695, 0.0, 0.0, 0.0, 0.0, 0.0], [0.0, 601.6471273665977, 0.0, 0.0, 0.0, 0.0], [0.0, 0.0, 445.7390750076225, 0.0, 0.0, 0.0], [0.0, 0.0, 0.0, 591.7551266507746, 0.0, 0.0], [0.0, 0.0, 0.0, 0.0, 448.9719768090693, 0.0], [0.0, 0.0, 0.0, 0.0, 0.0, 599.1096510345535]], "meta_info": {"source": "pretrained", "p_order": 2}}