{"model": "SING", "dataset": "dim6_butterfly", "N": 10000, "seed": 123450, "metrics": {"TP": 0, "FP": 0, "FN": 3, "TN": 12, "TPR": 0.0, "FDR": 0.0, "FPR": 0.0, "Hamming": 3}, "omega": [[452.4338933950829, 0.0, 0.0, 0.0, 0.0, 0.0], [0.0, 602.0835378921265, 0.0, 0.0, 0.0, 0.0], [0.0, 0.0, 454.0185268747731, 0.0, 0.0, 0.0], [0.0, 0.0, 0.0, 601.4643528688729, 0.0, 0.0], [0.0, 0.0, 0.0, 0.0, 451.62322819771475, 0.0], [0.0, 0.0, 0.0, 0.0, 0.0, 595.8352835550052]], "meta_info": {"source": "pretrained", "p_order": 2}}