{"model": "SING", "dataset": "dim6_butterfly", "N": 10000, "seed": 120, "metrics": {"TP": 0, "FP": 0, "FN": 3, "TN": 12, "TPR": 0.0, "FDR": 0.0, "FPR": 0.0, "Hamming": 3}, "omega": [[450.3016965420099, 0.0, 0.0, 0.0, 0.0, 0.0], [0.0, 599.4511472551605, 0.0, 0.0, 0.0, 0.0], [0.0, 0.0, 451.0311613876031, 0.0, 0.0, 0.0], [0.0, 0.0, 0.0, 591.3738899080188, 0.0, 0.0], [0.0, 0.0, 0.0, 0.0, 449.8705961807131, 0.0], [0.0, 0.0, 0.0, 0.0, 0.0, 603.9739510188792]], "meta_info": {"source": "pretrained", "p_order": 2}}