{"model": "SING", "dataset": "dim5_cop_gau", "N": 400, "seed": 12340, "metrics": {"TP": 3, "FP": 0, "FN": 1, "TN": 6, "TPR": 0.75, "FDR": 0.0, "FPR": 0.0, "Hamming": 1}, "omega": [[635.3446198311973, 8.791377394881248, 0.0, 0.0, 0.0], [8.791377394881248, 431.63619699360754, 10.416486511785829, 0.0, 0.0], [0.0, 10.416486511785829, 610.8990565945028, 8.755125590504717, 0.0], [0.0, 0.0, 8.755125590504717, 540.9702237103207, 0.0], [0.0, 0.0, 0.0, 0.0, 422.2569995535567]], "meta_info": {"source": "pretrained", "p_order": 3}}