{"model": "NPN", "dataset": "dim5_cop_gau", "N": 5000, "seed": 120, "metrics": {"TP": 4, "FP": 0, "FN": 0, "TN": 6, "TPR": 1.0, "FDR": 0.0, "FPR": 0.0, "Hamming": 0}, "omega": [[2.788622180439159, -2.2333511953736442, -0.0, -0.0, -0.0], [-2.2333344986482935, 4.61084301207889, -2.267765216066801, -0.0, -0.0], [-0.0, -2.2677597687341557, 4.613398170764386, -2.235847550823576, -0.0], [-0.0, -0.0, -2.2359878421364283, 4.445469547200885, -2.0955773466827528], [-0.0, -0.0, -0.0, -2.0955702826693767, 2.6544011733959687]], "meta_info": {"source": "pretrained"}}