{"model": "NPN", "dataset": "dim5_cop_gau", "N": 5000, "seed": 1230, "metrics": {"TP": 4, "FP": 0, "FN": 0, "TN": 6, "TPR": 1.0, "FDR": 0.0, "FPR": 0.0, "Hamming": 0}, "omega": [[2.787044451592116, -2.231727503929023, -0.0, -0.0, -0.0], [-2.231718869150128, 4.693316998755737, -2.3537299924292556, -0.0, -0.0], [-0.0, -2.353731654906122, 4.628351937676944, -2.165183179733333, -0.0], [-0.0, -0.0, -2.165086789616446, 4.586601423187736, -2.31096174377442], [-0.0, -0.0, -0.0, -2.3109666292555064, 2.8644331627662702]], "meta_info": {"source": "pretrained"}}