{"model": "NPN", "dataset": "dim5_cop_gau", "N": 5000, "seed": 1234560, "metrics": {"TP": 4, "FP": 0, "FN": 0, "TN": 6, "TPR": 1.0, "FDR": 0.0, "FPR": 0.0, "Hamming": 0}, "omega": [[2.6885023156232446, -2.1306349159948397, -0.0, -0.0, -0.0], [-2.130619441930339, 4.42724699386903, -2.1822279758612666, -0.0, -0.0], [-0.0, -2.182168670557169, 4.423566948648317, -2.1268418339964494, -0.0], [-0.0, -0.0, -2.1267970037061605, 4.378891536738099, -2.1363317381822786], [-0.0, -0.0, -0.0, -2.1363387380672525, 2.6940631931566865]], "meta_info": {"source": "pretrained"}}