{"model": "NPN", "dataset": "dim5_cop_gau", "N": 5000, "seed": 123450, "metrics": {"TP": 4, "FP": 0, "FN": 0, "TN": 6, "TPR": 1.0, "FDR": 0.0, "FPR": 0.0, "Hamming": 0}, "omega": [[2.7724199377970775, -2.216709595672118, -0.0, -0.0, -0.0], [-2.216730794820812, 4.453161974363802, -2.1226611121918997, -0.0, -0.0], [-0.0, -2.122652038082559, 4.38275391822442, -2.1445379889431826, -0.0], [-0.0, -0.0, -2.14445529836477, 4.402826617744647, -2.143218313629063], [-0.0, -0.0, -0.0, -2.143223502502696, 2.70076912461871]], "meta_info": {"source": "pretrained"}}