{
  "model": "SING",
  "dataset": "dim5_cop_gau",
  "N": 400,
  "seed": 12340,
  "execution_time_sec": 0.3,
  "metrics": {
    "TP": 4,
    "FP": 0,
    "FN": 0,
    "TN": 6,
    "TPR": 1.0,
    "FDR": 0.0,
    "FPR": 0.0,
    "F1": 1.0,
    "Hamming": 0
  },
  "meta_info": {
    "p_order": 1,
    "delta": 1.0
  },
  "omega": [
    [
      3.0133837664197687,
      1.2541263065631936,
      0.0,
      0.0,
      0.0
    ],
    [
      1.2541263065631936,
      6.644740081807248,
      1.6166178822589905,
      0.0,
      0.0
    ],
    [
      0.0,
      1.6166178822589905,
      7.221352463016372,
      1.4527245752137146,
      0.0
    ],
    [
      0.0,
      0.0,
      1.4527245752137146,
      6.7648870408631225,
      1.4017877247118185
    ],
    [
      0.0,
      0.0,
      0.0,
      1.4017877247118185,
      3.242996645986367
    ]
  ]
}