{
  "model": "SING",
  "dataset": "dim5_cop_gau",
  "N": 400,
  "seed": 1230,
  "execution_time_sec": 0.33,
  "metrics": {
    "TP": 4,
    "FP": 0,
    "FN": 0,
    "TN": 6,
    "TPR": 1.0,
    "FDR": 0.0,
    "FPR": 0.0,
    "F1": 1.0,
    "Hamming": 0
  },
  "meta_info": {
    "p_order": 1,
    "delta": 1.0
  },
  "omega": [
    [
      3.2007084795591068,
      1.3744653403058362,
      0.0,
      0.0,
      0.0
    ],
    [
      1.3744653403058362,
      6.07219635833234,
      1.1866385477123342,
      0.0,
      0.0
    ],
    [
      0.0,
      1.1866385477123342,
      6.31671591518688,
      1.4833049773172513,
      0.0
    ],
    [
      0.0,
      0.0,
      1.4833049773172513,
      7.518331170934321,
      1.7676690773689616
    ],
    [
      0.0,
      0.0,
      0.0,
      1.7676690773689616,
      3.8019416811396423
    ]
  ]
}