{"model": "SING", "dataset": "dim5_cop_gau", "N": 500, "seed": 120, "metrics": {"TP": 4, "FP": 0, "FN": 0, "TN": 6, "TPR": 1.0, "FDR": 0.0, "FPR": 0.0, "Hamming": 0}, "omega": [[8.531113151366297, 5.610300452165119, 0.0, 0.0, 0.0], [5.610300452165119, 20.27952921322154, 4.086702415166655, 0.0, 0.0], [0.0, 4.086702415166655, 15.550236388334316, 3.21296290200894, 0.0], [0.0, 0.0, 3.21296290200894, 14.379447444104956, 3.4792251349433623], [0.0, 0.0, 0.0, 3.4792251349433623, 5.910342894541375]], "meta_info": {"source": "pretrained", "p_order": 1}}