{"model": "SING", "dataset": "dim5_cop_gau", "N": 500, "seed": 12340, "metrics": {"TP": 4, "FP": 0, "FN": 0, "TN": 6, "TPR": 1.0, "FDR": 0.0, "FPR": 0.0, "Hamming": 0}, "omega": [[5.433108514690364, 3.1022059883355455, 0.0, 0.0, 0.0], [3.1022059883355455, 15.433080432711234, 4.149895264299179, 0.0, 0.0], [0.0, 4.149895264299179, 18.192160017010078, 4.448637388583392, 0.0], [0.0, 0.0, 4.448637388583392, 21.099471997958837, 5.634420451828325], [0.0, 0.0, 0.0, 5.634420451828325, 8.560204288836655]], "meta_info": {"source": "pretrained", "p_order": 1}}