{
  "model": "SING",
  "dataset": "dim5_cop_gau",
  "N": 500,
  "seed": 120,
  "execution_time_sec": 0.26,
  "metrics": {
    "TP": 4,
    "FP": 0,
    "FN": 0,
    "TN": 6,
    "TPR": 1.0,
    "FDR": 0.0,
    "FPR": 0.0,
    "F1": 1.0,
    "Hamming": 0
  },
  "meta_info": {
    "p_order": 1,
    "delta": 1.0
  },
  "omega": [
    [
      3.8083971187231183,
      1.7719417919051108,
      0.0,
      0.0,
      0.0
    ],
    [
      1.7719417919051108,
      7.012802273722976,
      1.3001116938913782,
      0.0,
      0.0
    ],
    [
      0.0,
      1.3001116938913782,
      6.363489842736308,
      1.3687431921436377,
      0.0
    ],
    [
      0.0,
      0.0,
      1.3687431921436377,
      6.511375695678915,
      1.3661733499177768
    ],
    [
      0.0,
      0.0,
      0.0,
      1.3661733499177768,
      3.1878567841482215
    ]
  ]
}