{
  "model": "SING",
  "dataset": "dim5_cop_gau",
  "N": 500,
  "seed": 1230,
  "execution_time_sec": 0.25,
  "metrics": {
    "TP": 4,
    "FP": 0,
    "FN": 0,
    "TN": 6,
    "TPR": 1.0,
    "FDR": 0.0,
    "FPR": 0.0,
    "F1": 1.0,
    "Hamming": 0
  },
  "meta_info": {
    "p_order": 1,
    "delta": 1.0
  },
  "omega": [
    [
      3.126223670283647,
      1.326477872892759,
      0.0,
      0.0,
      0.0
    ],
    [
      1.326477872892759,
      6.504305161620742,
      1.4610869323796256,
      0.0,
      0.0
    ],
    [
      0.0,
      1.4610869323796256,
      7.084254283973801,
      1.5602072533529203,
      0.0
    ],
    [
      0.0,
      0.0,
      1.5602072533529203,
      7.142323429149654,
      1.4752799878632465
    ],
    [
      0.0,
      0.0,
      0.0,
      1.4752799878632465,
      3.3563311186946834
    ]
  ]
}