{
  "model": "SING",
  "dataset": "dim5_cop_gau",
  "N": 500,
  "seed": 1234560,
  "execution_time_sec": 0.26,
  "metrics": {
    "TP": 4,
    "FP": 0,
    "FN": 0,
    "TN": 6,
    "TPR": 1.0,
    "FDR": 0.0,
    "FPR": 0.0,
    "F1": 1.0,
    "Hamming": 0
  },
  "meta_info": {
    "p_order": 1,
    "delta": 1.0
  },
  "omega": [
    [
      3.053689003133949,
      1.27992057090398,
      0.0,
      0.0,
      0.0
    ],
    [
      1.27992057090398,
      6.663428217796082,
      1.5983315470856514,
      0.0,
      0.0
    ],
    [
      0.0,
      1.5983315470856514,
      7.114659935868074,
      1.4184593551066609,
      0.0
    ],
    [
      0.0,
      0.0,
      1.4184593551066609,
      6.291289480768082,
      1.1975999616694224
    ],
    [
      0.0,
      0.0,
      0.0,
      1.1975999616694224,
      2.924744861919802
    ]
  ]
}