{"model": "NPN", "dataset": "dim6_butterfly", "N": 5000, "seed": 1234560, "metrics": {"TP": 1, "FP": 0, "FN": 2, "TN": 12, "TPR": 0.3333333333333333, "FDR": 0.0, "FPR": 0.0, "Hamming": 2}, "omega": [[1.002483081135749, -0.04989235239669166, 0.0, 0.0, 0.0, 0.0], [-0.04989235239669166, 1.002483081135749, 0.0, 0.0, 0.0, 0.0], [0.0, 0.0, 1.0, 0.0, 0.0, 0.0], [0.0, 0.0, 0.0, 1.0, 0.0, 0.0], [0.0, 0.0, 0.0, 0.0, 1.0, 0.0], [0.0, 0.0, 0.0, 0.0, 0.0, 1.0]], "meta_info": {"source": "pretrained"}}