{"model": "LSING", "dataset": "dim20_butterfly", "N": 5000, "seed": 123450, "metrics": {"TP": 10, "FP": 0, "FN": 0, "TN": 180, "TPR": 1.0, "FDR": 0.0, "FPR": 0.0, "Hamming": 0}, "omega": [[1.0, 0.37969134480901023, 0.017357665248726423, 0.02956928645720095, 0.016612563925926912, 0.03556828726044068, 0.016175597287673937, 0.026823326611911114, 0.010377627109851262, 0.03811129514780488, 0.01552178561637801, 0.04062677613106941, 0.01875367264046552, 0.03360265198709464, 0.007180592758490536, 0.03345540293618884, 0.025922660692225794, 0.04890859926369125, 0.011151698696491236, 0.039055888141727106], [0.37969134480901023, 1.0, 0.033240191665207336, 0.038120069390284686, 0.02952178619230569, 0.05674258709005295, 0.0339124424637232, 0.03692237270320828, 0.028024316000276796, 0.049542617748288435, 0.02541257051479135, 0.06012166651642192, 0.028671539121848385, 0.04144992273568242, 0.019325802109587217, 0.04556835010894223, 0.029956598215867943, 0.05382741741049143, 0.022703237939064133, 0.05306000164381719], [0.017357665248726423, 0.033240191665207336, 1.0, 0.42863704026698773, 0.015424067919585692, 0.04781988666196433, 0.01767128186785671, 0.025502305869664833, 0.01359785002483161, 0.038938666402256066, 0.013593382651373906, 0.045611477021360446, 0.016990166346419405, 0.03601445182567627, 0.011452142543498307, 0.03071757649581605, 0.02385171287249476, 0.05044317666501668, 0.015087032208406211, 0.040944735024612], [0.02956928645720095, 0.038120069390284686, 0.42863704026698773, 1.0, 0.02772490441709088, 0.04889425850708442, 0.029981598748679724, 0.04017644749855222, 0.019874815399442605, 0.04641831393627788, 0.028637017292823422, 0.052176335032150044, 0.030028056521529997, 0.0434908546523822, 0.030631580933631518, 0.03971511841129764, 0.03139263454838212, 0.06490529980233281, 0.024314167457764706, 0.041284014650744175], [0.016612563925926912, 0.02952178619230569, 0.015424067919585692, 0.02772490441709088, 1.0, 0.5328198211069174, 0.012691853233560755, 0.025008450243820084, 0.013369572197897512, 0.041525990036363, 0.01319156569773223, 0.0381066660897319, 0.017113347206455545, 0.0324802314869243, 0.011150456360688185, 0.03157448056641877, 0.023261345300090865, 0.046129499186380984, 0.011333994756376737, 0.0347065090477861], [0.03556828726044068, 0.05674258709005295, 0.04781988666196433, 0.04889425850708442, 0.5328198211069174, 1.0, 0.033302038587607795, 0.05266969104859965, 0.0289232974101747, 0.06621535903577093, 0.05154544599065396, 0.06391997566072972, 0.04204355311149052, 0.057502670007022035, 0.033419233182946345, 0.05599047904053142, 0.03965910236327109, 0.06467051957879054, 0.040425846214317836, 0.06298134257415906], [0.016175597287673937, 0.0339124424637232, 0.01767128186785671, 0.029981598748679724, 0.012691853233560755, 0.033302038587607795, 1.0, 0.3665501291166917, 0.013057647563025906, 0.04111473675944465, 0.016826846002112088, 0.0460798651566359, 0.019912635043868757, 0.031309560127586296, 0.012598132805322836, 0.028583839970305044, 0.019917105564472258, 0.04457360577318467, 0.009975076871239075, 0.031612882039423994], [0.026823326611911114, 0.03692237270320828, 0.025502305869664833, 0.04017644749855222, 0.025008450243820084, 0.05266969104859965, 0.3665501291166917, 1.0, 0.023617834306223103, 0.05498929957840709, 0.023585065830799848, 0.048377907869874885, 0.031400814767092895, 0.04019339959938344, 0.021825332177776928, 0.04073826023036075, 0.03279608218617666, 0.05132501006425754, 0.025276152759536395, 0.04463794995577442], [0.010377627109851262, 0.028024316000276796, 0.01359785002483161, 0.019874815399442605, 0.013369572197897512, 0.0289232974101747, 0.013057647563025906, 0.023617834306223103, 1.0, 0.6322023485839864, 0.010594446572334623, 0.03605979668909436, 0.013697588582618311, 0.031008991181533826, 0.006695517866113796, 0.030587002596911415, 0.018752676175427797, 0.03699019526868927, 0.00933340846199778, 0.027914364560988204], [0.03811129514780488, 0.049542617748288435, 0.038938666402256066, 0.04641831393627788, 0.041525990036363, 0.06621535903577093, 0.04111473675944465, 0.05498929957840709, 0.6322023485839864, 1.0, 0.03685514258792342, 0.05691826234196969, 0.05130166768388713, 0.0507564970590489, 0.040038179024872486, 0.05160513751157725, 0.05114413730105837, 0.08891024248292582, 0.03522249697644262, 0.05900363038373892], [0.01552178561637801, 0.02541257051479135, 0.013593382651373906, 0.028637017292823422, 0.01319156569773223, 0.05154544599065396, 0.016826846002112088, 0.023585065830799848, 0.010594446572334623, 0.03685514258792342, 1.0, 0.5328892156717235, 0.01878095052665408, 0.028139168725749748, 0.008388748591227391, 0.03159421474413383, 0.01933011212575511, 0.04489843095206813, 0.0087335660137812, 0.0327174889076014], [0.04062677613106941, 0.06012166651642192, 0.045611477021360446, 0.052176335032150044, 0.0381066660897319, 0.06391997566072972, 0.0460798651566359, 0.048377907869874885, 0.03605979668909436, 0.05691826234196969, 0.5328892156717235, 1.0, 0.040389905809325236, 0.06328330806615859, 0.0323863639296204, 0.05510060625735417, 0.049193821940055005, 0.0698835242599685, 0.034377269996923476, 0.06795500052324446], [0.01875367264046552, 0.028671539121848385, 0.016990166346419405, 0.030028056521529997, 0.017113347206455545, 0.04204355311149052, 0.019912635043868757, 0.031400814767092895, 0.013697588582618311, 0.05130166768388713, 0.01878095052665408, 0.040389905809325236, 1.0, 0.47354858576898184, 0.011870639173163226, 0.028053086420359204, 0.025002831015000972, 0.053850519820994876, 0.014007947905849534, 0.035854790825143486], [0.03360265198709464, 0.04144992273568242, 0.03601445182567627, 0.0434908546523822, 0.0324802314869243, 0.057502670007022035, 0.031309560127586296, 0.04019339959938344, 0.031008991181533826, 0.0507564970590489, 0.028139168725749748, 0.06328330806615859, 0.47354858576898184, 1.0, 0.021520577724512126, 0.04543619358909533, 0.042636550910993595, 0.07598260784006639, 0.02636505930412301, 0.054873036144830994], [0.007180592758490536, 0.019325802109587217, 0.011452142543498307, 0.030631580933631518, 0.011150456360688185, 0.033419233182946345, 0.012598132805322836, 0.021825332177776928, 0.006695517866113796, 0.040038179024872486, 0.008388748591227391, 0.0323863639296204, 0.011870639173163226, 0.021520577724512126, 1.0, 0.40017389176439405, 0.012772946132684648, 0.039751287377753686, 0.008542153065917334, 0.03554637211068885], [0.03345540293618884, 0.04556835010894223, 0.03071757649581605, 0.03971511841129764, 0.03157448056641877, 0.05599047904053142, 0.028583839970305044, 0.04073826023036075, 0.030587002596911415, 0.05160513751157725, 0.03159421474413383, 0.05510060625735417, 0.028053086420359204, 0.04543619358909533, 0.40017389176439405, 1.0, 0.028639034613278786, 0.05662706008859316, 0.029907075516405396, 0.04969878384341454], [0.025922660692225794, 0.029956598215867943, 0.02385171287249476, 0.03139263454838212, 0.023261345300090865, 0.03965910236327109, 0.019917105564472258, 0.03279608218617666, 0.018752676175427797, 0.05114413730105837, 0.01933011212575511, 0.049193821940055005, 0.025002831015000972, 0.042636550910993595, 0.012772946132684648, 0.028639034613278786, 1.0, 1.0, 0.02276459351332716, 0.034026436805180235], [0.04890859926369125, 0.05382741741049143, 0.05044317666501668, 0.06490529980233281, 0.046129499186380984, 0.06467051957879054, 0.04457360577318467, 0.05132501006425754, 0.03699019526868927, 0.08891024248292582, 0.04489843095206813, 0.0698835242599685, 0.053850519820994876, 0.07598260784006639, 0.039751287377753686, 0.05662706008859316, 1.0, 1.0, 0.05481408105602402, 0.07727874095335631], [0.011151698696491236, 0.022703237939064133, 0.015087032208406211, 0.024314167457764706, 0.011333994756376737, 0.040425846214317836, 0.009975076871239075, 0.025276152759536395, 0.00933340846199778, 0.03522249697644262, 0.0087335660137812, 0.034377269996923476, 0.014007947905849534, 0.02636505930412301, 0.008542153065917334, 0.029907075516405396, 0.02276459351332716, 0.05481408105602402, 1.0, 