{"model": "LSING", "dataset": "dim20_butterfly", "N": 5000, "seed": 1234560, "metrics": {"TP": 10, "FP": 0, "FN": 0, "TN": 180, "TPR": 1.0, "FDR": 0.0, "FPR": 0.0, "Hamming": 0}, "omega": [[1.0, 0.31215964255872986, 0.01564962158816457, 0.023033518857607495, 0.012496974940088534, 0.02105019097272461, 0.009317420002087698, 0.041923425490935945, 0.011809377270287169, 0.025877605216454377, 0.011543864395374328, 0.03065540501564961, 0.011090434894264247, 0.03196860393699968, 0.014269255353926279, 0.025285020571839945, 0.011558436373988897, 0.0578239826033508, 0.012594694283672976, 0.019844123223033968], [0.31215964255872986, 1.0, 0.023081047753734242, 0.027002667257639695, 0.026159192452735767, 0.03173193060326332, 0.021879587728981756, 0.04344363150634995, 0.029415206854408522, 0.030656366612239465, 0.024412045463857005, 0.03419036121841677, 0.026951591616052425, 0.04237238067296624, 0.027919432316349736, 0.03040533797249072, 0.01977849231587031, 0.07728783466545798, 0.027799774722570728, 0.029495859798429298], [0.01564962158816457, 0.023081047753734242, 1.0, 0.25519709590428374, 0.010813738012334604, 0.024011368877094895, 0.012668832127272746, 0.04053041405262812, 0.012676917656388913, 0.01835138269829996, 0.01279431421485919, 0.024664563951581085, 0.013782984135888653, 0.037027821454517565, 0.01972102871233108, 0.022913576545285124, 0.01236990839679274, 0.056556030651521025, 0.013912294106113658, 0.02021217297478805], [0.023033518857607495, 0.027002667257639695, 0.25519709590428374, 1.0, 0.021343107261318474, 0.027327542456608418, 0.015744063982476332, 0.04789271867363037, 0.021485507718701804, 0.028954344229565707, 0.01798676270073911, 0.03180887384970127, 0.020256889902240185, 0.03418347067153083, 0.024583560033758427, 0.0285082660776801, 0.019574345837359983, 0.0660235047871394, 0.022503930429065712, 0.025547084591944488], [0.012496974940088534, 0.026159192452735767, 0.010813738012334604, 0.021343107261318474, 1.0, 0.30162096892263074, 0.011045975825115533, 0.03668778932059781, 0.014471816779833035, 0.023367616072288953, 0.011860448733614895, 0.02481845163824543, 0.013649170598767036, 0.03201299675088987, 0.015483455190482316, 0.018821308564992756, 0.009485654936692444, 0.05773576283129181, 0.012547725871219642, 0.02099879539583494], [0.02105019097272461, 0.03173193060326332, 0.024011368877094895, 0.027327542456608418, 0.30162096892263074, 1.0, 0.020068422342677066, 0.04896948600340354, 0.021726703123055618, 0.03488391171428307, 0.024566627338500242, 0.03503672021619604, 0.02242405285063787, 0.039356615598307186, 0.023993522336784527, 0.029180420303304398, 0.020306675655416117, 0.07780811154415389, 0.019108897572665186, 0.029977201267096604], [0.009317420002087698, 0.021879587728981756, 0.012668832127272746, 0.015744063982476332, 0.011045975825115533, 0.020068422342677066, 1.0, 0.5798470795207312, 0.012085794507274325, 0.01689741761594336, 0.009035013826935247, 0.0237739085383283, 0.010018175608094345, 0.02979567230440421, 0.014643710079117613, 0.01950437521076335, 0.007791225645402621, 0.05987713935245286, 0.013016042511092922, 0.020294497521074425], [0.041923425490935945, 0.04344363150634995, 0.04053041405262812, 0.04789271867363037, 0.03668778932059781, 0.04896948600340354, 0.5798470795207312, 1.0, 0.03564994785054571, 0.04897616524973529, 0.04524463805146221, 0.04822915571365771, 0.03516621641741797, 0.052125120107055126, 0.04358426575373367, 0.04245996415578576, 0.03733484026442128, 0.08833594199983631, 0.043279064188285456, 0.046632845685080325], [0.011809377270287169, 0.029415206854408522, 0.012676917656388913, 0.021485507718701804, 0.014471816779833035, 0.021726703123055618, 0.012085794507274325, 0.03564994785054571, 1.0, 0.3675924925796498, 0.015294787074460978, 0.028715375837550034, 0.010854314881470655, 0.03259773701165338, 0.014194370198761956, 0.02368629550924484, 0.011197770502194327, 0.05938027863404243, 0.014419931749682237, 0.021138978988081886], [0.025877605216454377, 0.030656366612239465, 0.01835138269829996, 0.028954344229565707, 0.023367616072288953, 0.03488391171428307, 0.01689741761594336, 0.04897616524973529, 0.3675924925796498, 1.0, 0.019182229609066757, 0.03404308592593144, 0.021463611847996923, 0.03589631594021775, 0.03004221379184742, 0.027829353815686894, 0.02104519078983622, 0.07027233155573459, 0.024689470556736134, 0.031224387865875863], [0.011543864395374328, 0.024412045463857005, 0.01279431421485919, 0.01798676270073911, 0.011860448733614895, 0.024566627338500242, 0.009035013826935247, 0.04524463805146221, 0.015294787074460978, 0.019182229609066757, 1.0, 0.3280056895002104, 0.009960920022191094, 0.02774619331904416, 0.012976590489116136, 0.016977101502196522, 0.008303700221290176, 0.05311747047785059, 0.011755254782149368, 0.019073185988323603], [0.03065540501564961, 0.03419036121841677, 0.024664563951581085, 0.03180887384970127, 0.02481845163824543, 0.03503672021619604, 0.0237739085383283, 0.04822915571365771, 0.028715375837550034, 0.03404308592593144, 0.3280056895002104, 1.0, 0.024435441329738978, 0.0407372796827617, 0.02623500876288468, 0.03577976398707003, 0.026592213543539422, 0.06952715209733826, 0.02875885659707071, 0.03338787991481508], [0.011090434894264247, 0.026951591616052425, 0.013782984135888653, 0.020256889902240185, 0.013649170598767036, 0.02242405285063787, 0.010018175608094345, 0.03516621641741797, 0.010854314881470655, 0.021463611847996923, 0.009960920022191094, 0.024435441329738978, 1.0, 0.5532229852599598, 0.015951786155816897, 0.021017036483225313, 0.009449396597244527, 0.06451133296793857, 0.01259749013620362, 0.02333985273139273], [0.03196860393699968, 0.04237238067296624, 0.037027821454517565, 0.03418347067153083, 0.03201299675088987, 0.039356615598307186, 0.02979567230440421, 0.052125120107055126, 0.03259773701165338, 0.03589631594021775, 0.02774619331904416, 0.0407372796827617, 0.5532229852599598, 1.0, 0.03332740259235458, 0.036090835410286466, 0.023803146506397227, 0.08011689600297664, 0.031394420347426816, 0.038175455050665816], [0.014269255353926279, 0.027919432316349736, 0.01972102871233108, 0.024583560033758427, 0.015483455190482316, 0.023993522336784527, 0.014643710079117613, 0.04358426575373367, 0.014194370198761956, 0.03004221379184742, 0.012976590489116136, 0.02623500876288468, 0.015951786155816897, 0.03332740259235458, 1.0, 0.30368505301423465, 0.011097701186062243, 0.06078324805863736, 0.01673714256422128, 0.020565487795805255], [0.025285020571839945, 0.03040533797249072, 0.022913576545285124, 0.0285082660776801, 0.018821308564992756, 0.029180420303304398, 0.01950437521076335, 0.04245996415578576, 0.02368629550924484, 0.027829353815686894, 0.016977101502196522, 0.03577976398707003, 0.021017036483225313, 0.036090835410286466, 0.30368505301423465, 1.0, 0.021535112314481696, 0.06351168556529273, 0.02299988983720259, 0.027539449455331638], [0.011558436373988897, 0.01977849231587031, 0.01236990839679274, 0.019574345837359983, 0.009485654936692444, 0.020306675655416117, 0.007791225645402621, 0.03733484026442128, 0.011197770502194327, 0.02104519078983622, 0.008303700221290176, 0.026592213543539422, 0.009449396597244527, 0.023803146506397227, 0.011097701186062243, 0.021535112314481696, 1.0, 1.0, 0.010822712913839894, 0.020211447449862557], [0.0578239826033508, 0.07728783466545798, 0.056556030651521025, 0.0660235047871394, 0.05773576283129181, 0.07780811154415389, 0.05987713935245286, 0.08833594199983631, 0.05938027863404243, 0.07027233155573459, 0.05311747047785059, 0.06952715209733826, 0.06451133296793857, 0.08011689600297664, 0.06078324805863736, 0.06351168556529273, 1.0, 1.0, 0.06443021922157927, 0.07885373890242327], [0.012594694283672976, 0.027799774722570728, 0.013912294106113658, 0.022503930429065712, 0.012547725871219642, 0.019108897572665186, 0.013016042511092922, 0.043279064188285456, 0.014419931749682237, 0.024689470556736134, 0.011755254782149368, 0.02875885659707071, 0.01259749013620362, 0.031394420347426816, 0.01673714256422128, 0.02299988983720259, 