{"model": "LSING", "dataset": "dim20_butterfly", "N": 5000, "seed": 120, "metrics": {"TP": 10, "FP": 0, "FN": 0, "TN": 180, "TPR": 1.0, "FDR": 0.0, "FPR": 0.0, "Hamming": 0}, "omega": [[1.0, 0.538560084885506, 0.018040453733470973, 0.030075686659461528, 0.019257639056738374, 0.07280548230388488, 0.012096252604423685, 0.042012465107525675, 0.01982241405142651, 0.05334220380229772, 0.013470757518361869, 0.04214563579332754, 0.017289145366108327, 0.05110851416026886, 0.012707800334397145, 0.05562812674331441, 0.013422743391621932, 0.034595040944016074, 0.01983056470484438, 0.032714749062588463], [0.538560084885506, 1.0, 0.040951976118483946, 0.049741244053461045, 0.04271554380251106, 0.07003053886216942, 0.026691013152067504, 0.04311106024946618, 0.03767825294653202, 0.0724175340027162, 0.027439001047794065, 0.05761093640513727, 0.03652954700665218, 0.06379839125144365, 0.03891542879163427, 0.0729395214070272, 0.029955622395367004, 0.05240528481135257, 0.03181589970647957, 0.046682329032104106], [0.018040453733470973, 0.040951976118483946, 1.0, 0.5378503875143597, 0.01836645671239006, 0.05326435263710896, 0.015465050329478786, 0.04229696219099369, 0.017080412574158654, 0.05178343475699695, 0.012841474702256479, 0.038975484081477274, 0.015169111958885949, 0.04571586737392142, 0.015054501801031654, 0.056044927876612756, 0.013451051570209352, 0.03724611155492136, 0.015744254520592336, 0.030412229998182504], [0.030075686659461528, 0.049741244053461045, 0.5378503875143597, 1.0, 0.035667299437403086, 0.07556408703001762, 0.03387502543883863, 0.05038859529435443, 0.04059795042534422, 0.06433073375319058, 0.03207163703434313, 0.05691942324775773, 0.03034792079939799, 0.06047515493081951, 0.025376693790573394, 0.06608316431883314, 0.02817069966092498, 0.05227128667969503, 0.03953058980575733, 0.04639292962141372], [0.019257639056738374, 0.04271554380251106, 0.01836645671239006, 0.035667299437403086, 1.0, 1.0, 0.014868428912218694, 0.04141060913774271, 0.022322809354999883, 0.04803232075123262, 0.017530846843039148, 0.04261566690151522, 0.016886081259109162, 0.04464406001220922, 0.01470801374773589, 0.04930259621193043, 0.013171924868643103, 0.03558650188804796, 0.020130225691103263, 0.037751868907152764], [0.07280548230388488, 0.07003053886216942, 0.05326435263710896, 0.07556408703001762, 1.0, 1.0, 0.05592220714614092, 0.07878821511032777, 0.0494877552584959, 0.09282129423305545, 0.05848012285160765, 0.07434954436751852, 0.05377262305552094, 0.09263521600013579, 0.060379272749589714, 0.10413625380071978, 0.05013953364645666, 0.06722883747815481, 0.05211234314859761, 0.06594550903681676], [0.012096252604423685, 0.026691013152067504, 0.015465050329478786, 0.03387502543883863, 0.014868428912218694, 0.05592220714614092, 1.0, 0.48350959729241616, 0.014692333915976349, 0.05279018608101185, 0.011045155660254444, 0.04051768906802904, 0.009563664179355518, 0.03993659562082947, 0.00796590586752206, 0.037704978156177585, 0.012126676826597325, 0.02480353032971877, 0.013765200429760236, 0.024576885428102387], [0.042012465107525675, 0.04311106024946618, 0.04229696219099369, 0.05038859529435443, 0.04141060913774271, 0.07878821511032777, 0.48350959729241616, 1.0, 0.03735436801523917, 0.06900768930737378, 0.030621157404684882, 0.05670475760667502, 0.03795941040864823, 0.05749965785247471, 0.03560098441723325, 0.07042289427000532, 0.03160758464553776, 0.04493834571780185, 0.03643779359319843, 0.05204509736317571], [0.01982241405142651, 0.03767825294653202, 0.017080412574158654, 0.04059795042534422, 0.022322809354999883, 0.0494877552584959, 0.014692333915976349, 0.03735436801523917, 1.0, 0.7512977290275538, 0.015050424692953814, 0.047369337998211206, 0.015574437068365853, 0.05965155950403811, 0.014007353038365863, 0.06496621217034228, 0.012750790555487045, 0.03230350490958452, 0.018275180260460218, 0.03303178641181634], [0.05334220380229772, 0.0724175340027162, 0.05178343475699695, 0.06433073375319058, 0.04803232075123262, 0.09282129423305545, 0.05279018608101185, 0.06900768930737378, 0.7512977290275538, 1.0, 0.04096319696120697, 0.060094357044429385, 0.0512743266498581, 0.09798934469202551, 0.03388384009751527, 0.07706916561656751, 0.04929108144333834, 0.07279266891736215, 0.05618298663868578, 0.06363731631245322], [0.013470757518361869, 0.027439001047794065, 0.012841474702256479, 0.03207163703434313, 0.017530846843039148, 0.05848012285160765, 0.011045155660254444, 0.030621157404684882, 0.015050424692953814, 0.04096319696120697, 1.0, 0.4365023216331527, 0.010886935810274065, 0.04405558345891806, 0.009924600915827406, 0.04379686812759011, 0.009486655601658095, 0.02804714435912186, 0.011910933457328009, 0.023103357334215355], [0.04214563579332754, 0.05761093640513727, 0.038975484081477274, 0.05691942324775773, 0.04261566690151522, 0.07434954436751852, 0.04051768906802904, 0.05670475760667502, 0.047369337998211206, 0.060094357044429385, 0.4365023216331527, 1.0, 0.03687971514543142, 0.06281800596856914, 0.03345002600050424, 0.07227898981761696, 0.0314999142555892, 0.045848290330126065, 0.03614222663802197, 0.04550730603872871], [0.017289145366108327, 0.03652954700665218, 0.015169111958885949, 0.03034792079939799, 0.016886081259109162, 0.05377262305552094, 0.009563664179355518, 0.03795941040864823, 0.015574437068365853, 0.0512743266498581, 0.010886935810274065, 0.03687971514543142, 1.0, 0.6597510363095782, 0.0108465352542276, 0.04845063159467667, 0.009831615017763562, 0.03848054765465006, 0.016302545777814034, 0.028964067929467683], [0.05110851416026886, 0.06379839125144365, 0.04571586737392142, 0.06047515493081951, 0.04464406001220922, 0.09263521600013579, 0.03993659562082947, 0.05749965785247471, 0.05965155950403811, 0.09798934469202551, 0.04405558345891806, 0.06281800596856914, 0.6597510363095782, 1.0, 0.0398218378320273, 0.08085832253663455, 0.03901242432842873, 0.05391134493216829, 0.04724711115226786, 0.05596692351369829], [0.012707800334397145, 0.03891542879163427, 0.015054501801031654, 0.025376693790573394, 0.01470801374773589, 0.060379272749589714, 0.00796590586752206, 0.03560098441723325, 0.014007353038365863, 0.03388384009751527, 0.009924600915827406, 0.03345002600050424, 0.0108465352542276, 0.0398218378320273, 1.0, 0.7238590936057272, 0.01146654916258596, 0.029822441466693935, 0.010733011731404427, 0.021611122640130653], [0.05562812674331441, 0.0729395214070272, 0.056044927876612756, 0.06608316431883314, 0.04930259621193043, 0.10413625380071978, 0.037704978156177585, 0.07042289427000532, 0.06496621217034228, 0.07706916561656751, 0.04379686812759011, 0.07227898981761696, 0.04845063159467667, 0.08085832253663455, 0.7238590936057272, 1.0, 0.047494621673192926, 0.06871000296854439, 0.04590364636880169, 0.05072584761789899], [0.013422743391621932, 0.029955622395367004, 0.013451051570209352, 0.02817069966092498, 0.013171924868643103, 0.05013953364645666, 0.012126676826597325, 0.03160758464553776, 0.012750790555487045, 0.04929108144333834, 0.009486655601658095, 0.0314999142555892, 0.009831615017763562, 0.03901242432842873, 0.01146654916258596, 0.047494621673192926, 1.0, 0.31106324715376976, 0.014513816703367498, 0.028237461359347363], [0.034595040944016074, 0.05240528481135257, 0.03724611155492136, 0.05227128667969503, 0.03558650188804796, 0.06722883747815481, 0.02480353032971877, 0.04493834571780185, 0.03230350490958452, 0.07279266891736215, 0.02804714435912186, 0.045848290330126065, 0.03848054765465006, 0.05391134493216829, 0.029822441466693935, 0.06871000296854439, 0.31106324715376976, 1.0, 0.03374079706525031, 0.03440149521265302], [0.01983056470484438, 0.03181589970647957, 0.015744254520592336, 0.03953058980575733, 0.020130225691103263, 0.05211234314859761, 0.013765200429760236, 0.03643779359319843, 0.018275180260460218, 0.05618298663868578, 0.011910933457328009, 0.03614222663802197, 0.016302545777814034, 0.04724711115226786, 0.010733011731404427, 0.04590364636880169, 0.014513816703367498, 0.03374079706525031, 1.0, 0.430575839112575], [0.032714749062588463, 