{"model": "SING", "dataset": "dim5_cop_gau", "N": 300, "seed": 12340, "metrics": {"TP": 1, "FP": 0, "FN": 3, "TN": 6, "TPR": 0.25, "FDR": 0.0, "FPR": 0.0, "Hamming": 3}, "omega": [[432.9655007669546, 5.836910836939211, 0.0, 0.0, 0.0], [5.836910836939211, 529.566061129345, 0.0, 0.0, 0.0], [0.0, 0.0, 413.5230724069472, 0.0, 0.0], [0.0, 0.0, 0.0, 417.86099730082805, 0.0], [0.0, 0.0, 0.0, 0.0, 391.96640938967226]], "meta_info": {"source": "pretrained", "p_order": 2}}