{"model": "SING", "dataset": "dim5_cop_gau", "N": 300, "seed": 120, "metrics": {"TP": 1, "FP": 0, "FN": 3, "TN": 6, "TPR": 0.25, "FDR": 0.0, "FPR": 0.0, "Hamming": 3}, "omega": [[405.0990519281101, 9.708076356162161, 0.0, 0.0, 0.0], [9.708076356162161, 591.510541475557, 0.0, 0.0, 0.0], [0.0, 0.0, 437.6025690447707, 0.0, 0.0], [0.0, 0.0, 0.0, 329.3185731877232, 0.0], [0.0, 0.0, 0.0, 0.0, 430.3087705812136]], "meta_info": {"source": "pretrained", "p_order": 2}}