{"model": "SING", "dataset": "dim5_cop_gau", "N": 300, "seed": 123450, "metrics": {"TP": 1, "FP": 0, "FN": 3, "TN": 6, "TPR": 0.25, "FDR": 0.0, "FPR": 0.0, "Hamming": 3}, "omega": [[362.0049132590488, 7.408945656715062, 0.0, 0.0, 0.0], [7.408945656715062, 538.816366991261, 0.0, 0.0, 0.0], [0.0, 0.0, 411.1247294646105, 0.0, 0.0], [0.0, 0.0, 0.0, 427.66512711756826, 0.0], [0.0, 0.0, 0.0, 0.0, 404.94283435451456]], "meta_info": {"source": "pretrained", "p_order": 2}}