{"model": "LSING", "dataset": "dim6_butterfly", "N": 10000, "seed": 1234560, "metrics": {"TP": 3, "FP": 0, "FN": 0, "TN": 12, "TPR": 1.0, "FDR": 0.0, "FPR": 0.0, "Hamming": 0}, "omega": [[1.0, 0.5695539212382196, 0.006064556986946434, 0.018031757343572777, 0.007198712289151294, 0.023979912916463165], [0.5695539212382196, 1.0, 0.020003154683975604, 0.030228058073538733, 0.020612445180108508, 0.030590422156407275], [0.006064556986946434, 0.020003154683975604, 1.0, 1.0, 0.00875547348425395, 0.026245098355013066], [0.018031757343572777, 0.030228058073538733, 1.0, 1.0, 0.020328331400180883, 0.03368452024725523], [0.007198712289151294, 0.020612445180108508, 0.00875547348425395, 0.020328331400180883, 1.0, 0.8330887435314621], [0.023979912916463165, 0.030590422156407275, 0.026245098355013066, 0.03368452024725523, 0.8330887435314621, 1.0]], "meta_info": {"source": "pretrained"}}