{"model": "LSING", "dataset": "dim6_butterfly", "N": 10000, "seed": 12340, "metrics": {"TP": 3, "FP": 0, "FN": 0, "TN": 12, "TPR": 1.0, "FDR": 0.0, "FPR": 0.0, "Hamming": 0}, "omega": [[1.0, 0.8249978574771369, 0.012172234256665838, 0.02831792879012692, 0.012696598441516185, 0.025583508113415213], [0.8249978574771369, 1.0, 0.021894088457456874, 0.03949881697411046, 0.027724474927509037, 0.03138557854403371], [0.012172234256665838, 0.021894088457456874, 1.0, 1.0, 0.014247206180976118, 0.01896162565727986], [0.02831792879012692, 0.03949881697411046, 1.0, 1.0, 0.03186452635613079, 0.04086341407098822], [0.012696598441516185, 0.027724474927509037, 0.014247206180976118, 0.03186452635613079, 1.0, 0.5633336873783554], [0.025583508113415213, 0.03138557854403371, 0.01896162565727986, 0.04086341407098822, 0.5633336873783554, 1.0]], "meta_info": {"source": "pretrained"}}