{"model": "LSING", "dataset": "dim6_butterfly", "N": 10000, "seed": 1230, "metrics": {"TP": 3, "FP": 0, "FN": 0, "TN": 12, "TPR": 1.0, "FDR": 0.0, "FPR": 0.0, "Hamming": 0}, "omega": [[1.0, 0.6803969820265973, 0.0167557468796254, 0.02605730030202066, 0.012437735744439453, 0.02431734883209902], [0.6803969820265973, 1.0, 0.02838313017614281, 0.032794692174398815, 0.022494787969864313, 0.037419340511737995], [0.0167557468796254, 0.02838313017614281, 1.0, 1.0, 0.016429767508872362, 0.026720850083603805], [0.02605730030202066, 0.032794692174398815, 1.0, 1.0, 0.02644316011933792, 0.03899799453477032], [0.012437735744439453, 0.022494787969864313, 0.016429767508872362, 0.02644316011933792, 1.0, 0.7978025846440532], [0.02431734883209902, 0.037419340511737995, 0.026720850083603805, 0.03899799453477032, 0.7978025846440532, 1.0]], "meta_info": {"source": "pretrained"}}