{"model": "SING", "dataset": "dim5_cop_gau", "N": 1000, "seed": 120, "metrics": {"TP": 4, "FP": 0, "FN": 0, "TN": 6, "TPR": 1.0, "FDR": 0.0, "FPR": 0.0, "Hamming": 0}, "omega": [[6.500530577575706, 3.9509159626346424, 0.0, 0.0, 0.0], [3.9509159626346424, 17.803750508424773, 4.458184459778179, 0.0, 0.0], [0.0, 4.458184459778179, 16.28213263850341, 3.2292562164225616, 0.0], [0.0, 0.0, 3.2292562164225616, 16.87256432289858, 4.778124949248715], [0.0, 0.0, 0.0, 4.778124949248715, 7.520474200531003]], "meta_info": {"source": "pretrained", "p_order": 1}}