{"model": "SING", "dataset": "dim5_cop_gau", "N": 1000, "seed": 123450, "metrics": {"TP": 4, "FP": 0, "FN": 0, "TN": 6, "TPR": 1.0, "FDR": 0.0, "FPR": 0.0, "Hamming": 0}, "omega": [[6.6896154498929095, 4.103188191241878, 0.0, 0.0, 0.0], [4.103188191241878, 17.783500515132285, 4.289537427962883, 0.0, 0.0], [0.0, 4.289537427962883, 19.63865688063992, 5.044294480847379, 0.0], [0.0, 0.0, 5.044294480847379, 21.144824357897203, 5.028123841621521], [0.0, 0.0, 0.0, 5.028123841621521, 7.825540676816]], "meta_info": {"source": "pretrained", "p_order": 1}}