{"model": "SING", "dataset": "dim5_cop_gau", "N": 1000, "seed": 1234560, "metrics": {"TP": 4, "FP": 0, "FN": 0, "TN": 6, "TPR": 1.0, "FDR": 0.0, "FPR": 0.0, "Hamming": 0}, "omega": [[8.124305589506502, 5.2739898113707655, 0.0, 0.0, 0.0], [5.2739898113707655, 19.28249057515613, 3.915133760681446, 0.0, 0.0], [0.0, 3.915133760681446, 17.157638313235935, 4.165513324443992, 0.0], [0.0, 0.0, 4.165513324443992, 17.486679490806857, 4.078045157800348], [0.0, 0.0, 0.0, 4.078045157800348, 6.658440345967129]], "meta_info": {"source": "pretrained", "p_order": 1}}