{"model": "SING", "dataset": "dim6_butterfly", "N": 100, "seed": 1234560, "metrics": {"TP": 0, "FP": 0, "FN": 3, "TN": 12, "TPR": 0.0, "FDR": 0.0, "FPR": 0.0, "Hamming": 3}, "omega": [[414.458032019533, 0.0, 0.0, 0.0, 0.0, 0.0], [0.0, 525.0583135691596, 0.0, 0.0, 0.0, 0.0], [0.0, 0.0, 388.4073425522788, 0.0, 0.0, 0.0], [0.0, 0.0, 0.0, 488.4375345432125, 0.0, 0.0], [0.0, 0.0, 0.0, 0.0, 452.6976681366665, 0.0], [0.0, 0.0, 0.0, 0.0, 0.0, 513.4360056758603]], "meta_info": {"source": "pretrained", "p_order": 3}}