{"model": "SING", "dataset": "dim6_butterfly", "N": 100, "seed": 120, "metrics": {"TP": 0, "FP": 0, "FN": 3, "TN": 12, "TPR": 0.0, "FDR": 0.0, "FPR": 0.0, "Hamming": 3}, "omega": [[403.12215850281603, 0.0, 0.0, 0.0, 0.0, 0.0], [0.0, 501.26449141651955, 0.0, 0.0, 0.0, 0.0], [0.0, 0.0, 444.99835665889304, 0.0, 0.0, 0.0], [0.0, 0.0, 0.0, 569.7115393522307, 0.0, 0.0], [0.0, 0.0, 0.0, 0.0, 426.9763851455926, 0.0], [0.0, 0.0, 0.0, 0.0, 0.0, 519.0491361220776]], "meta_info": {"source": "pretrained", "p_order": 3}}