{"model": "SING", "dataset": "dim5_cop_gau", "N": 20000, "seed": 123450, "metrics": {"TP": 4, "FP": 3, "FN": 0, "TN": 3, "TPR": 1.0, "FDR": 0.42857142857142855, "FPR": 0.5, "Hamming": 3}, "omega": [[552.5076703294131, 5.051054650176023, 0.5107614635142272, 0.0, 0.0], [5.051054650176023, 437.70099792816274, 6.968009222249182, 0.422744149284192, 0.0], [0.5107614635142272, 6.968009222249182, 530.1189505740334, 5.3177244203640015, 0.4708307212046673], [0.0, 0.422744149284192, 5.3177244203640015, 698.7467784816286, 5.724154993157089], [0.0, 0.0, 0.4708307212046673, 5.724154993157089, 516.0867629299017]], "meta_info": {"source": "pretrained", "p_order": 2}}