{"model": "SING", "dataset": "dim5_cop_gau", "N": 20000, "seed": 1230, "metrics": {"TP": 4, "FP": 3, "FN": 0, "TN": 3, "TPR": 1.0, "FDR": 0.42857142857142855, "FPR": 0.5, "Hamming": 3}, "omega": [[606.9938207813493, 5.602858568622296, 0.5406163359274613, 0.0, 0.0], [5.602858568622296, 446.336593599893, 6.867719274322977, 0.49005177427584157, 0.0], [0.5406163359274613, 6.867719274322977, 621.0918562514958, 5.930279379948052, 0.4369067887059074], [0.0, 0.49005177427584157, 5.930279379948052, 537.5817979043076, 5.600541278499581], [0.0, 0.0, 0.4369067887059074, 5.600541278499581, 603.7203290559642]], "meta_info": {"source": "pretrained", "p_order": 2}}