{"model": "SING", "dataset": "dim5_cop_gau", "N": 20000, "seed": 120, "metrics": {"TP": 4, "FP": 3, "FN": 0, "TN": 3, "TPR": 1.0, "FDR": 0.42857142857142855, "FPR": 0.5, "Hamming": 3}, "omega": [[633.6655398729205, 5.594659770501677, 0.5043842036059684, 0.0, 0.0], [5.594659770501677, 443.98274287227747, 7.385885364516807, 0.3893018713837793, 0.0], [0.5043842036059684, 7.385885364516807, 661.9926144278909, 4.311475208650163, 0.5833805513270988], [0.0, 0.3893018713837793, 4.311475208650163, 495.9954556726784, 4.794701220250947], [0.0, 0.0, 0.5833805513270988, 4.794701220250947, 550.7940653492558]], "meta_info": {"source": "pretrained", "p_order": 2}}