{"model": "SING", "dataset": "dim5_cop_gau", "N": 20000, "seed": 1234560, "metrics": {"TP": 4, "FP": 3, "FN": 0, "TN": 3, "TPR": 1.0, "FDR": 0.42857142857142855, "FPR": 0.5, "Hamming": 3}, "omega": [[625.1045686425194, 5.849682016031427, 0.48144934139368345, 0.0, 0.0], [5.849682016031427, 465.37328419208706, 6.736614717084623, 0.5044677251893773, 0.0], [0.48144934139368345, 6.736614717084623, 556.2690176261749, 5.336549355284548, 0.5272118067410757], [0.0, 0.5044677251893773, 5.336549355284548, 620.642712464067, 5.559612602233033], [0.0, 0.0, 0.5272118067410757, 5.559612602233033, 571.5578630509118]], "meta_info": {"source": "pretrained", "p_order": 2}}