{"model": "LSING", "dataset": "0.3_dim20_pair_gau", "N": 200, "seed": 12340, "metrics": {"TP": 8, "FP": 51, "FN": 2, "TN": 129, "TPR": 0.8, "FDR": 0.864406779661017, "FPR": 0.2833333333333333, "Hamming": 53}, "omega": [[1.0, 0.46366396921505737, 0.06882287531919239, 0.07380890714795277, 0.06677082274148209, 0.07749871809625197, 0.2594542054381108, 0.1351574353908182, 0.07475636289299381, 0.15598749070258106, 0.16337264155703832, 0.07525727173813927, 0.2201170229062461, 0.14266376015939758, 0.09276434179760641, 0.3849579883018673, 0.09010117621828435, 0.06470818330157938, 0.10435687168764339, 0.4833551223659032], [0.46366396921505737, 1.0, 0.24103598364985318, 0.1432977547833716, 0.19413629466386434, 0.2516318721752101, 0.2574285305420277, 0.17836708053332911, 0.1877920457843816, 0.20877350138340658, 0.1987347454940829, 0.1716545520077158, 0.3573144990098784, 0.17063241322623668, 0.1746796445895362, 0.5557314754799837, 0.15010560585826796, 0.18981699173171326, 0.17708786231670717, 0.7248461226685643], [0.06882287531919239, 0.24103598364985318, 1.0, 0.08185667373332042, 0.08258860143784641, 0.0794427559953344, 0.23692315479367002, 0.0987163215117574, 0.18907811401400054, 0.2056877481601748, 0.15283704261975717, 0.1997467158352161, 0.16832740885279415, 0.23407622833937008, 0.08427062305031373, 0.17446275996749983, 0.15993908767390055, 0.0861433318666902, 0.13025234187352233, 0.3813735551850876], [0.07380890714795277, 0.1432977547833716, 0.08185667373332042, 1.0, 0.04558102990505937, 0.02983373028978826, 0.1024800404950242, 0.0566046060840026, 0.057407460238891664, 0.10916375449228155, 0.13496534818425274, 0.08819227654376681, 0.2812866323885841, 0.11997144341950186, 0.03649620345727025, 0.22317427212802685, 0.10627274505960313, 0.04617623629754308, 0.04324451494551388, 0.6379479867381538], [0.06677082274148209, 0.19413629466386434, 0.08258860143784641, 0.04558102990505937, 1.0, 0.07146162506271492, 0.29041718918629844, 0.041750454215993396, 0.07220450541960108, 0.07800390852846854, 0.26018661998566583, 0.06559345340231554, 0.165489729784461, 0.0978200395480224, 0.054507753421290044, 0.21639942111574376, 0.11757806124679515, 0.052314397943897153, 0.06473760441003364, 0.37307974208024747], [0.07749871809625197, 0.2516318721752101, 0.0794427559953344, 0.02983373028978826, 0.07146162506271492, 1.0, 0.1424655308359151, 0.05821634466838028, 0.07073257631101978, 0.10791538896577749, 0.15265771596371897, 0.07921810293750584, 0.07955125093803138, 0.1726257012187647, 0.05425107661849011, 0.14619334054052244, 0.0910846136105432, 0.0702616491017079, 0.05209117515194022, 1.0], [0.2594542054381108, 0.2574285305420277, 0.23692315479367002, 0.1024800404950242, 0.29041718918629844, 0.1424655308359151, 1.0, 0.21826448781235713, 0.34758286475590916, 0.12834321719857789, 0.22913494001655724, 0.20702326385203484, 0.19143924744130897, 0.30204376256198107, 0.16319338858535046, 0.22927800344589602, 0.22549432784581677, 0.13757927945963286, 0.18644572744044602, 0.8048762639889114], [0.1351574353908182, 0.17836708053332911, 0.0987163215117574, 0.0566046060840026, 0.041750454215993396, 0.05821634466838028, 0.21826448781235713, 1.0, 0.06741525685894788, 0.15592609321766635, 0.1568206791255517, 0.09734452680369428, 0.12482254472909145, 0.18783438533839955, 0.11223717611316836, 0.25146364027706486, 0.13759577685935556, 0.0616104932135937, 0.11600650958077213, 0.3195896037476429], [0.07475636289299381, 0.1877920457843816, 0.18907811401400054, 0.057407460238891664, 0.07220450541960108, 0.07073257631101978, 0.34758286475590916, 0.06741525685894788, 1.0, 0.2659450467009965, 0.12645136360903464, 0.12723525193846486, 0.1239027903523996, 0.24049563525619216, 0.06275412169926775, 0.43862598486667126, 0.15078119135062884, 0.07300168061634664, 0.12584404666725696, 0.5658449551952965], [0.15598749070258106, 0.20877350138340658, 0.2056877481601748, 0.10916375449228155, 0.07800390852846854, 0.10791538896577749, 0.12834321719857789, 0.15592609321766635, 0.2659450467009965, 1.0, 0.21475309167626078, 0.09777685130818367, 0.1966349204573096, 0.21170457010261853, 0.12344236842617799, 0.16514233438848183, 0.1270716305753833, 0.14162809503646454, 0.07565224617176182, 0.5311149603523326], [0.16337264155703832, 0.1987347454940829, 0.15283704261975717, 0.13496534818425274, 0.26018661998566583, 0.15265771596371897, 0.22913494001655724, 0.1568206791255517, 0.12645136360903464, 0.21475309167626078, 1.0, 0.2421684647459555, 0.26966060111919316, 0.17963101977359278, 0.1370246889336861, 0.19522167567060042, 0.11341552045418486, 0.2675523655401462, 0.16715017767178447, 0.5696945967100111], [0.07525727173813927, 0.1716545520077158, 0.1997467158352161, 0.08819227654376681, 0.06559345340231554, 0.07921810293750584, 0.20702326385203484, 0.09734452680369428, 0.12723525193846486, 0.09777685130818367, 0.2421684647459555, 1.0, 0.1324503381491942, 0.1723782007491651, 0.0650538918522527, 0.17429769912800283, 0.10296569010069095, 0.09701106301309588, 0.06553032959833589, 0.4496559215839986], [0.2201170229062461, 0.3573144990098784, 0.16832740885279415, 0.2812866323885841, 0.165489729784461, 0.07955125093803138, 0.19143924744130897, 0.12482254472909145, 0.1239027903523996, 0.1966349204573096, 0.26966060111919316, 0.1324503381491942, 1.0, 0.3604592839240624, 0.14234883587765965, 0.2817467766827, 0.17112031941513237, 0.1967622101725093, 0.12686070122780418, 0.4027756484243224], [0.14266376015939758, 0.17063241322623668, 0.23407622833937008, 0.11997144341950186, 0.0978200395480224, 0.1726257012187647, 0.30204376256198107, 0.18783438533839955, 0.24049563525619216, 0.21170457010261853, 0.17963101977359278, 0.1723782007491651, 0.3604592839240624, 1.0, 0.1150715999121672, 0.2379094356123765, 0.1141653218768344, 0.17270909611383764, 0.17378160078035307, 0.7114923131209415], [0.09276434179760641, 0.1746796445895362, 0.08427062305031373, 0.03649620345727025, 0.054507753421290044, 0.05425107661849011, 0.16319338858535046, 0.11223717611316836, 0.06275412169926775, 0.12344236842617799, 0.1370246889336861, 0.0650538918522527, 0.14234883587765965, 0.1150715999121672, 1.0, 0.2928611319812531, 0.08598646051641587, 0.06892160708547028, 0.08195802918878696, 0.294512587746252], [0.3849579883018673, 0.5557314754799837, 0.17446275996749983, 0.22317427212802685, 0.21639942111574376, 0.14619334054052244, 0.22927800344589602, 0.25146364027706486, 0.43862598486667126, 0.16514233438848183, 0.19522167567060042, 0.17429769912800283, 0.2817467766827, 0.2379094356123765, 0.2928611319812531, 1.0, 0.16120726902747623, 0.28108015436524025, 0.19840014222763827, 0.43900614874587696], [0.09010117621828435, 0.15010560585826796, 0.15993908767390055, 0.10627274505960313, 0.11757806124679515, 0.0910846136105432, 0.22549432784581677, 0.13759577685935556, 0.15078119135062884, 0.1270716305753833, 0.11341552045418486, 0.10296569010069095, 0.17112031941513237, 0.1141653218768344, 0.08598646051641587, 0.16120726902747623, 1.0, 0.27088845608046536, 0.17495282142364274, 0.3651547717805012], [0.06470818330157938, 0.18981699173171326, 0.0861433318666902, 0.04617623629754308, 0.052314397943897153, 0.0702616491017079, 0.13757927945963286, 0.0616104932135937, 0.07300168061634664, 0.14162809503646454, 0.2675523655401462, 0.09701106301309588, 0.1967622101725093, 0.17270909611383764, 0.06892160708547028, 0.28108015436524025, 0.27088845608046536, 1.0, 0.11740232275545975, 0.8518688978880931], [0.10435687168764339, 0.17708786231670717, 0.13025234187352233, 0.04324451494551388, 0.06473760441003364, 0.05209117515194022, 0.18644572744044602, 0.11600650958077213, 0.12584404666725696, 0.07565224617176182, 0.16715017767178447, 0.06553032959833589, 0.12686070122780418, 0.17378160078035307, 0.08195802918878696, 0.19840014222763827, 0.17495282142364274, 0.11740232275545975, 1.0, 0.6626860494648464], [0.4833551223659032, 0.7248461226685643, 0.3813735551850876, 0.6379479867381538, 0.37307974208024747, 1.0, 0.8048762639889114, 0.3195896037476429, 0.5658449551952965, 0.5311149603523326, 