{"model": "LSING", "dataset": "0.3_dim20_pair_gau", "N": 200, "seed": 1234560, "metrics": {"TP": 10, "FP": 122, "FN": 0, "TN": 58, "TPR": 1.0, "FDR": 0.9242424242424242, "FPR": 0.6777777777777778, "Hamming": 122}, "omega": [[1.0, 1.0, 0.4766784128918714, 0.2526457959281751, 0.19942909411837093, 0.23193917592119156, 0.25455734495024784, 0.2066508843344464, 0.587225054901515, 0.34597654369447617, 0.3644538561686736, 0.28931789068971364, 0.35722214282280645, 0.2865044609927348, 0.43563028259067993, 0.2240872427014127, 0.4003050404064669, 0.1909783562224704, 0.695396599434807, 0.413898280592532], [1.0, 1.0, 0.3564153203936799, 0.23685256470931976, 0.4608265122801279, 0.27911781904261385, 0.20035820881085936, 0.20758261931548616, 0.6603827348734462, 0.3857265151139214, 0.17588006758144714, 0.5122035410385387, 0.3788151643926983, 0.3647542269621481, 0.5590925047907609, 0.2550302059423874, 0.501229675537756, 0.23621383298203136, 0.8267896425234142, 0.3196036710048509], [0.4766784128918714, 0.3564153203936799, 1.0, 0.48454755995171683, 0.1470031290774197, 0.37332413946327303, 0.29964338843293353, 0.4710277121070206, 0.6143642730319967, 0.3106227694793707, 0.19684818268108312, 0.29258376496386945, 0.3618183392119453, 0.1806812611131775, 0.35185680278343223, 0.18270902882854403, 0.3922496668513377, 0.26905743141977, 0.6370298660489083, 0.31104034966165606], [0.2526457959281751, 0.23685256470931976, 0.48454755995171683, 1.0, 0.16558477998601606, 0.12307564472199806, 0.11349017226812112, 0.20795188186212327, 0.22360716378479137, 0.18559471055613327, 0.16922461553411866, 0.28297804592854714, 0.16921347930777542, 0.12077030838467104, 0.2625747485833135, 0.12490492153594457, 0.22062701014142247, 0.23906605346307364, 0.3834392781771435, 0.24035862805702757], [0.19942909411837093, 0.4608265122801279, 0.1470031290774197, 0.16558477998601606, 1.0, 0.25314752457458645, 0.1265760914326722, 0.14460598963672644, 0.48148571234291127, 0.16689282560465746, 0.18531503923348344, 0.25901321841761354, 0.12464567067191251, 0.13902924730496852, 0.30805747868201167, 0.14163278299294274, 0.20019641408012376, 0.19003916878494892, 0.4068321427949861, 0.18606971468551395], [0.23193917592119156, 0.27911781904261385, 0.37332413946327303, 0.12307564472199806, 0.25314752457458645, 1.0, 0.18695555013669818, 0.1174906978138965, 0.5664698139847453, 0.40111690122993754, 0.15119901977916725, 0.2805069116418644, 0.2317447084566675, 0.17094571648490814, 0.48714276975369225, 0.12841734959689285, 0.18832753403091668, 0.14592986616536557, 0.40171857285757606, 0.29119910421068723], [0.25455734495024784, 0.20035820881085936, 0.29964338843293353, 0.11349017226812112, 0.1265760914326722, 0.18695555013669818, 1.0, 0.25739652464336094, 0.364694760969191, 0.2822906164620243, 0.20797504391894756, 0.22411554424396038, 0.12000996777174479, 0.1440443542389443, 0.30964423727702717, 0.16250134734590327, 0.1819503946381003, 0.10206890462816068, 0.44987182583582513, 0.20283329374864498], [0.2066508843344464, 0.20758261931548616, 0.4710277121070206, 0.20795188186212327, 0.14460598963672644, 0.1174906978138965, 0.25739652464336094, 1.0, 0.24888892486843403, 0.1482415469976572, 0.13466244747372805, 0.25878186473061204, 0.1986128944529009, 0.19967146272206057, 0.33610223699533, 0.12072214440791927, 0.18672458059693797, 0.13887839470512794, 0.5509729179915029, 0.12418262363087497], [0.587225054901515, 0.6603827348734462, 0.6143642730319967, 0.22360716378479137, 0.48148571234291127, 0.5664698139847453, 0.364694760969191, 0.24888892486843403, 1.0, 0.9503557866614114, 0.5345000939098478, 0.7306076164477259, 0.49462808497731636, 0.2999774064810929, 0.4846577738170804, 0.30683000693632434, 0.46286419503797577, 0.23202521277228275, 0.8799644844148795, 0.3769491145786191], [0.34597654369447617, 0.3857265151139214, 0.3106227694793707, 0.18559471055613327, 0.16689282560465746, 0.40111690122993754, 0.2822906164620243, 0.1482415469976572, 0.9503557866614114, 1.0, 0.2570202625296214, 0.2924535107434742, 0.37174006181163644, 0.2778436228614159, 0.4507266464518414, 0.2060382827068784, 0.19248811957935894, 0.23029951014190772, 0.5034339932815801, 0.22899265335788685], [0.3644538561686736, 0.17588006758144714, 0.19684818268108312, 0.16922461553411866, 0.18531503923348344, 0.15119901977916725, 0.20797504391894756, 0.13466244747372805, 0.5345000939098478, 0.2570202625296214, 1.0, 0.3148366948831846, 0.2325599497758618, 0.14593448806322698, 0.49823983734025057, 0.12090353873527276, 0.15069854870951435, 0.20476193934478423, 0.5753883380855447, 0.3550964579974539], [0.28931789068971364, 0.5122035410385387, 0.29258376496386945, 0.28297804592854714, 0.25901321841761354, 0.2805069116418644, 0.22411554424396038, 0.25878186473061204, 0.7306076164477259, 0.2924535107434742, 0.3148366948831846, 1.0, 0.24523771451833307, 0.3554416648394737, 0.41365490511870456, 0.20121937796549538, 0.5697027971677333, 0.21348273275133597, 0.46040155242715386, 0.39111458049536135], [0.35722214282280645, 0.3788151643926983, 0.3618183392119453, 0.16921347930777542, 0.12464567067191251, 0.2317447084566675, 0.12000996777174479, 0.1986128944529009, 0.49462808497731636, 0.37174006181163644, 0.2325599497758618, 0.24523771451833307, 1.0, 0.37094427856112905, 0.1999103578259576, 0.17689658588047485, 0.1713184848805792, 0.2429239431163176, 0.39401118009191455, 0.1907279973561612], [0.2865044609927348, 0.3647542269621481, 0.1806812611131775, 0.12077030838467104, 0.13902924730496852, 0.17094571648490814, 0.1440443542389443, 0.19967146272206057, 0.2999774064810929, 0.2778436228614159, 0.14593448806322698, 0.3554416648394737, 0.37094427856112905, 1.0, 0.31462448385976655, 0.13165975045277617, 0.18921575119499714, 0.2151635791148898, 0.8189194602878448, 0.12665498718872994], [0.43563028259067993, 0.5590925047907609, 0.35185680278343223, 0.2625747485833135, 0.30805747868201167, 0.48714276975369225, 0.30964423727702717, 0.33610223699533, 0.4846577738170804, 0.4507266464518414, 0.49823983734025057, 0.41365490511870456, 0.1999103578259576, 0.31462448385976655, 1.0, 0.6187728357338519, 0.39883271320915925, 0.37720663071458244, 0.6041492236861404, 0.3340544167939663], [0.2240872427014127, 0.2550302059423874, 0.18270902882854403, 0.12490492153594457, 0.14163278299294274, 0.12841734959689285, 0.16250134734590327, 0.12072214440791927, 0.30683000693632434, 0.2060382827068784, 0.12090353873527276, 0.20121937796549538, 0.17689658588047485, 0.13165975045277617, 0.6187728357338519, 1.0, 0.23776018737456986, 0.11857358866891476, 0.2324035128882289, 0.19914811669510057], [0.4003050404064669, 0.501229675537756, 0.3922496668513377, 0.22062701014142247, 0.20019641408012376, 0.18832753403091668, 0.1819503946381003, 0.18672458059693797, 0.46286419503797577, 0.19248811957935894, 0.15069854870951435, 0.5697027971677333, 0.1713184848805792, 0.18921575119499714, 0.39883271320915925, 0.23776018737456986, 1.0, 0.39289899699883146, 0.43910121061859964, 0.2105350820082383], [0.1909783562224704, 0.23621383298203136, 0.26905743141977, 0.23906605346307364, 0.19003916878494892, 0.14592986616536557, 0.10206890462816068, 0.13887839470512794, 0.23202521277228275, 0.23029951014190772, 0.20476193934478423, 0.21348273275133597, 0.2429239431163176, 0.2151635791148898, 0.37720663071458244, 0.11857358866891476, 0.39289899699883146, 1.0, 0.4071453804992174, 0.1643680239265341], [0.695396599434807, 0.8267896425234142, 0.6370298660489083, 0.3834392781771435, 0.4068321427949861, 0.40171857285757606, 0.44987182583582513, 0.5509729179915029, 0.8799644844148795, 0.5034339932815801, 0.5753883380855447, 0.46040155242715386, 0.39401118009191455, 0.8189194602878448, 0.6041492236861404, 0.2324035128882289, 0.43910121061859964, 0.4071453804992174, 1.0, 0.7621394571913754], [0.413898280592532, 0.3196036710048509, 0.31104034966165606, 0.24035862805702757, 0.18606971468551395, 0.29119910421068723, 0.20283329374864498, 0.12418262363087497, 0.3769491145786191, 0.22899265335788685, 0.3550964579974539, 0.39111458049536135, 