{"model": "SING", "dataset": "dim5_cop_gau", "N": 1000, "seed": 1230, "metrics": {"TP": 4, "FP": 0, "FN": 0, "TN": 6, "TPR": 1.0, "FDR": 0.0, "FPR": 0.0, "Hamming": 0}, "omega": [[514.9525337829334, 9.193680441556994, 0.0, 0.0, 0.0], [9.193680441556994, 432.7525714730428, 9.400480991891161, 0.0, 0.0], [0.0, 9.400480991891161, 575.7992059815032, 7.464252729528324, 0.0], [0.0, 0.0, 7.464252729528324, 546.7983066164097, 8.330671048897345], [0.0, 0.0, 0.0, 8.330671048897345, 636.5249008055736]], "meta_info": {"source": "pretrained", "p_order": 3}}