{"model": "SING", "dataset": "dim5_cop_gau", "N": 1000, "seed": 12340, "metrics": {"TP": 4, "FP": 0, "FN": 0, "TN": 6, "TPR": 1.0, "FDR": 0.0, "FPR": 0.0, "Hamming": 0}, "omega": [[614.9063537256584, 9.780822369969739, 0.0, 0.0, 0.0], [9.780822369969739, 404.1170288125245, 9.473065783101275, 0.0, 0.0], [0.0, 9.473065783101275, 615.3872945783419, 9.380222468687977, 0.0], [0.0, 0.0, 9.380222468687977, 566.9509508259947, 9.00616396338586], [0.0, 0.0, 0.0, 9.00616396338586, 522.2249519547181]], "meta_info": {"source": "pretrained", "p_order": 3}}