{"model": "SING", "dataset": "dim5_cop_gau", "N": 1000, "seed": 1234560, "metrics": {"TP": 4, "FP": 0, "FN": 0, "TN": 6, "TPR": 1.0, "FDR": 0.0, "FPR": 0.0, "Hamming": 0}, "omega": [[841.2978269972439, 12.153851861681018, 0.0, 0.0, 0.0], [12.153851861681018, 505.13298527636925, 8.829148932426145, 0.0, 0.0], [0.0, 8.829148932426145, 556.0326881598088, 9.693442907351358, 0.0], [0.0, 0.0, 9.693442907351358, 608.769499579426, 8.339604180528582], [0.0, 0.0, 0.0, 8.339604180528582, 499.7763742121651]], "meta_info": {"source": "pretrained", "p_order": 3}}