{"model": "SING", "dataset": "dim5_cop_gau", "N": 1000, "seed": 123450, "metrics": {"TP": 4, "FP": 0, "FN": 0, "TN": 6, "TPR": 1.0, "FDR": 0.0, "FPR": 0.0, "Hamming": 0}, "omega": [[474.33498950188846, 8.616949040380984, 0.0, 0.0, 0.0], [8.616949040380984, 410.6377668040935, 8.504810143147878, 0.0, 0.0], [0.0, 8.504810143147878, 539.14416972513, 11.34915929053986, 0.0], [0.0, 0.0, 11.34915929053986, 713.4648982699207, 10.968537124151002], [0.0, 0.0, 0.0, 10.968537124151002, 521.190981748946]], "meta_info": {"source": "pretrained", "p_order": 3}}