{"model": "SING", "dataset": "dim5_cop_gau", "N": 2000, "seed": 12340, "metrics": {"TP": 4, "FP": 0, "FN": 0, "TN": 6, "TPR": 1.0, "FDR": 0.0, "FPR": 0.0, "Hamming": 0}, "omega": [[646.4651765349491, 12.222352909169837, 0.0, 0.0, 0.0], [12.222352909169837, 416.3915589864343, 9.150360594930696, 0.0, 0.0], [0.0, 9.150360594930696, 575.619694889027, 8.700800629272342, 0.0], [0.0, 0.0, 8.700800629272342, 555.4961265531678, 8.663472897506216], [0.0, 0.0, 0.0, 8.663472897506216, 498.3195576406068]], "meta_info": {"source": "pretrained", "p_order": 3}}