{"model": "SING", "dataset": "dim5_cop_gau", "N": 2000, "seed": 1230, "metrics": {"TP": 4, "FP": 0, "FN": 0, "TN": 6, "TPR": 1.0, "FDR": 0.0, "FPR": 0.0, "Hamming": 0}, "omega": [[521.49775045211, 8.253558871252713, 0.0, 0.0, 0.0], [8.253558871252713, 429.451907538955, 8.888081838967068, 0.0, 0.0], [0.0, 8.888081838967068, 564.8296168054692, 8.887802066222251, 0.0], [0.0, 0.0, 8.887802066222251, 553.8404255731964, 8.533738437861585], [0.0, 0.0, 0.0, 8.533738437861585, 566.5581149234704]], "meta_info": {"source": "pretrained", "p_order": 3}}