{"model": "SING", "dataset": "dim5_cop_gau", "N": 2000, "seed": 1234560, "metrics": {"TP": 4, "FP": 0, "FN": 0, "TN": 6, "TPR": 1.0, "FDR": 0.0, "FPR": 0.0, "Hamming": 0}, "omega": [[771.0508435932084, 10.209509149698558, 0.0, 0.0, 0.0], [10.209509149698558, 505.2839757196375, 9.865870625091395, 0.0, 0.0], [0.0, 9.865870625091395, 564.5022710052367, 9.025830998639503, 0.0], [0.0, 0.0, 9.025830998639503, 547.0230810146195, 8.497513283686729], [0.0, 0.0, 0.0, 8.497513283686729, 494.3920038219149]], "meta_info": {"source": "pretrained", "p_order": 3}}