{"model": "SING", "dataset": "dim5_cop_gau", "N": 2000, "seed": 123450, "metrics": {"TP": 4, "FP": 0, "FN": 0, "TN": 6, "TPR": 1.0, "FDR": 0.0, "FPR": 0.0, "Hamming": 0}, "omega": [[492.4223384238266, 7.987051086074831, 0.0, 0.0, 0.0], [7.987051086074831, 417.12933757677774, 9.228909994413579, 0.0, 0.0], [0.0, 9.228909994413579, 562.6503196915385, 10.658535367311595, 0.0], [0.0, 0.0, 10.658535367311595, 732.6892843490614, 10.643971257535966], [0.0, 0.0, 0.0, 10.643971257535966, 546.2017997137812]], "meta_info": {"source": "pretrained", "p_order": 3}}