{"model": "LSING", "dataset": "dim20_butterfly", "N": 50000, "seed": 12340, "metrics": {"TP": 10, "FP": 0, "FN": 0, "TN": 180, "TPR": 1.0, "FDR": 0.0, "FPR": 0.0, "Hamming": 0}, "omega": [[1.0, 0.48917822257952837, 0.0055133421676004735, 0.011345964441959601, 0.007592667684815121, 0.009192624799374433, 0.00563981398163577, 0.008970886258632597, 0.005479134743014378, 0.012019465722995067, 0.005635372523028918, 0.011267936105134149, 0.005775907647331696, 0.013859349680442754, 0.0062489598588713795, 0.013595298991974475, 0.0055488574498286005, 0.008831179341753358, 0.005703855649812282, 0.010254028258890654], [0.48917822257952837, 1.0, 0.009519637686986568, 0.016281522858158922, 0.011138791051927374, 0.012476961904992982, 0.009809488265695037, 0.013261193767501669, 0.009550069359674755, 0.016477276817722344, 0.009708065458871047, 0.01576608697809509, 0.009366635070883467, 0.01724342672046389, 0.008849889284849267, 0.014963350176018042, 0.009372531183996375, 0.012091082109355191, 0.01069673312059195, 0.013058813465773837], [0.0055133421676004735, 0.009519637686986568, 1.0, 0.8274888590329406, 0.00794237980565002, 0.010570769121289758, 0.006083299939208892, 0.009847594171185125, 0.005930413224350759, 0.012631952423745407, 0.005949135628110708, 0.012870492548350845, 0.006322733134968483, 0.01642668618033511, 0.006096087140923537, 0.011766923908666231, 0.005186417358106752, 0.00925626704352558, 0.0057260207814216375, 0.011270856338564051], [0.011345964441959601, 0.016281522858158922, 0.8274888590329406, 1.0, 0.014048836096688482, 0.017074242310512616, 0.013731753334151426, 0.016102867319373684, 0.012814839638177165, 0.01822555987340741, 0.011412024737710464, 0.018237870326702033, 0.012946854228687545, 0.020098649622885274, 0.01288643537055991, 0.01977112192208489, 0.012313395718277137, 0.016467566375861213, 0.012013536495240739, 0.013935797049181478], [0.007592667684815121, 0.011138791051927374, 0.00794237980565002, 0.014048836096688482, 1.0, 0.5746282647308482, 0.00705435795153795, 0.010179699885814708, 0.007371781931436846, 0.013810936416075854, 0.0071674171409402505, 0.013159212620512305, 0.008210768170756166, 0.01616052025147267, 0.007959482323084872, 0.014009509899592694, 0.0066618115299451565, 0.01032608674278313, 0.00830705496497364, 0.012841838483269566], [0.009192624799374433, 0.012476961904992982, 0.010570769121289758, 0.017074242310512616, 0.5746282647308482, 1.0, 0.009550860867882286, 0.012498098605084034, 0.008621540105793591, 0.01487306088716607, 0.008152636612602852, 0.014529031853297217, 0.010584265898078525, 0.020191222456442955, 0.008705143138877349, 0.016230107768616768, 0.008756730970775773, 0.013289317998320239, 0.010311894729218587, 0.014166954315690702], [0.00563981398163577, 0.009809488265695037, 0.006083299939208892, 0.013731753334151426, 0.00705435795153795, 0.009550860867882286, 1.0, 0.5172449527250736, 0.006363692873911604, 0.01154651456231992, 0.005469484726839139, 0.01056738511218596, 0.005293543052404028, 0.014068943853179146, 0.005850262477981973, 0.012093313421688349, 0.005174609769418423, 0.00883897323106884, 0.006009350848263016, 0.01084853848878312], [0.008970886258632597, 0.013261193767501669, 0.009847594171185125, 0.016102867319373684, 0.010179699885814708, 0.012498098605084034, 0.5172449527250736, 1.0, 0.008213170177117257, 0.015361695073739766, 0.00885153426319647, 0.013774116348698195, 0.009952733157691273, 0.01638300114054199, 0.008738526794084633, 0.015016320629542735, 0.00791290436090632, 0.011551828950185626, 0.008424764542472984, 0.01363186062859384], [0.005479134743014378, 0.009550069359674755, 0.005930413224350759, 0.012814839638177165, 0.007371781931436846, 0.008621540105793591, 0.006363692873911604, 0.008213170177117257, 1.0, 0.7736987464416304, 0.006129509543675161, 0.011511081896001312, 0.006012016406203238, 0.014188250956085927, 0.005640927418779985, 0.010573692085824106, 0.005444567495417398, 0.00801566080017056, 0.006205704968028653, 0.010869718886545322], [0.012019465722995067, 0.016477276817722344, 0.012631952423745407, 0.01822555987340741, 0.013810936416075854, 0.01487306088716607, 0.01154651456231992, 0.015361695073739766, 0.7736987464416304, 1.0, 0.011654390115481911, 0.017803827504142295, 0.012467762691745517, 0.018599388670673036, 0.011741206463641534, 0.01730576144836106, 0.01245310417140263, 0.011843075976736627, 0.013370868435718088, 0.01666810864429625], [0.005635372523028918, 0.009708065458871047, 0.005949135628110708, 0.011412024737710464, 0.0071674171409402505, 0.008152636612602852, 0.005469484726839139, 0.00885153426319647, 0.006129509543675161, 0.011654390115481911, 1.0, 0.7351187280473142, 0.00596432176369394, 0.011975144335865806, 0.005992335896864495, 0.013102096009049088, 0.005333143213414652, 0.009733488968779642, 0.006017692836102194, 0.011000147558842164], [0.011267936105134149, 0.01576608697809509, 0.012870492548350845, 0.018237870326702033, 0.013159212620512305, 0.014529031853297217, 0.01056738511218596, 0.013774116348698195, 0.011511081896001312, 0.017803827504142295, 0.7351187280473142, 1.0, 0.01157205004751084, 0.01904348673703033, 0.011507414022729059, 0.015580346612986408, 0.011694732112737938, 0.013266718109021735, 0.009921204263791523, 0.014554969152229895], [0.005775907647331696, 0.009366635070883467, 0.006322733134968483, 0.012946854228687545, 0.008210768170756166, 0.010584265898078525, 0.005293543052404028, 0.009952733157691273, 0.006012016406203238, 0.012467762691745517, 0.00596432176369394, 0.01157205004751084, 1.0, 1.0, 0.006447892141234937, 0.010887699966141952, 0.0058729533471973665, 0.008960845523827417, 0.0061925635762060454, 0.011466631464186935], [0.013859349680442754, 0.01724342672046389, 0.01642668618033511, 0.020098649622885274, 0.01616052025147267, 0.020191222456442955, 0.014068943853179146, 0.01638300114054199, 0.014188250956085927, 0.018599388670673036, 0.011975144335865806, 0.01904348673703033, 1.0, 1.0, 0.01556242408144136, 0.020196944803035424, 0.014860740875005881, 0.018717629106599257, 0.015078357154973103, 0.018914254971257365], [0.0062489598588713795, 0.008849889284849267, 0.006096087140923537, 0.01288643537055991, 0.007959482323084872, 0.008705143138877349, 0.005850262477981973, 0.008738526794084633, 0.005640927418779985, 0.011741206463641534, 0.005992335896864495, 0.011507414022729059, 0.006447892141234937, 0.01556242408144136, 1.0, 0.9222856309417704, 0.0047289618012874846, 0.008056207630260109, 0.005590403010675592, 0.01042524717096088], [0.013595298991974475, 0.014963350176018042, 0.011766923908666231, 0.01977112192208489, 0.014009509899592694, 0.016230107768616768, 0.012093313421688349, 0.015016320629542735, 0.010573692085824106, 0.01730576144836106, 0.013102096009049088, 0.015580346612986408, 0.010887699966141952, 0.020196944803035424, 0.9222856309417704, 1.0, 0.012582731264544292, 0.014213708775494136, 0.012971561165066871, 0.01592779908627951], [0.0055488574498286005, 0.009372531183996375, 0.005186417358106752, 0.012313395718277137, 0.0066618115299451565, 0.008756730970775773, 0.005174609769418423, 0.00791290436090632, 0.005444567495417398, 0.01245310417140263, 0.005333143213414652, 0.011694732112737938, 0.0058729533471973665, 0.014860740875005881, 0.0047289618012874846, 0.012582731264544292, 1.0, 0.5167551783023934, 0.005369433275835574, 0.01113160893000801], [0.008831179341753358, 0.012091082109355191, 0.00925626704352558, 0.016467566375861213, 0.01032608674278313, 0.013289317998320239, 0.00883897323106884, 0.011551828950185626, 0.00801566080017056, 0.011843075976736627, 0.009733488968779642, 0.013266718109021735, 0.008960845523827417, 0.018717629106599257, 0.008056207630260109, 0.014213708775494136, 0.5167551783023934, 1.0, 0.009519760245298626, 0.01545615646602251], [0.005703855649812282, 0.01069673312059195, 0.0057260207814216375, 0.012013536495240739, 0.00830705496497364, 0.010311894729218587, 0.006009350848263016, 0.008424764542472984, 0.006205704968028653, 0.013370868435718088, 0.006017692836102194, 0.009921204263791523, 