{"model": "LSING", "dataset": "dim20_butterfly", "N": 50000, "seed": 1234560, "metrics": {"TP": 10, "FP": 0, "FN": 0, "TN": 180, "TPR": 1.0, "FDR": 0.0, "FPR": 0.0, "Hamming": 0}, "omega": [[1.0, 0.5648767699162195, 0.006161782902721972, 0.009448365060285383, 0.005302219175471037, 0.012721435437230227, 0.004954069474016183, 0.011491373059290622, 0.0061738431035316885, 0.01315752417044045, 0.006179516871719572, 0.008873908265497013, 0.005275004403676366, 0.010434152061939464, 0.006490795668223989, 0.013733124339545771, 0.0061722706397601915, 0.008167313632449389, 0.007608382486761878, 0.011485105890202983], [0.5648767699162195, 1.0, 0.010400663315257649, 0.01589295939652237, 0.010114589311093899, 0.01456859294386115, 0.010214426500813611, 0.016619739706818085, 0.009546417186020468, 0.014619482823536171, 0.010661381503148843, 0.014969046186774058, 0.011164410459868261, 0.014736438219441065, 0.011687041415506739, 0.0171807858357234, 0.010679039636094808, 0.01257553530011346, 0.011443100171568372, 0.014807562713303479], [0.006161782902721972, 0.010400663315257649, 1.0, 0.8331394678658148, 0.005481084984964757, 0.013371243451459717, 0.00514104034254976, 0.011331534644786267, 0.006160250625576127, 0.01110358865011465, 0.006431264043605237, 0.011240186231564257, 0.005488256515172422, 0.010894472034075354, 0.0067725904449271335, 0.013946328972488133, 0.006073853917623017, 0.009986244895844822, 0.0075885144134907176, 0.011165139328586749], [0.009448365060285383, 0.01589295939652237, 0.8331394678658148, 1.0, 0.01060857611499867, 0.016715247111709432, 0.010297547512647508, 0.01614740036866951, 0.010973082583308301, 0.015567930616416687, 0.011045649582580223, 0.016593390891989083, 0.010056308333155734, 0.015973608768835794, 0.012702929172031582, 0.017155677620918575, 0.011352622252511702, 0.012906282896318039, 0.012590798763890507, 0.015819633712648412], [0.005302219175471037, 0.010114589311093899, 0.005481084984964757, 0.01060857611499867, 1.0, 0.7396784229917693, 0.0041010235961346795, 0.009629686467057882, 0.005747845912602749, 0.012405647150381931, 0.004946903453265262, 0.011041661870198444, 0.004553858647199954, 0.011714568281821599, 0.00636037710455414, 0.013409378938775442, 0.005111139710593034, 0.008661779759090773, 0.005712990658605904, 0.010700704278392616], [0.012721435437230227, 0.01456859294386115, 0.013371243451459717, 0.016715247111709432, 0.7396784229917693, 1.0, 0.010944221618247487, 0.015923060475478822, 0.01330176045162093, 0.01869534586502697, 0.011593979561237755, 0.017397242020401014, 0.011722887075374501, 0.017063164119638333, 0.013541382281473037, 0.019991006103544703, 0.012034987591147805, 0.014976858596435171, 0.011768564522842416, 0.015565929063190643], [0.004954069474016183, 0.010214426500813611, 0.00514104034254976, 0.010297547512647508, 0.0041010235961346795, 0.010944221618247487, 1.0, 0.6184913105885329, 0.005216446656558305, 0.010628415992814735, 0.004142601197571815, 0.008891190459041713, 0.003857700707694256, 0.010217880282019887, 0.004598222251277585, 0.012949980180215497, 0.004526019686364906, 0.009111472475298577, 0.005372941641034081, 0.00923526624132105], [0.011491373059290622, 0.016619739706818085, 0.011331534644786267, 0.01614740036866951, 0.009629686467057882, 0.015923060475478822, 0.6184913105885329, 1.0, 0.011860452538739519, 0.01697140638618891, 0.010971180200303625, 0.015918807823044858, 0.009942861488938852, 0.015842002107023672, 0.010609824655122268, 0.018760458569326052, 0.011325335857779376, 0.01244963578731537, 0.011682151934690459, 0.01487759503838808], [0.0061738431035316885, 0.009546417186020468, 0.006160250625576127, 0.010973082583308301, 0.005747845912602749, 0.01330176045162093, 0.005216446656558305, 0.011860452538739519, 1.0, 1.0, 0.00620516922639916, 0.010833421419824078, 0.005062364003921593, 0.012261415568443968, 0.006355308728436569, 0.013518696931292226, 0.005886354465327835, 0.009564686220493489, 0.006553514999696915, 0.010698897986795245], [0.01315752417044045, 0.014619482823536171, 0.01110358865011465, 0.015567930616416687, 0.012405647150381931, 0.01869534586502697, 0.010628415992814735, 0.01697140638618891, 1.0, 1.0, 0.01165908967285131, 0.016211123393526677, 0.010412008096905043, 0.018135614227683318, 0.012267459766576373, 0.02149440332531623, 0.011743876323092796, 0.013799334073908027, 0.01430545059500318, 0.015496131376146142], [0.006179516871719572, 0.010661381503148843, 0.006431264043605237, 0.011045649582580223, 0.004946903453265262, 0.011593979561237755, 0.004142601197571815, 0.010971180200303625, 0.00620516922639916, 0.01165908967285131, 1.0, 0.7004855062915922, 0.005068151040058391, 0.01130355697527558, 0.0057017260881669675, 0.012640367022118668, 0.005541789151612627, 0.009060778019295076, 0.00625188860936282, 0.010815399986818786], [0.008873908265497013, 0.014969046186774058, 0.011240186231564257, 0.016593390891989083, 0.011041661870198444, 0.017397242020401014, 0.008891190459041713, 0.015918807823044858, 0.010833421419824078, 0.016211123393526677, 0.7004855062915922, 1.0, 0.009634178294731616, 0.01668428072395869, 0.010148394365409883, 0.017570688793059775, 0.011477689837341652, 0.01291709309861855, 0.010697123293552721, 0.01400611954157379], [0.005275004403676366, 0.011164410459868261, 0.005488256515172422, 0.010056308333155734, 0.004553858647199954, 0.011722887075374501, 0.003857700707694256, 0.009942861488938852, 0.005062364003921593, 0.010412008096905043, 0.005068151040058391, 0.009634178294731616, 1.0, 0.8127075399391538, 0.005304968880514169, 0.013193506270384018, 0.005266198185244581, 0.009007681602194615, 0.005945473690905113, 0.010479724505643577], [0.010434152061939464, 0.014736438219441065, 0.010894472034075354, 0.015973608768835794, 0.011714568281821599, 0.017063164119638333, 0.010217880282019887, 0.015842002107023672, 0.012261415568443968, 0.018135614227683318, 0.01130355697527558, 0.01668428072395869, 0.8127075399391538, 1.0, 0.012515714915144254, 0.018483591515550693, 0.011762411756003609, 0.01357460009251739, 0.013927684646785229, 0.0164867589216772], [0.006490795668223989, 0.011687041415506739, 0.0067725904449271335, 0.012702929172031582, 0.00636037710455414, 0.013541382281473037, 0.004598222251277585, 0.010609824655122268, 0.006355308728436569, 0.012267459766576373, 0.0057017260881669675, 0.010148394365409883, 0.005304968880514169, 0.012515714915144254, 1.0, 0.8090767016456242, 0.006259388114289519, 0.00993505426464879, 0.00695462354387651, 0.010908745091981482], [0.013733124339545771, 0.0171807858357234, 0.013946328972488133, 0.017155677620918575, 0.013409378938775442, 0.019991006103544703, 0.012949980180215497, 0.018760458569326052, 0.013518696931292226, 0.02149440332531623, 0.012640367022118668, 0.017570688793059775, 0.013193506270384018, 0.018483591515550693, 0.8090767016456242, 1.0, 0.012910446101101357, 0.015173600648544729, 0.013393692543171973, 0.017632696756441513], [0.0061722706397601915, 0.010679039636094808, 0.006073853917623017, 0.011352622252511702, 0.005111139710593034, 0.012034987591147805, 0.004526019686364906, 0.011325335857779376, 0.005886354465327835, 0.011743876323092796, 0.005541789151612627, 0.011477689837341652, 0.005266198185244581, 0.011762411756003609, 0.006259388114289519, 0.012910446101101357, 1.0, 0.4662108932926862, 0.007011270481761935, 0.010200513826195592], [0.008167313632449389, 0.01257553530011346, 0.009986244895844822, 0.012906282896318039, 0.008661779759090773, 0.014976858596435171, 0.009111472475298577, 0.01244963578731537, 0.009564686220493489, 0.013799334073908027, 0.009060778019295076, 0.01291709309861855, 0.009007681602194615, 0.01357460009251739, 0.00993505426464879, 0.015173600648544729, 0.4662108932926862, 1.0, 0.009442794351347157, 0.0140040985432063], [0.007608382486761878, 0.011443100171568372, 0.0075885144134907176, 0.012590798763890507, 0.005712990658605904, 0.011768564522842416, 0.005372941641034081, 0.011682151934690459, 0.006553514999696915, 0.01430545059500318, 0.00625188860936282, 0.010697123293552721, 