{"model": "LSING", "dataset": "dim20_butterfly", "N": 50000, "seed": 123450, "metrics": {"TP": 10, "FP": 0, "FN": 0, "TN": 180, "TPR": 1.0, "FDR": 0.0, "FPR": 0.0, "Hamming": 0}, "omega": [[1.0, 0.4770431776027238, 0.00564931763242582, 0.011860296938613221, 0.0037803582572960505, 0.007980307447307213, 0.004709247421692376, 0.0097957924617097, 0.006321270820689779, 0.0071971748242291335, 0.004749082808574757, 0.007135220853617774, 0.0048828873373612195, 0.010000159598730214, 0.005106775920291931, 0.00980333411121204, 0.004976924847965583, 0.011087325940911465, 0.005461583290995943, 0.01029150437799176], [0.4770431776027238, 1.0, 0.007258720037292002, 0.011793536793837383, 0.00647169068922851, 0.010170751870485016, 0.00776213652423452, 0.01239158312616628, 0.00868273532912776, 0.00841598451694135, 0.007101946243586673, 0.009280263804918355, 0.006872113802225733, 0.01246549056396262, 0.00794935533657121, 0.011201306164992016, 0.007419827242872626, 0.013365626471396256, 0.007856049807455818, 0.013758597832458742], [0.00564931763242582, 0.007258720037292002, 1.0, 0.8192175392986897, 0.00409951236906044, 0.00817925658302839, 0.005569815743897286, 0.013622312829039935, 0.0060088773551260025, 0.006845006776286632, 0.004964401884053788, 0.007616411694355979, 0.004956475333315394, 0.011121064003451284, 0.00462808926503319, 0.010426050488978298, 0.00544109537350134, 0.011461151447519346, 0.006365535626558489, 0.01190021378607466], [0.011860296938613221, 0.011793536793837383, 0.8192175392986897, 1.0, 0.009202457169226165, 0.013183069240696213, 0.01112389650415742, 0.01622084420558589, 0.011541116934021916, 0.012225199602507751, 0.009380070324638608, 0.011616405419563946, 0.010729441687764142, 0.014850312438792557, 0.009307625977028293, 0.012854490430865345, 0.010329864019205295, 0.014984372113749858, 0.011388608183491602, 0.01877552360684058], [0.0037803582572960505, 0.00647169068922851, 0.00409951236906044, 0.009202457169226165, 1.0, 0.46104850927675634, 0.003842617996009521, 0.011453822904710436, 0.004864187915972919, 0.005799693715903307, 0.003501061497677324, 0.0057517163441439855, 0.003672986886354956, 0.009588955032629222, 0.0035332295530211013, 0.009095176641377253, 0.004048995318283635, 0.008807967732086787, 0.003834837346986834, 0.010868920964139299], [0.007980307447307213, 0.010170751870485016, 0.00817925658302839, 0.013183069240696213, 0.46104850927675634, 1.0, 0.007363456085767879, 0.012118500499541872, 0.00815060078782993, 0.009962542703439313, 0.008210063810305925, 0.009295700584650023, 0.008022625781732374, 0.012670009275846314, 0.008006770934671748, 0.010911633218650338, 0.008259489725719297, 0.012652243596345477, 0.007252799744243573, 0.014180954351832906], [0.004709247421692376, 0.00776213652423452, 0.005569815743897286, 0.01112389650415742, 0.003842617996009521, 0.007363456085767879, 1.0, 1.0, 0.00574516516800381, 0.006743507913036429, 0.004919594928938376, 0.007933794620387114, 0.004600215491393697, 0.010549977195227265, 0.004678992526233925, 0.009477203191781892, 0.005010083522136845, 0.009571223537478525, 0.004979981947125409, 0.01046343653080676], [0.0097957924617097, 0.01239158312616628, 0.013622312829039935, 0.01622084420558589, 0.011453822904710436, 0.012118500499541872, 1.0, 1.0, 0.01192273676339254, 0.0143319389167429, 0.012937839731635896, 0.012916096157501228, 0.010609556735424377, 0.014387413862012678, 0.012910977523829931, 0.01589712219185077, 0.011578590400507547, 0.014918587459408252, 0.010238920410486654, 0.01958638512009968], [0.006321270820689779, 0.00868273532912776, 0.0060088773551260025, 0.011541116934021916, 0.004864187915972919, 0.00815060078782993, 0.00574516516800381, 0.01192273676339254, 1.0, 0.4134119685802171, 0.005567704460246462, 0.009322769644140671, 0.005516254394908794, 0.013888860862570617, 0.0060936667625620606, 0.010897808776522756, 0.00519050212170595, 0.011521213496182061, 0.006126993740108271, 0.013991595162781442], [0.0071971748242291335, 0.00841598451694135, 0.006845006776286632, 0.012225199602507751, 0.005799693715903307, 0.009962542703439313, 0.006743507913036429, 0.0143319389167429, 0.4134119685802171, 1.0, 0.006595683145802003, 0.008433258523661438, 0.006755880756738243, 0.010909014551964231, 0.006913496503714274, 0.010337893559390071, 0.006494980123316142, 0.012325803708576184, 0.007607455103688448, 0.013245813087993805], [0.004749082808574757, 0.007101946243586673, 0.004964401884053788, 0.009380070324638608, 0.003501061497677324, 0.008210063810305925, 0.004919594928938376, 0.012937839731635896, 0.005567704460246462, 0.006595683145802003, 1.0, 0.385711200918529, 0.00462163278681617, 0.010208865675308177, 0.004088209568250692, 0.01013480564439142, 0.004670703766849358, 0.009375950164922063, 0.005106974625918707, 0.012117563121021416], [0.007135220853617774, 0.009280263804918355, 0.007616411694355979, 0.011616405419563946, 0.0057517163441439855, 0.009295700584650023, 0.007933794620387114, 0.012916096157501228, 0.009322769644140671, 0.008433258523661438, 0.385711200918529, 1.0, 0.006885734592905667, 0.012733782726677084, 0.007119666828838388, 0.010543902418009263, 0.007200798365344059, 0.01218027031105843, 0.007542718381510307, 0.013306045040149988], [0.0048828873373612195, 0.006872113802225733, 0.004956475333315394, 0.010729441687764142, 0.003672986886354956, 0.008022625781732374, 0.004600215491393697, 0.010609556735424377, 0.005516254394908794, 0.006755880756738243, 0.00462163278681617, 0.006885734592905667, 1.0, 0.5110627446293191, 0.0045544010434737095, 0.009348069263481902, 0.004469355180678936, 0.010636050915971378, 0.005250538277541751, 0.011651221089192459], [0.010000159598730214, 0.01246549056396262, 0.011121064003451284, 0.014850312438792557, 0.009588955032629222, 0.012670009275846314, 0.010549977195227265, 0.014387413862012678, 0.013888860862570617, 0.010909014551964231, 0.010208865675308177, 0.012733782726677084, 0.5110627446293191, 1.0, 0.009969389028713258, 0.015827959250923333, 0.00997410006855862, 0.016040505030081368, 0.01147062007611239, 0.015126494640450157], [0.005106775920291931, 0.00794935533657121, 0.00462808926503319, 0.009307625977028293, 0.0035332295530211013, 0.008006770934671748, 0.004678992526233925, 0.012910977523829931, 0.0060936667625620606, 0.006913496503714274, 0.004088209568250692, 0.007119666828838388, 0.0045544010434737095, 0.009969389028713258, 1.0, 0.8994183654141619, 0.004657387289618338, 0.010356996647040671, 0.00523894832819082, 0.011166727167438734], [0.00980333411121204, 0.011201306164992016, 0.010426050488978298, 0.012854490430865345, 0.009095176641377253, 0.010911633218650338, 0.009477203191781892, 0.01589712219185077, 0.010897808776522756, 0.010337893559390071, 0.01013480564439142, 0.010543902418009263, 0.009348069263481902, 0.015827959250923333, 0.8994183654141619, 1.0, 0.008580274794648703, 0.01566003699511251, 0.010792313253612473, 0.016544608113333095], [0.004976924847965583, 0.007419827242872626, 0.00544109537350134, 0.010329864019205295, 0.004048995318283635, 0.008259489725719297, 0.005010083522136845, 0.011578590400507547, 0.00519050212170595, 0.006494980123316142, 0.004670703766849358, 0.007200798365344059, 0.004469355180678936, 0.00997410006855862, 0.004657387289618338, 0.008580274794648703, 1.0, 0.5668358053616673, 0.005259543017230118, 0.012535078409089042], [0.011087325940911465, 0.013365626471396256, 0.011461151447519346, 0.014984372113749858, 0.008807967732086787, 0.012652243596345477, 0.009571223537478525, 0.014918587459408252, 0.011521213496182061, 0.012325803708576184, 0.009375950164922063, 0.01218027031105843, 0.010636050915971378, 0.016040505030081368, 0.010356996647040671, 0.01566003699511251, 0.5668358053616673, 1.0, 0.01156549139392955, 0.015415849017741588], [0.005461583290995943, 0.007856049807455818, 0.006365535626558489, 0.011388608183491602, 0.003834837346986834, 0.007252799744243573, 0.004979981947125409, 0.010238920410486654, 0.006126993740108271, 0.007607455103688448, 0.005106974625918707, 0.007542718381510307, 