{"model": "SING", "dataset": "dim6_butterfly", "N": 500, "seed": 120, "metrics": {"TP": 0, "FP": 0, "FN": 3, "TN": 12, "TPR": 0.0, "FDR": 0.0, "FPR": 0.0, "Hamming": 3}, "omega": [[383.7475482744315, 0.0, 0.0, 0.0, 0.0, 0.0], [0.0, 563.1900730986897, 0.0, 0.0, 0.0, 0.0], [0.0, 0.0, 448.09794530927974, 0.0, 0.0, 0.0], [0.0, 0.0, 0.0, 587.3825799251591, 0.0, 0.0], [0.0, 0.0, 0.0, 0.0, 409.57072868568315, 0.0], [0.0, 0.0, 0.0, 0.0, 0.0, 587.2481341355632]], "meta_info": {"source": "pretrained", "p_order": 3}}