{"model": "SING", "dataset": "dim6_butterfly", "N": 500, "seed": 1234560, "metrics": {"TP": 0, "FP": 0, "FN": 3, "TN": 12, "TPR": 0.0, "FDR": 0.0, "FPR": 0.0, "Hamming": 3}, "omega": [[442.45265155538823, 0.0, 0.0, 0.0, 0.0, 0.0], [0.0, 546.8574506918073, 0.0, 0.0, 0.0, 0.0], [0.0, 0.0, 401.120382811598, 0.0, 0.0, 0.0], [0.0, 0.0, 0.0, 588.7180763249844, 0.0, 0.0], [0.0, 0.0, 0.0, 0.0, 448.8045648380057, 0.0], [0.0, 0.0, 0.0, 0.0, 0.0, 578.7877463098749]], "meta_info": {"source": "pretrained", "p_order": 3}}