{"model": "NPN", "dataset": "dim5_cop_gau", "N": 500, "seed": 120, "metrics": {"TP": 4, "FP": 0, "FN": 0, "TN": 6, "TPR": 1.0, "FDR": 0.0, "FPR": 0.0, "Hamming": 0}, "omega": [[2.9550806891096313, -2.403607720287402, -0.0, -0.0, -0.0], [-2.403626832127633, 4.526306123079453, -2.0099638331290124, -0.0, -0.0], [-0.0, -2.0099698482955537, 4.262759241089395, -2.1338015552306286, -0.0], [-0.0, -0.0, -2.133705683666873, 4.34361152341194, -2.0931184733388344], [-0.0, -0.0, -0.0, -2.0931223290421923, 2.6520095128582244]], "meta_info": {"source": "pretrained"}}