{"model": "NPN", "dataset": "dim5_cop_gau", "N": 500, "seed": 1230, "metrics": {"TP": 4, "FP": 0, "FN": 0, "TN": 6, "TPR": 1.0, "FDR": 0.0, "FPR": 0.0, "Hamming": 0}, "omega": [[2.5222914612177276, -1.9595494170963828, -0.0, -0.0, -0.0], [-1.9595034919969263, 4.2315126704105905, -2.1518212358533373, -0.0, -0.0], [-0.0, -2.151877729445907, 4.711859341764927, -2.4522945905245748, -0.0], [-0.0, -0.0, -2.452262488262282, 4.894156251581319, -2.3385397699700126], [-0.0, -0.0, -0.0, -2.338560450604825, 2.8913946256800442]], "meta_info": {"source": "pretrained"}}