{"model": "LSING", "dataset": "dim20_butterfly", "N": 400, "seed": 12340, "metrics": {"TP": 4, "FP": 48, "FN": 6, "TN": 132, "TPR": 0.4, "FDR": 0.9230769230769231, "FPR": 0.26666666666666666, "Hamming": 54}, "omega": [[1.0, 1.0, 0.14926496778222786, 0.25378000961015434, 0.09938395195213597, 0.10242607961674578, 0.10631053597762027, 0.04562605900851142, 0.10855381764797196, 0.09298593976557654, 0.09641175214678874, 0.16301107448320573, 0.10403482833144463, 0.19261422261995229, 0.16872713242426837, 0.06123738127018177, 0.09738137906777686, 0.09936688473817389, 0.08005467570876768, 0.06742621068048794], [1.0, 1.0, 0.4754487150543849, 0.642677787175061, 0.30055461201144285, 0.3954602091047462, 0.5637084903438312, 0.48050607941183043, 0.4144531724726701, 0.42395837443240264, 0.3621175832095167, 0.3255899081126221, 0.5153303412296077, 0.34767110015508446, 0.3651275049449551, 0.452883492076884, 0.33052476829544886, 0.6898110829270634, 0.33011946214090665, 0.5133847233417473], [0.14926496778222786, 0.4754487150543849, 1.0, 0.7995370890932255, 0.12474908809576636, 0.19966066037048746, 0.11700683316062309, 0.0980915091745386, 0.20558114165177888, 0.19693557790083435, 0.1260810453183213, 0.1930466513787483, 0.2514322675906938, 0.22387790708021268, 0.11740341409452609, 0.20246946193791981, 0.2768846633580188, 0.1922848300881092, 0.18635836551581558, 0.16572381703327535], [0.25378000961015434, 0.642677787175061, 0.7995370890932255, 1.0, 0.2916466265564969, 0.24722087382523458, 0.2767633508967319, 0.2620069333683852, 0.24103724888912662, 0.27858469681945014, 0.25512172800331945, 0.3170181168562743, 0.28911071250745124, 0.49167111305130173, 0.26777941967744096, 0.21904871255821526, 0.2555679628352379, 0.3241954551683057, 0.25382237971672655, 0.2640704171441205], [0.09938395195213597, 0.30055461201144285, 0.12474908809576636, 0.2916466265564969, 1.0, 0.135094932551572, 0.15401556732652955, 0.07533241273396034, 0.18713407199747467, 0.06861942477995199, 0.10175470491761199, 0.0971630557019223, 0.11399047073383724, 0.09823825062258491, 0.10295076726138783, 0.035404716454237664, 0.11116734388207976, 0.11496830860913046, 0.10573846907451735, 0.08106730567950844], [0.10242607961674578, 0.3954602091047462, 0.19966066037048746, 0.24722087382523458, 0.135094932551572, 1.0, 0.07989795798832718, 0.06553377979925544, 0.1924619355017746, 0.07435559350159808, 0.1394041086211, 0.10516655546234094, 0.16708583905689922, 0.33735522902027865, 0.1041979150426379, 0.05618945172201909, 0.15226755627753713, 0.09095095573999927, 0.09442442923718236, 0.06875499329740369], [0.10631053597762027, 0.5637084903438312, 0.11700683316062309, 0.2767633508967319, 0.15401556732652955, 0.07989795798832718, 1.0, 0.06045650987327325, 0.1711642751955259, 0.11112484520892399, 0.17976257341998728, 0.1826231700135375, 0.13938780538933612, 0.17535536533052642, 0.1259153279370345, 0.08150093604137348, 0.1790849830210272, 0.08675393423511682, 0.15906678521230916, 0.09254642748251553], [0.04562605900851142, 0.48050607941183043, 0.0980915091745386, 0.2620069333683852, 0.07533241273396034, 0.06553377979925544, 0.06045650987327325, 1.0, 0.16738005132110992, 0.06756136877384611, 0.05729664241493774, 0.09687705686445101, 0.0800928154802553, 0.13540219185157554, 0.11611059550691537, 0.037380611772516684, 0.10280273520263772, 0.1271886068763847, 0.12597487898954657, 0.06972713468407331], [0.10855381764797196, 0.4144531724726701, 0.20558114165177888, 0.24103724888912662, 0.18713407199747467, 0.1924619355017746, 0.1711642751955259, 0.16738005132110992, 1.0, 0.30089055154930816, 0.2649434732538461, 0.11301721675173332, 0.1640659781355811, 0.2954366730136857, 0.14168439521559634, 0.10141544984535245, 0.27453802651668974, 0.2126228718874098, 0.15043097768710625, 0.15901549209035384], [0.09298593976557654, 0.42395837443240264, 0.19693557790083435, 0.27858469681945014, 0.06861942477995199, 0.07435559350159808, 0.11112484520892399, 0.06756136877384611, 0.30089055154930816, 1.0, 0.0846377604120476, 0.1186779688099743, 0.10701530831925732, 0.10820164905137171, 0.10318637294298844, 0.06589160285309621, 0.06574181907464567, 0.0783357948806794, 0.11335434800293051, 0.06444433871216525], [0.09641175214678874, 0.3621175832095167, 0.1260810453183213, 0.25512172800331945, 0.10175470491761199, 0.1394041086211, 0.17976257341998728, 0.05729664241493774, 0.2649434732538461, 0.0846377604120476, 1.0, 0.17350408070088844, 0.08368623171012401, 0.10049805062648444, 0.13712241768392214, 0.07679128248148816, 0.11318130727125175, 0.17291980491721987, 0.14505373966986662, 0.14704571075595405], [0.16301107448320573, 0.3255899081126221, 0.1930466513787483, 0.3170181168562743, 0.0971630557019223, 0.10516655546234094, 0.1826231700135375, 0.09687705686445101, 0.11301721675173332, 0.1186779688099743, 0.17350408070088844, 1.0, 0.10793819881470214, 0.16178447015854133, 0.2001032557791186, 0.09022788862077097, 0.2211228240927824, 0.09795033564853235, 0.14100396151719308, 0.1528428546522681], [0.10403482833144463, 0.5153303412296077, 0.2514322675906938, 0.28911071250745124, 0.11399047073383724, 0.16708583905689922, 0.13938780538933612, 0.0800928154802553, 0.1640659781355811, 0.10701530831925732, 0.08368623171012401, 0.10793819881470214, 1.0, 0.24201910694258907, 0.1509408233086548, 0.07329368791528953, 0.16434208476342435, 0.1877168445410898, 0.18454683762969643, 0.13761343571828813], [0.19261422261995229, 0.34767110015508446, 0.22387790708021268, 0.49167111305130173, 0.09823825062258491, 0.33735522902027865, 0.17535536533052642, 0.13540219185157554, 0.2954366730136857, 0.10820164905137171, 0.10049805062648444, 0.16178447015854133, 0.24201910694258907, 1.0, 0.13670936786515728, 0.14258821088042875, 0.14394710774709943, 0.1338906295842795, 0.2508496829520854, 0.17367687418913735], [0.16872713242426837, 0.3651275049449551, 0.11740341409452609, 0.26777941967744096, 0.10295076726138783, 0.1041979150426379, 0.1259153279370345, 0.11611059550691537, 0.14168439521559634, 0.10318637294298844, 0.13712241768392214, 0.2001032557791186, 0.1509408233086548, 0.13670936786515728, 1.0, 0.13008343432279676, 0.1581805609175101, 0.17271350499935859, 0.1233141193706015, 0.14092902203360758], [0.06123738127018177, 0.452883492076884, 0.20246946193791981, 0.21904871255821526, 0.035404716454237664, 0.05618945172201909, 0.08150093604137348, 0.037380611772516684, 0.10141544984535245, 0.06589160285309621, 0.07679128248148816, 0.09022788862077097, 0.07329368791528953, 0.14258821088042875, 0.13008343432279676, 1.0, 0.1391222387489071, 0.11633313931811735, 0.08177169726626352, 0.06879138876649378], [0.09738137906777686, 0.33052476829544886, 0.2768846633580188, 0.2555679628352379, 0.11116734388207976, 0.15226755627753713, 0.1790849830210272, 0.10280273520263772, 0.27453802651668974, 0.06574181907464567, 0.11318130727125175, 0.2211228240927824, 0.16434208476342435, 0.14394710774709943, 0.1581805609175101, 0.1391222387489071, 1.0, 0.14818899404476124, 0.1813672376732251, 0.10430889520099168], [0.09936688473817389, 0.6898110829270634, 0.1922848300881092, 0.3241954551683057, 0.11496830860913046, 0.09095095573999927, 0.08675393423511682, 0.1271886068763847, 0.2126228718874098, 0.0783357948806794, 0.17291980491721987, 0.09795033564853235, 0.1877168445410898, 0.1338906295842795, 0.17271350499935859, 0.11633313931811735, 0.14818899404476124, 1.0, 0.14229244098261007, 0.10606421229333596], [0.08005467570876768, 0.33011946214090665, 0.18635836551581558, 0.25382237971672655, 0.10573846907451735, 0.09442442923718236, 0.15906678521230916, 0.12597487898954657, 0.15043097768710625, 0.11335434800293051, 0.14505373966986662, 0.14100396151719308, 0.18454683762969643, 0.2508496829520854, 0.1233141193706015, 0.08177169726626352, 0.1813672376732251, 0.14229244098261007, 1.0, 0.19654766284914735], [0.06742621068048794, 0.5133847233417473, 0.16572381703327535, 0.2640704171441205, 0.08106730567950844, 0.06875499329740369, 0.09254642748251553, 0.06972713468407331, 0.15901549209035384, 0.06444433871216525, 