{"model": "LSING", "dataset": "dim20_butterfly", "N": 400, "seed": 1234560, "metrics": {"TP": 7, "FP": 119, "FN": 3, "TN": 61, "TPR": 0.7, "FDR": 0.9444444444444444, "FPR": 0.6611111111111111, "Hamming": 122}, "omega": [[1.0, 0.7466126429616798, 0.34545901680234115, 0.3869322383414376, 0.44721339013395295, 0.6493282835856856, 0.35231183160221485, 1.0, 0.4795655529264788, 0.6402104416313554, 0.3381065036135412, 0.2697907049270311, 0.6255453440192549, 0.3327573352708928, 0.3477703194316684, 0.46087207821632503, 0.5907775584835513, 0.4114859169849256, 0.3784465141613378, 0.5045769475623385], [0.7466126429616798, 1.0, 0.17957165204178901, 0.25901396828201345, 0.30026558107015305, 0.2352992256763594, 0.4311834073329079, 0.4124925654212045, 0.1339782095217591, 0.4888807389311072, 0.11285875703804218, 0.17478955856170034, 0.48412089030538646, 0.1712866431488667, 0.24442503118237255, 0.3713623268135044, 0.30686171853329486, 0.10316627726025096, 0.16758314276151956, 0.2235219242659092], [0.34545901680234115, 0.17957165204178901, 1.0, 0.12362535101405261, 0.30655703787229655, 0.19804041221582958, 0.17079385374432493, 0.2630885460458157, 0.11586322892463904, 0.41993342335653916, 0.11199644676941971, 0.28504840179143426, 0.2773182931797865, 0.21834174490317249, 0.3210726137685542, 0.14301156543232452, 0.18755862139317714, 0.12594272524823888, 0.17496716989620703, 0.23927164796445055], [0.3869322383414376, 0.25901396828201345, 0.12362535101405261, 1.0, 0.39833154615145583, 0.33415196070557723, 0.33320810125452294, 0.34936657234217766, 0.2148895645541523, 0.3178675207094816, 0.1539852141652916, 0.1788003699952987, 0.2535070033693642, 0.1521528298813927, 0.3114201616973589, 0.2805786725931193, 0.2729741902158704, 0.3291499187543978, 0.283322984899021, 0.29625540672068934], [0.44721339013395295, 0.30026558107015305, 0.30655703787229655, 0.39833154615145583, 1.0, 0.4061761561571209, 0.35040519323186525, 0.26140264767533017, 0.16200360334786554, 0.30027005031188553, 0.18025959190012003, 0.2437187317176159, 0.3294458298557549, 0.19799095614668039, 0.3230445049987552, 0.34065102006050524, 0.3664787294210241, 0.24987326369476057, 0.23597158110536645, 0.3228674149149041], [0.6493282835856856, 0.2352992256763594, 0.19804041221582958, 0.33415196070557723, 0.4061761561571209, 1.0, 0.37348821865407056, 0.24061798531756598, 0.1410173666046211, 0.3168175095276898, 0.14072975690259423, 0.19779805961933722, 0.24772874679604598, 0.14348531953514634, 0.17768714269232835, 0.15313017968707046, 0.25017550702630437, 0.18359753630684567, 0.22402759049220272, 0.37304593747277914], [0.35231183160221485, 0.4311834073329079, 0.17079385374432493, 0.33320810125452294, 0.35040519323186525, 0.37348821865407056, 1.0, 0.3070703346290209, 0.2133043592617052, 0.4152646439773078, 0.226175592048078, 0.2695219471237157, 0.3441084177424765, 0.2277998477021418, 0.18147602683290265, 0.2405407436926354, 0.21159750468430588, 0.21805290447043096, 0.3282076761456549, 0.2093620826365306], [1.0, 0.4124925654212045, 0.2630885460458157, 0.34936657234217766, 0.26140264767533017, 0.24061798531756598, 0.3070703346290209, 1.0, 0.347568769178163, 0.5613049459968876, 0.14372969439112673, 0.25018190199962564, 0.29851934310988487, 0.2565458609068495, 0.25494695830550756, 0.23764079462847723, 0.3421578977891559, 0.21578041570936732, 0.2784386635472968, 0.43347210312824525], [0.4795655529264788, 0.1339782095217591, 0.11586322892463904, 0.2148895645541523, 0.16200360334786554, 0.1410173666046211, 0.2133043592617052, 0.347568769178163, 1.0, 0.2884833229520795, 0.06968809721811228, 0.1102854414923553, 0.3948832993143276, 0.22270184736637913, 0.12578641279468808, 0.1828945091378715, 0.14985080840957235, 0.14989239745493768, 0.1610996726623105, 0.11913265782852074], [0.6402104416313554, 0.4888807389311072, 0.41993342335653916, 0.3178675207094816, 0.30027005031188553, 0.3168175095276898, 0.4152646439773078, 0.5613049459968876, 0.2884833229520795, 1.0, 0.18242565382593348, 0.30830815049147375, 0.34305653391944047, 0.2762706372787349, 0.2816882752734751, 0.497113468313829, 0.3257825960815542, 0.2061520280434397, 0.28184286470402536, 0.31605420551206737], [0.3381065036135412, 0.11285875703804218, 0.11199644676941971, 0.1539852141652916, 0.18025959190012003, 0.14072975690259423, 0.226175592048078, 0.14372969439112673, 0.06968809721811228, 0.18242565382593348, 1.0, 0.1405139591311686, 0.3084126540083326, 0.0990756420804187, 0.28003151384935965, 0.15316904664567868, 0.1602455358935518, 0.07509925819081698, 0.11719899405959586, 0.12662188830733617], [0.2697907049270311, 0.17478955856170034, 0.28504840179143426, 0.1788003699952987, 0.2437187317176159, 0.19779805961933722, 0.2695219471237157, 0.25018190199962564, 0.1102854414923553, 0.30830815049147375, 0.1405139591311686, 1.0, 0.2391301284114504, 0.24043746366689875, 0.2154284170721868, 0.15640400543676017, 0.260049862258549, 0.18315139883598164, 0.29408327801641193, 0.23168784668960274], [0.6255453440192549, 0.48412089030538646, 0.2773182931797865, 0.2535070033693642, 0.3294458298557549, 0.24772874679604598, 0.3441084177424765, 0.29851934310988487, 0.3948832993143276, 0.34305653391944047, 0.3084126540083326, 0.2391301284114504, 1.0, 0.42895839099266514, 0.21863806624810112, 0.3496898539293496, 0.22465636840112113, 0.2656301401106318, 0.17995326543844054, 0.3108445368761286], [0.3327573352708928, 0.1712866431488667, 0.21834174490317249, 0.1521528298813927, 0.19799095614668039, 0.14348531953514634, 0.2277998477021418, 0.2565458609068495, 0.22270184736637913, 0.2762706372787349, 0.0990756420804187, 0.24043746366689875, 0.42895839099266514, 1.0, 0.16387483528479282, 0.16978450494006622, 0.19383768401306478, 0.22822785723353822, 0.14700666212393504, 0.16996964062431466], [0.3477703194316684, 0.24442503118237255, 0.3210726137685542, 0.3114201616973589, 0.3230445049987552, 0.17768714269232835, 0.18147602683290265, 0.25494695830550756, 0.12578641279468808, 0.2816882752734751, 0.28003151384935965, 0.2154284170721868, 0.21863806624810112, 0.16387483528479282, 1.0, 0.1982401091336706, 0.18397947307195947, 0.1212900708545669, 0.2690789998999199, 0.23201574231035588], [0.46087207821632503, 0.3713623268135044, 0.14301156543232452, 0.2805786725931193, 0.34065102006050524, 0.15313017968707046, 0.2405407436926354, 0.23764079462847723, 0.1828945091378715, 0.497113468313829, 0.15316904664567868, 0.15640400543676017, 0.3496898539293496, 0.16978450494006622, 0.1982401091336706, 1.0, 0.15682517596649911, 0.13506561078530158, 0.21210136101248964, 0.18386964362826289], [0.5907775584835513, 0.30686171853329486, 0.18755862139317714, 0.2729741902158704, 0.3664787294210241, 0.25017550702630437, 0.21159750468430588, 0.3421578977891559, 0.14985080840957235, 0.3257825960815542, 0.1602455358935518, 0.260049862258549, 0.22465636840112113, 0.19383768401306478, 0.18397947307195947, 0.15682517596649911, 1.0, 0.2735495061478233, 0.17997565025826232, 0.28656100362450676], [0.4114859169849256, 0.10316627726025096, 0.12594272524823888, 0.3291499187543978, 0.24987326369476057, 0.18359753630684567, 0.21805290447043096, 0.21578041570936732, 0.14989239745493768, 0.2061520280434397, 0.07509925819081698, 0.18315139883598164, 0.2656301401106318, 0.22822785723353822, 0.1212900708545669, 0.13506561078530158, 0.2735495061478233, 1.0, 0.19399047319829518, 0.18543337628953552], [0.3784465141613378, 0.16758314276151956, 0.17496716989620703, 0.283322984899021, 0.23597158110536645, 0.22402759049220272, 0.3282076761456549, 0.2784386635472968, 0.1610996726623105, 0.28184286470402536, 0.11719899405959586, 0.29408327801641193, 0.17995326543844054, 0.14700666212393504, 0.2690789998999199, 0.21210136101248964, 0.17997565025826232, 0.19399047319829518, 1.0, 0.29814293256699964], [0.5045769475623385, 0.2235219242659092, 0.23927164796445055, 0.29625540672068934, 0.3228674149149041, 0.37304593747277914, 0.2093620826365306, 0.43347210312824525, 0.11913265782852074, 0.31605420551206737, 0.12662188830733617, 0.23168784668960274, 0.3108445368761286, 