{"model": "SING", "dataset": "dim5_cop_gau", "N": 50000, "seed": 1234560, "metrics": {"TP": 4, "FP": 6, "FN": 0, "TN": 0, "TPR": 1.0, "FDR": 0.6, "FPR": 1.0, "Hamming": 6}, "omega": [[546.8898638332955, 10.815181390888117, 0.2586454640407961, 0.4879668680025527, 0.1368382286331624], [10.815181390888117, 718.0980315455926, 8.945710117007046, 0.7270672564512487, 0.3432743243789376], [0.2586454640407961, 8.945710117007046, 549.8865410075725, 10.80655958976466, 0.6579327919356358], [0.4879668680025527, 0.7270672564512487, 10.80655958976466, 564.1601475454038, 16.41270603258531], [0.1368382286331624, 0.3432743243789376, 0.6579327919356358, 16.41270603258531, 517.0277411673395]], "meta_info": {"source": "pretrained", "p_order": 3}}