{"model": "SING", "dataset": "dim5_cop_gau", "N": 50000, "seed": 123450, "metrics": {"TP": 4, "FP": 6, "FN": 0, "TN": 0, "TPR": 1.0, "FDR": 0.6, "FPR": 1.0, "Hamming": 6}, "omega": [[410.0516009563321, 8.518153158099182, 0.3107607495857239, 0.6739871621815685, 0.22598579437075775], [8.518153158099182, 546.7070859109687, 8.67770343677045, 0.8704948843715381, 0.45626128590798304], [0.3107607495857239, 8.67770343677045, 521.6844363030052, 11.061483573449662, 0.5450490099247903], [0.6739871621815685, 0.8704948843715381, 11.061483573449662, 797.0896766242674, 18.247319581280053], [0.22598579437075775, 0.45626128590798304, 0.5450490099247903, 18.247319581280053, 612.00740273396]], "meta_info": {"source": "pretrained", "p_order": 3}}