{"model": "SING", "dataset": "dim6_butterfly", "N": 1000, "seed": 120, "metrics": {"TP": 1, "FP": 0, "FN": 2, "TN": 12, "TPR": 0.3333333333333333, "FDR": 0.0, "FPR": 0.0, "Hamming": 2}, "omega": [[385.07904611846334, 0.0, 0.0, 0.0, 0.0, 0.0], [0.0, 580.1604004928439, 0.0, 0.0, 0.0, 0.0], [0.0, 0.0, 453.81883560033543, 0.7247336765884733, 0.0, 0.0], [0.0, 0.0, 0.7247336765884733, 762.4781772358776, 0.0, 0.0], [0.0, 0.0, 0.0, 0.0, 395.5023025090029, 0.0], [0.0, 0.0, 0.0, 0.0, 0.0, 525.6950621768686]], "meta_info": {"source": "pretrained", "p_order": 3}}