{"model": "SING", "dataset": "dim6_butterfly", "N": 1000, "seed": 12340, "metrics": {"TP": 1, "FP": 0, "FN": 2, "TN": 12, "TPR": 0.3333333333333333, "FDR": 0.0, "FPR": 0.0, "Hamming": 2}, "omega": [[462.1350976787183, 0.6979148798011929, 0.0, 0.0, 0.0, 0.0], [0.6979148798011929, 865.6174163136773, 0.0, 0.0, 0.0, 0.0], [0.0, 0.0, 403.83628701589856, 0.0, 0.0, 0.0], [0.0, 0.0, 0.0, 593.6683726681932, 0.0, 0.0], [0.0, 0.0, 0.0, 0.0, 400.7423007027952, 0.0], [0.0, 0.0, 0.0, 0.0, 0.0, 535.3162423762767]], "meta_info": {"source": "pretrained", "p_order": 3}}