{"model": "SING", "dataset": "dim6_butterfly", "N": 1000, "seed": 1234560, "metrics": {"TP": 1, "FP": 0, "FN": 2, "TN": 12, "TPR": 0.3333333333333333, "FDR": 0.0, "FPR": 0.0, "Hamming": 2}, "omega": [[382.1219982931459, 0.0, 0.0, 0.0, 0.0, 0.0], [0.0, 600.5912988788562, 0.0, 0.0, 0.0, 0.0], [0.0, 0.0, 402.33787330264505, 0.0, 0.0, 0.0], [0.0, 0.0, 0.0, 518.2730042728972, 0.0, 0.0], [0.0, 0.0, 0.0, 0.0, 399.5921867301159, 0.7042515588129209], [0.0, 0.0, 0.0, 0.0, 0.7042515588129209, 812.7286284191039]], "meta_info": {"source": "pretrained", "p_order": 3}}