{"model": "SING", "dataset": "dim6_butterfly", "N": 1000, "seed": 1230, "metrics": {"TP": 2, "FP": 0, "FN": 1, "TN": 12, "TPR": 0.6666666666666666, "FDR": 0.0, "FPR": 0.0, "Hamming": 1}, "omega": [[387.2760023983599, 0.0, 0.0, 0.0, 0.0, 0.0], [0.0, 530.6370146918374, 0.0, 0.0, 0.0, 0.0], [0.0, 0.0, 444.30147221436647, 0.691000731709278, 0.0, 0.0], [0.0, 0.0, 0.691000731709278, 731.6130102668628, 0.0, 0.0], [0.0, 0.0, 0.0, 0.0, 407.20826939252834, 0.6864876256599576], [0.0, 0.0, 0.0, 0.0, 0.6864876256599576, 762.4400056793836]], "meta_info": {"source": "pretrained", "p_order": 3}}