{"model": "NPN", "dataset": "dim5_cop_gau", "N": 400, "seed": 123450, "metrics": {"TP": 4, "FP": 0, "FN": 0, "TN": 6, "TPR": 1.0, "FDR": 0.0, "FPR": 0.0, "Hamming": 0}, "omega": [[3.10194403881413, -2.553431445523474, -0.0, -0.0, -0.0], [-2.55344956088606, 5.089557175940729, -2.4366981788076614, -0.0, -0.0], [-0.0, -2.436898997221564, 4.603198884084218, -2.0557754516898, -0.0], [-0.0, -0.0, -2.055810826916668, 4.838417070816335, -2.6764090899895536], [-0.0, -0.0, -0.0, -2.6764058732983935, 3.2227129149028384]], "meta_info": {"source": "pretrained"}}