{"model": "NPN", "dataset": "dim5_cop_gau", "N": 400, "seed": 12340, "metrics": {"TP": 4, "FP": 0, "FN": 0, "TN": 6, "TPR": 1.0, "FDR": 0.0, "FPR": 0.0, "Hamming": 0}, "omega": [[2.4976728672361155, -1.9341318833905774, -0.0, -0.0, -0.0], [-1.934086394139742, 4.202398978818563, -2.1471752910593134, -0.0, -0.0], [-0.0, -2.1472490692311363, 4.5128241109969265, -2.2534601743481955, -0.0], [-0.0, -0.0, -2.2533723316639644, 4.557454427003428, -2.1929043268281743], [-0.0, -0.0, -0.0, -2.1929143336357386, 2.7491841602282654]], "meta_info": {"source": "pretrained"}}