{"model": "NPN", "dataset": "dim5_cop_gau", "N": 400, "seed": 1234560, "metrics": {"TP": 4, "FP": 0, "FN": 0, "TN": 6, "TPR": 1.0, "FDR": 0.0, "FPR": 0.0, "Hamming": 0}, "omega": [[2.5180587433307533, -1.9551421631072488, -0.0, -0.0, -0.0], [-1.9551370210602204, 4.5264133790065495, -2.4581429864617297, -0.0, -0.0], [-0.0, -2.457989355366825, 4.6229555189910485, -2.0545028280130992, -0.0], [-0.0, -0.0, -2.054515500632417, 4.151267701508625, -1.9744728427725362], [-0.0, -0.0, -0.0, -1.9744742162954603, 2.5367972424486096]], "meta_info": {"source": "pretrained"}}