{"model": "NPN", "dataset": "dim5_cop_gau", "N": 400, "seed": 120, "metrics": {"TP": 4, "FP": 0, "FN": 0, "TN": 6, "TPR": 1.0, "FDR": 0.0, "FPR": 0.0, "Hamming": 0}, "omega": [[2.726249731221505, -2.169374905966167, -0.0, -0.0, -0.0], [-2.169374738366503, 4.628033021941121, -2.3491756985424357, -0.0, -0.0], [-0.0, -2.349174694345953, 4.597120555255583, -2.137570237728093, -0.0], [-0.0, -0.0, -2.137654683047409, 4.845796297712523, -2.602941242957595], [-0.0, -0.0, -0.0, -2.6029386384160196, 3.15052883672101]], "meta_info": {"source": "pretrained"}}