{"model": "GLASSO", "dataset": "dim5_cop_gau", "N": 5000, "seed": 120, "metrics": {"TP": 4, "FP": 2, "FN": 0, "TN": 4, "TPR": 1.0, "FDR": 0.3333333333333333, "FPR": 0.3333333333333333, "Hamming": 2}, "omega": [[2.6575969727968025, -2.018320611867297, -0.09972051198653244, -0.0, -0.0], [-2.0183940006640766, 4.327146296868293, -2.1634106388915, -0.0, -0.0], [-0.09937357295033143, -2.16366770067818, 4.319974149857325, -1.8083186038192278, -0.19058279791629598], [-0.0, -0.0, -1.8083951759152272, 3.7680261220242084, -1.7702698377553028], [-0.0, -0.0, -0.19054234891631158, -1.7702777962752607, 2.485788489539628]], "meta_info": {"source": "pretrained"}}