{"model": "GLASSO", "dataset": "dim5_cop_gau", "N": 5000, "seed": 1234560, "metrics": {"TP": 4, "FP": 0, "FN": 0, "TN": 6, "TPR": 1.0, "FDR": 0.0, "FPR": 0.0, "Hamming": 0}, "omega": [[2.571003960044445, -2.0097415238022363, -0.0, -0.0, -0.0], [-2.009741308956346, 4.20172638548719, -2.071202911985773, -0.0, -0.0], [-0.0, -2.0712144322060997, 4.09413597906119, -1.8987621048055592, -0.0], [-0.0, -0.0, -1.8986743653014084, 4.045470833531334, -2.021046841559833], [-0.0, -0.0, -0.0, -2.0210505587016008, 2.5819775060694043]], "meta_info": {"source": "pretrained"}}