{"model": "GLASSO", "dataset": "dim5_cop_gau", "N": 5000, "seed": 123450, "metrics": {"TP": 4, "FP": 1, "FN": 0, "TN": 5, "TPR": 1.0, "FDR": 0.2, "FPR": 0.16666666666666666, "Hamming": 1}, "omega": [[2.409846301430601, -1.8432530526471989, -0.0, -0.0, -0.0], [-1.843233659141427, 4.0072267519959155, -2.036792827294312, -0.0, -0.0], [-0.0, -2.0369131089701162, 4.152874966056906, -1.8829841340252915, -0.13974654065394554], [-0.0, -0.0, -1.8830246479987858, 3.937958705082111, -1.8857015153735137], [-0.0, -0.0, -0.13970084324281754, -1.8857065063969753, 2.5582023114279178]], "meta_info": {"source": "pretrained"}}