{"model": "LSING", "dataset": "0.7_dim20_pair_gau", "N": 20000, "seed": 120, "metrics": {"TP": 10, "FP": 0, "FN": 0, "TN": 180, "TPR": 1.0, "FDR": 0.0, "FPR": 0.0, "Hamming": 0}, "omega": [[1.0, 0.863836484178157, 0.0471825149215202, 0.04622806168579297, 0.04605522620342732, 0.04346423134194006, 0.05039051643171822, 0.05262561621821913, 0.05005897096626791, 0.038918458437212436, 0.05238830018800848, 0.0390985158835928, 0.04983729106132088, 0.052258180011674156, 0.0442801438715091, 0.03783840671337879, 0.0516608458910423, 0.04727814799068301, 0.047139858206378595, 0.04970757720006957], [0.863836484178157, 1.0, 0.05625303424385818, 0.057503063233611436, 0.046666645064460374, 0.053205289006747265, 0.05130634808140412, 0.04730180469926244, 0.057487154533339156, 0.046943777425376504, 0.05919347918246328, 0.049778674697307235, 0.04636428295694749, 0.04760192888953125, 0.04687692012535312, 0.042106810346201444, 0.04979955088605525, 0.046841798708114696, 0.04933638735543793, 0.055705741837901855], [0.0471825149215202, 0.05625303424385818, 1.0, 0.9437647289854451, 0.04651802799898641, 0.051151008348193, 0.05685256934399928, 0.0505400709514276, 0.05258406508769212, 0.048384890412211265, 0.05231832228625034, 0.046008945769128416, 0.0524866742918379, 0.055285275781305945, 0.04617535790678045, 0.042414091541020285, 0.05032289745012856, 0.05081085511681475, 0.04477621510270565, 0.0507353722188535], [0.04622806168579297, 0.057503063233611436, 0.9437647289854451, 1.0, 0.04623747698702698, 0.04497985920334079, 0.0544911246724056, 0.04659148823753753, 0.04969976041115275, 0.05477857667220132, 0.0504682843743783, 0.04223802464371542, 0.05335542179306382, 0.05373126197113774, 0.04268251551252396, 0.04644793036801886, 0.05475443213077927, 0.051200810604449705, 0.05075264124673914, 0.05485226617945132], [0.04605522620342732, 0.046666645064460374, 0.04651802799898641, 0.04623747698702698, 1.0, 0.936226374166272, 0.051666707527443664, 0.05674116513578352, 0.04823159244413516, 0.04785514088286424, 0.050699962942026486, 0.0493108264429428, 0.05399463056783111, 0.060057434967882614, 0.044934693269661444, 0.04919662643031571, 0.057340142348757346, 0.05355519125268789, 0.045574868794109005, 0.04405927150186812], [0.04346423134194006, 0.053205289006747265, 0.051151008348193, 0.04497985920334079, 0.936226374166272, 1.0, 0.06249820406185878, 0.046010452573966056, 0.058678946726146916, 0.05433716819367772, 0.05002926538518303, 0.04975867737190493, 0.04774630957893591, 0.050362573672184725, 0.052117533854631255, 0.047373987401674804, 0.04734362203622315, 0.05111673013028046, 0.05083149948943389, 0.045294884585321805], [0.05039051643171822, 0.05130634808140412, 0.05685256934399928, 0.0544911246724056, 0.051666707527443664, 0.06249820406185878, 1.0, 1.0, 0.058189475886048114, 0.05934917810330265, 0.060692618803269566, 0.051866874386145796, 0.06674192182438703, 0.060044544972145585, 0.057998866984659295, 0.04626582733535848, 0.056457692221628365, 0.05787705397751439, 0.05455476202092471, 0.05562739308120461], [0.05262561621821913, 0.04730180469926244, 0.0505400709514276, 0.04659148823753753, 0.05674116513578352, 0.046010452573966056, 1.0, 1.0, 0.053721569000035094, 0.04881508383021465, 0.05935886597954532, 0.05450403504758253, 0.05583676635188176, 0.05308193989931986, 0.06077248837566938, 0.045099249604567536, 0.050145993722072776, 0.048426954849880764, 0.049338313212508526, 0.04753302345579787], [0.05005897096626791, 0.057487154533339156, 0.05258406508769212, 0.04969976041115275, 0.04823159244413516, 0.058678946726146916, 0.058189475886048114, 0.053721569000035094, 1.0, 0.8863658327114547, 0.049577053256082214, 0.05058842881488136, 0.05037572860064046, 0.060939337397564276, 0.05757907599701009, 0.04717614379912133, 0.04916781627087145, 0.04714434932544665, 0.049938161646538096, 0.05084046899042007], [0.038918458437212436, 0.046943777425376504, 0.048384890412211265, 0.05477857667220132, 0.04785514088286424, 0.05433716819367772, 0.05934917810330265, 0.04881508383021465, 0.8863658327114547, 1.0, 0.04941261155552556, 0.0472623475561852, 0.052168462074942454, 0.05335525366268465, 0.059881822786830526, 0.04647328748611498, 0.05109797340328209, 0.059001675536410295, 0.04304485940652381, 0.04481670395492785], [0.05238830018800848, 0.05919347918246328, 0.05231832228625034, 0.0504682843743783, 0.050699962942026486, 0.05002926538518303, 0.060692618803269566, 0.05935886597954532, 0.049577053256082214, 0.04941261155552556, 1.0, 0.8917713976272871, 0.05736458748691793, 0.052269944043356685, 0.045978673384871306, 0.04621974687431359, 0.05281812550237867, 0.04871749688225139, 0.047780613271148326, 0.053324040003047135], [0.0390985158835928, 0.049778674697307235, 0.046008945769128416, 0.04223802464371542, 0.0493108264429428, 0.04975867737190493, 0.051866874386145796, 0.05450403504758253, 0.05058842881488136, 0.0472623475561852, 0.8917713976272871, 1.0, 0.050964908397882154, 0.048983502068981874, 0.046937806249485674, 0.04248861278416123, 0.04158573736339203, 0.047035053115545594, 0.041571447554876836, 0.04978713216486592], [0.04983729106132088, 0.04636428295694749, 0.0524866742918379, 0.05335542179306382, 0.05399463056783111, 0.04774630957893591, 0.06674192182438703, 0.05583676635188176, 0.05037572860064046, 0.052168462074942454, 0.05736458748691793, 0.050964908397882154, 1.0, 0.9951792027326709, 0.04785619042401911, 0.04977402563757995, 0.04908091579170598, 0.05771839494302948, 0.04911369994193082, 0.05600634367129333], [0.052258180011674156, 0.04760192888953125, 0.055285275781305945, 0.05373126197113774, 0.060057434967882614, 0.050362573672184725, 0.060044544972145585, 0.05308193989931986, 0.060939337397564276, 0.05335525366268465, 0.052269944043356685, 0.048983502068981874, 0.9951792027326709, 1.0, 0.04019723899552023, 0.050223718358423076, 0.0532855024821954, 0.05727023832246885, 0.05712805606514345, 0.0609728208173207], [0.0442801438715091, 0.04687692012535312, 0.04617535790678045, 0.04268251551252396, 0.044934693269661444, 0.052117533854631255, 0.057998866984659295, 0.06077248837566938, 0.05757907599701009, 0.059881822786830526, 0.045978673384871306, 0.046937806249485674, 0.04785619042401911, 0.04019723899552023, 1.0, 0.8540464050443842, 0.04516821490290562, 0.04984921048623265, 0.05212014242293851, 0.05831433052459817], [0.03783840671337879, 0.042106810346201444, 0.042414091541020285, 0.04644793036801886, 0.04919662643031571, 0.047373987401674804, 0.04626582733535848, 0.045099249604567536, 0.04717614379912133, 0.04647328748611498, 0.04621974687431359, 0.04248861278416123, 0.04977402563757995, 0.050223718358423076, 0.8540464050443842, 1.0, 0.047330179248178825, 0.05115974730676531, 0.04416246661694898, 0.045587681093231414], [0.0516608458910423, 0.04979955088605525, 0.05032289745012856, 0.05475443213077927, 0.057340142348757346, 0.04734362203622315, 0.056457692221628365, 0.050145993722072776, 0.04916781627087145, 0.05109797340328209, 0.05281812550237867, 0.04158573736339203, 0.04908091579170598, 0.0532855024821954, 0.04516821490290562, 0.047330179248178825, 1.0, 0.9201073784536579, 0.06073167090497878, 0.054564872770545315], [0.04727814799068301, 0.046841798708114696, 0.05081085511681475, 0.051200810604449705, 0.05355519125268789, 0.05111673013028046, 0.05787705397751439, 0.048426954849880764, 0.04714434932544665, 0.059001675536410295, 0.04871749688225139, 0.047035053115545594, 0.05771839494302948, 0.05727023832246885, 0.04984921048623265, 0.05115974730676531, 0.9201073784536579, 1.0, 0.054946253608842165, 0.045502502676737534], [0.047139858206378595, 0.04933638735543793, 0.04477621510270565, 0.05075264124673914, 0.045574868794109005, 0.05083149948943389, 0.05455476202092471, 0.049338313212508526, 0.049938161646538096, 0.04304485940652381, 0.047780613271148326, 0.041571447554876836, 0.04911369994193082, 0.05712805606514345, 0.05212014242293851, 0.04416246661694898, 0.06073167090497878, 0.054946253608842165, 1.0, 0.8947171233882564], [0.04970757720006957, 0.055705741837901855, 