{"model": "LSING", "dataset": "0.7_dim20_pair_gau", "N": 20000, "seed": 1230, "metrics": {"TP": 10, "FP": 0, "FN": 0, "TN": 180, "TPR": 1.0, "FDR": 0.0, "FPR": 0.0, "Hamming": 0}, "omega": [[1.0, 0.9301579049916535, 0.05114189534804643, 0.057093586150154724, 0.04988178090896233, 0.04803515521184102, 0.046753799094717545, 0.04948432997290995, 0.054137683832042524, 0.05208399479977854, 0.04577632857230473, 0.0484638480512312, 0.05375981873489927, 0.05079887849363803, 0.04494637767067294, 0.04965341070526335, 0.046174706517507984, 0.04924346405092412, 0.04950264850816978, 0.04746382812900922], [0.9301579049916535, 1.0, 0.05398837147204568, 0.0554198065896452, 0.046144327736614456, 0.05068524099213083, 0.04799787666663468, 0.054082125865886524, 0.053564625289080826, 0.04352084751009775, 0.05156678627648873, 0.05615858464190693, 0.05320024159084053, 0.05023990110233514, 0.050331285168980076, 0.05493434584810464, 0.059628641959495514, 0.05999098910598664, 0.05433568047008934, 0.054308722887524766], [0.05114189534804643, 0.05398837147204568, 1.0, 1.0, 0.054693831954910274, 0.05587281027661223, 0.04744518885640605, 0.053986452263227, 0.057600971766352184, 0.05882280894151044, 0.05723561281797848, 0.06337427784552956, 0.05021997627273793, 0.04896963519595331, 0.05074516150768038, 0.045323161909045354, 0.05451356192222949, 0.046494051391405535, 0.05263861224930856, 0.05824873081886382], [0.057093586150154724, 0.0554198065896452, 1.0, 1.0, 0.06354156453485679, 0.06171118952979801, 0.055619187874271794, 0.06192513176828808, 0.06450597218148539, 0.06628626261619036, 0.05394004965326989, 0.05742236539566367, 0.05584970936502976, 0.05363135690984016, 0.05717646155052881, 0.05425426794491537, 0.05833166097927213, 0.06843377384043281, 0.06492440664113007, 0.06198704450603529], [0.04988178090896233, 0.046144327736614456, 0.054693831954910274, 0.06354156453485679, 1.0, 0.9152504922144791, 0.04657823320973907, 0.05314493656389025, 0.06312290321221317, 0.05079625522723641, 0.04834035113594215, 0.05473737139736343, 0.054609483248853376, 0.04760567487100622, 0.049352170541730064, 0.0550191508877801, 0.05281269700574219, 0.06137946367292343, 0.05410310417423746, 0.062288584545946483], [0.04803515521184102, 0.05068524099213083, 0.05587281027661223, 0.06171118952979801, 0.9152504922144791, 1.0, 0.05208229593490711, 0.05428938738020069, 0.059642240701328966, 0.049922976100426356, 0.04511680132767528, 0.06410688887488886, 0.057013242749458556, 0.0563664146175288, 0.05189906755656764, 0.053093342181164134, 0.05769006634204223, 0.058279482489514235, 0.05518174646750842, 0.06025240047129093], [0.046753799094717545, 0.04799787666663468, 0.04744518885640605, 0.055619187874271794, 0.04657823320973907, 0.05208229593490711, 1.0, 0.9254714473880193, 0.05302948676601215, 0.047938263850325076, 0.04430237489574732, 0.061356785195890724, 0.04412522096977622, 0.052833774403678875, 0.0557018624878537, 0.05353193615626699, 0.06257194686211444, 0.05746630901932184, 0.04941304283882693, 0.05017755810717613], [0.04948432997290995, 0.054082125865886524, 0.053986452263227, 0.06192513176828808, 0.05314493656389025, 0.05428938738020069, 0.9254714473880193, 1.0, 0.053097928985935954, 0.050304351055001605, 0.05036210724538879, 0.06602364392251237, 0.04731809472839232, 0.05085725790536715, 0.057370963976867695, 0.049669252000879495, 0.05007368614510637, 0.05484885500419097, 0.0538674117716759, 0.05768584199654459], [0.054137683832042524, 0.053564625289080826, 0.057600971766352184, 0.06450597218148539, 0.06312290321221317, 0.059642240701328966, 0.05302948676601215, 0.053097928985935954, 1.0, 0.9705324260760398, 0.05455452764307389, 0.06243653051270829, 0.06222495599379345, 0.05513323429242317, 0.05156383444988174, 0.054901487219946754, 0.04883439355713255, 0.0528837989987571, 0.05542469327079494, 0.05846991702759614], [0.05208399479977854, 0.04352084751009775, 0.05882280894151044, 0.06628626261619036, 0.05079625522723641, 0.049922976100426356, 0.047938263850325076, 0.050304351055001605, 0.9705324260760398, 1.0, 0.04398594012652593, 0.0589341986739936, 0.05080473520967982, 0.05054841391993812, 0.04928677402275764, 0.04969527344762083, 0.04968685604807368, 0.0470234635794663, 0.053030018720630366, 0.05088272653652484], [0.04577632857230473, 0.05156678627648873, 0.05723561281797848, 0.05394004965326989, 0.04834035113594215, 0.04511680132767528, 0.04430237489574732, 0.05036210724538879, 0.05455452764307389, 0.04398594012652593, 1.0, 0.9183964926876058, 0.04938297697241471, 0.051974253083563605, 0.04897244621104371, 0.045565201260336086, 0.04267592886577679, 0.054880490658251076, 0.04800820805975915, 0.04434552710652986], [0.0484638480512312, 0.05615858464190693, 0.06337427784552956, 0.05742236539566367, 0.05473737139736343, 0.06410688887488886, 0.061356785195890724, 0.06602364392251237, 0.06243653051270829, 0.0589341986739936, 0.9183964926876058, 1.0, 0.0521701140802755, 0.05776259470356777, 0.045291187264297164, 0.05231435201043382, 0.050071240196910824, 0.060390017652548936, 0.0535820911323791, 0.05683596365769492], [0.05375981873489927, 0.05320024159084053, 0.05021997627273793, 0.05584970936502976, 0.054609483248853376, 0.057013242749458556, 0.04412522096977622, 0.04731809472839232, 0.06222495599379345, 0.05080473520967982, 0.04938297697241471, 0.0521701140802755, 1.0, 0.8957769896041465, 0.05491389949437192, 0.044808798299914764, 0.05220259199581446, 0.0472000959813019, 0.04804670697144259, 0.05699148215490435], [0.05079887849363803, 0.05023990110233514, 0.04896963519595331, 0.05363135690984016, 0.04760567487100622, 0.0563664146175288, 0.052833774403678875, 0.05085725790536715, 0.05513323429242317, 0.05054841391993812, 0.051974253083563605, 0.05776259470356777, 0.8957769896041465, 1.0, 0.051155509735603955, 0.05024658182651103, 0.044254866654622936, 0.05214819702848064, 0.053085722713544316, 0.062195852339411245], [0.04494637767067294, 0.050331285168980076, 0.05074516150768038, 0.05717646155052881, 0.049352170541730064, 0.05189906755656764, 0.0557018624878537, 0.057370963976867695, 0.05156383444988174, 0.04928677402275764, 0.04897244621104371, 0.045291187264297164, 0.05491389949437192, 0.051155509735603955, 1.0, 0.9514036300583147, 0.041899781001585014, 0.05082327017745589, 0.05293352632507809, 0.056643104032382895], [0.04965341070526335, 0.05493434584810464, 0.045323161909045354, 0.05425426794491537, 0.0550191508877801, 0.053093342181164134, 0.05353193615626699, 0.049669252000879495, 0.054901487219946754, 0.04969527344762083, 0.045565201260336086, 0.05231435201043382, 0.044808798299914764, 0.05024658182651103, 0.9514036300583147, 1.0, 0.04411293646876425, 0.04996410870899412, 0.04538846324986305, 0.05237737820221035], [0.046174706517507984, 0.059628641959495514, 0.05451356192222949, 0.05833166097927213, 0.05281269700574219, 0.05769006634204223, 0.06257194686211444, 0.05007368614510637, 0.04883439355713255, 0.04968685604807368, 0.04267592886577679, 0.050071240196910824, 0.05220259199581446, 0.044254866654622936, 0.041899781001585014, 0.04411293646876425, 1.0, 0.9822861615448129, 0.043228649271263894, 0.04852633707314814], [0.04924346405092412, 0.05999098910598664, 0.046494051391405535, 0.06843377384043281, 0.06137946367292343, 0.058279482489514235, 0.05746630901932184, 0.05484885500419097, 0.0528837989987571, 0.0470234635794663, 0.054880490658251076, 0.060390017652548936, 0.0472000959813019, 0.05214819702848064, 0.05082327017745589, 0.04996410870899412, 0.9822861615448129, 1.0, 0.04858065381186163, 0.05666801724033626], [0.04950264850816978, 0.05433568047008934, 0.05263861224930856, 0.06492440664113007, 0.05410310417423746, 0.05518174646750842, 0.04941304283882693, 0.0538674117716759, 0.05542469327079494, 0.053030018720630366, 0.04800820805975915, 0.0535820911323791, 0.04804670697144259, 0.053085722713544316, 0.05293352632507809, 0.04538846324986305, 0.043228649271263894, 0.04858065381186163, 1.0, 0.924305945249979], [0.04746382812900922, 0.054308722887524766, 0.05824873081886382, 0.06198704450603529, 