{"model": "LSING", "dataset": "0.7_dim20_pair_gau", "N": 20000, "seed": 12340, "metrics": {"TP": 10, "FP": 0, "FN": 0, "TN": 180, "TPR": 1.0, "FDR": 0.0, "FPR": 0.0, "Hamming": 0}, "omega": [[1.0, 0.9422963105596166, 0.049640077752011534, 0.05212033077259639, 0.05895570127497936, 0.05699654136589707, 0.04785548012239082, 0.056134975308693234, 0.0609967034717998, 0.04791250291730073, 0.04757999091549525, 0.05493373240017771, 0.04971834504881516, 0.052146301831502595, 0.05140048168116797, 0.04317661848989961, 0.04723514012645298, 0.05277301598897057, 0.04929005708004883, 0.04566760999932182], [0.9422963105596166, 1.0, 0.06275026828786409, 0.05377198334236421, 0.048232942397734874, 0.05532369835837065, 0.04687553253173089, 0.050417703833034726, 0.05609805220761597, 0.049732816666182254, 0.04528679034118708, 0.05195927776889684, 0.0483937277839656, 0.0449542350880735, 0.0533148981120285, 0.05131015402742341, 0.04529959948639937, 0.0516879623132322, 0.0473846950402168, 0.04771541616754657], [0.049640077752011534, 0.06275026828786409, 1.0, 1.0, 0.04780649260956248, 0.04747970870287251, 0.061342181404809404, 0.052860726938575534, 0.054996179179443105, 0.04547563366193947, 0.047062598494041354, 0.0527890324889986, 0.051588384285969346, 0.05189215444194394, 0.04585201600618459, 0.04765165292659111, 0.04436823798236454, 0.05102652276177941, 0.046847712479403725, 0.048984850169683535], [0.05212033077259639, 0.05377198334236421, 1.0, 1.0, 0.05485655314409329, 0.057103812719586894, 0.05082549608817869, 0.05791440440699688, 0.05856767216442694, 0.04882882648215313, 0.04802968557856064, 0.059793387203702586, 0.05350175727902215, 0.056996535959483556, 0.04891390450837795, 0.05406006408632823, 0.047190354748526515, 0.06132293997912173, 0.06005885291994771, 0.05559546389796013], [0.05895570127497936, 0.048232942397734874, 0.04780649260956248, 0.05485655314409329, 1.0, 0.981534502779502, 0.049605833528829246, 0.04612124188302701, 0.051969739179041734, 0.04755078006329223, 0.04329972928357495, 0.05727654222486805, 0.054583369772560404, 0.05008211963675129, 0.054930542616205884, 0.045920013820522985, 0.05270817957493307, 0.056399232691518524, 0.050772645692896336, 0.04661985377554509], [0.05699654136589707, 0.05532369835837065, 0.04747970870287251, 0.057103812719586894, 0.981534502779502, 1.0, 0.055499551419058116, 0.05768556173587914, 0.05520817005964528, 0.06018443849940797, 0.054314641285761044, 0.05618099199729697, 0.054992938034542915, 0.05080794957312689, 0.06006470806578074, 0.05302490620088814, 0.0570876042918792, 0.05704889977754987, 0.05485064393412514, 0.0499697230030525], [0.04785548012239082, 0.04687553253173089, 0.061342181404809404, 0.05082549608817869, 0.049605833528829246, 0.055499551419058116, 1.0, 0.9328389362807888, 0.051633665702335504, 0.05467928495466917, 0.04985181182757191, 0.05065628615809357, 0.052067054622249996, 0.05096015633271812, 0.05223752965309683, 0.05056990788941921, 0.05987396439067903, 0.05779448204568999, 0.04600324555653361, 0.05284687300395213], [0.056134975308693234, 0.050417703833034726, 0.052860726938575534, 0.05791440440699688, 0.04612124188302701, 0.05768556173587914, 0.9328389362807888, 1.0, 0.05658185052711234, 0.05910647263178328, 0.04876325479587805, 0.04726481322701124, 0.05410899212860794, 0.05635155623396674, 0.056468745653243536, 0.050486535586657284, 0.05606900625102505, 0.06001769389388412, 0.055321418203472146, 0.053090107547837675], [0.0609967034717998, 0.05609805220761597, 0.054996179179443105, 0.05856767216442694, 0.051969739179041734, 0.05520817005964528, 0.051633665702335504, 0.05658185052711234, 1.0, 0.9686708717318446, 0.05412694142146635, 0.05812425705065524, 0.06159088994237542, 0.04636381278965401, 0.05943761545936695, 0.04451359346443324, 0.05056448255346035, 0.04779353749118538, 0.05286929880719812, 0.051834722111210534], [0.04791250291730073, 0.049732816666182254, 0.04547563366193947, 0.04882882648215313, 0.04755078006329223, 0.06018443849940797, 0.05467928495466917, 0.05910647263178328, 0.9686708717318446, 1.0, 0.05208638795696737, 0.053189442286492514, 0.053262535645565566, 0.04753468517026829, 0.0520008422759738, 0.043428191075023374, 0.05879685543959592, 0.049716981281006864, 0.05128853377979064, 0.05240053572367743], [0.04757999091549525, 0.04528679034118708, 0.047062598494041354, 0.04802968557856064, 0.04329972928357495, 0.054314641285761044, 0.04985181182757191, 0.04876325479587805, 0.05412694142146635, 0.05208638795696737, 1.0, 0.9824852530339928, 0.047084236312518034, 0.05942245857908727, 0.05319417019510838, 0.04662516422521683, 0.05226544026285031, 0.044900437218823246, 0.05114188751649605, 0.057263666851090245], [0.05493373240017771, 0.05195927776889684, 0.0527890324889986, 0.059793387203702586, 0.05727654222486805, 0.05618099199729697, 0.05065628615809357, 0.04726481322701124, 0.05812425705065524, 0.053189442286492514, 0.9824852530339928, 1.0, 0.0550649109144157, 0.051144617755319394, 0.05360356004544502, 0.04895769780942505, 0.04693957149977544, 0.051989469885152205, 0.0555092180864168, 0.060138835401437885], [0.04971834504881516, 0.0483937277839656, 0.051588384285969346, 0.05350175727902215, 0.054583369772560404, 0.054992938034542915, 0.052067054622249996, 0.05410899212860794, 0.06159088994237542, 0.053262535645565566, 0.047084236312518034, 0.0550649109144157, 1.0, 0.9677432176758753, 0.049794941763843706, 0.05251300534395862, 0.0534313414462407, 0.05592456039802968, 0.05147647152627984, 0.048579804372603445], [0.052146301831502595, 0.0449542350880735, 0.05189215444194394, 0.056996535959483556, 0.05008211963675129, 0.05080794957312689, 0.05096015633271812, 0.05635155623396674, 0.04636381278965401, 0.04753468517026829, 0.05942245857908727, 0.051144617755319394, 0.9677432176758753, 1.0, 0.05309876051266294, 0.04996170258860809, 0.0493916881928427, 0.05209832261479416, 0.06467114538287096, 0.05509514898518591], [0.05140048168116797, 0.0533148981120285, 0.04585201600618459, 0.04891390450837795, 0.054930542616205884, 0.06006470806578074, 0.05223752965309683, 0.056468745653243536, 0.05943761545936695, 0.0520008422759738, 0.05319417019510838, 0.05360356004544502, 0.049794941763843706, 0.05309876051266294, 1.0, 0.8782607593684063, 0.05980222668979401, 0.05094122577580736, 0.05170175677730697, 0.053367505218702836], [0.04317661848989961, 0.05131015402742341, 0.04765165292659111, 0.05406006408632823, 0.045920013820522985, 0.05302490620088814, 0.05056990788941921, 0.050486535586657284, 0.04451359346443324, 0.043428191075023374, 0.04662516422521683, 0.04895769780942505, 0.05251300534395862, 0.04996170258860809, 0.8782607593684063, 1.0, 0.03971966307836514, 0.05276762309149278, 0.04334678535517628, 0.047004383584952146], [0.04723514012645298, 0.04529959948639937, 0.04436823798236454, 0.047190354748526515, 0.05270817957493307, 0.0570876042918792, 0.05987396439067903, 0.05606900625102505, 0.05056448255346035, 0.05879685543959592, 0.05226544026285031, 0.04693957149977544, 0.0534313414462407, 0.0493916881928427, 0.05980222668979401, 0.03971966307836514, 1.0, 0.9353031795593626, 0.04581592684439148, 0.049739644966447366], [0.05277301598897057, 0.0516879623132322, 0.05102652276177941, 0.06132293997912173, 0.056399232691518524, 0.05704889977754987, 0.05779448204568999, 0.06001769389388412, 0.04779353749118538, 0.049716981281006864, 0.044900437218823246, 0.051989469885152205, 0.05592456039802968, 0.05209832261479416, 0.05094122577580736, 0.05276762309149278, 0.9353031795593626, 1.0, 0.05122077790245688, 0.05075740231000046], [0.04929005708004883, 0.0473846950402168, 0.046847712479403725, 0.06005885291994771, 0.050772645692896336, 0.05485064393412514, 0.04600324555653361, 0.055321418203472146, 0.05286929880719812, 0.05128853377979064, 0.05114188751649605, 0.0555092180864168, 0.05147647152627984, 0.06467114538287096, 0.05170175677730697, 0.04334678535517628, 0.04581592684439148, 0.05122077790245688, 1.0, 0.9445044195916661], [0.04566760999932182, 0.04771541616754657, 0.048984850169683535, 