{"model": "SING", "dataset": "dim5_cop_gau", "N": 200, "seed": 123450, "metrics": {"TP": 0, "FP": 0, "FN": 4, "TN": 6, "TPR": 0.0, "FDR": 0.0, "FPR": 0.0, "Hamming": 4}, "omega": [[335.16954706950986, 0.0, 0.0, 0.0, 0.0], [0.0, 375.79039590391255, 0.0, 0.0, 0.0], [0.0, 0.0, 376.27341573300714, 0.0, 0.0], [0.0, 0.0, 0.0, 480.93373518122957, 0.0], [0.0, 0.0, 0.0, 0.0, 372.36984443117734]], "meta_info": {"source": "pretrained", "p_order": 3}}