{"model": "SING", "dataset": "dim5_cop_gau", "N": 200, "seed": 1230, "metrics": {"TP": 1, "FP": 0, "FN": 3, "TN": 6, "TPR": 0.25, "FDR": 0.0, "FPR": 0.0, "Hamming": 3}, "omega": [[355.23236805915303, 5.331114063737982, 0.0, 0.0, 0.0], [5.331114063737982, 510.01747755674114, 0.0, 0.0, 0.0], [0.0, 0.0, 401.88431309367706, 0.0, 0.0], [0.0, 0.0, 0.0, 367.17922615782976, 0.0], [0.0, 0.0, 0.0, 0.0, 344.1464740361335]], "meta_info": {"source": "pretrained", "p_order": 3}}