{"model": "SING", "dataset": "dim5_cop_gau", "N": 200, "seed": 1234560, "metrics": {"TP": 0, "FP": 0, "FN": 4, "TN": 6, "TPR": 0.0, "FDR": 0.0, "FPR": 0.0, "Hamming": 4}, "omega": [[549.4578794449483, 0.0, 0.0, 0.0, 0.0], [0.0, 479.0118397301132, 0.0, 0.0, 0.0], [0.0, 0.0, 390.1185814451489, 0.0, 0.0], [0.0, 0.0, 0.0, 464.01461868611614, 0.0], [0.0, 0.0, 0.0, 0.0, 419.72258898339953]], "meta_info": {"source": "pretrained", "p_order": 3}}