{"model": "SING", "dataset": "dim5_cop_gau", "N": 200, "seed": 120, "metrics": {"TP": 1, "FP": 0, "FN": 3, "TN": 6, "TPR": 0.25, "FDR": 0.0, "FPR": 0.0, "Hamming": 3}, "omega": [[377.4211910182072, 9.449607575518856, 0.0, 0.0, 0.0], [9.449607575518856, 551.1697735893669, 0.0, 0.0, 0.0], [0.0, 0.0, 436.86991717832456, 0.0, 0.0], [0.0, 0.0, 0.0, 326.74636603832107, 0.0], [0.0, 0.0, 0.0, 0.0, 389.5869962297285]], "meta_info": {"source": "pretrained", "p_order": 3}}