{"model": "GLASSO", "dataset": "dim5_cop_gau", "N": 100, "seed": 120, "metrics": {"TP": 4, "FP": 0, "FN": 0, "TN": 6, "TPR": 1.0, "FDR": 0.0, "FPR": 0.0, "Hamming": 0}, "omega": [[2.0512565251452, -1.468465075846071, -0.0, -0.0, -0.0], [-1.4684672411665798, 3.2885541182785216, -1.6637974564181928, -0.0, -0.0], [-0.0, -1.66378806180934, 4.109263244530091, -2.3186823681145228, -0.0], [-0.0, -0.0, -2.3186552809020142, 4.824397739055596, -2.4009039900074596], [-0.0, -0.0, -0.0, -2.4009084484286314, 2.9524151298737618]], "meta_info": {"source": "pretrained"}}