{"model": "GLASSO", "dataset": "dim5_cop_gau", "N": 100, "seed": 1230, "metrics": {"TP": 4, "FP": 0, "FN": 0, "TN": 6, "TPR": 1.0, "FDR": 0.0, "FPR": 0.0, "Hamming": 0}, "omega": [[2.203370684290066, -1.628340079971805, -0.0, -0.0, -0.0], [-1.6283339881929253, 3.5247764003523616, -1.7514129134215881, -0.0, -0.0], [-0.0, -1.7514224108351173, 3.2851772306300613, -1.375771660325955, -0.0], [-0.0, -0.0, -1.3757295662592495, 3.4306640160618804, -1.9022365057148898], [-0.0, -0.0, -0.0, -1.902236666520505, 2.4668512205234014]], "meta_info": {"source": "pretrained"}}