{"model": "GLASSO", "dataset": "dim5_cop_gau", "N": 100, "seed": 1234560, "metrics": {"TP": 4, "FP": 0, "FN": 0, "TN": 6, "TPR": 1.0, "FDR": 0.0, "FPR": 0.0, "Hamming": 0}, "omega": [[2.1124150571592897, -1.5329365755521251, -0.0, -0.0, -0.0], [-1.5329328247001672, 3.5409791107864885, -1.8625963147289892, -0.0, -0.0], [-0.0, -1.8626237062113715, 4.369502952278816, -2.3892044995938626, -0.0], [-0.0, -0.0, -2.3892044487012902, 4.228801547706568, -1.7164993606399441], [-0.0, -0.0, -0.0, -1.7164985394999763, 2.287839493656334]], "meta_info": {"source": "pretrained"}}