{"model": "GLASSO", "dataset": "dim5_cop_gau", "N": 100, "seed": 12340, "metrics": {"TP": 4, "FP": 0, "FN": 0, "TN": 6, "TPR": 1.0, "FDR": 0.0, "FPR": 0.0, "Hamming": 0}, "omega": [[2.658031662070259, -2.099320695842568, -0.0, -0.0, -0.0], [-2.0993088124932293, 4.131040405696565, -1.9085645888656113, -0.0, -0.0], [-0.0, -1.9085993148276226, 4.594658710195528, -2.573589924412646, -0.0], [-0.0, -0.0, -2.573561944542173, 4.88641777021283, -2.208818291394758], [-0.0, -0.0, -0.0, -2.208825635214029, 2.764702683444354]], "meta_info": {"source": "pretrained"}}