{"model": "SING", "dataset": "dim5_cop_gau", "N": 2000, "seed": 1230, "metrics": {"TP": 4, "FP": 0, "FN": 0, "TN": 6, "TPR": 1.0, "FDR": 0.0, "FPR": 0.0, "Hamming": 0}, "omega": [[512.3184944005923, 7.214203974753482, 0.0, 0.0, 0.0], [7.214203974753482, 448.28014608100153, 7.227775824786624, 0.0, 0.0], [0.0, 7.227775824786624, 589.438679714748, 7.442456763293214, 0.0], [0.0, 0.0, 7.442456763293214, 573.1819147965838, 7.071589714459726], [0.0, 0.0, 0.0, 7.071589714459726, 568.6250277979232]], "meta_info": {"source": "pretrained", "p_order": 2}}