{"model": "LSING", "dataset": "dim20_cop_gau", "N": 200, "seed": 1234560, "metrics": {"TP": 18, "FP": 56, "FN": 1, "TN": 115, "TPR": 0.9473684210526315, "FDR": 0.7567567567567568, "FPR": 0.32748538011695905, "Hamming": 57}, "omega": [[1.0, 0.8458064508520877, 0.21536651125230552, 0.16170964094232798, 0.1565325034852516, 0.12632804079646986, 0.21280023271932846, 0.2071815135373401, 0.2616602045104911, 0.14678169586840223, 0.21469239340601054, 0.2825580999159227, 0.12256396170036898, 0.1531760417312893, 0.1344770499009355, 0.19531651193248814, 0.11086470459878849, 0.2510249225655242, 0.21173963215302063, 0.19108813975019734], [0.8458064508520877, 1.0, 0.3780565628084644, 0.16299823430484892, 0.19342767055811155, 0.09470617121068677, 0.1181777997822826, 0.18722221751920506, 0.08604763055747643, 0.0774469133248957, 0.14439398633477293, 0.11151647960380773, 0.13694220654531114, 0.1589210658794574, 0.07723076844675306, 0.17288193813134584, 0.12650506727637986, 0.17450832482473294, 0.09804742888227294, 0.20597530018902338], [0.21536651125230552, 0.3780565628084644, 1.0, 0.7600383269225593, 0.16470431871328145, 0.09569882195316191, 0.27924984847510426, 0.21830179412804862, 0.08160819117621602, 0.07029849920123817, 0.10406562637892287, 0.1771246378448647, 0.2280592666923662, 0.18689189198295475, 0.10264435528646997, 0.14939127023706533, 0.07977566492274578, 0.29680004763805423, 0.12483824604189513, 0.22854929300385202], [0.16170964094232798, 0.16299823430484892, 0.7600383269225593, 1.0, 0.8062235278920997, 0.21503434838061572, 0.27983523196944293, 0.22406793184005658, 0.14254929102437316, 0.17269404820822837, 0.19438166092007103, 0.1558032339883429, 0.2824082596830315, 0.13018833520057155, 0.18095120740419438, 0.24711979507087017, 0.1692961358508767, 0.21946162660180377, 0.13084363746846892, 0.2429364612974187], [0.1565325034852516, 0.19342767055811155, 0.16470431871328145, 0.8062235278920997, 1.0, 0.8027167968426723, 0.5062593648829414, 0.22030525311996405, 0.11269792314340571, 0.1141105945583789, 0.20338613656391025, 0.16430854928921337, 0.1421845246616323, 0.1645093611029791, 0.22255298296304654, 0.20015247883610685, 0.19428286070748343, 0.2059918204142645, 0.1981842635178296, 0.22202261424046363], [0.12632804079646986, 0.09470617121068677, 0.09569882195316191, 0.21503434838061572, 0.8027167968426723, 1.0, 0.15626082001049293, 0.10561808532758458, 0.0733780208058391, 0.13542050322311805, 0.07088545548630047, 0.12022335428759125, 0.1517418066316164, 0.1176848305753507, 0.11520131637029446, 0.15365997166902456, 0.10106366507335464, 0.19543590978091255, 0.09044401100876644, 0.14499056757260675], [0.21280023271932846, 0.1181777997822826, 0.27924984847510426, 0.27983523196944293, 0.5062593648829414, 0.15626082001049293, 1.0, 0.732817460081808, 0.1872747947943749, 0.15170712889941018, 0.1847876375058684, 0.20795517390079854, 0.2367614190555502, 0.1359939993151003, 0.2021734162052691, 0.24648160266021743, 0.1986927921657112, 0.301329361150992, 0.2048415773574235, 0.36160386096089886], [0.2071815135373401, 0.18722221751920506, 0.21830179412804862, 0.22406793184005658, 0.22030525311996405, 0.10561808532758458, 0.732817460081808, 1.0, 0.7764039632873214, 0.2277535846151196, 0.2931502597560617, 0.2822804253588427, 0.17517713598299636, 0.14021818089850904, 0.18005995230803656, 0.15630312084217307, 0.19356408876606573, 0.245567399297066, 0.10172843830530834, 0.2228029606096761], [0.2616602045104911, 0.08604763055747643, 0.08160819117621602, 0.14254929102437316, 0.11269792314340571, 0.0733780208058391, 0.1872747947943749, 0.7764039632873214, 1.0, 0.38008093794278996, 0.30551620112903577, 0.15387502151630356, 0.09877834619004859, 0.1028533693025702, 0.07431917614257942, 0.0795712889941017, 0.11604331087130217, 0.1414553183395811, 0.13354909547713084, 0.15033448402124647], [0.14678169586840223, 0.0774469133248957, 0.07029849920123817, 0.17269404820822837, 0.1141105945583789, 0.13542050322311805, 0.15170712889941018, 0.2277535846151196, 0.38008093794278996, 1.0, 0.5277184530768535, 0.1456058485682661, 0.1436007575591981, 0.16091641216675315, 0.12957860832780238, 0.1560759308931076, 0.11345639521820237, 0.20635676840472073, 0.14662831784349, 0.13353463896390202], [0.21469239340601054, 0.14439398633477293, 0.10406562637892287, 0.19438166092007103, 0.20338613656391025, 0.07088545548630047, 0.1847876375058684, 0.2931502597560617, 0.30551620112903577, 0.5277184530768535, 1.0, 1.0, 0.2441812797482507, 0.1725543001588258, 0.11695127834955937, 0.20000672391066857, 0.11059719856148323, 0.1711185936114299, 0.16440869196752322, 0.19694139559072346], [0.2825580999159227, 0.11151647960380773, 0.1771246378448647, 0.1558032339883429, 0.16430854928921337, 0.12022335428759125, 0.20795517390079854, 0.2822804253588427, 0.15387502151630356, 0.1456058485682661, 1.0, 1.0, 0.8225886799162874, 0.19446988460859574, 0.17527021887097854, 0.10057793991675154, 0.15378229661918066, 0.20418684629552955, 0.1601945657156029, 0.2380489700329221], [0.12256396170036898, 0.13694220654531114, 0.2280592666923662, 0.2824082596830315, 0.1421845246616323, 0.1517418066316164, 0.2367614190555502, 0.17517713598299636, 0.09877834619004859, 0.1436007575591981, 0.2441812797482507, 0.8225886799162874, 1.0, 0.6757634671001979, 0.20478067416248985, 0.14865482512925682, 0.13924513015557904, 0.1925635253726864, 0.11260469547970839, 0.2825243434837219], [0.1531760417312893, 0.1589210658794574, 0.18689189198295475, 0.13018833520057155, 0.1645093611029791, 0.1176848305753507, 0.1359939993151003, 0.14021818089850904, 0.1028533693025702, 0.16091641216675315, 0.1725543001588258, 0.19446988460859574, 0.6757634671001979, 1.0, 0.5168048490325171, 0.5073536376483067, 0.13677221353287153, 0.20450773771972372, 0.1452008635118575, 0.1901081924186549], [0.1344770499009355, 0.07723076844675306, 0.10264435528646997, 0.18095120740419438, 0.22255298296304654, 0.11520131637029446, 0.2021734162052691, 0.18005995230803656, 0.07431917614257942, 0.12957860832780238, 0.11695127834955937, 0.17527021887097854, 0.20478067416248985, 0.5168048490325171, 1.0, 0.7141429300827427, 0.360550483386634, 0.36565388525584325, 0.09712708439651353, 0.23749580834820364], [0.19531651193248814, 0.17288193813134584, 0.14939127023706533, 0.24711979507087017, 0.20015247883610685, 0.15365997166902456, 0.24648160266021743, 0.15630312084217307, 0.0795712889941017, 0.1560759308931076, 0.20000672391066857, 0.10057793991675154, 0.14865482512925682, 0.5073536376483067, 0.7141429300827427, 1.0, 0.6832571002327656, 0.14732020888303357, 0.07634178238089444, 0.24026871341412387], [0.11086470459878849, 0.12650506727637986, 0.07977566492274578, 0.1692961358508767, 0.19428286070748343, 0.10106366507335464, 0.1986927921657112, 0.19356408876606573, 0.11604331087130217, 0.11345639521820237, 0.11059719856148323, 0.15378229661918066, 0.13924513015557904, 0.13677221353287153, 0.360550483386634, 0.6832571002327656, 1.0, 0.5398964808361386, 0.23043281979333988, 0.18901748903273943], [0.2510249225655242, 0.17450832482473294, 0.29680004763805423, 0.21946162660180377, 0.2059918204142645, 0.19543590978091255, 0.301329361150992, 0.245567399297066, 0.1414553183395811, 0.20635676840472073, 0.1711185936114299, 0.20418684629552955, 0.1925635253726864, 0.20450773771972372, 0.36565388525584325, 0.14732020888303357, 0.5398964808361386, 1.0, 0.7728253392500378, 0.37718338098612836], [0.21173963215302063, 0.09804742888227294, 0.12483824604189513, 0.13084363746846892, 0.1981842635178296, 0.09044401100876644, 0.2048415773574235, 0.10172843830530834, 0.13354909547713084, 0.14662831784349, 0.16440869196752322, 0.1601945657156029, 0.11260469547970839, 0.1452008635118575, 0.09712708439651353, 0.07634178238089444, 0.23043281979333988, 0.7728253392500378, 1.0, 0.9015679073071536], [0.19108813975019734, 0.20597530018902338, 0.22854929300385202, 0.2429364612974187, 0.22202261424046363, 0.14499056757260675, 0.36160386096089886, 0.2228029606096761, 0.15033448402124647, 0.13353463896390202, 0.19694139559072346, 