{"model": "LSING", "dataset": "dim20_cop_gau", "N": 200, "seed": 12340, "metrics": {"TP": 19, "FP": 39, "FN": 0, "TN": 132, "TPR": 1.0, "FDR": 0.6724137931034483, "FPR": 0.22807017543859648, "Hamming": 39}, "omega": [[1.0, 0.484104070586831, 0.24722455920391082, 0.14156806271500938, 0.16103273338567448, 0.13781785441649902, 0.12517091825783075, 0.10186967112634057, 0.15436892719738107, 0.15547584218368252, 0.11897944981958224, 0.11610857450169226, 0.07487065193941457, 0.10687011001965302, 0.17482878765488052, 0.06006532485824913, 0.16285883963576778, 0.14187271077419789, 0.0977724238440987, 0.13539352027886892], [0.484104070586831, 1.0, 0.34343613474171736, 0.14518247540878854, 0.1397038569771682, 0.15223076876111477, 0.1258618156073339, 0.11863150380032701, 0.10004761656797001, 0.1252294420278674, 0.19449008924238606, 0.07074712260361614, 0.06599393280342, 0.070054187420998, 0.14700932886435733, 0.06916199411512156, 0.19756341329087224, 0.054863999573061976, 0.16430845421999116, 0.0833509665834048], [0.24722455920391082, 0.34343613474171736, 1.0, 0.5667876548165792, 0.25839027838206857, 0.10981503459889003, 0.2822706297358243, 0.09629091117799891, 0.16655679949151028, 0.13447829346516627, 0.1147489562218785, 0.10240211895965087, 0.12716998859037218, 0.09547059544268911, 0.10203987414470546, 0.15896332584465625, 0.2407754007746451, 0.07995651999350835, 0.11449336400024435, 0.14622894666659889], [0.14156806271500938, 0.14518247540878854, 0.5667876548165792, 1.0, 0.8245837410198289, 0.3109064604552171, 0.19534786514525082, 0.10529186820836174, 0.10526671495452083, 0.10131886481411494, 0.17197048696603537, 0.10582845763779691, 0.10713240311605941, 0.1484746986955854, 0.09411718256449805, 0.14007453282715795, 0.2093557461731332, 0.20974028927768293, 0.19586891509824642, 0.1331047579839025], [0.16103273338567448, 0.1397038569771682, 0.25839027838206857, 0.8245837410198289, 1.0, 0.6359779867992528, 0.3346990091719752, 0.2722137035470347, 0.14214902496158566, 0.12840898313278337, 0.23273650875362004, 0.2030095382736865, 0.1877033317916127, 0.22279053258856366, 0.19793690814333775, 0.18885697309251548, 0.23690142408253317, 0.09215639952001119, 0.14629545994117168, 0.2052969180387357], [0.13781785441649902, 0.15223076876111477, 0.10981503459889003, 0.3109064604552171, 0.6359779867992528, 1.0, 0.5946383923475419, 0.3340912314390564, 0.17634312142138525, 0.09947035438701037, 0.13068241772612413, 0.16001486771074686, 0.13727570689713647, 0.317020103647229, 0.27401714190053716, 0.2693552630068974, 0.23757119989116213, 0.1565150451700494, 0.1779918283051919, 0.318744845680732], [0.12517091825783075, 0.1258618156073339, 0.2822706297358243, 0.19534786514525082, 0.3346990091719752, 0.5946383923475419, 1.0, 0.46935100593356266, 0.24168081402338615, 0.1858498366648788, 0.22947675094537076, 0.10672396142354743, 0.10987629745637831, 0.16217116685748775, 0.1467841523009022, 0.12669252029577893, 0.22914892353343705, 0.1686169269003529, 0.1391729335229429, 0.1707046609542768], [0.10186967112634057, 0.11863150380032701, 0.09629091117799891, 0.10529186820836174, 0.2722137035470347, 0.3340912314390564, 0.46935100593356266, 1.0, 0.6396542377386938, 0.10501083503879986, 0.12877830242523877, 0.09675982057350921, 0.13906360177844812, 0.07346837701760263, 0.1451137404965453, 0.10066121411252016, 0.19726391575498808, 0.18000656198246032, 0.14774431932841714, 0.0904547729072341], [0.15436892719738107, 0.10004761656797001, 0.16655679949151028, 0.10526671495452083, 0.14214902496158566, 0.17634312142138525, 0.24168081402338615, 0.6396542377386938, 1.0, 0.5058316710209166, 0.21101015499391063, 0.12508971260607402, 0.13499091238311747, 0.15058419161270084, 0.10789880418034851, 0.1116746532143469, 0.24496465821990435, 0.09011982107090032, 0.10357106998129892, 0.14511113526675906], [0.15547584218368252, 0.1252294420278674, 0.13447829346516627, 0.10131886481411494, 0.12840898313278337, 0.09947035438701037, 0.1858498366648788, 0.10501083503879986, 0.5058316710209166, 1.0, 0.475063979169158, 0.22526555682599134, 0.19148749398599485, 0.08850015930260907, 0.11832643618726187, 0.06619016014938867, 0.2172310361567855, 0.11431634423032226, 0.08673211531328816, 0.19949593238920446], [0.11897944981958224, 0.19449008924238606, 0.1147489562218785, 0.17197048696603537, 0.23273650875362004, 0.13068241772612413, 0.22947675094537076, 0.12877830242523877, 0.21101015499391063, 0.475063979169158, 1.0, 0.5406116964460415, 0.22466563473994325, 0.34873293051046617, 0.22158413538448987, 0.18788249528205672, 0.26792836027252814, 0.1396497305313336, 0.16768520762354808, 0.12947316755568936], [0.11610857450169226, 0.07074712260361614, 0.10240211895965087, 0.10582845763779691, 0.2030095382736865, 0.16001486771074686, 0.10672396142354743, 0.09675982057350921, 0.12508971260607402, 0.22526555682599134, 0.5406116964460415, 1.0, 0.3167155554818206, 0.13282688545354446, 0.09488369351194532, 0.07791306485657219, 0.20966149306390336, 0.11204335516324099, 0.1042140582738438, 0.1233077753898103], [0.07487065193941457, 0.06599393280342, 0.12716998859037218, 0.10713240311605941, 0.1877033317916127, 0.13727570689713647, 0.10987629745637831, 0.13906360177844812, 0.13499091238311747, 0.19148749398599485, 0.22466563473994325, 0.3167155554818206, 1.0, 0.45965790487932046, 0.11738405025261299, 0.06308457040991516, 0.1479624793527548, 0.11933097603191793, 0.1142128302995832, 0.11254616650985741], [0.10687011001965302, 0.070054187420998, 0.09547059544268911, 0.1484746986955854, 0.22279053258856366, 0.317020103647229, 0.16217116685748775, 0.07346837701760263, 0.15058419161270084, 0.08850015930260907, 0.34873293051046617, 0.13282688545354446, 0.45965790487932046, 1.0, 0.6433900093880974, 0.21788544430627668, 0.18765479739959068, 0.09572387412437508, 0.09606733291502613, 0.18647895170923692], [0.17482878765488052, 0.14700932886435733, 0.10203987414470546, 0.09411718256449805, 0.19793690814333775, 0.27401714190053716, 0.1467841523009022, 0.1451137404965453, 0.10789880418034851, 0.11832643618726187, 0.22158413538448987, 0.09488369351194532, 0.11738405025261299, 0.6433900093880974, 1.0, 0.6129902223328673, 0.2960813204416974, 0.17812234951833136, 0.1913781742287537, 0.3109429256807218], [0.06006532485824913, 0.06916199411512156, 0.15896332584465625, 0.14007453282715795, 0.18885697309251548, 0.2693552630068974, 0.12669252029577893, 0.10066121411252016, 0.1116746532143469, 0.06619016014938867, 0.18788249528205672, 0.07791306485657219, 0.06308457040991516, 0.21788544430627668, 0.6129902223328673, 1.0, 0.7347107774584267, 0.2537205798033189, 0.0734640675999271, 0.15848779548939784], [0.16285883963576778, 0.19756341329087224, 0.2407754007746451, 0.2093557461731332, 0.23690142408253317, 0.23757119989116213, 0.22914892353343705, 0.19726391575498808, 0.24496465821990435, 0.2172310361567855, 0.26792836027252814, 0.20966149306390336, 0.1479624793527548, 0.18765479739959068, 0.2960813204416974, 0.7347107774584267, 1.0, 1.0, 0.2690960306559147, 0.25984251817483417], [0.14187271077419789, 0.054863999573061976, 0.07995651999350835, 0.20974028927768293, 0.09215639952001119, 0.1565150451700494, 0.1686169269003529, 0.18000656198246032, 0.09011982107090032, 0.11431634423032226, 0.1396497305313336, 0.11204335516324099, 0.11933097603191793, 0.09572387412437508, 0.17812234951833136, 0.2537205798033189, 1.0, 1.0, 0.6502889135900901, 0.2469744331699263], [0.0977724238440987, 0.16430845421999116, 0.11449336400024435, 0.19586891509824642, 0.14629545994117168, 0.1779918283051919, 0.1391729335229429, 0.14774431932841714, 0.10357106998129892, 0.08673211531328816, 0.16768520762354808, 0.1042140582738438, 0.1142128302995832, 0.09606733291502613, 0.1913781742287537, 0.0734640675999271, 0.2690960306559147, 0.6502889135900901, 1.0, 0.8612502245212602], [0.13539352027886892, 0.0833509665834048, 0.14622894666659889, 0.1331047579839025, 0.2052969180387357, 0.318744845680732, 0.1707046609542768, 0.0904547729072341, 0.14511113526675906, 0.19949593238920446, 0.12947316755568936,