{"model": "LSING", "dataset": "dim20_cop_gau", "N": 200, "seed": 1230, "metrics": {"TP": 19, "FP": 52, "FN": 0, "TN": 119, "TPR": 1.0, "FDR": 0.7323943661971831, "FPR": 0.30409356725146197, "Hamming": 52}, "omega": [[1.0, 0.512871439986855, 0.15538725356422858, 0.1351401104361359, 0.0912446673199302, 0.10752017760332969, 0.10771665444089644, 0.0954516113620975, 0.10584974703777202, 0.12698856019491714, 0.10783376591911284, 0.18106491979663525, 0.1300758656479136, 0.1128819277604071, 0.09480789137393182, 0.0933178382558103, 0.07503082353059357, 0.058594286459483114, 0.10215524493914102, 0.3294759922067591], [0.512871439986855, 1.0, 0.361503790068497, 0.29846281169435784, 0.20353678936365166, 0.1410867438129909, 0.09887614896130383, 0.13545071954258478, 0.08569301162695862, 0.12342463655738893, 0.2300551965423114, 0.3303287875153161, 0.28356451678868916, 0.189750694740256, 0.15777780820600715, 0.10284682959508584, 0.10831577298957035, 0.12866439758443973, 0.23126524284876152, 0.40095664160682737], [0.15538725356422858, 0.361503790068497, 1.0, 0.6110747540276279, 0.19266959040759768, 0.13864552616932696, 0.08247277782973166, 0.07190413212298606, 0.12233056565334285, 0.125643622823787, 0.1275186456947869, 0.2860199533180469, 0.15447137914102624, 0.08786412575139456, 0.1587905599992729, 0.10130788934095405, 0.08186250182071098, 0.10602390148046224, 0.11420667287880894, 0.10304432142670075], [0.1351401104361359, 0.29846281169435784, 0.6110747540276279, 1.0, 0.6474260229286408, 0.2752063293055659, 0.10423423826355954, 0.11147082593189907, 0.1766626529307527, 0.2709211589695338, 0.19254714535240952, 0.2311474437457113, 0.17278038889190514, 0.16469521836453396, 0.2109732127673874, 0.0802329654998889, 0.0925622461916945, 0.2473898538623827, 0.17289354802216375, 0.32758685658346365], [0.0912446673199302, 0.20353678936365166, 0.19266959040759768, 0.6474260229286408, 1.0, 0.8095888146998165, 0.3711396981004095, 0.14884976509539807, 0.14301572281089553, 0.1944041748753127, 0.2503950793327719, 0.2414791384192378, 0.16333217852223564, 0.14113363982665636, 0.22355395487124194, 0.15417967971750698, 0.12576047420043582, 0.19858590251895514, 0.20789256980109586, 0.1938479222608435], [0.10752017760332969, 0.1410867438129909, 0.13864552616932696, 0.2752063293055659, 0.8095888146998165, 1.0, 0.34957039592122474, 0.319172104483577, 0.2050722317001506, 0.13592805076417241, 0.14919885129580807, 0.19255448798976527, 0.1511206192019773, 0.14151824633424212, 0.2686205994701342, 0.10959004943484414, 0.10489785602164428, 0.10848545189149447, 0.1742891155087742, 0.2399776886669143], [0.10771665444089644, 0.09887614896130383, 0.08247277782973166, 0.10423423826355954, 0.3711396981004095, 0.34957039592122474, 1.0, 0.5309180521011543, 0.2521467049376725, 0.19492746933253036, 0.17392568037188663, 0.09706300784083649, 0.12825973335941923, 0.08075385028051506, 0.13839858215346879, 0.11201987642365248, 0.07855643002167632, 0.09199607085190618, 0.11576305488633382, 0.07535816733272599], [0.0954516113620975, 0.13545071954258478, 0.07190413212298606, 0.11147082593189907, 0.14884976509539807, 0.319172104483577, 0.5309180521011543, 1.0, 0.8215851773438261, 0.3641714336009131, 0.18127370960323688, 0.19772267624063664, 0.14963415967103072, 0.16626544255893064, 0.21152295985299419, 0.18923882083462587, 0.1021408137866507, 0.12164117093301004, 0.1821880293963802, 0.3648622753230701], [0.10584974703777202, 0.08569301162695862, 0.12233056565334285, 0.1766626529307527, 0.14301572281089553, 0.2050722317001506, 0.2521467049376725, 0.8215851773438261, 1.0, 0.6961915151161464, 0.3406464127868083, 0.164438184201658, 0.20220893498513176, 0.2592564108758092, 0.2540974427770572, 0.1143303437000052, 0.13734877336100734, 0.17563809790773102, 0.2125601193381868, 0.1403356302793144], [0.12698856019491714, 0.12342463655738893, 0.125643622823787, 0.2709211589695338, 0.1944041748753127, 0.13592805076417241, 0.19492746933253036, 0.3641714336009131, 0.6961915151161464, 1.0, 0.8335907481812622, 0.19942951654114424, 0.22209343972424211, 0.19312131208863592, 0.1345134091626069, 0.18238314742748188, 0.090141238738798, 0.13420758951260914, 0.28109156077443537, 0.21905235611360663], [0.10783376591911284, 0.2300551965423114, 0.1275186456947869, 0.19254714535240952, 0.2503950793327719, 0.14919885129580807, 0.17392568037188663, 0.18127370960323688, 0.3406464127868083, 0.8335907481812622, 1.0, 1.0, 0.4305498917857892, 0.20581058530865026, 0.33068478584014244, 0.3669183812043791, 0.13722269884256597, 0.07638431286188499, 0.32240793540583856, 0.21342760889047488], [0.18106491979663525, 0.3303287875153161, 0.2860199533180469, 0.2311474437457113, 0.2414791384192378, 0.19255448798976527, 0.09706300784083649, 0.19772267624063664, 0.164438184201658, 0.19942951654114424, 1.0, 1.0, 0.6854093424656289, 0.5068162635351474, 0.1675744889034094, 0.13354672823320599, 0.12134956418935969, 0.1854550067339399, 0.23788201147125645, 0.17631475064092614], [0.1300758656479136, 0.28356451678868916, 0.15447137914102624, 0.17278038889190514, 0.16333217852223564, 0.1511206192019773, 0.12825973335941923, 0.14963415967103072, 0.20220893498513176, 0.22209343972424211, 0.4305498917857892, 0.6854093424656289, 1.0, 0.599524091862851, 0.26781674212203177, 0.11527795948347057, 0.13420045316270351, 0.1671479641880203, 0.21374490888552397, 0.28452015386532453], [0.1128819277604071, 0.189750694740256, 0.08786412575139456, 0.16469521836453396, 0.14113363982665636, 0.14151824633424212, 0.08075385028051506, 0.16626544255893064, 0.2592564108758092, 0.19312131208863592, 0.20581058530865026, 0.5068162635351474, 0.599524091862851, 1.0, 0.5123564030069894, 0.29221326462984615, 0.12549524833301803, 0.10919166053385039, 0.19000137883727544, 0.3290897174615331], [0.09480789137393182, 0.15777780820600715, 0.1587905599992729, 0.2109732127673874, 0.22355395487124194, 0.2686205994701342, 0.13839858215346879, 0.21152295985299419, 0.2540974427770572, 0.1345134091626069, 0.33068478584014244, 0.1675744889034094, 0.26781674212203177, 0.5123564030069894, 1.0, 0.6256923903728696, 0.18054348192646888, 0.13033044080459041, 0.18289746090643544, 0.2522926966589087], [0.0933178382558103, 0.10284682959508584, 0.10130788934095405, 0.0802329654998889, 0.15417967971750698, 0.10959004943484414, 0.11201987642365248, 0.18923882083462587, 0.1143303437000052, 0.18238314742748188, 0.3669183812043791, 0.13354672823320599, 0.11527795948347057, 0.29221326462984615, 0.6256923903728696, 1.0, 0.4712714290805272, 0.1934040215648715, 0.18832112271077733, 0.16025376286247098], [0.07503082353059357, 0.10831577298957035, 0.08186250182071098, 0.0925622461916945, 0.12576047420043582, 0.10489785602164428, 0.07855643002167632, 0.1021408137866507, 0.13734877336100734, 0.090141238738798, 0.13722269884256597, 0.12134956418935969, 0.13420045316270351, 0.12549524833301803, 0.18054348192646888, 0.4712714290805272, 1.0, 0.3348543873693244, 0.15550297185473824, 0.2109321286784042], [0.058594286459483114, 0.12866439758443973, 0.10602390148046224, 0.2473898538623827, 0.19858590251895514, 0.10848545189149447, 0.09199607085190618, 0.12164117093301004, 0.17563809790773102, 0.13420758951260914, 0.07638431286188499, 0.1854550067339399, 0.1671479641880203, 0.10919166053385039, 0.13033044080459041, 0.1934040215648715, 0.3348543873693244, 1.0, 0.6213455729756504, 0.3395827229417236], [0.10215524493914102, 0.23126524284876152, 0.11420667287880894, 0.17289354802216375, 0.20789256980109586, 0.1742891155087742, 0.11576305488633382, 0.1821880293963802, 0.2125601193381868, 0.28109156077443537, 0.32240793540583856, 0.23788201147125645, 0.21374490888552397, 0.19000137883727544, 0.18289746090643544, 0.18832112271077733, 0.15550297185473824, 0.6213455729756504, 1.0, 0.9551825984756493], [0.3294759922067591, 0.40095664160682737, 0.10304432142670075, 0.32758685658346365, 0.1938479222608435, 0.2399776886669143, 0.07535816733272599, 0.3648622753230701, 0.1403356302793144, 0.21905235611360663, 0.21342760889047488, 0.17631475064092614, 