{"model": "LSING", "dataset": "0.1_dim20_pair_gau", "N": 50000, "seed": 12340, "metrics": {"TP": 10, "FP": 0, "FN": 0, "TN": 180, "TPR": 1.0, "FDR": 0.0, "FPR": 0.0, "Hamming": 0}, "omega": [[1.0, 1.0, 0.09685014850754368, 0.11884262148436345, 0.08673737147201738, 0.1160517270718686, 0.09787854467826666, 0.0974413966333829, 0.09436082116982965, 0.09932355810905524, 0.08579210636868709, 0.0966197470132204, 0.09860880323918153, 0.1049709919123513, 0.09560795865396879, 0.11585136267197679, 0.08908485697491612, 0.11904656591110478, 0.08837939093638915, 0.08765893353542975], [1.0, 1.0, 0.15094473897321617, 0.12244902593826482, 0.11106139130416162, 0.1419772568589634, 0.11117146040068732, 0.09678665740053113, 0.13884049672169915, 0.12344431522517833, 0.10208283870968606, 0.11611195600488275, 0.11257699316154647, 0.1294707760066199, 0.19156186667819414, 0.13186878756602474, 0.13676121629103596, 0.1640323301183577, 0.10488525947030859, 0.15741347945017747], [0.09685014850754368, 0.15094473897321617, 1.0, 0.9374222347906073, 0.09614485394226534, 0.12172847443613238, 0.11724968100957024, 0.10887961169355881, 0.12049728396411621, 0.07653037406864095, 0.07956844298676755, 0.1059822574873083, 0.08704397191398675, 0.10246701406756495, 0.11439153980769033, 0.11315834184398284, 0.12351724154314013, 0.12703121773375334, 0.08909889268765799, 0.09312660691345342], [0.11884262148436345, 0.12244902593826482, 0.9374222347906073, 1.0, 0.11948835628052475, 0.11548106828268856, 0.10359054443308502, 0.10252430704398052, 0.10224682150494693, 0.10872629788018245, 0.11148395575836277, 0.08909872957895806, 0.11216876136156652, 0.09641897693271598, 0.0986339847130846, 0.1585197495694265, 0.10477476796407285, 0.11536488470105304, 0.10049133693727164, 0.12251153002852913], [0.08673737147201738, 0.11106139130416162, 0.09614485394226534, 0.11948835628052475, 1.0, 0.8302109699784971, 0.1175967177711596, 0.1064080422927643, 0.09496229913874592, 0.07714005556870834, 0.1277972305581456, 0.08991282601163195, 0.09997155342450646, 0.10625114845253841, 0.09678240402751014, 0.10031890176553541, 0.12585319233336245, 0.1156602410984138, 0.11819717526513278, 0.11118885866201214], [0.1160517270718686, 0.1419772568589634, 0.12172847443613238, 0.11548106828268856, 0.8302109699784971, 1.0, 0.12183697517977422, 0.11937533449830307, 0.09741053981317747, 0.12519301196157231, 0.09512514017310734, 0.12648052512235328, 0.10937219160276933, 0.10326734663533017, 0.10356097993565587, 0.1573002820124328, 0.09590108171682296, 0.10454425773061629, 0.08953015209024719, 0.1235302275050184], [0.09787854467826666, 0.11117146040068732, 0.11724968100957024, 0.10359054443308502, 0.1175967177711596, 0.12183697517977422, 1.0, 0.9411923041869183, 0.10249793780416008, 0.09776220635247994, 0.10360028076778795, 0.1644605113670202, 0.09416158180173985, 0.1060060002588326, 0.1130508113879918, 0.09569489140875194, 0.1574467619895099, 0.10258956725304606, 0.09099572349063725, 0.1292178989699025], [0.0974413966333829, 0.09678665740053113, 0.10887961169355881, 0.10252430704398052, 0.1064080422927643, 0.11937533449830307, 0.9411923041869183, 1.0, 0.1522628036481745, 0.12621418116220653, 0.07866097100566367, 0.10204887027735907, 0.09700004958504478, 0.08949749689206828, 0.10944460350098521, 0.11383827509756075, 0.09666199216649976, 0.12360946905725916, 0.0970509980512609, 0.12774619844644233], [0.09436082116982965, 0.13884049672169915, 0.12049728396411621, 0.10224682150494693, 0.09496229913874592, 0.09741053981317747, 0.10249793780416008, 0.1522628036481745, 1.0, 0.8125157337161307, 0.07275108903078435, 0.10767802335944099, 0.08421895641615089, 0.10390259646967864, 0.10406114649054987, 0.10898566162442748, 0.12769159467243826, 0.1240657091845823, 0.0985331709897108, 0.09502968394318477], [0.09932355810905524, 0.12344431522517833, 0.07653037406864095, 0.10872629788018245, 0.07714005556870834, 0.12519301196157231, 0.09776220635247994, 0.12621418116220653, 0.8125157337161307, 1.0, 0.09874229307210602, 0.09939686083170916, 0.10939413181404578, 0.07685477845254778, 0.08139644400951765, 0.09827606567361852, 0.09568387111582143, 0.10869756565535035, 0.07361633467884349, 0.13002658353955848], [0.08579210636868709, 0.10208283870968606, 0.07956844298676755, 0.11148395575836277, 0.1277972305581456, 0.09512514017310734, 0.10360028076778795, 0.07866097100566367, 0.07275108903078435, 0.09874229307210602, 1.0, 0.7353279123919919, 0.05847216448824821, 0.08393338654078533, 0.12408811362831237, 0.10565296193354105, 0.0830757254472725, 0.07850900806690461, 0.0939409751939605, 0.10989944674867315], [0.0966197470132204, 0.11611195600488275, 0.1059822574873083, 0.08909872957895806, 0.08991282601163195, 0.12648052512235328, 0.1644605113670202, 0.10204887027735907, 0.10767802335944099, 0.09939686083170916, 0.7353279123919919, 1.0, 0.1021027505178994, 0.12340724772755286, 0.10800847322093075, 0.10402895970709894, 0.10582662251166386, 0.12068323624657405, 0.12973319281114548, 0.19361882631061436], [0.09860880323918153, 0.11257699316154647, 0.08704397191398675, 0.11216876136156652, 0.09997155342450646, 0.10937219160276933, 0.09416158180173985, 0.09700004958504478, 0.08421895641615089, 0.10939413181404578, 0.05847216448824821, 0.1021027505178994, 1.0, 0.7992000413275623, 0.09902544559289327, 0.09951549104384348, 0.14508605430987723, 0.1069257451240369, 0.13846392892087553, 0.09268238246035773], [0.1049709919123513, 0.1294707760066199, 0.10246701406756495, 0.09641897693271598, 0.10625114845253841, 0.10326734663533017, 0.1060060002588326, 0.08949749689206828, 0.10390259646967864, 0.07685477845254778, 0.08393338654078533, 0.12340724772755286, 0.7992000413275623, 1.0, 0.09411962522539113, 0.1143041093622587, 0.12416692440629437, 0.10446911480724533, 0.0853747112055911, 0.13939662628976324], [0.09560795865396879, 0.19156186667819414, 0.11439153980769033, 0.0986339847130846, 0.09678240402751014, 0.10356097993565587, 0.1130508113879918, 0.10944460350098521, 0.10406114649054987, 0.08139644400951765, 0.12408811362831237, 0.10800847322093075, 0.09902544559289327, 0.09411962522539113, 1.0, 0.814463335238666, 0.11756913567177564, 0.09587773207908822, 0.10025807476728822, 0.11231757086546044], [0.11585136267197679, 0.13186878756602474, 0.11315834184398284, 0.1585197495694265, 0.10031890176553541, 0.1573002820124328, 0.09569489140875194, 0.11383827509756075, 0.10898566162442748, 0.09827606567361852, 0.10565296193354105, 0.10402895970709894, 0.09951549104384348, 0.1143041093622587, 0.814463335238666, 1.0, 0.11116327987204516, 0.10452427482373888, 0.10719194270458114, 0.12440572390752637], [0.08908485697491612, 0.13676121629103596, 0.12351724154314013, 0.10477476796407285, 0.12585319233336245, 0.09590108171682296, 0.1574467619895099, 0.09666199216649976, 0.12769159467243826, 0.09568387111582143, 0.0830757254472725, 0.10582662251166386, 0.14508605430987723, 0.12416692440629437, 0.11756913567177564, 0.11116327987204516, 1.0, 0.9798305302280738, 0.11604600153827396, 0.15616283722012722], [0.11904656591110478, 0.1640323301183577, 0.12703121773375334, 0.11536488470105304, 0.1156602410984138, 0.10454425773061629, 0.10258956725304606, 0.12360946905725916, 0.1240657091845823, 0.10869756565535035, 0.07850900806690461, 0.12068323624657405, 0.1069257451240369, 0.10446911480724533, 0.09587773207908822, 0.10452427482373888, 0.9798305302280738, 1.0, 0.110690377563684, 0.13741447081649102], [0.08837939093638915, 0.10488525947030859, 0.08909889268765799, 0.10049133693727164, 0.11819717526513278, 0.08953015209024719, 0.09099572349063725, 0.0970509980512609, 0.0985331709897108, 0.07361633467884349, 0.0939409751939605, 0.12973319281114548, 0.13846392892087553, 0.0853747112055911, 0.10025807476728822, 0.10719194270458114, 0.11604600153827396, 0.110690377563684, 1.0, 0.6419055559473882], [0.08765893353542975, 0.15741347945017747, 0.09312660691345342, 0.12251153002852913, 0.11118885866201214, 0.1235302275050184, 0.1292178989699025, 0.12774619844644233, 0.09502968394318477, 0.13002658353955848, 