{"model": "LSING", "dataset": "0.1_dim20_pair_gau", "N": 50000, "seed": 123450, "metrics": {"TP": 10, "FP": 0, "FN": 0, "TN": 180, "TPR": 1.0, "FDR": 0.0, "FPR": 0.0, "Hamming": 0}, "omega": [[1.0, 0.7421136972886352, 0.0842527330788372, 0.11781693966886377, 0.10223616548211382, 0.11716790085064688, 0.09720962552907829, 0.09184184570972603, 0.09587718390766697, 0.08377498610328003, 0.09087943946278289, 0.09081342059759055, 0.10558846151838186, 0.10621752337231834, 0.10810760694635413, 0.09462811487799463, 0.13150259847368265, 0.09505988864626301, 0.10930238225363444, 0.09160822299076647], [0.7421136972886352, 1.0, 0.13797467551193235, 0.09106863887432584, 0.10141848811243112, 0.11312051121519569, 0.11541764314651966, 0.06912799009602819, 0.11846517133700872, 0.10581833614152865, 0.0904057368242883, 0.07624387021040582, 0.11087629913380088, 0.09957204645584869, 0.11403062014816939, 0.09044998410429561, 0.10460130839370128, 0.08126828710115108, 0.07815994573409853, 0.11663892560563045], [0.0842527330788372, 0.13797467551193235, 1.0, 0.9436780296910325, 0.09508929810367131, 0.0855991538525582, 0.11030455781502621, 0.09573883065730455, 0.08840295706813418, 0.09185392290734494, 0.09996958503968294, 0.11300038753507496, 0.13046076093162842, 0.12133519949864646, 0.09157190982423226, 0.11627688445155561, 0.08279921035993261, 0.08252413962610886, 0.10064391599127097, 0.0794064580729845], [0.11781693966886377, 0.09106863887432584, 0.9436780296910325, 1.0, 0.13570022535630008, 0.09977947973098478, 0.09500127151896438, 0.10357274589431953, 0.08326102041492048, 0.1273340461670607, 0.11270153592758923, 0.12124503053156774, 0.12910255061483542, 0.16653872479356194, 0.11577694514237166, 0.10905612420136794, 0.09702848044484891, 0.10015715297767622, 0.12057633675042892, 0.13718210995486005], [0.10223616548211382, 0.10141848811243112, 0.09508929810367131, 0.13570022535630008, 1.0, 0.8129693835269395, 0.12312182618287672, 0.1150099035596486, 0.11619983167314585, 0.10628509213738285, 0.11253747838211679, 0.0903423540768841, 0.12826253923092817, 0.12192374070163117, 0.09666638347720526, 0.13594797749486995, 0.11223568582889024, 0.10055669226328452, 0.11971795411568226, 0.11154021441477979], [0.11716790085064688, 0.11312051121519569, 0.0855991538525582, 0.09977947973098478, 0.8129693835269395, 1.0, 0.09261045865907849, 0.08314098689518012, 0.11628332877207675, 0.1095370310835897, 0.10022150172915588, 0.12213031530647797, 0.11670892011426222, 0.09129447774711294, 0.08805055448805665, 0.10422992920023037, 0.10040849435805535, 0.1045426569195911, 0.10009887931849332, 0.1254852259937769], [0.09720962552907829, 0.11541764314651966, 0.11030455781502621, 0.09500127151896438, 0.12312182618287672, 0.09261045865907849, 1.0, 0.7892307220963755, 0.10919020986039257, 0.08730725084548112, 0.09126338100258617, 0.10085781934703689, 0.1387399224737508, 0.1316026378557368, 0.0933889334367035, 0.08233000286040247, 0.10923683995045266, 0.09184961238249269, 0.10704492518302729, 0.12683003676070548], [0.09184184570972603, 0.06912799009602819, 0.09573883065730455, 0.10357274589431953, 0.1150099035596486, 0.08314098689518012, 0.7892307220963755, 1.0, 0.08914493406511276, 0.08551701774603583, 0.09774455565255095, 0.09398462306984658, 0.1901859206649103, 0.08099326359419325, 0.09390145655897705, 0.1367483612449263, 0.096987891100274, 0.09075958411712758, 0.10134747178615511, 0.1140914440581115], [0.09587718390766697, 0.11846517133700872, 0.08840295706813418, 0.08326102041492048, 0.11619983167314585, 0.11628332877207675, 0.10919020986039257, 0.08914493406511276, 1.0, 0.8814116567033435, 0.11403863154196851, 0.09948088143123439, 0.1324495872955815, 0.1436575272205351, 0.09430212499601577, 0.1242688121952064, 0.1036421865606147, 0.08956645531012698, 0.11882163113420316, 0.11401072905091791], [0.08377498610328003, 0.10581833614152865, 0.09185392290734494, 0.1273340461670607, 0.10628509213738285, 0.1095370310835897, 0.08730725084548112, 0.08551701774603583, 0.8814116567033435, 1.0, 0.1286221846948959, 0.09532839913907656, 0.1396995079887936, 0.10129209613919855, 0.1336904002104223, 0.1165270022267725, 0.11304781189515264, 0.1198930713344808, 0.162793874754489, 0.1092676576271354], [0.09087943946278289, 0.0904057368242883, 0.09996958503968294, 0.11270153592758923, 0.11253747838211679, 0.10022150172915588, 0.09126338100258617, 0.09774455565255095, 0.11403863154196851, 0.1286221846948959, 1.0, 0.8971140915900321, 0.13956273469176347, 0.1244536924951942, 0.08881027590656349, 0.12511332730478097, 0.11188737910609263, 0.09434819265703637, 0.09006573344318818, 0.10815846169423754], [0.09081342059759055, 0.07624387021040582, 0.11300038753507496, 0.12124503053156774, 0.0903423540768841, 0.12213031530647797, 0.10085781934703689, 0.09398462306984658, 0.09948088143123439, 0.09532839913907656, 0.8971140915900321, 1.0, 0.1043859023649291, 0.11173548462526804, 0.10367849543379748, 0.08622338997946885, 0.10217548325276946, 0.08710651949195296, 0.08928093455888253, 0.10477024318641691], [0.10558846151838186, 0.11087629913380088, 0.13046076093162842, 0.12910255061483542, 0.12826253923092817, 0.11670892011426222, 0.1387399224737508, 0.1901859206649103, 0.1324495872955815, 0.1396995079887936, 0.13956273469176347, 0.1043859023649291, 1.0, 0.9115177361439467, 0.10223312149593829, 0.10781941143715852, 0.12891344995037574, 0.11515394550067759, 0.10311583884668353, 0.11600185235789487], [0.10621752337231834, 0.09957204645584869, 0.12133519949864646, 0.16653872479356194, 0.12192374070163117, 0.09129447774711294, 0.1316026378557368, 0.08099326359419325, 0.1436575272205351, 0.10129209613919855, 0.1244536924951942, 0.11173548462526804, 0.9115177361439467, 1.0, 0.1144773905930403, 0.11664145868298388, 0.1292923253354722, 0.14681615446640442, 0.1367445830956534, 0.12953531614728792], [0.10810760694635413, 0.11403062014816939, 0.09157190982423226, 0.11577694514237166, 0.09666638347720526, 0.08805055448805665, 0.0933889334367035, 0.09390145655897705, 0.09430212499601577, 0.1336904002104223, 0.08881027590656349, 0.10367849543379748, 0.10223312149593829, 0.1144773905930403, 1.0, 0.8912017001396954, 0.10354162338968409, 0.10200306655203074, 0.12267135486905896, 0.11356934676211233], [0.09462811487799463, 0.09044998410429561, 0.11627688445155561, 0.10905612420136794, 0.13594797749486995, 0.10422992920023037, 0.08233000286040247, 0.1367483612449263, 0.1242688121952064, 0.1165270022267725, 0.12511332730478097, 0.08622338997946885, 0.10781941143715852, 0.11664145868298388, 0.8912017001396954, 1.0, 0.10409205680522995, 0.09304595046969952, 0.10227653157241352, 0.1141008851379423], [0.13150259847368265, 0.10460130839370128, 0.08279921035993261, 0.09702848044484891, 0.11223568582889024, 0.10040849435805535, 0.10923683995045266, 0.096987891100274, 0.1036421865606147, 0.11304781189515264, 0.11188737910609263, 0.10217548325276946, 0.12891344995037574, 0.1292923253354722, 0.10354162338968409, 0.10409205680522995, 1.0, 0.6506093261760073, 0.09724286465597684, 0.10055504361632908], [0.09505988864626301, 0.08126828710115108, 0.08252413962610886, 0.10015715297767622, 0.10055669226328452, 0.1045426569195911, 0.09184961238249269, 0.09075958411712758, 0.08956645531012698, 0.1198930713344808, 0.09434819265703637, 0.08710651949195296, 0.11515394550067759, 0.14681615446640442, 0.10200306655203074, 0.09304595046969952, 0.6506093261760073, 1.0, 0.10029703036780215, 0.11327263753699839], [0.10930238225363444, 0.07815994573409853, 0.10064391599127097, 0.12057633675042892, 0.11971795411568226, 0.10009887931849332, 0.10704492518302729, 0.10134747178615511, 0.11882163113420316, 0.162793874754489, 0.09006573344318818, 0.08928093455888253, 0.10311583884668353, 0.1367445830956534, 0.12267135486905896, 0.10227653157241352, 0.09724286465597684, 0.10029703036780215, 1.0, 1.0], [0.09160822299076647, 0.11663892560563045, 0.0794064580729845, 0.13718210995486005, 0.11154021441477979, 0.1254852259937769, 0.12683003676070548, 0.1140914440581115, 0.11401072905091791, 