{"model": "LSING", "dataset": "0.1_dim20_pair_gau", "N": 50000, "seed": 1230, "metrics": {"TP": 10, "FP": 0, "FN": 0, "TN": 180, "TPR": 1.0, "FDR": 0.0, "FPR": 0.0, "Hamming": 0}, "omega": [[1.0, 0.9495326602683007, 0.11748187276161995, 0.11267845358733197, 0.11165429232965512, 0.11967127518657465, 0.1266612863069653, 0.11819561181462972, 0.1432543928484888, 0.15558274657364105, 0.13398524535375314, 0.10871576158215845, 0.11279804340240877, 0.16436801015960964, 0.09540556575674744, 0.0847325621869665, 0.11698477697563267, 0.11973506255005235, 0.08741102076486841, 0.11211784185482779], [0.9495326602683007, 1.0, 0.11732181117553557, 0.11861834373105444, 0.10423535923505665, 0.09219678251478006, 0.12066649551638442, 0.15784264298762063, 0.10585512312471455, 0.1002817947196128, 0.11099567718584248, 0.12121220995989578, 0.15878899950910302, 0.1043688613582202, 0.10111021619394062, 0.15076179036153195, 0.12099346102258074, 0.10669748317328663, 0.1243628311737824, 0.0787529838792684], [0.11748187276161995, 0.11732181117553557, 1.0, 0.9788745497849275, 0.09298022319439692, 0.1533520231052531, 0.10982948605920188, 0.11212460101268995, 0.11605208323374082, 0.12144768606184252, 0.11755416160474035, 0.12850464523999616, 0.08412667197663307, 0.1375138321963064, 0.09204907040041146, 0.08482790396098208, 0.09000076539582942, 0.10574394723542213, 0.09161305437483341, 0.07629810721166072], [0.11267845358733197, 0.11861834373105444, 0.9788745497849275, 1.0, 0.11361203162319285, 0.10646892820383995, 0.1749928109526935, 0.10651538428106358, 0.1310241913762041, 0.10801834694603211, 0.10701845561788106, 0.12035138918029731, 0.109591519049986, 0.09629697347674936, 0.09806546948322525, 0.1743493426263699, 0.10456478938236462, 0.1225686074660397, 0.10466441254005195, 0.08058829004618046], [0.11165429232965512, 0.10423535923505665, 0.09298022319439692, 0.11361203162319285, 1.0, 0.8458572298456534, 0.09606175565868466, 0.09645194380597252, 0.1385848741674197, 0.0938729398445807, 0.15497617782090564, 0.11225548527548979, 0.13782953389863006, 0.1338361717768877, 0.09759239190942112, 0.09401486902660737, 0.13251883642463244, 0.12682586129444598, 0.09392083618277365, 0.12024875854757675], [0.11967127518657465, 0.09219678251478006, 0.1533520231052531, 0.10646892820383995, 0.8458572298456534, 1.0, 0.10621683875727735, 0.08189486721809487, 0.12068039906908536, 0.12432423305534283, 0.08072815514599728, 0.11460615752977366, 0.08303488192994479, 0.09632448727672584, 0.10839187359408203, 0.11172722031594125, 0.10432000192758574, 0.0947320927231782, 0.10208248427979229, 0.09388205857892454], [0.1266612863069653, 0.12066649551638442, 0.10982948605920188, 0.1749928109526935, 0.09606175565868466, 0.10621683875727735, 1.0, 0.8820029997352722, 0.11281780430823118, 0.11953064180165107, 0.12872441855745353, 0.1344073819039413, 0.1082839415752403, 0.12303023518402227, 0.12923484879606265, 0.13437741659593191, 0.1158849910728335, 0.11436068277720698, 0.10567721368461203, 0.08733554496130522], [0.11819561181462972, 0.15784264298762063, 0.11212460101268995, 0.10651538428106358, 0.09645194380597252, 0.08189486721809487, 0.8820029997352722, 1.0, 0.0959613270055008, 0.09685656520680413, 0.11447846241626305, 0.11184133801487316, 0.08856310477608749, 0.07566956462933391, 0.1104062558562587, 0.14379224495552317, 0.08709194386130656, 0.12281670883435591, 0.08602443687722285, 0.10526869613708524], [0.1432543928484888, 0.10585512312471455, 0.11605208323374082, 0.1310241913762041, 0.1385848741674197, 0.12068039906908536, 0.11281780430823118, 0.0959613270055008, 1.0, 1.0, 0.10366653495064221, 0.12745890633393678, 0.11785609108515058, 0.12949188503562023, 0.11871938526124654, 0.09578970393242552, 0.09884010224469532, 0.10726783527252871, 0.09011940087385055, 0.08802872417953542], [0.15558274657364105, 0.1002817947196128, 0.12144768606184252, 0.10801834694603211, 0.0938729398445807, 0.12432423305534283, 0.11953064180165107, 0.09685656520680413, 1.0, 1.0, 0.12251623274799377, 0.12632085939505258, 0.12954414593365035, 0.11877816892172136, 0.08601298483255482, 0.1122798952911889, 0.09364648616773365, 0.11176123936759078, 0.08624507260018464, 0.0926063944855358], [0.13398524535375314, 0.11099567718584248, 0.11755416160474035, 0.10701845561788106, 0.15497617782090564, 0.08072815514599728, 0.12872441855745353, 0.11447846241626305, 0.10366653495064221, 0.12251623274799377, 1.0, 0.9208893804979664, 0.09752036353902922, 0.0897695881883261, 0.08957984365542541, 0.1128529746931176, 0.10504239130179735, 0.12477550752957928, 0.11721139700481052, 0.12567425226290826], [0.10871576158215845, 0.12121220995989578, 0.12850464523999616, 0.12035138918029731, 0.11225548527548979, 0.11460615752977366, 0.1344073819039413, 0.11184133801487316, 0.12745890633393678, 0.12632085939505258, 0.9208893804979664, 1.0, 0.11995957253124473, 0.09255456260141144, 0.09183570602538299, 0.10783471805013495, 0.11529011076018357, 0.1434933535939966, 0.11789331460801454, 0.1511335177777934], [0.11279804340240877, 0.15878899950910302, 0.08412667197663307, 0.109591519049986, 0.13782953389863006, 0.08303488192994479, 0.1082839415752403, 0.08856310477608749, 0.11785609108515058, 0.12954414593365035, 0.09752036353902922, 0.11995957253124473, 1.0, 0.6818616737993293, 0.09183687049169861, 0.09554443493142589, 0.11462655320106888, 0.13848738294618243, 0.11201595542990293, 0.09430736676763027], [0.16436801015960964, 0.1043688613582202, 0.1375138321963064, 0.09629697347674936, 0.1338361717768877, 0.09632448727672584, 0.12303023518402227, 0.07566956462933391, 0.12949188503562023, 0.11877816892172136, 0.0897695881883261, 0.09255456260141144, 0.6818616737993293, 1.0, 0.08234093661545432, 0.12844504295094605, 0.12151835078089111, 0.08768867812690638, 0.08422739831293521, 0.09640551837259931], [0.09540556575674744, 0.10111021619394062, 0.09204907040041146, 0.09806546948322525, 0.09759239190942112, 0.10839187359408203, 0.12923484879606265, 0.1104062558562587, 0.11871938526124654, 0.08601298483255482, 0.08957984365542541, 0.09183570602538299, 0.09183687049169861, 0.08234093661545432, 1.0, 0.6518130670491299, 0.08534966148001112, 0.08448210124216861, 0.11983399403225897, 0.055521432168891535], [0.0847325621869665, 0.15076179036153195, 0.08482790396098208, 0.1743493426263699, 0.09401486902660737, 0.11172722031594125, 0.13437741659593191, 0.14379224495552317, 0.09578970393242552, 0.1122798952911889, 0.1128529746931176, 0.10783471805013495, 0.09554443493142589, 0.12844504295094605, 0.6518130670491299, 1.0, 0.12106441029166887, 0.13378016357372155, 0.11635236232392175, 0.07275582913451295], [0.11698477697563267, 0.12099346102258074, 0.09000076539582942, 0.10456478938236462, 0.13251883642463244, 0.10432000192758574, 0.1158849910728335, 0.08709194386130656, 0.09884010224469532, 0.09364648616773365, 0.10504239130179735, 0.11529011076018357, 0.11462655320106888, 0.12151835078089111, 0.08534966148001112, 0.12106441029166887, 1.0, 0.9548354822727426, 0.0862632947469471, 0.07722960803223299], [0.11973506255005235, 0.10669748317328663, 0.10574394723542213, 0.1225686074660397, 0.12682586129444598, 0.0947320927231782, 0.11436068277720698, 0.12281670883435591, 0.10726783527252871, 0.11176123936759078, 0.12477550752957928, 0.1434933535939966, 0.13848738294618243, 0.08768867812690638, 0.08448210124216861, 0.13378016357372155, 0.9548354822727426, 1.0, 0.09021375766696005, 0.10443765680239371], [0.08741102076486841, 0.1243628311737824, 0.09161305437483341, 0.10466441254005195, 0.09392083618277365, 0.10208248427979229, 0.10567721368461203, 0.08602443687722285, 0.09011940087385055, 0.08624507260018464, 0.11721139700481052, 0.11789331460801454, 0.11201595542990293, 0.08422739831293521, 0.11983399403225897, 0.11635236232392175, 0.0862632947469471, 0.09021375766696005, 1.0, 0.5998215372195129], [0.11211784185482779, 0.0787529838792684, 0.07629810721166072, 0.08058829004618046, 0.12024875854757675, 0.09388205857892454, 0.08733554496130522, 0.10526869613708524, 0.08802872417953542, 