{"model": "LSING", "dataset": "dim5_cop_gau", "N": 100, "seed": 120, "metrics": {"TP": 4, "FP": 6, "FN": 0, "TN": 0, "TPR": 1.0, "FDR": 0.6, "FPR": 1.0, "Hamming": 6}, "omega": [[1.0, 1.0, 0.4222076107753305, 0.3564926779906642, 0.3231747152004759], [1.0, 1.0, 0.8942462126231457, 0.7870272500257409, 0.24763296207631028], [0.4222076107753305, 0.8942462126231457, 1.0, 0.9807747121348059, 0.3193878325293868], [0.3564926779906642, 0.7870272500257409, 0.9807747121348059, 1.0, 0.8588005483110221], [0.3231747152004759, 0.24763296207631028, 0.3193878325293868, 0.8588005483110221, 1.0]], "meta_info": {"source": "pretrained"}}