{"model": "LSING", "dataset": "dim5_cop_gau", "N": 100, "seed": 123450, "metrics": {"TP": 4, "FP": 6, "FN": 0, "TN": 0, "TPR": 1.0, "FDR": 0.6, "FPR": 1.0, "Hamming": 6}, "omega": [[1.0, 1.0, 0.43429753136915666, 0.2243396528908339, 0.38428957546417936], [1.0, 1.0, 0.8821364439662506, 0.45804014997958276, 0.5163873732652041], [0.43429753136915666, 0.8821364439662506, 1.0, 0.8331666315185251, 0.2861852636155393], [0.2243396528908339, 0.45804014997958276, 0.8331666315185251, 1.0, 0.935270723523375], [0.38428957546417936, 0.5163873732652041, 0.2861852636155393, 0.935270723523375, 1.0]], "meta_info": {"source": "pretrained"}}