{"model": "LSING", "dataset": "0.1_dim20_pair_gau", "N": 300, "seed": 12340, "metrics": {"TP": 4, "FP": 73, "FN": 6, "TN": 107, "TPR": 0.4, "FDR": 0.948051948051948, "FPR": 0.40555555555555556, "Hamming": 79}, "omega": [[1.0, 0.19626774839556715, 0.16280795124810274, 0.1965835983532495, 0.14326890684352864, 0.6418562359068878, 0.11847386495295385, 0.13402992206916126, 0.28376807465086695, 0.11923112552331892, 0.10056166789976995, 0.12663280651075304, 0.2202898598712099, 0.11569741026909194, 0.11068291867872578, 0.15168715417032863, 0.12808306841773137, 0.08052162255075017, 0.07309830309539571, 0.11646865735557722], [0.19626774839556715, 1.0, 0.2819661762833942, 0.3263955334164243, 0.30730878447549403, 0.9763103294883504, 0.4301327966454893, 0.15440077552834341, 0.5977679307073568, 0.2564420866091212, 0.16902171466944826, 0.21989660961347512, 0.36974289648897407, 0.15415268774276997, 0.14735443836195597, 0.21945461601897648, 0.16423610779696185, 0.20819721191646934, 0.09042346774472909, 0.11641844520748491], [0.16280795124810274, 0.2819661762833942, 1.0, 0.29714164217558375, 0.17706198030988254, 0.693019830512599, 0.37041622786769474, 0.27313138213980037, 0.5042045885191437, 0.23234966904071835, 0.2379406665537482, 0.24420000098223604, 0.21677272805210124, 0.32590958904996004, 0.21650086672234656, 0.20639281000803825, 0.20829633396755867, 0.19370082141431216, 0.35478071865829064, 0.2153674238856796], [0.1965835983532495, 0.3263955334164243, 0.29714164217558375, 1.0, 0.17173237064376742, 0.7207644146405521, 0.25488121967589167, 0.17694704456157034, 0.37789588961326637, 0.14654463371623494, 0.15719184513729592, 0.12612435046550996, 0.33505892081121774, 0.15799571396816406, 0.17265527880923637, 0.18529019070708108, 0.20480759916746563, 0.16113568936088016, 0.142883697192138, 0.17806654126180999], [0.14326890684352864, 0.30730878447549403, 0.17706198030988254, 0.17173237064376742, 1.0, 0.556910798436904, 0.15039667470806378, 0.13130745251094483, 0.25153248631846414, 0.13363985423597136, 0.15051832358031675, 0.11448467181053816, 0.3395756418325684, 0.15186473396467756, 0.12533713825795353, 0.20001720477764248, 0.14709568024253983, 0.11738660386628393, 0.1115624918625455, 0.12875574362644276], [0.6418562359068878, 0.9763103294883504, 0.693019830512599, 0.7207644146405521, 0.556910798436904, 1.0, 0.5935720112035275, 0.803222770924483, 0.6549952428431449, 0.5635527632639, 0.4977286977977577, 0.7630469147373246, 0.7197055783339366, 0.482878306099342, 0.47665227987001596, 0.41161476791768997, 0.5021177054217314, 0.6221743458150312, 0.9266910814740205, 0.5676802896629193], [0.11847386495295385, 0.4301327966454893, 0.37041622786769474, 0.25488121967589167, 0.15039667470806378, 0.5935720112035275, 1.0, 0.12015616624131792, 0.42802045415171813, 0.09190217714533915, 0.12498236480006876, 0.10416054840710769, 0.1746057593041109, 0.13767336156758853, 0.12354832795843447, 0.11263374240098976, 0.19527759794653513, 0.13407917519954773, 0.17163727141958096, 0.09958448437961298], [0.13402992206916126, 0.15440077552834341, 0.27313138213980037, 0.17694704456157034, 0.13130745251094483, 0.803222770924483, 0.12015616624131792, 1.0, 0.33727127875678314, 0.1404979008944743, 0.09971610198854491, 0.12406497603386991, 0.3169432782466665, 0.09989655883601134, 0.15745750818419402, 0.1582195688905498, 0.18883225193907954, 0.13518236859878838, 0.10479740178077575, 0.17036091475489978], [0.28376807465086695, 0.5977679307073568, 0.5042045885191437, 0.37789588961326637, 0.25153248631846414, 0.6549952428431449, 0.42802045415171813, 0.33727127875678314, 1.0, 0.2629990269453034, 0.2739501106976472, 0.5188170958756297, 0.6876202176014203, 1.0, 0.41226283422732374, 0.7245918845892654, 0.30484599672216833, 0.450966719375121, 0.31090621131388824, 0.33943042131459855], [0.11923112552331892, 0.2564420866091212, 0.23234966904071835, 0.14654463371623494, 0.13363985423597136, 0.5635527632639, 0.09190217714533915, 0.1404979008944743, 0.2629990269453034, 1.0, 0.10483825593504385, 0.07343698019820746, 0.36713325284011705, 0.13581243313659153, 0.13027774510527837, 0.1555326031772953, 0.10680635207093589, 0.15419253240471614, 0.11401381935428662, 0.13361423836830263], [0.10056166789976995, 0.16902171466944826, 0.2379406665537482, 0.15719184513729592, 0.15051832358031675, 0.4977286977977577, 0.12498236480006876, 0.09971610198854491, 0.2739501106976472, 0.10483825593504385, 1.0, 0.09555298341398563, 0.2115491049848645, 0.12237593890798784, 0.09723310167520355, 0.08376038433835857, 0.12353101516511354, 0.12963040815384716, 0.08984284309339197, 0.14371165503353794], [0.12663280651075304, 0.21989660961347512, 0.24420000098223604, 0.12612435046550996, 0.11448467181053816, 0.7630469147373246, 0.10416054840710769, 0.12406497603386991, 0.5188170958756297, 0.07343698019820746, 0.09555298341398563, 1.0, 0.29398809920606106, 0.12373359503681484, 0.09253502283448918, 0.11613217337483484, 0.206124653515105, 0.08624272091049827, 0.11894186811712677, 0.07405336106758699], [0.2202898598712099, 0.36974289648897407, 0.21677272805210124, 0.33505892081121774, 0.3395756418325684, 0.7197055783339366, 0.1746057593041109, 0.3169432782466665, 0.6876202176014203, 0.36713325284011705, 0.2115491049848645, 0.29398809920606106, 1.0, 0.3203104853135852, 0.27198076783873754, 0.24566008272577586, 0.18626605179229633, 0.15884988075397186, 0.20763899799467883, 0.1761260194086912], [0.11569741026909194, 0.15415268774276997, 0.32590958904996004, 0.15799571396816406, 0.15186473396467756, 0.482878306099342, 0.13767336156758853, 0.09989655883601134, 1.0, 0.13581243313659153, 0.12237593890798784, 0.12373359503681484, 0.3203104853135852, 1.0, 0.13376134663691444, 0.12673938871010135, 0.1092164443250574, 0.08936986060834118, 0.1194279588599777, 0.09644475126505414], [0.11068291867872578, 0.14735443836195597, 0.21650086672234656, 0.17265527880923637, 0.12533713825795353, 0.47665227987001596, 0.12354832795843447, 0.15745750818419402, 0.41226283422732374, 0.13027774510527837, 0.09723310167520355, 0.09253502283448918, 0.27198076783873754, 0.13376134663691444, 1.0, 0.11995827546145194, 0.2019048494229391, 0.0847847161974108, 0.11603322798490186, 0.15002116375415597], [0.15168715417032863, 0.21945461601897648, 0.20639281000803825, 0.18529019070708108, 0.20001720477764248, 0.41161476791768997, 0.11263374240098976, 0.1582195688905498, 0.7245918845892654, 0.1555326031772953, 0.08376038433835857, 0.11613217337483484, 0.24566008272577586, 0.12673938871010135, 0.11995827546145194, 1.0, 0.12200163934486634, 0.20656925412352503, 0.1533765092862921, 0.20666203151537108], [0.12808306841773137, 0.16423610779696185, 0.20829633396755867, 0.20480759916746563, 0.14709568024253983, 0.5021177054217314, 0.19527759794653513, 0.18883225193907954, 0.30484599672216833, 0.10680635207093589, 0.12353101516511354, 0.206124653515105, 0.18626605179229633, 0.1092164443250574, 0.2019048494229391, 0.12200163934486634, 1.0, 0.11638723675235277, 0.1384944422425454, 0.14180882762371963], [0.08052162255075017, 0.20819721191646934, 0.19370082141431216, 0.16113568936088016, 0.11738660386628393, 0.6221743458150312, 0.13407917519954773, 0.13518236859878838, 0.450966719375121, 0.15419253240471614, 0.12963040815384716, 0.08624272091049827, 0.15884988075397186, 0.08936986060834118, 0.0847847161974108, 0.20656925412352503, 0.11638723675235277, 1.0, 0.09964477126107806, 0.10147489503387168], [0.07309830309539571, 0.09042346774472909, 0.35478071865829064, 0.142883697192138, 0.1115624918625455, 0.9266910814740205, 0.17163727141958096, 0.10479740178077575, 0.31090621131388824, 0.11401381935428662, 0.08984284309339197, 0.11894186811712677, 0.20763899799467883, 0.1194279588599777, 0.11603322798490186, 0.1533765092862921, 0.1384944422425454, 0.09964477126107806, 1.0, 0.08039485807615587], [0.11646865735557722, 0.11641844520748491, 0.2153674238856796, 0.17806654126180999, 0.12875574362644276, 0.5676802896629193, 0.09958448437961298, 0.17036091475489978, 0.33943042131459855, 0.13361423836830263, 