{"model": "LSING", "dataset": "0.1_dim20_pair_gau", "N": 300, "seed": 1230, "metrics": {"TP": 8, "FP": 148, "FN": 2, "TN": 32, "TPR": 0.8, "FDR": 0.9487179487179487, "FPR": 0.8222222222222222, "Hamming": 150}, "omega": [[1.0, 0.22299889972682874, 0.24234309328197554, 0.3163835438909231, 0.40662107456216845, 0.607433634791826, 0.22754821561423447, 0.24366749090079878, 0.2674713269735674, 0.19894077963663587, 0.41930434713003567, 0.3667035680426578, 0.25598347969801744, 0.261690955607456, 0.15647974148949406, 0.2755345601744714, 0.21631932170016968, 0.4535958634882935, 0.2718223828375347, 0.364791675018339], [0.22299889972682874, 1.0, 0.24242328967295979, 0.21599413523878147, 0.2578188898427873, 0.4703648609179742, 0.19973669129563984, 0.23844766859488342, 0.27911509292092296, 0.20938185596371878, 0.22407514285915098, 0.35581870879588584, 0.22460264044736156, 0.25257296313775757, 0.2275099335007312, 0.3022340810184233, 0.16079541120944538, 0.4150784199252072, 0.25545032846151, 0.23208228698810324], [0.24234309328197554, 0.24242328967295979, 1.0, 0.21047241624856242, 0.18169863285510574, 0.3705030556057379, 0.2069359900935717, 0.13354584326206168, 0.2303894789363449, 0.28354429928731817, 0.3218524765159652, 0.3717577018471209, 0.17794878351059704, 0.16820325234944472, 0.1742575206049856, 0.16917698955056115, 0.17645650507634167, 0.3395635751205374, 0.272120765311674, 0.2552878369151378], [0.3163835438909231, 0.21599413523878147, 0.21047241624856242, 1.0, 0.23698734344193717, 0.6510586004957379, 0.28463263878657186, 0.2877744036840897, 0.22525934220233207, 0.22632633612873568, 0.34714471074926606, 0.27921243328857703, 0.25512527215605385, 0.27994363304513337, 0.3003460878771203, 0.23171539368525068, 0.20463998250964585, 0.32240330455498906, 0.19740654218379788, 0.2905580852084031], [0.40662107456216845, 0.2578188898427873, 0.18169863285510574, 0.23698734344193717, 1.0, 0.7616518518846319, 0.22219303927377154, 0.16327093229522696, 0.20728327052441908, 0.243517063182375, 0.3038108225178092, 0.31653882805256006, 0.1905498544726524, 0.17891323083206606, 0.20512450423605497, 0.19834810646546988, 0.16002875616353415, 0.35547736672943653, 0.17719667745746115, 0.3478745438685363], [0.607433634791826, 0.4703648609179742, 0.3705030556057379, 0.6510586004957379, 0.7616518518846319, 1.0, 0.4242267143228273, 0.5672992722200906, 0.565465619180403, 0.6851840785584762, 1.0, 0.48343448510052983, 0.6388709535822297, 0.3466326854474735, 0.3579001705953801, 0.44877267511569563, 0.34062806354524977, 0.5712135003719857, 0.47056103844650043, 0.7680920975565566], [0.22754821561423447, 0.19973669129563984, 0.2069359900935717, 0.28463263878657186, 0.22219303927377154, 0.4242267143228273, 1.0, 0.19889290665789242, 0.31620266781915407, 0.2529473648109381, 0.35562684268260747, 0.430777462381031, 0.17091248874801968, 0.21485979375230702, 0.1594969593621943, 0.2070417905968066, 0.29290033882192223, 0.3530536192329859, 0.20591549437387968, 0.25287839030171705], [0.24366749090079878, 0.23844766859488342, 0.13354584326206168, 0.2877744036840897, 0.16327093229522696, 0.5672992722200906, 0.19889290665789242, 1.0, 0.2540823896160556, 0.1786159953570776, 0.38290827442909703, 0.21373656839590102, 0.14656735855824712, 0.21467373178012186, 0.11346525184782377, 0.24568249996225477, 0.18146597099188713, 0.25768554509044017, 0.2025348608021354, 0.42381819552596794], [0.2674713269735674, 0.27911509292092296, 0.2303894789363449, 0.22525934220233207, 0.20728327052441908, 0.565465619180403, 0.31620266781915407, 0.2540823896160556, 1.0, 0.3313376632741089, 0.3416422060285104, 0.38899386145577847, 0.2862208990859409, 0.35569065162827673, 0.3517429978060916, 0.3000399285860432, 0.323570567357517, 0.28578402256539426, 0.26144691323493197, 0.2907514969233741], [0.19894077963663587, 0.20938185596371878, 0.28354429928731817, 0.22632633612873568, 0.243517063182375, 0.6851840785584762, 0.2529473648109381, 0.1786159953570776, 0.3313376632741089, 1.0, 0.47084612874608295, 0.29420451753018184, 0.20714630581021287, 0.16144788289662548, 0.23490249758821058, 0.30121093337161653, 0.23405789134114235, 0.26523266121243894, 0.24602477752446542, 0.2918755560912195], [0.41930434713003567, 0.22407514285915098, 0.3218524765159652, 0.34714471074926606, 0.3038108225178092, 1.0, 0.35562684268260747, 0.38290827442909703, 0.3416422060285104, 0.47084612874608295, 1.0, 0.5329434100229439, 0.3588966037371412, 0.298658632488066, 0.2361931888880154, 0.21875274140931802, 0.2806323043509046, 0.5552072329733915, 0.35430077337353244, 0.28769314977615784], [0.3667035680426578, 0.35581870879588584, 0.3717577018471209, 0.27921243328857703, 0.31653882805256006, 0.48343448510052983, 0.430777462381031, 0.21373656839590102, 0.38899386145577847, 0.29420451753018184, 0.5329434100229439, 1.0, 0.38072113414755415, 0.2937136832410701, 0.2610751390846289, 0.3040454936632283, 0.44386222532542885, 0.39148485076060524, 0.3769155211209237, 0.38996414138995084], [0.25598347969801744, 0.22460264044736156, 0.17794878351059704, 0.25512527215605385, 0.1905498544726524, 0.6388709535822297, 0.17091248874801968, 0.14656735855824712, 0.2862208990859409, 0.20714630581021287, 0.3588966037371412, 0.38072113414755415, 1.0, 0.16401428942930787, 0.19071346861393823, 0.2409729946615243, 0.18791032471041608, 0.29545179369191465, 0.19363485104694828, 0.38445423405056195], [0.261690955607456, 0.25257296313775757, 0.16820325234944472, 0.27994363304513337, 0.17891323083206606, 0.3466326854474735, 0.21485979375230702, 0.21467373178012186, 0.35569065162827673, 0.16144788289662548, 0.298658632488066, 0.2937136832410701, 0.16401428942930787, 1.0, 0.15141135561047558, 0.19015276906094578, 0.16129536454854373, 0.340477863599707, 0.3039834580921327, 0.21589832013595567], [0.15647974148949406, 0.2275099335007312, 0.1742575206049856, 0.3003460878771203, 0.20512450423605497, 0.3579001705953801, 0.1594969593621943, 0.11346525184782377, 0.3517429978060916, 0.23490249758821058, 0.2361931888880154, 0.2610751390846289, 0.19071346861393823, 0.15141135561047558, 1.0, 0.2739963448309613, 0.18911137924679283, 0.3345693618532747, 0.28443620094618155, 0.23458862655816173], [0.2755345601744714, 0.3022340810184233, 0.16917698955056115, 0.23171539368525068, 0.19834810646546988, 0.44877267511569563, 0.2070417905968066, 0.24568249996225477, 0.3000399285860432, 0.30121093337161653, 0.21875274140931802, 0.3040454936632283, 0.2409729946615243, 0.19015276906094578, 0.2739963448309613, 1.0, 0.2196192463919474, 0.24126783038651625, 0.32739920984936793, 0.2617041013565892], [0.21631932170016968, 0.16079541120944538, 0.17645650507634167, 0.20463998250964585, 0.16002875616353415, 0.34062806354524977, 0.29290033882192223, 0.18146597099188713, 0.323570567357517, 0.23405789134114235, 0.2806323043509046, 0.44386222532542885, 0.18791032471041608, 0.16129536454854373, 0.18911137924679283, 0.2196192463919474, 1.0, 0.3149054361837656, 0.2423994955416387, 0.29506519803485365], [0.4535958634882935, 0.4150784199252072, 0.3395635751205374, 0.32240330455498906, 0.35547736672943653, 0.5712135003719857, 0.3530536192329859, 0.25768554509044017, 0.28578402256539426, 0.26523266121243894, 0.5552072329733915, 0.39148485076060524, 0.29545179369191465, 0.340477863599707, 0.3345693618532747, 0.24126783038651625, 0.3149054361837656, 1.0, 0.223540901566713, 0.2654104948892972], [0.2718223828375347, 0.25545032846151, 0.272120765311674, 0.19740654218379788, 0.17719667745746115, 0.47056103844650043, 0.20591549437387968, 0.2025348608021354, 0.26144691323493197, 0.24602477752446542, 0.35430077337353244, 0.3769155211209237, 0.19363485104694828, 0.3039834580921327, 0.28443620094618155, 0.32739920984936793, 0.2423994955416387, 0.223540901566713, 1.0, 0.222950839648933], [0.364791675018339, 0.23208228698810324, 0.2552878369151378, 0.2905580852084031, 0.3478745438685363, 0.7680920975565566, 0.25287839030171705, 0.42381819552596794, 0.2907514969233741, 0.2918755560912195, 0.28769314977615784, 0.38996414138995084, 0.38445423405056195, 