{"model": "LSING", "dataset": "0.3_dim20_pair_gau", "N": 300, "seed": 1230, "metrics": {"TP": 9, "FP": 112, "FN": 1, "TN": 68, "TPR": 0.9, "FDR": 0.9256198347107438, "FPR": 0.6222222222222222, "Hamming": 113}, "omega": [[1.0, 0.6567098965440128, 0.2807460244164703, 0.2370109632302497, 0.3462635619695713, 0.2868583142880709, 0.19033952198826695, 0.3989842959660846, 0.22247177523494568, 0.33352118813861703, 0.30590137942037887, 0.23582117824525536, 0.14803529635380913, 0.31200988080555775, 0.20390288788742955, 0.210578244259523, 0.23276421066668918, 0.37287292182577336, 0.3473468201285098, 0.17963287509966425], [0.6567098965440128, 1.0, 0.18580251724356656, 0.2394870259494001, 0.2825844848708418, 0.2973409371503092, 0.23860149972105915, 0.22839978230274596, 0.25589799143109315, 0.39532975959997047, 0.2549348174674769, 0.21753893860465498, 0.2998296885929107, 0.2517796577329827, 0.20283964917316824, 0.20080124322970416, 0.19000997779081016, 0.5526861775882236, 0.32782670337385283, 0.16426060164628137], [0.2807460244164703, 0.18580251724356656, 1.0, 0.2556720244524068, 0.20649345490261534, 0.24929722494452033, 0.16959405177323894, 0.19458476456938223, 0.3083736915379718, 0.4350617057844126, 0.2303312717472651, 0.24664550093424076, 0.16087364337007298, 0.15731349443709478, 0.2154560666548466, 0.14261879989842527, 0.16867331426966967, 0.20581396280225897, 0.22034783068020217, 0.1679576800088499], [0.2370109632302497, 0.2394870259494001, 0.2556720244524068, 1.0, 0.18722395734900338, 0.24871268855026316, 0.2064571909693741, 0.28872119965561577, 0.12463377784185732, 0.35096506279470363, 0.1761149190811773, 0.2859943066626054, 0.1107708725576981, 0.14056759428297916, 0.1906130074109289, 0.1949776251991932, 0.11072482621130358, 0.21437958447447958, 0.20133169627422925, 0.13599518883872933], [0.3462635619695713, 0.2825844848708418, 0.20649345490261534, 0.18722395734900338, 1.0, 0.7257824144521882, 0.1477837137947883, 0.36838133562114617, 0.20172316057618767, 0.41647844383698773, 0.28319898278057154, 0.15520194905719728, 0.16403472396763205, 0.2113218916713698, 0.23926976707736025, 0.21400159094781218, 0.1301908325556112, 0.39233681202980825, 0.11855912928891842, 0.12781378192909296], [0.2868583142880709, 0.2973409371503092, 0.24929722494452033, 0.24871268855026316, 0.7257824144521882, 1.0, 0.32159124439655795, 0.38236509362215887, 0.25939324900379046, 0.5616636131466107, 0.46924489404036446, 0.27113740537172737, 0.3944979541090898, 0.24974445035448326, 0.2406067455840861, 0.34015943358014783, 0.218987969715489, 0.39345707828896365, 0.27110217244800516, 0.2554571793874299], [0.19033952198826695, 0.23860149972105915, 0.16959405177323894, 0.2064571909693741, 0.1477837137947883, 0.32159124439655795, 1.0, 0.526000804458031, 0.32494784336621957, 0.37437838514792093, 0.16280103583713318, 0.19517925385868165, 0.11933723027870921, 0.17369618698583475, 0.16933503836870806, 0.11195193319967553, 0.1290787818998675, 0.3760304033612317, 0.16679023085737343, 0.12829172925787447], [0.3989842959660846, 0.22839978230274596, 0.19458476456938223, 0.28872119965561577, 0.36838133562114617, 0.38236509362215887, 0.526000804458031, 1.0, 0.4167105806364181, 0.2872708696351514, 0.30667839798547775, 0.2539428077100678, 0.16321386179038672, 0.24246057646908303, 0.16494431790899797, 0.19033286507641162, 0.36368360704606517, 0.2842914523736383, 0.21873200333646586, 0.18669064129116814], [0.22247177523494568, 0.25589799143109315, 0.3083736915379718, 0.12463377784185732, 0.20172316057618767, 0.25939324900379046, 0.32494784336621957, 0.4167105806364181, 1.0, 1.0, 0.24068104862706335, 0.23986017021344766, 0.14728382030537798, 0.32000584942303517, 0.20796892964867308, 0.27880128609372196, 0.1860577042768115, 0.21188341030455318, 0.25797900702255494, 0.27081770582684367], [0.33352118813861703, 0.39532975959997047, 0.4350617057844126, 0.35096506279470363, 0.41647844383698773, 0.5616636131466107, 0.37437838514792093, 0.2872708696351514, 1.0, 1.0, 0.37339076462263754, 0.19108248206043438, 0.25247673923458286, 0.37716274947994904, 0.31031328293131, 0.421012715459341, 0.19555274449863064, 0.26916090870851794, 0.2980222531362714, 0.18013300401644505], [0.30590137942037887, 0.2549348174674769, 0.2303312717472651, 0.1761149190811773, 0.28319898278057154, 0.46924489404036446, 0.16280103583713318, 0.30667839798547775, 0.24068104862706335, 0.37339076462263754, 1.0, 0.6409290429482304, 0.21867451305501598, 0.25671694312875726, 0.24099836683762482, 0.18420928010315074, 0.24941694652757077, 0.6781132211898055, 0.2730774513834362, 0.22718016569324215], [0.23582117824525536, 0.21753893860465498, 0.24664550093424076, 0.2859943066626054, 0.15520194905719728, 0.27113740537172737, 0.19517925385868165, 0.2539428077100678, 0.23986017021344766, 0.19108248206043438, 0.6409290429482304, 1.0, 0.1883211679622208, 0.14331340805960435, 0.22894241262505524, 0.1743484669294361, 0.19020616185409825, 0.21547972304648863, 0.16245972027115171, 0.16619883189056947], [0.14803529635380913, 0.2998296885929107, 0.16087364337007298, 0.1107708725576981, 0.16403472396763205, 0.3944979541090898, 0.11933723027870921, 0.16321386179038672, 0.14728382030537798, 0.25247673923458286, 0.21867451305501598, 0.1883211679622208, 1.0, 0.377488645906194, 0.1083531525294425, 0.1314071152970639, 0.12560648796700943, 0.22222392162898855, 0.16426791613113706, 0.14061317518675615], [0.31200988080555775, 0.2517796577329827, 0.15731349443709478, 0.14056759428297916, 0.2113218916713698, 0.24974445035448326, 0.17369618698583475, 0.24246057646908303, 0.32000584942303517, 0.37716274947994904, 0.25671694312875726, 0.14331340805960435, 0.377488645906194, 1.0, 0.2468506853588422, 0.12429341480960475, 0.24635388489798904, 0.3263726173397075, 0.16922133506694473, 0.1835290898388681], [0.20390288788742955, 0.20283964917316824, 0.2154560666548466, 0.1906130074109289, 0.23926976707736025, 0.2406067455840861, 0.16933503836870806, 0.16494431790899797, 0.20796892964867308, 0.31031328293131, 0.24099836683762482, 0.22894241262505524, 0.1083531525294425, 0.2468506853588422, 1.0, 0.18352078764148103, 0.11601504700212739, 0.19039177604026966, 0.24783578924671684, 0.11561448492063338], [0.210578244259523, 0.20080124322970416, 0.14261879989842527, 0.1949776251991932, 0.21400159094781218, 0.34015943358014783, 0.11195193319967553, 0.19033286507641162, 0.27880128609372196, 0.421012715459341, 0.18420928010315074, 0.1743484669294361, 0.1314071152970639, 0.12429341480960475, 0.18352078764148103, 1.0, 0.15088653288330445, 0.2652387590736956, 0.2294253472256048, 0.11504391180490205], [0.23276421066668918, 0.19000997779081016, 0.16867331426966967, 0.11072482621130358, 0.1301908325556112, 0.218987969715489, 0.1290787818998675, 0.36368360704606517, 0.1860577042768115, 0.19555274449863064, 0.24941694652757077, 0.19020616185409825, 0.12560648796700943, 0.24635388489798904, 0.11601504700212739, 0.15088653288330445, 1.0, 0.585460541398523, 0.16760925291264248, 0.1265156597627455], [0.37287292182577336, 0.5526861775882236, 0.20581396280225897, 0.21437958447447958, 0.39233681202980825, 0.39345707828896365, 0.3760304033612317, 0.2842914523736383, 0.21188341030455318, 0.26916090870851794, 0.6781132211898055, 0.21547972304648863, 0.22222392162898855, 0.3263726173397075, 0.19039177604026966, 0.2652387590736956, 0.585460541398523, 1.0, 0.3958601368747671, 0.23942526279647883], [0.3473468201285098, 0.32782670337385283, 0.22034783068020217, 0.20133169627422925, 0.11855912928891842, 0.27110217244800516, 0.16679023085737343, 0.21873200333646586, 0.25797900702255494, 0.2980222531362714, 0.2730774513834362, 0.16245972027115171, 0.16426791613113706, 0.16922133506694473, 0.24783578924671684, 0.2294253472256048, 0.16760925291264248, 0.3958601368747671, 1.0, 0.21804158957096798], [0.17963287509966425, 0.16426060164628137, 0.1679576800088499, 0.13599518883872933, 0.12781378192909296, 0.2554571793874299, 0.12829172925787447, 0.18669064129116814, 0.27081770582684367, 0.18013300401644505, 0.22718016569324215, 