{"model": "LSING", "dataset": "0.3_dim20_pair_gau", "N": 300, "seed": 1234560, "metrics": {"TP": 10, "FP": 88, "FN": 0, "TN": 92, "TPR": 1.0, "FDR": 0.8979591836734694, "FPR": 0.4888888888888889, "Hamming": 88}, "omega": [[1.0, 0.3767809705113882, 0.12861417918800222, 0.09676817123007811, 0.17992770003363645, 0.129668283368999, 0.2698255472403914, 0.09325685570999634, 0.13434600535160082, 0.1386189374034869, 0.20123263360255164, 0.20910815135798005, 0.18875096536352737, 0.13817056137001457, 0.16444523217462903, 0.22658925030153299, 0.091325863368789, 0.20275611799019114, 0.20786537729619875, 0.17159338095160437], [0.3767809705113882, 1.0, 0.15588037914408195, 0.18335562018989077, 0.2511892653139551, 0.23037623803148424, 0.26578891097313484, 0.17993589598953122, 0.13336468274827706, 0.26690521319761684, 0.2859912953270336, 0.3334018982522666, 0.3706476169753261, 0.12357860669159354, 0.13700601423990788, 0.1774683128800252, 0.12817481358645053, 0.1792367218440199, 0.28305061800020687, 0.4304253914269389], [0.12861417918800222, 0.15588037914408195, 1.0, 0.35534416163851057, 0.11813291061003678, 0.11818748515791973, 0.28705850093667534, 0.10999277657502164, 0.12404582970030484, 0.18789557471625146, 0.3070204892009229, 0.2522825806979123, 0.24519981340214622, 0.08824668323022346, 0.09939420948688271, 0.1884336036165044, 0.09603043746242705, 0.22956800787318138, 0.22374593311176608, 0.2007675584834743], [0.09676817123007811, 0.18335562018989077, 0.35534416163851057, 1.0, 0.12392369087546325, 0.1252781133108728, 0.15709790444906085, 0.10170182950490507, 0.11326385191943422, 0.13448788707530987, 0.46254480735138054, 0.2331335791319588, 0.2033721271522366, 0.12319137919107023, 0.15060488760826574, 0.17831393912328794, 0.08863113685811005, 0.17449753251928177, 0.13614693750684626, 0.255235181953758], [0.17992770003363645, 0.2511892653139551, 0.11813291061003678, 0.12392369087546325, 1.0, 0.303640618476047, 0.2791506368476475, 0.1748476175859504, 0.17065117646826664, 0.18280739870394244, 0.2348818449402962, 0.26895714824744493, 0.1476473483006288, 0.18957977616746716, 0.1325218210693536, 0.23399038929459415, 0.11138032491394106, 0.2034905612746976, 0.14942994776406876, 0.3076747973527798], [0.129668283368999, 0.23037623803148424, 0.11818748515791973, 0.1252781133108728, 0.303640618476047, 1.0, 0.24668167573778868, 0.10265348423721742, 0.11636710796932491, 0.1664260332154307, 0.2770421864699205, 0.21384647966520512, 0.3187031006087701, 0.2087548316579515, 0.16234910598271085, 0.23841940753208068, 0.08372609461668394, 0.1573638518151813, 0.15956032610763712, 0.22993616034517847], [0.2698255472403914, 0.26578891097313484, 0.28705850093667534, 0.15709790444906085, 0.2791506368476475, 0.24668167573778868, 1.0, 0.3144242903670515, 0.19804553306348208, 0.200192207964641, 0.5808042875358398, 0.29078587832982933, 0.28245224340765895, 0.2592646601402842, 0.22618160272350357, 0.26866122816357196, 0.19527947706953053, 0.27673688362222937, 0.6396238565408178, 0.2763381533931462], [0.09325685570999634, 0.17993589598953122, 0.10999277657502164, 0.10170182950490507, 0.1748476175859504, 0.10265348423721742, 0.3144242903670515, 1.0, 0.09905316277702703, 0.09028663152002486, 0.23477362667427415, 0.2543736129240572, 0.16121988849553265, 0.08500681395297403, 0.09981375772318747, 0.14850127289105813, 0.07812717232391475, 0.14367173723138021, 0.21584303499942176, 0.2728483796004119], [0.13434600535160082, 0.13336468274827706, 0.12404582970030484, 0.11326385191943422, 0.17065117646826664, 0.11636710796932491, 0.19804553306348208, 0.09905316277702703, 1.0, 0.2532825990166417, 0.3391411058957341, 0.18885730335346682, 0.5081358103308549, 0.1101395032675475, 0.09428764493298361, 0.36228752787183505, 0.09210936138079731, 0.18258578675852244, 0.1366264591035484, 0.15981598780508782], [0.1386189374034869, 0.26690521319761684, 0.18789557471625146, 0.13448788707530987, 0.18280739870394244, 0.1664260332154307, 0.200192207964641, 0.09028663152002486, 0.2532825990166417, 1.0, 0.3476855923714854, 0.28532260585563396, 0.2837849542392928, 0.12020850269780523, 0.0808862982904232, 0.1611713829575797, 0.11844435227988874, 0.2694453544856574, 0.21899855713943062, 0.14985206509046659], [0.20123263360255164, 0.2859912953270336, 0.3070204892009229, 0.46254480735138054, 0.2348818449402962, 0.2770421864699205, 0.5808042875358398, 0.23477362667427415, 0.3391411058957341, 0.3476855923714854, 1.0, 1.0, 0.36698699869140233, 0.2939495917715842, 0.16836236386521913, 0.25449916556698443, 0.3080079459722587, 0.39066280215943566, 0.2595905436336123, 0.49602617612385963], [0.20910815135798005, 0.3334018982522666, 0.2522825806979123, 0.2331335791319588, 0.26895714824744493, 0.21384647966520512, 0.29078587832982933, 0.2543736129240572, 0.18885730335346682, 0.28532260585563396, 1.0, 1.0, 0.2512772473413455, 0.25135349160566567, 0.22315839803158552, 0.24643600184348968, 0.293803749367315, 0.48144746482561945, 0.2646485514539226, 0.367125636473454], [0.18875096536352737, 0.3706476169753261, 0.24519981340214622, 0.2033721271522366, 0.1476473483006288, 0.3187031006087701, 0.28245224340765895, 0.16121988849553265, 0.5081358103308549, 0.2837849542392928, 0.36698699869140233, 0.2512772473413455, 1.0, 0.6533181539203682, 0.22139435931323828, 0.24528525426433584, 0.2084476043197649, 0.423463576148091, 0.250871805829809, 0.3225498289916828], [0.13817056137001457, 0.12357860669159354, 0.08824668323022346, 0.12319137919107023, 0.18957977616746716, 0.2087548316579515, 0.2592646601402842, 0.08500681395297403, 0.1101395032675475, 0.12020850269780523, 0.2939495917715842, 0.25135349160566567, 0.6533181539203682, 1.0, 0.10926261976148567, 0.1203653382013495, 0.11020826598780137, 0.14939547913865334, 0.16077538936794353, 0.1889238669884508], [0.16444523217462903, 0.13700601423990788, 0.09939420948688271, 0.15060488760826574, 0.1325218210693536, 0.16234910598271085, 0.22618160272350357, 0.09981375772318747, 0.09428764493298361, 0.0808862982904232, 0.16836236386521913, 0.22315839803158552, 0.22139435931323828, 0.10926261976148567, 1.0, 0.21471983067238895, 0.07153138722524792, 0.1411538241576233, 0.19959136201912311, 0.17772928030701596], [0.22658925030153299, 0.1774683128800252, 0.1884336036165044, 0.17831393912328794, 0.23399038929459415, 0.23841940753208068, 0.26866122816357196, 0.14850127289105813, 0.36228752787183505, 0.1611713829575797, 0.25449916556698443, 0.24643600184348968, 0.24528525426433584, 0.1203653382013495, 0.21471983067238895, 1.0, 0.1740415469526533, 0.29366796923257704, 0.20970420353031702, 0.3674615636197184], [0.091325863368789, 0.12817481358645053, 0.09603043746242705, 0.08863113685811005, 0.11138032491394106, 0.08372609461668394, 0.19527947706953053, 0.07812717232391475, 0.09210936138079731, 0.11844435227988874, 0.3080079459722587, 0.293803749367315, 0.2084476043197649, 0.11020826598780137, 0.07153138722524792, 0.1740415469526533, 1.0, 0.24252015935209484, 0.14861260943672217, 0.23008579355357955], [0.20275611799019114, 0.1792367218440199, 0.22956800787318138, 0.17449753251928177, 0.2034905612746976, 0.1573638518151813, 0.27673688362222937, 0.14367173723138021, 0.18258578675852244, 0.2694453544856574, 0.39066280215943566, 0.48144746482561945, 0.423463576148091, 0.14939547913865334, 0.1411538241576233, 0.29366796923257704, 0.24252015935209484, 1.0, 0.27538799031549843, 0.3034398664251871], [0.20786537729619875, 0.28305061800020687, 0.22374593311176608, 0.13614693750684626, 0.14942994776406876, 0.15956032610763712, 0.6396238565408178, 0.21584303499942176, 0.1366264591035484, 0.21899855713943062, 0.2595905436336123, 0.2646485514539226, 0.250871805829809, 0.16077538936794353, 0.19959136201912311, 0.20970420353031702, 0.14861260943672217, 0.27538799031549843, 1.0, 0.4800372391470651], [0.17159338095160437, 0.4304253914269389, 0.2007675584834743, 0.255235181953758, 0.3076747973527798, 0.22993616034517847, 0.2763381533931462, 0.2728483796004119, 0.15981598780508782, 0.14985206509046659, 0.49602617612385963, 