{"model": "LSING", "dataset": "0.3_dim20_pair_gau", "N": 300, "seed": 123450, "metrics": {"TP": 10, "FP": 86, "FN": 0, "TN": 94, "TPR": 1.0, "FDR": 0.8958333333333334, "FPR": 0.4777777777777778, "Hamming": 86}, "omega": [[1.0, 0.47181180460826005, 0.31827164252122153, 0.15361847614007712, 0.2589215383704102, 0.17690042102040424, 0.1442006470485921, 0.27815218227195765, 0.18640148217642635, 0.13374470417659984, 0.16807175160332002, 0.16117749601936754, 0.3679344769285038, 0.4040879380524134, 0.1363285459538753, 0.14531083232643838, 0.16643028531032086, 0.2643654090025944, 0.1832493566275461, 0.11709840893940252], [0.47181180460826005, 1.0, 0.17811396902089643, 0.10030959395303995, 0.20151121864197422, 0.16560958987863336, 0.12402316524620012, 0.17155318478838646, 0.17147975254062664, 0.1405103401825363, 0.1474170114826336, 0.09323462407540781, 0.37952256113335703, 0.4359678945933638, 0.13277334561351753, 0.127764471589776, 0.1015204023495809, 0.1637474647801585, 0.18260345577263035, 0.10152835263197252], [0.31827164252122153, 0.17811396902089643, 1.0, 0.20357465333872274, 0.24143942255327902, 0.1776321125127102, 0.12239856803435903, 0.13429925372222867, 0.2017193319923515, 0.1291941707214012, 0.28491488255691994, 0.11574655016277592, 0.30064838580845565, 0.30992878212463215, 0.17813460053171007, 0.20949352543484515, 0.11011041847003812, 0.2098982445921304, 0.19194834140032044, 0.137147886669512], [0.15361847614007712, 0.10030959395303995, 0.20357465333872274, 1.0, 0.21911059433571556, 0.13815343898984067, 0.08139397735122346, 0.11496108036559399, 0.08724580156297905, 0.08444447204162962, 0.2495475700968101, 0.0947465686520854, 0.4547628449167409, 0.3792903857328571, 0.09219252157637246, 0.10042388491964126, 0.09622634701981538, 0.12121659789174562, 0.15053567041584484, 0.07674763922172462], [0.2589215383704102, 0.20151121864197422, 0.24143942255327902, 0.21911059433571556, 1.0, 0.9694308956747713, 0.33706163862688054, 0.3587843626592609, 0.3495770727348677, 0.3148199949861627, 0.30398623719524803, 0.36674158608489743, 0.7759103414280303, 0.6528429871907705, 0.47706583396223534, 0.2881073840750467, 0.1647332877279791, 0.29716902844664744, 0.3279241965345048, 0.23420730561375505], [0.17690042102040424, 0.16560958987863336, 0.1776321125127102, 0.13815343898984067, 0.9694308956747713, 1.0, 0.173796440692064, 0.27472803939507034, 0.13901481210927152, 0.11709187371676107, 0.3060268318017861, 0.12113433132639845, 0.40350321967428593, 0.3962417726796846, 0.14791053544509247, 0.18382837252608333, 0.08381715101174901, 0.22158890101716788, 0.2280038284939376, 0.1139384326752346], [0.1442006470485921, 0.12402316524620012, 0.12239856803435903, 0.08139397735122346, 0.33706163862688054, 0.173796440692064, 1.0, 0.5077141454272535, 0.11680886176672932, 0.09789951185809209, 0.3894618563372929, 0.09991367592430737, 0.5129842503427401, 0.3282902776210853, 0.18773349089314612, 0.19971577031411503, 0.16060805063154993, 0.3223732641109034, 0.15455559568813854, 0.13688548812718404], [0.27815218227195765, 0.17155318478838646, 0.13429925372222867, 0.11496108036559399, 0.3587843626592609, 0.27472803939507034, 0.5077141454272535, 1.0, 0.21186760949593555, 0.22838130850532856, 0.5335420211557286, 0.19256832765354298, 0.5248007052778482, 0.6307533553631284, 0.16511148281220756, 0.28318557092356705, 0.26829420020291894, 0.2986326286685771, 0.38631730995705316, 0.18969656496629225], [0.18640148217642635, 0.17147975254062664, 0.2017193319923515, 0.08724580156297905, 0.3495770727348677, 0.13901481210927152, 0.11680886176672932, 0.21186760949593555, 1.0, 0.23985103457824317, 0.19660006822217277, 0.10354657481197024, 0.5840103534340126, 0.35098464383193495, 0.22007583706486702, 0.2323373509202873, 0.10625940728101284, 0.24954159908775775, 0.15110582484213003, 0.12638227803547755], [0.13374470417659984, 0.1405103401825363, 0.1291941707214012, 0.08444447204162962, 0.3148199949861627, 0.11709187371676107, 0.09789951185809209, 0.22838130850532856, 0.23985103457824317, 1.0, 0.19993443777751163, 0.09138201819550808, 0.4199991414298454, 0.4181362891897932, 0.22660718564082571, 0.19997244827374297, 0.10288320747327269, 0.23291602285973811, 0.15950409282347833, 0.13530635385844614], [0.16807175160332002, 0.1474170114826336, 0.28491488255691994, 0.2495475700968101, 0.30398623719524803, 0.3060268318017861, 0.3894618563372929, 0.5335420211557286, 0.19660006822217277, 0.19993443777751163, 1.0, 0.30353503830352524, 0.4363463280352048, 0.3625676470973015, 0.22546358805663985, 0.2749565609845736, 0.23077483832354004, 0.18488177438282516, 0.21061725787319935, 0.25280881214007095], [0.16117749601936754, 0.09323462407540781, 0.11574655016277592, 0.0947465686520854, 0.36674158608489743, 0.12113433132639845, 0.09991367592430737, 0.19256832765354298, 0.10354657481197024, 0.09138201819550808, 0.30353503830352524, 1.0, 0.3693213350507633, 0.39090700949032603, 0.07698137752403815, 0.14548655016181042, 0.10507248895505134, 0.12810111400262028, 0.18341145790715596, 0.11474886062647477], [0.3679344769285038, 0.37952256113335703, 0.30064838580845565, 0.4547628449167409, 0.7759103414280303, 0.40350321967428593, 0.5129842503427401, 0.5248007052778482, 0.5840103534340126, 0.4199991414298454, 0.4363463280352048, 0.3693213350507633, 1.0, 1.0, 0.47854388650016344, 0.6494393249654484, 0.30530517848386984, 0.5665958497148375, 0.5353136638941874, 0.4739678578319822], [0.4040879380524134, 0.4359678945933638, 0.30992878212463215, 0.3792903857328571, 0.6528429871907705, 0.3962417726796846, 0.3282902776210853, 0.6307533553631284, 0.35098464383193495, 0.4181362891897932, 0.3625676470973015, 0.39090700949032603, 1.0, 1.0, 0.4534038142914445, 0.44789389748030295, 0.2956229263189431, 0.5816698627103599, 0.39792657480038424, 0.34132747654283513], [0.1363285459538753, 0.13277334561351753, 0.17813460053171007, 0.09219252157637246, 0.47706583396223534, 0.14791053544509247, 0.18773349089314612, 0.16511148281220756, 0.22007583706486702, 0.22660718564082571, 0.22546358805663985, 0.07698137752403815, 0.47854388650016344, 0.4534038142914445, 1.0, 0.44651776545060595, 0.09362294483239006, 0.17862153797938302, 0.17338603715829837, 0.12737527283196795], [0.14531083232643838, 0.127764471589776, 0.20949352543484515, 0.10042388491964126, 0.2881073840750467, 0.18382837252608333, 0.19971577031411503, 0.28318557092356705, 0.2323373509202873, 0.19997244827374297, 0.2749565609845736, 0.14548655016181042, 0.6494393249654484, 0.44789389748030295, 0.44651776545060595, 1.0, 0.15217816255173325, 0.22627509012572875, 0.3249905513835531, 0.13293039612549037], [0.16643028531032086, 0.1015204023495809, 0.11011041847003812, 0.09622634701981538, 0.1647332877279791, 0.08381715101174901, 0.16060805063154993, 0.26829420020291894, 0.10625940728101284, 0.10288320747327269, 0.23077483832354004, 0.10507248895505134, 0.30530517848386984, 0.2956229263189431, 0.09362294483239006, 0.15217816255173325, 1.0, 0.4556551954742419, 0.20350274778655691, 0.1695288467744579], [0.2643654090025944, 0.1637474647801585, 0.2098982445921304, 0.12121659789174562, 0.29716902844664744, 0.22158890101716788, 0.3223732641109034, 0.2986326286685771, 0.24954159908775775, 0.23291602285973811, 0.18488177438282516, 0.12810111400262028, 0.5665958497148375, 0.5816698627103599, 0.17862153797938302, 0.22627509012572875, 0.4556551954742419, 1.0, 0.25844158872312395, 0.16445724547522425], [0.1832493566275461, 0.18260345577263035, 0.19194834140032044, 0.15053567041584484, 0.3279241965345048, 0.2280038284939376, 0.15455559568813854, 0.38631730995705316, 0.15110582484213003, 0.15950409282347833, 0.21061725787319935, 0.18341145790715596, 0.5353136638941874, 0.39792657480038424, 0.17338603715829837, 0.3249905513835531, 0.20350274778655691, 0.25844158872312395, 1.0, 0.24263860573613688], [0.11709840893940252, 0.10152835263197252, 0.137147886669512, 0.07674763922172462, 0.23420730561375505, 0.1139384326752346, 0.13688548812718404, 0.18969656496629225, 0.12638227803547755, 0.13530635385844614, 