{"model": "LSING", "dataset": "0.3_dim20_pair_gau", "N": 300, "seed": 12340, "metrics": {"TP": 9, "FP": 92, "FN": 1, "TN": 88, "TPR": 0.9, "FDR": 0.9108910891089109, "FPR": 0.5111111111111111, "Hamming": 93}, "omega": [[1.0, 0.7539534523548714, 0.11080234850449827, 0.2282612842134984, 0.2640439569635498, 0.24539163222073407, 0.15403524143629096, 0.14633839221659156, 0.2203734197440105, 0.3363959128831437, 0.2134109755937029, 0.19262598443415024, 0.23997655599059686, 0.12463171238988395, 0.09013027654756857, 0.2797282037605247, 0.13570489236118993, 0.12889945463647648, 0.18943116560253997, 0.16983309164205315], [0.7539534523548714, 1.0, 0.23444764968214551, 0.2768629246426916, 0.27963184402611285, 0.360408837613145, 0.2138933367419953, 0.18792310385735791, 0.3744634732299595, 0.293585057622416, 0.13886248701939177, 0.28793472360891736, 0.39668821045785363, 0.15452309302423356, 0.17307099237530724, 0.2521699325659837, 0.16937126507385933, 0.1924666063736919, 0.1996834786727146, 0.13933895895757], [0.11080234850449827, 0.23444764968214551, 1.0, 0.3238269365066082, 0.13110810571571221, 0.24020000597064323, 0.1453768810716371, 0.07782321680930168, 0.2771995918538129, 0.2017529672552194, 0.07739783366392385, 0.17899933446468852, 0.1794257124374342, 0.09119561073098538, 0.0928932227691991, 0.10025083165888916, 0.1730211229806096, 0.1013909122175748, 0.14548811704314404, 0.0926713384879215], [0.2282612842134984, 0.2768629246426916, 0.3238269365066082, 1.0, 0.3338152887151888, 0.5272558184892218, 0.21180090836385704, 0.18013312704279616, 0.3681112276435006, 0.4036678353187793, 0.27068455557124144, 0.39715738279775076, 0.6411988621794205, 0.3496693277781054, 0.23651009891656669, 0.26039585784442454, 0.19661973359379398, 0.22269870488755916, 0.25128675673047307, 0.22510643057753785], [0.2640439569635498, 0.27963184402611285, 0.13110810571571221, 0.3338152887151888, 1.0, 0.8077560166823399, 0.16372424715158676, 0.09164487393077465, 0.24584268778881896, 0.26458576849163284, 0.13920832595118257, 0.20982108017197065, 0.24892622447550014, 0.15185125535964294, 0.111957330485782, 0.13991947220856982, 0.176506662270733, 0.1736286980545643, 0.15003204771302872, 0.1599212739794532], [0.24539163222073407, 0.360408837613145, 0.24020000597064323, 0.5272558184892218, 0.8077560166823399, 1.0, 0.5305472279223545, 0.32021176323504896, 0.4310764122787588, 0.39800264185852086, 0.22529856658220904, 0.6846383475945964, 0.5408507347249253, 0.26043955049451567, 0.34116974102183834, 0.3582750882197798, 0.3083595788661527, 0.4677587363808553, 0.48811894045193405, 0.2795532694543907], [0.15403524143629096, 0.2138933367419953, 0.1453768810716371, 0.21180090836385704, 0.16372424715158676, 0.5305472279223545, 1.0, 0.09766086996570339, 0.27244268837312263, 0.15643580185067105, 0.11183019406672533, 0.3887523927906867, 0.259614754654919, 0.10012351054614393, 0.0980785568411281, 0.12195501392321766, 0.21247679911465234, 0.1201317472130394, 0.09446148626167751, 0.13312509091966576], [0.14633839221659156, 0.18792310385735791, 0.07782321680930168, 0.18013312704279616, 0.09164487393077465, 0.32021176323504896, 0.09766086996570339, 1.0, 0.2617682746681256, 0.14407742035370116, 0.07002459926842494, 0.26678355622391536, 0.3935555116693502, 0.09670832276101886, 0.0826955664380808, 0.10111249277847678, 0.15441512277294672, 0.15671340066213024, 0.0882655167212263, 0.09933327971059909], [0.2203734197440105, 0.3744634732299595, 0.2771995918538129, 0.3681112276435006, 0.24584268778881896, 0.4310764122787588, 0.27244268837312263, 0.2617682746681256, 1.0, 1.0, 0.2427481576300858, 0.4860856308444639, 0.43715187758260543, 0.1920596044479076, 0.2398536360444979, 0.5631642088749952, 0.20822656079263277, 0.31210489822437504, 0.3653250897712068, 0.3251026368012719], [0.3363959128831437, 0.293585057622416, 0.2017529672552194, 0.4036678353187793, 0.26458576849163284, 0.39800264185852086, 0.15643580185067105, 0.14407742035370116, 1.0, 1.0, 0.20776346235653834, 0.3181980353561479, 0.41411342193884315, 0.2572602081544883, 0.22293785802871524, 0.22023205771335244, 0.22282467437831097, 0.2731321541100256, 0.201737306069948, 0.21139634943186206], [0.2134109755937029, 0.13886248701939177, 0.07739783366392385, 0.27068455557124144, 0.13920832595118257, 0.22529856658220904, 0.11183019406672533, 0.07002459926842494, 0.2427481576300858, 0.20776346235653834, 1.0, 0.7522595257952608, 0.2714377028524362, 0.08584318763710148, 0.07023224744414158, 0.09117192796301397, 0.10463038914355723, 0.1039594956163121, 0.11088485411347768, 0.14572170838572476], [0.19262598443415024, 0.28793472360891736, 0.17899933446468852, 0.39715738279775076, 0.20982108017197065, 0.6846383475945964, 0.3887523927906867, 0.26678355622391536, 0.4860856308444639, 0.3181980353561479, 0.7522595257952608, 1.0, 0.4348851487334916, 0.28005452812508774, 0.19316225095399328, 0.2684685125468803, 0.23857658622663272, 0.19818643558508744, 0.26527419322774587, 0.1846911573967673], [0.23997655599059686, 0.39668821045785363, 0.1794257124374342, 0.6411988621794205, 0.24892622447550014, 0.5408507347249253, 0.259614754654919, 0.3935555116693502, 0.43715187758260543, 0.41411342193884315, 0.2714377028524362, 0.4348851487334916, 1.0, 0.771081945030054, 0.2894544294516451, 0.3263449201310613, 0.25661636175865465, 0.3046221845462022, 0.25369078434909714, 0.2849357178654138], [0.12463171238988395, 0.15452309302423356, 0.09119561073098538, 0.3496693277781054, 0.15185125535964294, 0.26043955049451567, 0.10012351054614393, 0.09670832276101886, 0.1920596044479076, 0.2572602081544883, 0.08584318763710148, 0.28005452812508774, 0.771081945030054, 1.0, 0.08995393605085135, 0.12224200272970555, 0.1116225186067138, 0.12914139287450407, 0.12374251302157666, 0.13223205495973744], [0.09013027654756857, 0.17307099237530724, 0.0928932227691991, 0.23651009891656669, 0.111957330485782, 0.34116974102183834, 0.0980785568411281, 0.0826955664380808, 0.2398536360444979, 0.22293785802871524, 0.07023224744414158, 0.19316225095399328, 0.2894544294516451, 0.08995393605085135, 1.0, 0.253399245361737, 0.09101159285344226, 0.1168940668529364, 0.10158953558805597, 0.07111198545849504], [0.2797282037605247, 0.2521699325659837, 0.10025083165888916, 0.26039585784442454, 0.13991947220856982, 0.3582750882197798, 0.12195501392321766, 0.10111249277847678, 0.5631642088749952, 0.22023205771335244, 0.09117192796301397, 0.2684685125468803, 0.3263449201310613, 0.12224200272970555, 0.253399245361737, 1.0, 0.09966199459915358, 0.20740263385288898, 0.1727392216457242, 0.16184363724870074], [0.13570489236118993, 0.16937126507385933, 0.1730211229806096, 0.19661973359379398, 0.176506662270733, 0.3083595788661527, 0.21247679911465234, 0.15441512277294672, 0.20822656079263277, 0.22282467437831097, 0.10463038914355723, 0.23857658622663272, 0.25661636175865465, 0.1116225186067138, 0.09101159285344226, 0.09966199459915358, 1.0, 0.2675766099345862, 0.1735440453814556, 0.10493727449740146], [0.12889945463647648, 0.1924666063736919, 0.1013909122175748, 0.22269870488755916, 0.1736286980545643, 0.4677587363808553, 0.1201317472130394, 0.15671340066213024, 0.31210489822437504, 0.2731321541100256, 0.1039594956163121, 0.19818643558508744, 0.3046221845462022, 0.12914139287450407, 0.1168940668529364, 0.20740263385288898, 0.2675766099345862, 1.0, 0.16531652502115918, 0.14244645125517158], [0.18943116560253997, 0.1996834786727146, 0.14548811704314404, 0.25128675673047307, 0.15003204771302872, 0.48811894045193405, 0.09446148626167751, 0.0882655167212263, 0.3653250897712068, 0.201737306069948, 0.11088485411347768, 0.26527419322774587, 0.25369078434909714, 0.12374251302157666, 0.10158953558805597, 0.1727392216457242, 0.1735440453814556, 0.16531652502115918, 1.0, 0.28749743611579637], [0.16983309164205315, 0.13933895895757, 0.0926713384879215, 0.22510643057753785, 0.1599212739794532, 0.2795532694543907, 0.13312509091966576, 0.09933327971059909, 0.3251026368012719, 0.21139634943186206, 0.14572170838572476, 0.1846911573967673, 0.2849357178654138, 