{"model": "GLASSO", "dataset": "dim6_butterfly", "N": 10000, "seed": 1234560, "metrics": {"TP": 1, "FP": 0, "FN": 2, "TN": 12, "TPR": 0.3333333333333333, "FDR": 0.0, "FPR": 0.0, "Hamming": 2}, "omega": [[1.0000000000000002, 0.0, 0.0, 0.0, 0.0, 0.0], [0.0, 1.0000000000000002, 0.0, 0.0, 0.0, 0.0], [0.0, 0.0, 1.0, 0.0, 0.0, 0.0], [0.0, 0.0, 0.0, 1.0, 0.0, 0.0], [0.0, 0.0, 0.0, 0.0, 1.0014265589456675, -0.03779674610456488], [0.0, 0.0, 0.0, 0.0, -0.03779674610456488, 1.0014265589456675]], "meta_info": {"source": "pretrained"}}