{"model": "GLASSO", "dataset": "dim6_butterfly", "N": 10000, "seed": 123450, "metrics": {"TP": 1, "FP": 0, "FN": 2, "TN": 12, "TPR": 0.3333333333333333, "FDR": 0.0, "FPR": 0.0, "Hamming": 2}, "omega": [[1.0014906118985927, 0.03863720774622381, 0.0, 0.0, 0.0, 0.0], [0.038637207746223805, 1.0014906118985927, 0.0, 0.0, 0.0, 0.0], [0.0, 0.0, 1.0, 0.0, 0.0, 0.0], [0.0, 0.0, 0.0, 1.0, 0.0, 0.0], [0.0, 0.0, 0.0, 0.0, 1.0000000000000002, 0.0], [0.0, 0.0, 0.0, 0.0, 0.0, 1.0]], "meta_info": {"source": "pretrained"}}