{"model": "SING", "dataset": "dim5_cop_gau", "N": 5000, "seed": 120, "metrics": {"TP": 4, "FP": 0, "FN": 0, "TN": 6, "TPR": 1.0, "FDR": 0.0, "FPR": 0.0, "Hamming": 0}, "omega": [[7.043893833914111, 4.389860055026106, 0.0, 0.0, 0.0], [4.389860055026106, 19.78788256015099, 5.013921943747609, 0.0, 0.0], [0.0, 5.013921943747609, 18.503976481686077, 3.779258371209542, 0.0], [0.0, 0.0, 3.779258371209542, 15.829957294685013, 3.636363303251183], [0.0, 0.0, 0.0, 3.636363303251183, 6.107748165785057]], "meta_info": {"source": "pretrained", "p_order": 1}}