{"model": "SING", "dataset": "dim5_cop_gau", "N": 5000, "seed": 12340, "metrics": {"TP": 4, "FP": 0, "FN": 0, "TN": 6, "TPR": 1.0, "FDR": 0.0, "FPR": 0.0, "Hamming": 0}, "omega": [[7.3162041244472436, 4.611356641158716, 0.0, 0.0, 0.0], [4.611356641158716, 19.7336501453974, 4.755998080947964, 0.0, 0.0], [0.0, 4.755998080947964, 19.531581932014255, 4.511324896037049, 0.0], [0.0, 0.0, 4.511324896037049, 18.12509712047185, 4.056921254341779], [0.0, 0.0, 0.0, 4.056921254341779, 6.6322349348522796]], "meta_info": {"source": "pretrained", "p_order": 1}}