{"model": "SING", "dataset": "dim5_cop_gau", "N": 5000, "seed": 123450, "metrics": {"TP": 4, "FP": 0, "FN": 0, "TN": 6, "TPR": 1.0, "FDR": 0.0, "FPR": 0.0, "Hamming": 0}, "omega": [[5.807319775952159, 3.397493212526157, 0.0, 0.0, 0.0], [3.397493212526157, 16.05775145218538, 4.14896789169648, 0.0, 0.0], [0.0, 4.14896789169648, 17.183798578893168, 3.9441417443801305, 0.0], [0.0, 0.0, 3.9441417443801305, 16.797880894577244, 3.9547972032670113], [0.0, 0.0, 0.0, 3.9547972032670113, 6.50534639047697]], "meta_info": {"source": "pretrained", "p_order": 1}}