{"model": "NPN", "dataset": "dim6_butterfly", "N": 500, "seed": 12340, "metrics": {"TP": 0, "FP": 1, "FN": 3, "TN": 11, "TPR": 0.0, "FDR": 1.0, "FPR": 0.08333333333333333, "Hamming": 4}, "omega": [[1.0, 0.0, 0.0, 0.0, 0.0, 0.0], [0.0, 1.0233646153358946, 0.0, 0.0, 0.0, 0.15463027059954637], [0.0, 0.0, 1.0, 0.0, 0.0, 0.0], [0.0, 0.0, 0.0, 1.0, 0.0, 0.0], [0.0, 0.0, 0.0, 0.0, 1.0, 0.0], [0.0, 0.15463027059954637, 0.0, 0.0, 0.0, 1.0233646153358946]], "meta_info": {"source": "pretrained"}}